ISO-10303-21;
HEADER;
FILE_DESCRIPTION (( 'STEP AP214' ),
    '1' );
FILE_NAME ('Í·²¿.st',
    '2026-10-10T20:09:45',
    ( 'liupp12138@outlook.com' ),
    ( '' ),
    'SwSTEP 2.0',
    'SolidWorks 2025',
    '' );
FILE_SCHEMA (( 'AUTOMOTIVE_DESIGN' ));
ENDSEC;

DATA;
#1 = LINE ( 'NONE', #4756, #1892 ) ;
#2 = CARTESIAN_POINT ( 'NONE',  ( 2.116111111111109722, 30.59688888888888769, -6.349999999999999645 ) ) ;
#3 = VECTOR ( 'NONE', #2084, 1000.000000000000114 ) ;
#4 = AXIS2_PLACEMENT_3D ( 'NONE', #4200, #1209, #5720 ) ;
#5 = VECTOR ( 'NONE', #2995, 1000.000000000000114 ) ;
#6 = AXIS2_PLACEMENT_3D ( 'NONE', #3898, #4627, #2230 ) ;
#7 = VECTOR ( 'NONE', #888, 1000.000000000000000 ) ;
#8 = ORIENTED_EDGE ( 'NONE', *, *, #3744, .F. ) ;
#9 = AXIS2_PLACEMENT_3D ( 'NONE', #1172, #7777, #3102 ) ;
#10 = CARTESIAN_POINT ( 'NONE',  ( 14.32499999999999929, 20.39999999999999858, 6.425000000000000711 ) ) ;
#11 = LINE ( 'NONE', #5972, #4380 ) ;
#12 = CARTESIAN_POINT ( 'NONE',  ( 4.464999999999999858, 32.35000000000000142, -6.049999999999999822 ) ) ;
#13 = ORIENTED_EDGE ( 'NONE', *, *, #4275, .F. ) ;
#14 = CARTESIAN_POINT ( 'NONE',  ( 28.63677777777778033, 29.76933333333333564, -6.049999999999999822 ) ) ;
#15 = VECTOR ( 'NONE', #7007, 1000.000000000000000 ) ;
#16 = DIRECTION ( 'NONE',  ( 0.8937017211875555311, 0.4486616024872203679, 0.000000000000000000 ) ) ;
#17 = LINE ( 'NONE', #3642, #4899 ) ;
#18 = ORIENTED_EDGE ( 'NONE', *, *, #6522, .F. ) ;
#19 = CARTESIAN_POINT ( 'NONE',  ( 24.83966666666666612, 39.46977777777777874, -6.049999999999999822 ) ) ;
#20 = DIRECTION ( 'NONE',  ( 0.000000000000000000, 0.000000000000000000, -1.000000000000000000 ) ) ;
#21 = DIRECTION ( 'NONE',  ( -0.8301136959350488009, 0.5575941640844650493, 0.000000000000000000 ) ) ;
#22 = CARTESIAN_POINT ( 'NONE',  ( 1.202999999999999403, 41.75800000000000267, -6.049999999999999822 ) ) ;
#23 = EDGE_CURVE ( 'NONE', #7211, #4817, #1292, .T. ) ;
#24 = EDGE_LOOP ( 'NONE', ( #2348, #3332, #2780, #79 ) ) ;
#25 = ORIENTED_EDGE ( 'NONE', *, *, #7586, .F. ) ;
#26 = ORIENTED_EDGE ( 'NONE', *, *, #7633, .F. ) ;
#27 = FACE_OUTER_BOUND ( 'NONE', #6625, .T. ) ;
#28 = VERTEX_POINT ( 'NONE', #5489 ) ;
#29 = LINE ( 'NONE', #5416, #6887 ) ;
#30 = PLANE ( 'NONE',  #4412 ) ;
#31 = ORIENTED_EDGE ( 'NONE', *, *, #716, .F. ) ;
#32 = DIRECTION ( 'NONE',  ( 0.5402742051129975076, -0.8414890274326330966, 0.000000000000000000 ) ) ;
#33 = EDGE_CURVE ( 'NONE', #3603, #891, #6713, .T. ) ;
#34 = ORIENTED_EDGE ( 'NONE', *, *, #2252, .T. ) ;
#35 = ORIENTED_EDGE ( 'NONE', *, *, #998, .F. ) ;
#36 = CARTESIAN_POINT ( 'NONE',  ( 15.67500000000000071, 20.39999999999999858, 5.000000000000000000 ) ) ;
#37 = LINE ( 'NONE', #4866, #5131 ) ;
#38 = ADVANCED_FACE ( 'NONE', ( #3662 ), #3617, .F. ) ;
#39 = ORIENTED_EDGE ( 'NONE', *, *, #4322, .T. ) ;
#40 = CARTESIAN_POINT ( 'NONE',  ( 3.573666666666666103, 35.29155555555555424, -6.049999999999999822 ) ) ;
#41 = ADVANCED_FACE ( 'NONE', ( #620 ), #6630, .T. ) ;
#42 = CARTESIAN_POINT ( 'NONE',  ( 14.32499999999999929, 20.39999999999999858, 3.650000000000000355 ) ) ;
#43 = EDGE_CURVE ( 'NONE', #4730, #5588, #6557, .T. ) ;
#44 = DIRECTION ( 'NONE',  ( 1.000000000000000000, 0.000000000000000000, 0.000000000000000000 ) ) ;
#45 = EDGE_LOOP ( 'NONE', ( #6597, #5206, #1346, #125 ) ) ;
#46 = EDGE_LOOP ( 'NONE', ( #6285, #6677, #1087, #7682, #6662, #7312, #7436, #4633, #6420, #2402, #4672, #7306, #2386, #6921, #1656, #5339, #507, #1067, #2066, #5431, #6394, #3834, #3106, #4285, #201, #5702, #5491, #3114, #2258, #2275, #468, #3693, #7525, #6807, #5089, #7094, #2221, #2971, #107, #1749, #1759, #35, #1536, #539, #7320, #5964, #2686, #1040, #1325, #2894, #7155, #6983, #1928, #4736, #5727, #4456 ) ) ;
#47 = FACE_OUTER_BOUND ( 'NONE', #3479, .T. ) ;
#48 = LINE ( 'NONE', #2454, #2768 ) ;
#49 = ORIENTED_EDGE ( 'NONE', *, *, #2820, .T. ) ;
#50 = FACE_OUTER_BOUND ( 'NONE', #3908, .T. ) ;
#51 = EDGE_LOOP ( 'NONE', ( #5194, #166, #5681, #6455 ) ) ;
#52 = CARTESIAN_POINT ( 'NONE',  ( 20.87261111111111234, 31.03283333333333260, -6.049999999999999822 ) ) ;
#53 = CARTESIAN_POINT ( 'NONE',  ( 17.10000000000000142, 20.39999999999999858, 5.000000000000000000 ) ) ;
#54 = VERTEX_POINT ( 'NONE', #66 ) ;
#55 = DIRECTION ( 'NONE',  ( 0.000000000000000000, 0.000000000000000000, 1.000000000000000000 ) ) ;
#56 = DIRECTION ( 'NONE',  ( 0.000000000000000000, 0.000000000000000000, -1.000000000000000000 ) ) ;
#57 = CARTESIAN_POINT ( 'NONE',  ( 6.452999999999999403, 28.62599999999999767, -6.349999999999999645 ) ) ;
#58 = DIRECTION ( 'NONE',  ( 0.000000000000000000, 0.000000000000000000, -1.000000000000000000 ) ) ;
#59 = ORIENTED_EDGE ( 'NONE', *, *, #2505, .T. ) ;
#60 = ORIENTED_EDGE ( 'NONE', *, *, #3509, .T. ) ;
#61 = LINE ( 'NONE', #4163, #490 ) ;
#62 = EDGE_CURVE ( 'NONE', #2676, #2880, #4789, .T. ) ;
#63 = ORIENTED_EDGE ( 'NONE', *, *, #6221, .T. ) ;
#64 = CARTESIAN_POINT ( 'NONE',  ( 9.309000000000001052, 29.03200000000000358, -6.049999999999999822 ) ) ;
#65 = CARTESIAN_POINT ( 'NONE',  ( 6.452999999999999403, 41.75800000000000267, -6.049999999999999822 ) ) ;
#66 = CARTESIAN_POINT ( 'NONE',  ( 22.45422222222222430, 30.87805555555555515, -6.349999999999999645 ) ) ;
#67 = CARTESIAN_POINT ( 'NONE',  ( 4.660999999999999588, 40.13400000000000034, -6.049999999999999822 ) ) ;
#68 = ORIENTED_EDGE ( 'NONE', *, *, #4078, .T. ) ;
#69 = VERTEX_POINT ( 'NONE', #3696 ) ;
#70 = DIRECTION ( 'NONE',  ( 0.000000000000000000, -0.000000000000000000, -1.000000000000000000 ) ) ;
#71 = CARTESIAN_POINT ( 'NONE',  ( 27.96477777777777618, 37.59766666666666879, -6.049999999999999822 ) ) ;
#72 = ADVANCED_FACE ( 'NONE', ( #1887 ), #6080, .T. ) ;
#73 = EDGE_LOOP ( 'NONE', ( #441, #484, #5546, #5422, #5185, #6244, #6990, #5415, #1942, #3659, #3454, #7788, #7734, #2197 ) ) ;
#74 = FACE_OUTER_BOUND ( 'NONE', #1024, .T. ) ;
#75 = LINE ( 'NONE', #3553, #3400 ) ;
#76 = LINE ( 'NONE', #6604, #5132 ) ;
#77 = EDGE_LOOP ( 'NONE', ( #4941, #261, #382, #2990 ) ) ;
#78 = VERTEX_POINT ( 'NONE', #3731 ) ;
#79 = ORIENTED_EDGE ( 'NONE', *, *, #5073, .T. ) ;
#80 = PLANE ( 'NONE',  #1999 ) ;
#81 = DIRECTION ( 'NONE',  ( 0.000000000000000000, 0.000000000000000000, 1.000000000000000000 ) ) ;
#82 = ADVANCED_FACE ( 'NONE', ( #736 ), #151, .T. ) ;
#83 = VERTEX_POINT ( 'NONE', #5538 ) ;
#84 = CARTESIAN_POINT ( 'NONE',  ( 25.62950000000000017, 38.37700000000000244, -6.049999999999999822 ) ) ;
#85 = ORIENTED_EDGE ( 'NONE', *, *, #5466, .T. ) ;
#86 = CARTESIAN_POINT ( 'NONE',  ( 28.41900000000000048, 29.46950000000000003, -6.049999999999999822 ) ) ;
#87 = ADVANCED_FACE ( 'NONE', ( #2555 ), #7779, .T. ) ;
#88 = ADVANCED_FACE ( 'NONE', ( #5373 ), #578, .T. ) ;
#89 = CARTESIAN_POINT ( 'NONE',  ( 36.00000000000000711, 55.50000000000000000, 15.00000000000000000 ) ) ;
#90 = ORIENTED_EDGE ( 'NONE', *, *, #6478, .F. ) ;
#91 = CARTESIAN_POINT ( 'NONE',  ( 21.75499999999999901, 31.48200000000000287, -6.349999999999999645 ) ) ;
#92 = LINE ( 'NONE', #5634, #3918 ) ;
#93 = CARTESIAN_POINT ( 'NONE',  ( 29.06300000000000239, 30.33399999999999963, -6.349999999999999645 ) ) ;
#94 = LINE ( 'NONE', #6151, #4750 ) ;
#95 = ORIENTED_EDGE ( 'NONE', *, *, #7461, .F. ) ;
#96 = VECTOR ( 'NONE', #1937, 1000.000000000000000 ) ;
#97 = ORIENTED_EDGE ( 'NONE', *, *, #6339, .F. ) ;
#98 = CARTESIAN_POINT ( 'NONE',  ( 23.04688888888889053, 33.02511111111110864, -6.049999999999999822 ) ) ;
#99 = ORIENTED_EDGE ( 'NONE', *, *, #4610, .F. ) ;
#100 = CARTESIAN_POINT ( 'NONE',  ( 24.33099999999999952, 41.29950000000000188, -6.349999999999999645 ) ) ;
#101 = FACE_OUTER_BOUND ( 'NONE', #6184, .T. ) ;
#102 = CARTESIAN_POINT ( 'NONE',  ( 19.79500000000000171, 40.73288888888888692, -6.049999999999999822 ) ) ;
#103 = LINE ( 'NONE', #3663, #5647 ) ;
#104 = VECTOR ( 'NONE', #6499, 1000.000000000000000 ) ;
#105 = AXIS2_PLACEMENT_3D ( 'NONE', #6321, #3345, #4676 ) ;
#106 = ORIENTED_EDGE ( 'NONE', *, *, #2903, .T. ) ;
#107 = ORIENTED_EDGE ( 'NONE', *, *, #7679, .F. ) ;
#109 = DIRECTION ( 'NONE',  ( -0.4936943036324172862, 0.8696355182264018380, 0.000000000000000000 ) ) ;
#108 = AXIS2_PLACEMENT_3D ( 'NONE', #3945, #3975, #6366 ) ;
#110 = LINE ( 'NONE', #5495, #355 ) ;
#111 = VECTOR ( 'NONE', #834, 1000.000000000000114 ) ;
#112 = ORIENTED_EDGE ( 'NONE', *, *, #4272, .T. ) ;
#113 = CARTESIAN_POINT ( 'NONE',  ( 19.83699999999999974, 39.30955555555555492, -6.049999999999999822 ) ) ;
#114 = DIRECTION ( 'NONE',  ( -0.9494523841941936437, 0.3139110863731339740, 0.000000000000000000 ) ) ;
#115 = LINE ( 'NONE', #553, #5883 ) ;
#116 = VECTOR ( 'NONE', #3167, 1000.000000000000227 ) ;
#117 = VECTOR ( 'NONE', #421, 1000.000000000000000 ) ;
#118 = ORIENTED_EDGE ( 'NONE', *, *, #472, .T. ) ;
#119 = AXIS2_PLACEMENT_3D ( 'NONE', #700, #4744, #5607 ) ;
#120 = EDGE_CURVE ( 'NONE', #4486, #4617, #3774, .T. ) ;
#121 = VERTEX_POINT ( 'NONE', #5684 ) ;
#122 = DIRECTION ( 'NONE',  ( -0.3139110863731340295, -0.9494523841941937548, 0.000000000000000000 ) ) ;
#123 = CARTESIAN_POINT ( 'NONE',  ( 28.63677777777778033, 29.76933333333333564, -6.049999999999999822 ) ) ;
#124 = VECTOR ( 'NONE', #1651, 1000.000000000000000 ) ;
#125 = ORIENTED_EDGE ( 'NONE', *, *, #5034, .T. ) ;
#126 = LINE ( 'NONE', #4926, #1308 ) ;
#127 = VECTOR ( 'NONE', #5672, 1000.000000000000000 ) ;
#128 = VECTOR ( 'NONE', #655, 1000.000000000000000 ) ;
#129 = ORIENTED_EDGE ( 'NONE', *, *, #5806, .T. ) ;
#130 = FACE_OUTER_BOUND ( 'NONE', #4271, .T. ) ;
#131 = EDGE_CURVE ( 'NONE', #3298, #1964, #899, .T. ) ;
#132 = VECTOR ( 'NONE', #2500, 1000.000000000000000 ) ;
#133 = AXIS2_PLACEMENT_3D ( 'NONE', #7073, #3493, #6956 ) ;
#134 = CARTESIAN_POINT ( 'NONE',  ( 11.72225000000000072, 38.48899999999999721, -6.049999999999999822 ) ) ;
#135 = ADVANCED_FACE ( 'NONE', ( #2704 ), #222, .T. ) ;
#136 = VERTEX_POINT ( 'NONE', #825 ) ;
#137 = CARTESIAN_POINT ( 'NONE',  ( 27.40477777777777746, 37.25000000000000000, -6.049999999999999822 ) ) ;
#138 = AXIS2_PLACEMENT_3D ( 'NONE', #248, #2655, #2689 ) ;
#139 = ADVANCED_FACE ( 'NONE', ( #5094 ), #789, .T. ) ;
#140 = LINE ( 'NONE', #1446, #7297 ) ;
#141 = VECTOR ( 'NONE', #7605, 1000.000000000000000 ) ;
#142 = EDGE_CURVE ( 'NONE', #706, #146, #4397, .T. ) ;
#143 = DIRECTION ( 'NONE',  ( -0.8125235213618164920, 0.5829284066107893736, 0.000000000000000000 ) ) ;
#144 = CARTESIAN_POINT ( 'NONE',  ( 25.43699999999999761, 39.84000000000001052, -6.349999999999999645 ) ) ;
#145 = ORIENTED_EDGE ( 'NONE', *, *, #3982, .F. ) ;
#146 = VERTEX_POINT ( 'NONE', #2589 ) ;
#147 = CARTESIAN_POINT ( 'NONE',  ( 7.545000000000000817, 38.73400000000000176, -6.349999999999999645 ) ) ;
#148 = VERTEX_POINT ( 'NONE', #4507 ) ;
#149 = DIRECTION ( 'NONE',  ( 0.06310581901520359582, -0.9980068414627328854, 0.000000000000000000 ) ) ;
#150 = FACE_OUTER_BOUND ( 'NONE', #1128, .T. ) ;
#151 = PLANE ( 'NONE',  #7531 ) ;
#152 = CARTESIAN_POINT ( 'NONE',  ( 26.24588888888889215, 38.74488888888889448, -6.049999999999999822 ) ) ;
#153 = ORIENTED_EDGE ( 'NONE', *, *, #2474, .F. ) ;
#154 = LINE ( 'NONE', #3896, #7550 ) ;
#155 = FACE_OUTER_BOUND ( 'NONE', #2415, .T. ) ;
#156 = EDGE_CURVE ( 'NONE', #835, #7158, #267, .T. ) ;
#157 = DIRECTION ( 'NONE',  ( 0.000000000000000000, 0.000000000000000000, -1.000000000000000000 ) ) ;
#158 = VERTEX_POINT ( 'NONE', #1532 ) ;
#159 = LINE ( 'NONE', #7467, #3997 ) ;
#160 = LINE ( 'NONE', #2636, #3790 ) ;
#161 = CARTESIAN_POINT ( 'NONE',  ( 27.96477777777777618, 37.59766666666666879, -6.349999999999999645 ) ) ;
#162 = ORIENTED_EDGE ( 'NONE', *, *, #3412, .F. ) ;
#163 = ORIENTED_EDGE ( 'NONE', *, *, #1184, .T. ) ;
#164 = CARTESIAN_POINT ( 'NONE',  ( 6.800000000000000711, 15.50000000000000000, 12.52500000000000036 ) ) ;
#165 = DIRECTION ( 'NONE',  ( 0.8436614877321090278, 0.5368754921931568891, 0.000000000000000000 ) ) ;
#166 = ORIENTED_EDGE ( 'NONE', *, *, #4737, .F. ) ;
#167 = DIRECTION ( 'NONE',  ( 0.3691563512679104653, -0.9293673053849931254, 0.000000000000000000 ) ) ;
#168 = FACE_OUTER_BOUND ( 'NONE', #307, .T. ) ;
#169 = ORIENTED_EDGE ( 'NONE', *, *, #3362, .F. ) ;
#170 = EDGE_CURVE ( 'NONE', #3667, #6217, #7376, .T. ) ;
#171 = DIRECTION ( 'NONE',  ( -0.8630144693469347095, 0.5051792015689372528, 0.000000000000000000 ) ) ;
#172 = COLOUR_RGB ( '',0.7921568627450980005, 0.8196078431372548767, 0.9333333333333333481 ) ;
#173 = LINE ( 'NONE', #2577, #4575 ) ;
#174 = ORIENTED_EDGE ( 'NONE', *, *, #2163, .T. ) ;
#175 = EDGE_CURVE ( 'NONE', #6538, #7546, #188, .T. ) ;
#176 = CARTESIAN_POINT ( 'NONE',  ( 16.31638888888888772, 30.86794444444444352, -6.049999999999999822 ) ) ;
#177 = CARTESIAN_POINT ( 'NONE',  ( 23.58899999999999864, 38.66400000000000148, -6.049999999999999822 ) ) ;
#178 = DIRECTION ( 'NONE',  ( 0.1481757745293994510, -0.9889610406090892925, 0.000000000000000000 ) ) ;
#179 = VERTEX_POINT ( 'NONE', #6831 ) ;
#180 = EDGE_CURVE ( 'NONE', #7355, #2566, #6795, .T. ) ;
#181 = EDGE_CURVE ( 'NONE', #1180, #852, #6275, .T. ) ;
#182 = VERTEX_POINT ( 'NONE', #934 ) ;
#183 = CARTESIAN_POINT ( 'NONE',  ( 15.41300000000000203, 30.36200000000000188, -6.349999999999999645 ) ) ;
#184 = ORIENTED_EDGE ( 'NONE', *, *, #7431, .T. ) ;
#185 = EDGE_CURVE ( 'NONE', #7024, #4486, #2669, .T. ) ;
#186 = CARTESIAN_POINT ( 'NONE',  ( 23.19999999999999929, 21.10000000000000142, 12.52500000000000036 ) ) ;
#187 = DIRECTION ( 'NONE',  ( -0.8436614877321090278, -0.5368754921931570001, 0.000000000000000000 ) ) ;
#188 = LINE ( 'NONE', #4352, #4025 ) ;
#189 = DIRECTION ( 'NONE',  ( 0.6242144369698769957, 0.7812530554681879069, -0.000000000000000000 ) ) ;
#190 = ORIENTED_EDGE ( 'NONE', *, *, #366, .T. ) ;
#191 = EDGE_CURVE ( 'NONE', #6122, #1863, #3855, .T. ) ;
#192 = EDGE_CURVE ( 'NONE', #3926, #2035, #1369, .T. ) ;
#193 = CARTESIAN_POINT ( 'NONE',  ( 7.545000000000000817, 38.73400000000000176, -6.049999999999999822 ) ) ;
#194 = CARTESIAN_POINT ( 'NONE',  ( 15.00000000000000000, 16.79999999999999716, 7.074999999999998401 ) ) ;
#195 = DIRECTION ( 'NONE',  ( 0.3455483616676803260, -0.9384009429603008545, 0.000000000000000000 ) ) ;
#196 = VERTEX_POINT ( 'NONE', #1996 ) ;
#197 = CARTESIAN_POINT ( 'NONE',  ( 27.96477777777777618, 37.59766666666666879, -6.049999999999999822 ) ) ;
#198 = FACE_OUTER_BOUND ( 'NONE', #1467, .T. ) ;
#199 = CARTESIAN_POINT ( 'NONE',  ( 10.62500000000000000, 37.25000000000000000, -6.049999999999999822 ) ) ;
#200 = ORIENTED_EDGE ( 'NONE', *, *, #1332, .T. ) ;
#201 = ORIENTED_EDGE ( 'NONE', *, *, #1474, .F. ) ;
#202 = CARTESIAN_POINT ( 'NONE',  ( 3.688000000000000611, 32.26599999999999824, -6.049999999999999822 ) ) ;
#203 = CARTESIAN_POINT ( 'NONE',  ( 0.000000000000000000, 0.000000000000000000, -6.049999999999999822 ) ) ;
#204 = ORIENTED_EDGE ( 'NONE', *, *, #1869, .F. ) ;
#205 = CARTESIAN_POINT ( 'NONE',  ( 26.44888888888889156, 28.89005555555555915, -6.049999999999999822 ) ) ;
#206 = DIRECTION ( 'NONE',  ( -0.1591964303618612353, -0.9872469278554585337, 0.000000000000000000 ) ) ;
#207 = EDGE_LOOP ( 'NONE', ( #2733, #6764, #7168, #5255 ) ) ;
#208 = CARTESIAN_POINT ( 'NONE',  ( 2.505875000000000075, 30.47487500000000082, -6.049999999999999822 ) ) ;
#209 = EDGE_CURVE ( 'NONE', #5669, #6028, #6236, .T. ) ;
#210 = DIRECTION ( 'NONE',  ( -0.9680474498391467009, 0.2507670928569469271, 0.000000000000000000 ) ) ;
#211 = ORIENTED_EDGE ( 'NONE', *, *, #4893, .F. ) ;
#212 = DIRECTION ( 'NONE',  ( 0.3620242351523413893, 0.9321686827835198308, 0.000000000000000000 ) ) ;
#213 = DIRECTION ( 'NONE',  ( 0.000000000000000000, 0.000000000000000000, -1.000000000000000000 ) ) ;
#214 = CARTESIAN_POINT ( 'NONE',  ( 4.314111111111111008, 31.67177777777777692, -6.049999999999999822 ) ) ;
#215 = VERTEX_POINT ( 'NONE', #1962 ) ;
#216 = EDGE_CURVE ( 'NONE', #7244, #3689, #3257, .T. ) ;
#217 = EDGE_LOOP ( 'NONE', ( #876, #6094 ) ) ;
#218 = DIRECTION ( 'NONE',  ( -0.9121596183804780988, 0.4098351261129048462, 0.000000000000000000 ) ) ;
#219 = ORIENTED_EDGE ( 'NONE', *, *, #2068, .T. ) ;
#220 = LINE ( 'NONE', #5643, #4500 ) ;
#221 = DIRECTION ( 'NONE',  ( -0.2851209067678243114, -0.9584915589215659004, 0.000000000000000000 ) ) ;
#222 = PLANE ( 'NONE',  #762 ) ;
#223 = LINE ( 'NONE', #3189, #6777 ) ;
#224 = ORIENTED_EDGE ( 'NONE', *, *, #6228, .F. ) ;
#225 = ADVANCED_FACE ( 'NONE', ( #2080 ), #4475, .T. ) ;
#226 = CARTESIAN_POINT ( 'NONE',  ( 23.71966666666666868, 40.95844444444444576, -6.049999999999999822 ) ) ;
#227 = FACE_OUTER_BOUND ( 'NONE', #3067, .T. ) ;
#228 = CARTESIAN_POINT ( 'NONE',  ( 3.424916666666662834, 32.28972222222222399, -6.049999999999999822 ) ) ;
#229 = VERTEX_POINT ( 'NONE', #967 ) ;
#230 = LINE ( 'NONE', #1970, #96 ) ;
#231 = LINE ( 'NONE', #3740, #2401 ) ;
#232 = VECTOR ( 'NONE', #2599, 1000.000000000000000 ) ;
#233 = CARTESIAN_POINT ( 'NONE',  ( 9.772555555555557660, 41.47955555555555662, -6.049999999999999822 ) ) ;
#234 = ADVANCED_FACE ( 'NONE', ( #376 ), #533, .T. ) ;
#235 = EDGE_CURVE ( 'NONE', #5723, #2035, #5836, .T. ) ;
#236 = ADVANCED_FACE ( 'NONE', ( #1712 ), #2784, .T. ) ;
#237 = ORIENTED_EDGE ( 'NONE', *, *, #7684, .T. ) ;
#238 = VECTOR ( 'NONE', #830, 1000.000000000000000 ) ;
#239 = VECTOR ( 'NONE', #4583, 1000.000000000000114 ) ;
#240 = ORIENTED_EDGE ( 'NONE', *, *, #940, .T. ) ;
#241 = DIRECTION ( 'NONE',  ( 0.3905498468561595660, -0.9205817818752608517, 0.000000000000000000 ) ) ;
#242 = CARTESIAN_POINT ( 'NONE',  ( 3.134999999999999787, 40.13400000000000034, -6.049999999999999822 ) ) ;
#243 = ORIENTED_EDGE ( 'NONE', *, *, #5942, .T. ) ;
#244 = LINE ( 'NONE', #5555, #531 ) ;
#245 = PLANE ( 'NONE',  #763 ) ;
#246 = EDGE_LOOP ( 'NONE', ( #2952, #4515, #5249, #6212 ) ) ;
#247 = AXIS2_PLACEMENT_3D ( 'NONE', #2585, #4976, #3099 ) ;
#248 = CARTESIAN_POINT ( 'NONE',  ( 15.37100000000000044, 35.51400000000000290, -6.049999999999999822 ) ) ;
#249 = VECTOR ( 'NONE', #1939, 1000.000000000000227 ) ;
#250 = EDGE_CURVE ( 'NONE', #6160, #410, #4042, .T. ) ;
#251 = VECTOR ( 'NONE', #3874, 1000.000000000000000 ) ;
#252 = VECTOR ( 'NONE', #1571, 1000.000000000000000 ) ;
#253 = VECTOR ( 'NONE', #5490, 1000.000000000000000 ) ;
#254 = ORIENTED_EDGE ( 'NONE', *, *, #325, .T. ) ;
#255 = CARTESIAN_POINT ( 'NONE',  ( 26.01566666666666805, 40.18844444444444264, -6.049999999999999822 ) ) ;
#256 = FACE_OUTER_BOUND ( 'NONE', #4712, .T. ) ;
#257 = VECTOR ( 'NONE', #7064, 1000.000000000000114 ) ;
#258 = AXIS2_PLACEMENT_3D ( 'NONE', #1499, #5694, #1382 ) ;
#259 = VECTOR ( 'NONE', #3207, 1000.000000000000000 ) ;
#260 = VECTOR ( 'NONE', #3599, 1000.000000000000000 ) ;
#261 = ORIENTED_EDGE ( 'NONE', *, *, #2105, .F. ) ;
#262 = AXIS2_PLACEMENT_3D ( 'NONE', #7143, #3028, #4742 ) ;
#263 = DIRECTION ( 'NONE',  ( 0.01729727609815014458, -0.9998503909283549262, 0.000000000000000000 ) ) ;
#264 = VERTEX_POINT ( 'NONE', #3417 ) ;
#265 = CARTESIAN_POINT ( 'NONE',  ( 28.63677777777778033, 29.76933333333333564, -6.349999999999999645 ) ) ;
#266 = PLANE ( 'NONE',  #1404 ) ;
#267 = LINE ( 'NONE', #6908, #7415 ) ;
#268 = CARTESIAN_POINT ( 'NONE',  ( 2.850916666666664767, 32.85905555555555679, -6.049999999999999822 ) ) ;
#269 = EDGE_CURVE ( 'NONE', #753, #2912, #5129, .T. ) ;
#270 = VECTOR ( 'NONE', #4852, 1000.000000000000227 ) ;
#271 = ORIENTED_EDGE ( 'NONE', *, *, #1343, .F. ) ;
#272 = FACE_OUTER_BOUND ( 'NONE', #6131, .T. ) ;
#273 = LINE ( 'NONE', #1967, #2517 ) ;
#274 = CARTESIAN_POINT ( 'NONE',  ( 28.41900000000000048, 29.46950000000000003, -6.049999999999999822 ) ) ;
#275 = ORIENTED_EDGE ( 'NONE', *, *, #4374, .T. ) ;
#276 = CARTESIAN_POINT ( 'NONE',  ( 14.13899999999999935, 28.94800000000000040, -6.349999999999999645 ) ) ;
#277 = CARTESIAN_POINT ( 'NONE',  ( 20.87261111111111234, 31.03283333333333260, -6.349999999999999645 ) ) ;
#278 = DIRECTION ( 'NONE',  ( -0.9785855732116013339, 0.2058404136755504488, 0.000000000000000000 ) ) ;
#279 = EDGE_CURVE ( 'NONE', #2942, #5916, #4585, .T. ) ;
#280 = ORIENTED_EDGE ( 'NONE', *, *, #5329, .F. ) ;
#281 = EDGE_CURVE ( 'NONE', #6348, #136, #7693, .T. ) ;
#282 = ADVANCED_FACE ( 'NONE', ( #3484 ), #4668, .T. ) ;
#283 = EDGE_LOOP ( 'NONE', ( #5953, #6792, #4308, #2162 ) ) ;
#284 = DIRECTION ( 'NONE',  ( -0.6030552806673434851, -0.7976993973040419350, 0.000000000000000000 ) ) ;
#285 = ADVANCED_FACE ( 'NONE', ( #3994 ), #6388, .T. ) ;
#286 = CARTESIAN_POINT ( 'NONE',  ( 1.556499999999999773, 30.95349999999999824, -6.049999999999999822 ) ) ;
#287 = ORIENTED_EDGE ( 'NONE', *, *, #324, .F. ) ;
#288 = PLANE ( 'NONE',  #3251 ) ;
#289 = CARTESIAN_POINT ( 'NONE',  ( 26.82300000000000040, 36.87899999999999778, -6.349999999999999645 ) ) ;
#290 = FACE_OUTER_BOUND ( 'NONE', #4089, .T. ) ;
#291 = ORIENTED_EDGE ( 'NONE', *, *, #7431, .F. ) ;
#292 = LINE ( 'NONE', #2772, #6418 ) ;
#293 = DIRECTION ( 'NONE',  ( -0.06895514854063367061, 0.9976197609759638318, 0.000000000000000000 ) ) ;
#294 = EDGE_CURVE ( 'NONE', #2223, #6112, #5803, .T. ) ;
#295 = VERTEX_POINT ( 'NONE', #413 ) ;
#296 = EDGE_LOOP ( 'NONE', ( #7038, #3163, #2508, #3465 ) ) ;
#297 = CARTESIAN_POINT ( 'NONE',  ( 3.246999999999999886, 34.73349999999999937, -6.349999999999999645 ) ) ;
#298 = VERTEX_POINT ( 'NONE', #3531 ) ;
#299 = DIRECTION ( 'NONE',  ( -0.3313276296659668496, -0.9435157665984876818, 0.000000000000000000 ) ) ;
#300 = PLANE ( 'NONE',  #3033 ) ;
#301 = DIRECTION ( 'NONE',  ( 0.5973994486956345495, 0.8019438251512084337, 0.000000000000000000 ) ) ;
#302 = DIRECTION ( 'NONE',  ( 0.000000000000000000, 1.000000000000000000, 0.000000000000000000 ) ) ;
#303 = ORIENTED_EDGE ( 'NONE', *, *, #3566, .F. ) ;
#304 = PLANE ( 'NONE',  #3514 ) ;
#305 = LINE ( 'NONE', #7026, #1891 ) ;
#306 = DIRECTION ( 'NONE',  ( -0.8937017211875556422, -0.4486616024872203679, 0.000000000000000000 ) ) ;
#307 = EDGE_LOOP ( 'NONE', ( #25, #6571, #537, #4569 ) ) ;
#308 = FACE_OUTER_BOUND ( 'NONE', #5170, .T. ) ;
#309 = PLANE ( 'NONE',  #4652 ) ;
#310 = DIRECTION ( 'NONE',  ( -0.8482654225386619951, -0.5295713105194665982, 0.000000000000000000 ) ) ;
#311 = VERTEX_POINT ( 'NONE', #3961 ) ;
#312 = EDGE_CURVE ( 'NONE', #4626, #2795, #2817, .T. ) ;
#313 = ORIENTED_EDGE ( 'NONE', *, *, #2594, .F. ) ;
#314 = CARTESIAN_POINT ( 'NONE',  ( 25.84922222222222388, 31.27977777777778101, -6.049999999999999822 ) ) ;
#315 = LINE ( 'NONE', #6133, #3511 ) ;
#316 = ORIENTED_EDGE ( 'NONE', *, *, #4610, .T. ) ;
#317 = LINE ( 'NONE', #5703, #2925 ) ;
#318 = DIRECTION ( 'NONE',  ( -0.8218716204382043866, 0.5696727477405605367, 0.000000000000000000 ) ) ;
#319 = CARTESIAN_POINT ( 'NONE',  ( 1.005833333333331581, 32.04238888888888681, -6.049999999999999822 ) ) ;
#320 = ADVANCED_FACE ( 'NONE', ( #4703 ), #2158, .T. ) ;
#321 = ORIENTED_EDGE ( 'NONE', *, *, #3567, .T. ) ;
#322 = LINE ( 'NONE', #4614, #2038 ) ;
#323 = DIRECTION ( 'NONE',  ( -0.8913159467096120059, -0.4533827115596137936, 0.000000000000000000 ) ) ;
#324 = EDGE_CURVE ( 'NONE', #3169, #2052, #7534, .T. ) ;
#325 = EDGE_CURVE ( 'NONE', #2393, #3734, #6466, .T. ) ;
#326 = ORIENTED_EDGE ( 'NONE', *, *, #1239, .F. ) ;
#327 = PLANE ( 'NONE',  #6019 ) ;
#328 = ORIENTED_EDGE ( 'NONE', *, *, #2018, .T. ) ;
#329 = CARTESIAN_POINT ( 'NONE',  ( 6.452999999999999403, 28.62599999999999767, -6.049999999999999822 ) ) ;
#330 = LINE ( 'NONE', #3368, #390 ) ;
#331 = CARTESIAN_POINT ( 'NONE',  ( 29.00699999999999790, 33.69400000000000261, -6.049999999999999822 ) ) ;
#332 = DIRECTION ( 'NONE',  ( 1.000000000000000000, 0.000000000000000000, 0.000000000000000000 ) ) ;
#333 = ORIENTED_EDGE ( 'NONE', *, *, #3709, .F. ) ;
#334 = EDGE_LOOP ( 'NONE', ( #2642, #4511, #6697, #3491 ) ) ;
#335 = LINE ( 'NONE', #2708, #124 ) ;
#336 = DIRECTION ( 'NONE',  ( -0.3546542341205450866, 0.9349975263177811025, 0.000000000000000000 ) ) ;
#337 = ORIENTED_EDGE ( 'NONE', *, *, #6267, .T. ) ;
#338 = DIRECTION ( 'NONE',  ( 0.02659812524918895096, -0.9996462072819705114, 0.000000000000000000 ) ) ;
#339 = DIRECTION ( 'NONE',  ( 0.5511916190789389880, -0.8343786904380634528, 0.000000000000000000 ) ) ;
#340 = DIRECTION ( 'NONE',  ( 0.000000000000000000, -1.000000000000000000, 0.000000000000000000 ) ) ;
#341 = ORIENTED_EDGE ( 'NONE', *, *, #7529, .F. ) ;
#342 = ORIENTED_EDGE ( 'NONE', *, *, #3781, .F. ) ;
#343 = DIRECTION ( 'NONE',  ( 0.1794852036135962670, 0.9837606729707109032, 0.000000000000000000 ) ) ;
#344 = LINE ( 'NONE', #6483, #1878 ) ;
#345 = VECTOR ( 'NONE', #6754, 1000.000000000000114 ) ;
#346 = VERTEX_POINT ( 'NONE', #1050 ) ;
#347 = DIRECTION ( 'NONE',  ( -0.000000000000000000, 1.000000000000000000, 0.000000000000000000 ) ) ;
#348 = CARTESIAN_POINT ( 'NONE',  ( 9.309000000000001052, 33.04999999999999716, -6.349999999999999645 ) ) ;
#349 = CARTESIAN_POINT ( 'NONE',  ( 29.06300000000000239, 30.33399999999999963, -6.049999999999999822 ) ) ;
#350 = FACE_OUTER_BOUND ( 'NONE', #3813, .T. ) ;
#351 = EDGE_CURVE ( 'NONE', #5395, #403, #3450, .T. ) ;
#352 = AXIS2_PLACEMENT_3D ( 'NONE', #715, #4840, #1270 ) ;
#353 = VECTOR ( 'NONE', #7217, 1000.000000000000000 ) ;
#354 = DIRECTION ( 'NONE',  ( 0.000000000000000000, 0.000000000000000000, -1.000000000000000000 ) ) ;
#355 = VECTOR ( 'NONE', #195, 1000.000000000000114 ) ;
#356 = VECTOR ( 'NONE', #6008, 1000.000000000000000 ) ;
#357 = EDGE_LOOP ( 'NONE', ( #5927, #6741, #7678, #3764 ) ) ;
#358 = PLANE ( 'NONE',  #6673 ) ;
#359 = PLANE ( 'NONE',  #3031 ) ;
#360 = EDGE_CURVE ( 'NONE', #4817, #7278, #7098, .T. ) ;
#361 = VECTOR ( 'NONE', #6482, 1000.000000000000000 ) ;
#362 = VECTOR ( 'NONE', #306, 1000.000000000000227 ) ;
#363 = EDGE_LOOP ( 'NONE', ( #974, #786, #4388, #1583 ) ) ;
#364 = AXIS2_PLACEMENT_3D ( 'NONE', #3939, #2321, #6323 ) ;
#365 = EDGE_CURVE ( 'NONE', #7659, #1945, #1199, .T. ) ;
#367 = VERTEX_POINT ( 'NONE', #6704 ) ;
#366 = EDGE_CURVE ( 'NONE', #7355, #7136, #3608, .T. ) ;
#368 = EDGE_CURVE ( 'NONE', #3991, #1807, #7765, .T. ) ;
#369 = CARTESIAN_POINT ( 'NONE',  ( 2.922666666666668078, 32.64555555555555344, -6.049999999999999822 ) ) ;
#370 = ORIENTED_EDGE ( 'NONE', *, *, #5387, .T. ) ;
#371 = VECTOR ( 'NONE', #3265, 1000.000000000000000 ) ;
#372 = LINE ( 'NONE', #2782, #6639 ) ;
#373 = VECTOR ( 'NONE', #7646, 1000.000000000000114 ) ;
#374 = CARTESIAN_POINT ( 'NONE',  ( 13.37988888888888539, 37.67622222222222206, -6.349999999999999645 ) ) ;
#375 = AXIS2_PLACEMENT_3D ( 'NONE', #7674, #2293, #4687 ) ;
#376 = FACE_OUTER_BOUND ( 'NONE', #5691, .T. ) ;
#377 = VECTOR ( 'NONE', #4734, 1000.000000000000000 ) ;
#378 = DIRECTION ( 'NONE',  ( 0.000000000000000000, 0.000000000000000000, -1.000000000000000000 ) ) ;
#379 = ORIENTED_EDGE ( 'NONE', *, *, #7061, .F. ) ;
#380 = AXIS2_PLACEMENT_3D ( 'NONE', #4778, #6668, #1800 ) ;
#381 = VECTOR ( 'NONE', #5617, 1000.000000000000000 ) ;
#382 = ORIENTED_EDGE ( 'NONE', *, *, #1442, .T. ) ;
#383 = CARTESIAN_POINT ( 'NONE',  ( 12.37500000000000000, 28.94800000000000040, -6.349999999999999645 ) ) ;
#384 = LINE ( 'NONE', #3343, #3516 ) ;
#385 = VERTEX_POINT ( 'NONE', #3572 ) ;
#386 = LINE ( 'NONE', #942, #1372 ) ;
#387 = DIRECTION ( 'NONE',  ( 0.8563612050416155030, 0.5163772714785889173, 0.000000000000000000 ) ) ;
#388 = EDGE_LOOP ( 'NONE', ( #5841, #6635, #18, #1452, #5213, #4109, #5496, #4104, #2777, #95, #6809, #4950, #4367, #4671, #5357, #1815, #7432, #5847, #941, #4547, #2647, #3494, #7671, #3245, #7195, #4613, #2641, #2833, #5074, #2330, #6953, #7699, #7107, #4707, #1933, #6732, #6294, #6021 ) ) ;
#389 = CARTESIAN_POINT ( 'NONE',  ( 12.22100000000000009, 42.14999999999999858, -6.049999999999999822 ) ) ;
#390 = VECTOR ( 'NONE', #1601, 1000.000000000000000 ) ;
#391 = ORIENTED_EDGE ( 'NONE', *, *, #4696, .T. ) ;
#392 = EDGE_CURVE ( 'NONE', #4034, #5568, #4306, .T. ) ;
#393 = ORIENTED_EDGE ( 'NONE', *, *, #3316, .T. ) ;
#394 = CARTESIAN_POINT ( 'NONE',  ( 14.02699999999999925, 38.56600000000000250, -6.049999999999999822 ) ) ;
#395 = CARTESIAN_POINT ( 'NONE',  ( 20.38299999999999912, 33.69400000000000261, -6.049999999999999822 ) ) ;
#396 = VERTEX_POINT ( 'NONE', #5444 ) ;
#397 = DIRECTION ( 'NONE',  ( 0.8637789008984307904, 0.5038710255240906877, 0.000000000000000000 ) ) ;
#398 = CARTESIAN_POINT ( 'NONE',  ( 18.08350000000000080, 31.80750000000000099, -6.049999999999999822 ) ) ;
#399 = CARTESIAN_POINT ( 'NONE',  ( 23.19999999999999929, 21.10000000000000142, -3.874999999999999112 ) ) ;
#400 = DIRECTION ( 'NONE',  ( 0.5604001898641558510, 0.8282219673494648493, 0.000000000000000000 ) ) ;
#401 = EDGE_CURVE ( 'NONE', #5468, #6176, #3723, .T. ) ;
#402 = DIRECTION ( 'NONE',  ( 1.000000000000000000, 0.000000000000000000, 0.000000000000000000 ) ) ;
#403 = VERTEX_POINT ( 'NONE', #93 ) ;
#404 = LINE ( 'NONE', #1042, #15 ) ;
#405 = LINE ( 'NONE', #7520, #3160 ) ;
#406 = ORIENTED_EDGE ( 'NONE', *, *, #2398, .F. ) ;
#407 = ADVANCED_FACE ( 'NONE', ( #1752 ), #690, .T. ) ;
#408 = ORIENTED_EDGE ( 'NONE', *, *, #3412, .T. ) ;
#409 = CARTESIAN_POINT ( 'NONE',  ( 20.00499999999999901, 35.51400000000000290, -6.049999999999999822 ) ) ;
#410 = VERTEX_POINT ( 'NONE', #5407 ) ;
#411 = LINE ( 'NONE', #2815, #2881 ) ;
#412 = CARTESIAN_POINT ( 'NONE',  ( 28.85144444444444645, 30.05750000000000099, -6.049999999999999822 ) ) ;
#413 = CARTESIAN_POINT ( 'NONE',  ( 15.00000000000000000, 21.10000000000000142, 1.575000000000000844 ) ) ;
#414 = CARTESIAN_POINT ( 'NONE',  ( 6.800000000000000711, 15.50000000000000000, -3.874999999999999112 ) ) ;
#415 = PRESENTATION_LAYER_ASSIGNMENT (  '', '', ( #7204 ) ) ;
#416 = ORIENTED_EDGE ( 'NONE', *, *, #2550, .T. ) ;
#417 = EDGE_CURVE ( 'NONE', #2836, #1685, #3095, .T. ) ;
#418 = EDGE_CURVE ( 'NONE', #410, #229, #7298, .T. ) ;
#419 = VERTEX_POINT ( 'NONE', #2341 ) ;
#420 = CARTESIAN_POINT ( 'NONE',  ( 15.00000000000000000, 16.79999999999999716, 4.325000000000000178 ) ) ;
#421 = DIRECTION ( 'NONE',  ( -0.3682454495809788231, 0.9297286103282520475, 0.000000000000000000 ) ) ;
#422 = VERTEX_POINT ( 'NONE', #6622 ) ;
#423 = DIRECTION ( 'NONE',  ( 0.000000000000000000, 0.000000000000000000, 1.000000000000000000 ) ) ;
#424 = VECTOR ( 'NONE', #4691, 1000.000000000000000 ) ;
#425 = CARTESIAN_POINT ( 'NONE',  ( 0.000000000000000000, 21.10000000000000142, 0.000000000000000000 ) ) ;
#426 = ORIENTED_EDGE ( 'NONE', *, *, #7679, .T. ) ;
#427 = DIRECTION ( 'NONE',  ( 0.8565084584846895943, 0.5161329872660540552, 0.000000000000000000 ) ) ;
#428 = ADVANCED_FACE ( 'NONE', ( #4853 ), #1282, .T. ) ;
#429 = VERTEX_POINT ( 'NONE', #4265 ) ;
#430 = EDGE_CURVE ( 'NONE', #800, #6450, #4733, .T. ) ;
#431 = ORIENTED_EDGE ( 'NONE', *, *, #6824, .T. ) ;
#432 = DIRECTION ( 'NONE',  ( 0.8531300809259897422, 0.5216982509259678880, 0.000000000000000000 ) ) ;
#433 = DIRECTION ( 'NONE',  ( -0.8249323723209995851, 0.5652314402940159521, 0.000000000000000000 ) ) ;
#434 = ORIENTED_EDGE ( 'NONE', *, *, #7784, .F. ) ;
#435 = LINE ( 'NONE', #2875, #599 ) ;
#436 = CARTESIAN_POINT ( 'NONE',  ( 29.06300000000000239, 30.33399999999999963, -6.049999999999999822 ) ) ;
#437 = LINE ( 'NONE', #7047, #4135 ) ;
#438 = PLANE ( 'NONE',  #6143 ) ;
#439 = ORIENTED_EDGE ( 'NONE', *, *, #5365, .F. ) ;
#440 = CARTESIAN_POINT ( 'NONE',  ( 4.506999999999999673, 36.43800000000000239, -6.049999999999999822 ) ) ;
#441 = ORIENTED_EDGE ( 'NONE', *, *, #2915, .T. ) ;
#442 = DIRECTION ( 'NONE',  ( 0.6706870154666204620, 0.7417404716506152962, 0.000000000000000000 ) ) ;
#443 = DIRECTION ( 'NONE',  ( 0.000000000000000000, 0.000000000000000000, -1.000000000000000000 ) ) ;
#444 = ORIENTED_EDGE ( 'NONE', *, *, #7149, .T. ) ;
#445 = PLANE ( 'NONE',  #2640 ) ;
#446 = VERTEX_POINT ( 'NONE', #1237 ) ;
#447 = DIRECTION ( 'NONE',  ( 0.4083262663814540838, 0.9128360532883118550, 0.000000000000000000 ) ) ;
#448 = DIRECTION ( 'NONE',  ( 0.8929409073668823638, -0.4501738952347290601, 0.000000000000000000 ) ) ;
#449 = CARTESIAN_POINT ( 'NONE',  ( -6.000000000000000000, 55.50000000000000000, -6.349999999999999645 ) ) ;
#450 = PLANE ( 'NONE',  #2138 ) ;
#451 = ADVANCED_FACE ( 'NONE', ( #7132 ), #4156, .F. ) ;
#452 = ORIENTED_EDGE ( 'NONE', *, *, #3408, .T. ) ;
#453 = ORIENTED_EDGE ( 'NONE', *, *, #3524, .F. ) ;
#454 = EDGE_LOOP ( 'NONE', ( #1046, #1170, #321, #2680 ) ) ;
#455 = LINE ( 'NONE', #5252, #3159 ) ;
#456 = CARTESIAN_POINT ( 'NONE',  ( 27.74699999999999989, 28.50000000000000000, -6.049999999999999822 ) ) ;
#457 = ORIENTED_EDGE ( 'NONE', *, *, #6817, .F. ) ;
#458 = LINE ( 'NONE', #6954, #6378 ) ;
#459 = CARTESIAN_POINT ( 'NONE',  ( 2.873666666666665037, 33.64772222222222808, -6.049999999999999822 ) ) ;
#460 = EDGE_LOOP ( 'NONE', ( #7150, #3611, #703, #4248 ) ) ;
#461 = DIRECTION ( 'NONE',  ( 0.08808661626491773311, 0.9961128189291597046, 0.000000000000000000 ) ) ;
#462 = EDGE_CURVE ( 'NONE', #4773, #2529, #2427, .T. ) ;
#463 = VERTEX_POINT ( 'NONE', #5361 ) ;
#464 = ORIENTED_EDGE ( 'NONE', *, *, #5073, .F. ) ;
#465 = CARTESIAN_POINT ( 'NONE',  ( 14.76900000000000013, 35.68200000000000216, -6.349999999999999645 ) ) ;
#466 = DIRECTION ( 'NONE',  ( 0.000000000000000000, 0.000000000000000000, -1.000000000000000000 ) ) ;
#467 = ADVANCED_FACE ( 'NONE', ( #3058 ), #1920, .T. ) ;
#468 = ORIENTED_EDGE ( 'NONE', *, *, #7149, .F. ) ;
#469 = CARTESIAN_POINT ( 'NONE',  ( 0.9369999999999993889, 32.75600000000000023, -6.049999999999999822 ) ) ;
#470 = EDGE_CURVE ( 'NONE', #2350, #6896, #4815, .T. ) ;
#471 = CARTESIAN_POINT ( 'NONE',  ( 17.10000000000000142, 20.39999999999999858, 5.000000000000000000 ) ) ;
#472 = EDGE_CURVE ( 'NONE', #5219, #6860, #4227, .T. ) ;
#473 = CARTESIAN_POINT ( 'NONE',  ( 26.44888888888889156, 28.89005555555555915, -6.049999999999999822 ) ) ;
#474 = AXIS2_PLACEMENT_3D ( 'NONE', #7672, #6998, #6411 ) ;
#475 = EDGE_LOOP ( 'NONE', ( #1592, #3055, #7196, #2812 ) ) ;
#476 = CARTESIAN_POINT ( 'NONE',  ( 2.826999999999999957, 33.11999999999999744, -6.049999999999999822 ) ) ;
#477 = ORIENTED_EDGE ( 'NONE', *, *, #2855, .T. ) ;
#478 = CARTESIAN_POINT ( 'NONE',  ( 28.19811111111111046, 29.15800000000000480, -6.349999999999999645 ) ) ;
#479 = VECTOR ( 'NONE', #6978, 999.9999999999998863 ) ;
#480 = VECTOR ( 'NONE', #2954, 1000.000000000000114 ) ;
#481 = VECTOR ( 'NONE', #2247, 1000.000000000000000 ) ;
#482 = ORIENTED_EDGE ( 'NONE', *, *, #3950, .T. ) ;
#483 = DIRECTION ( 'NONE',  ( 0.000000000000000000, 0.000000000000000000, -1.000000000000000000 ) ) ;
#484 = ORIENTED_EDGE ( 'NONE', *, *, #2301, .T. ) ;
#485 = DIRECTION ( 'NONE',  ( 0.000000000000000000, 0.000000000000000000, -1.000000000000000000 ) ) ;
#486 = FACE_OUTER_BOUND ( 'NONE', #7537, .T. ) ;
#487 = CARTESIAN_POINT ( 'NONE',  ( 4.115000000000000213, 30.33399999999999963, -6.049999999999999822 ) ) ;
#488 = DIRECTION ( 'NONE',  ( 0.000000000000000000, 0.000000000000000000, -1.000000000000000000 ) ) ;
#489 = VECTOR ( 'NONE', #7357, 1000.000000000000000 ) ;
#490 = VECTOR ( 'NONE', #6552, 1000.000000000000000 ) ;
#491 = VECTOR ( 'NONE', #3495, 1000.000000000000000 ) ;
#492 = EDGE_LOOP ( 'NONE', ( #582, #7113, #4347, #3932 ) ) ;
#493 = EDGE_LOOP ( 'NONE', ( #6812, #4555, #2945, #7032 ) ) ;
#494 = VECTOR ( 'NONE', #4717, 1000.000000000000000 ) ;
#495 = ORIENTED_EDGE ( 'NONE', *, *, #6861, .T. ) ;
#496 = AXIS2_PLACEMENT_3D ( 'NONE', #563, #4772, #7215 ) ;
#497 = LINE ( 'NONE', #4231, #5766 ) ;
#498 = VECTOR ( 'NONE', #1603, 1000.000000000000114 ) ;
#499 = ADVANCED_FACE ( 'NONE', ( #4896 ), #5525, .T. ) ;
#500 = ORIENTED_EDGE ( 'NONE', *, *, #3275, .T. ) ;
#501 = LINE ( 'NONE', #6628, #5260 ) ;
#502 = CARTESIAN_POINT ( 'NONE',  ( 26.44888888888889156, 28.89005555555555915, -6.049999999999999822 ) ) ;
#503 = VERTEX_POINT ( 'NONE', #7368 ) ;
#504 = DIRECTION ( 'NONE',  ( 0.9863939238321435266, -0.1643989873053584849, 0.000000000000000000 ) ) ;
#505 = AXIS2_PLACEMENT_3D ( 'NONE', #6163, #7424, #1419 ) ;
#506 = VECTOR ( 'NONE', #5813, 1000.000000000000000 ) ;
#507 = ORIENTED_EDGE ( 'NONE', *, *, #1794, .F. ) ;
#508 = VERTEX_POINT ( 'NONE', #2581 ) ;
#509 = CARTESIAN_POINT ( 'NONE',  ( 14.32499999999999929, 20.39999999999999858, 3.650000000000000355 ) ) ;
#510 = LINE ( 'NONE', #5782, #6260 ) ;
#511 = EDGE_CURVE ( 'NONE', #3873, #2914, #2102, .T. ) ;
#512 = ORIENTED_EDGE ( 'NONE', *, *, #5696, .T. ) ;
#513 = CARTESIAN_POINT ( 'NONE',  ( 12.17200000000000060, 37.25000000000000000, -6.349999999999999645 ) ) ;
#514 = VECTOR ( 'NONE', #3052, 1000.000000000000114 ) ;
#515 = DIRECTION ( 'NONE',  ( -0.000000000000000000, -0.000000000000000000, 1.000000000000000000 ) ) ;
#516 = VECTOR ( 'NONE', #7296, 999.9999999999998863 ) ;
#517 = CARTESIAN_POINT ( 'NONE',  ( 3.993666666666666032, 35.85972222222222427, -6.049999999999999822 ) ) ;
#518 = EDGE_CURVE ( 'NONE', #7192, #4730, #6738, .T. ) ;
#519 = ADVANCED_FACE ( 'NONE', ( #6893 ), #4385, .T. ) ;
#520 = ADVANCED_FACE ( 'NONE', ( #1411 ), #6194, .T. ) ;
#521 = ORIENTED_EDGE ( 'NONE', *, *, #7702, .T. ) ;
#522 = EDGE_CURVE ( 'NONE', #3820, #2574, #4432, .T. ) ;
#523 = DIRECTION ( 'NONE',  ( -0.5784410981882465164, -0.8157241543112324633, 0.000000000000000000 ) ) ;
#524 = ORIENTED_EDGE ( 'NONE', *, *, #3894, .T. ) ;
#525 =( NAMED_UNIT ( * ) SI_UNIT ( $, .STERADIAN. ) SOLID_ANGLE_UNIT ( ) );
#526 = FACE_OUTER_BOUND ( 'NONE', #2549, .T. ) ;
#527 = CARTESIAN_POINT ( 'NONE',  ( 14.02699999999999925, 38.56600000000000250, -6.349999999999999645 ) ) ;
#528 = EDGE_LOOP ( 'NONE', ( #1660, #3268, #112, #1058 ) ) ;
#529 = EDGE_CURVE ( 'NONE', #1647, #4062, #5085, .T. ) ;
#530 = CARTESIAN_POINT ( 'NONE',  ( 23.19999999999999929, 21.10000000000000142, -3.874999999999999112 ) ) ;
#531 = VECTOR ( 'NONE', #3285, 1000.000000000000000 ) ;
#532 = DIRECTION ( 'NONE',  ( 0.000000000000000000, 0.000000000000000000, -1.000000000000000000 ) ) ;
#533 = PLANE ( 'NONE',  #1642 ) ;
#534 = LINE ( 'NONE', #6548, #6532 ) ;
#535 = VERTEX_POINT ( 'NONE', #214 ) ;
#536 = EDGE_LOOP ( 'NONE', ( #1126, #1912, #3049, #4464 ) ) ;
#537 = ORIENTED_EDGE ( 'NONE', *, *, #4065, .T. ) ;
#538 = DIRECTION ( 'NONE',  ( -0.4083272438881492272, -0.9128356160331978497, 0.000000000000000000 ) ) ;
#539 = ORIENTED_EDGE ( 'NONE', *, *, #5421, .F. ) ;
#540 = DIRECTION ( 'NONE',  ( 0.000000000000000000, 0.000000000000000000, -1.000000000000000000 ) ) ;
#541 = CARTESIAN_POINT ( 'NONE',  ( 21.94749999999999801, 38.91599999999999682, -6.049999999999999822 ) ) ;
#542 = ORIENTED_EDGE ( 'NONE', *, *, #4257, .F. ) ;
#543 = CARTESIAN_POINT ( 'NONE',  ( 7.698805555555556346, 38.49444444444444713, -6.049999999999999822 ) ) ;
#544 = CIRCLE ( 'NONE', #2302, 2.749999999999999112 ) ;
#545 = ORIENTED_EDGE ( 'NONE', *, *, #4513, .F. ) ;
#546 = VECTOR ( 'NONE', #2884, 1000.000000000000000 ) ;
#547 = ORIENTED_EDGE ( 'NONE', *, *, #2011, .T. ) ;
#548 = CARTESIAN_POINT ( 'NONE',  ( 12.37500000000000000, 31.31400000000000006, -6.049999999999999822 ) ) ;
#549 = DIRECTION ( 'NONE',  ( 0.000000000000000000, 0.000000000000000000, -1.000000000000000000 ) ) ;
#550 = ORIENTED_EDGE ( 'NONE', *, *, #919, .F. ) ;
#551 = DIRECTION ( 'NONE',  ( -0.03402820122673307079, 0.9994208730666340745, 0.000000000000000000 ) ) ;
#552 = DIRECTION ( 'NONE',  ( 0.000000000000000000, 0.000000000000000000, -1.000000000000000000 ) ) ;
#553 = CARTESIAN_POINT ( 'NONE',  ( 11.21300000000000097, 37.78199999999999648, -6.349999999999999645 ) ) ;
#554 = ADVANCED_FACE ( 'NONE', ( #6150 ), #2614, .T. ) ;
#555 = ORIENTED_EDGE ( 'NONE', *, *, #5671, .F. ) ;
#556 = DIRECTION ( 'NONE',  ( 0.09586462735913688082, -0.9953943807462918292, 0.000000000000000000 ) ) ;
#557 = DIRECTION ( 'NONE',  ( 0.4943433737626998781, -0.8692667190321459181, 0.000000000000000000 ) ) ;
#558 = DIRECTION ( 'NONE',  ( 0.3581699193805624737, -0.9336564190594534018, 0.000000000000000000 ) ) ;
#559 = EDGE_LOOP ( 'NONE', ( #1052, #5363, #1473, #2660 ) ) ;
#560 = EDGE_CURVE ( 'NONE', #7085, #429, #1448, .T. ) ;
#561 = CARTESIAN_POINT ( 'NONE',  ( 3.042249999999999233, 32.47950000000000159, -6.049999999999999822 ) ) ;
#562 = EDGE_CURVE ( 'NONE', #1597, #7727, #3761, .T. ) ;
#563 = CARTESIAN_POINT ( 'NONE',  ( 14.32499999999999929, 20.39999999999999858, 5.000000000000000000 ) ) ;
#564 = ORIENTED_EDGE ( 'NONE', *, *, #5608, .T. ) ;
#565 = DIRECTION ( 'NONE',  ( 0.000000000000000000, -1.000000000000000000, -0.000000000000000000 ) ) ;
#566 = EDGE_CURVE ( 'NONE', #121, #4320, #3181, .T. ) ;
#567 = CARTESIAN_POINT ( 'NONE',  ( 1.005833333333331581, 32.04238888888888681, -6.049999999999999822 ) ) ;
#568 = EDGE_CURVE ( 'NONE', #3743, #1597, #779, .T. ) ;
#569 = DIRECTION ( 'NONE',  ( -0.9479034644759911643, -0.3185577216681673152, 0.000000000000000000 ) ) ;
#570 = CARTESIAN_POINT ( 'NONE',  ( 1.202999999999999403, 40.41400000000000858, -6.049999999999999822 ) ) ;
#571 = ORIENTED_EDGE ( 'NONE', *, *, #6766, .T. ) ;
#572 = ORIENTED_EDGE ( 'NONE', *, *, #5354, .T. ) ;
#573 = ORIENTED_EDGE ( 'NONE', *, *, #1857, .F. ) ;
#574 = LINE ( 'NONE', #5369, #4887 ) ;
#575 = ORIENTED_EDGE ( 'NONE', *, *, #6291, .T. ) ;
#576 = DIRECTION ( 'NONE',  ( 0.000000000000000000, 1.000000000000000000, 0.000000000000000000 ) ) ;
#577 = FACE_OUTER_BOUND ( 'NONE', #6740, .T. ) ;
#578 = PLANE ( 'NONE',  #4 ) ;
#579 = CARTESIAN_POINT ( 'NONE',  ( 7.545000000000000817, 38.73400000000000176, -6.349999999999999645 ) ) ;
#580 = VERTEX_POINT ( 'NONE', #5635 ) ;
#581 = ADVANCED_FACE ( 'NONE', ( #256 ), #5564, .T. ) ;
#582 = ORIENTED_EDGE ( 'NONE', *, *, #5904, .F. ) ;
#583 = CARTESIAN_POINT ( 'NONE',  ( 20.63499999999999801, 33.03600000000000136, -6.349999999999999645 ) ) ;
#584 = LINE ( 'NONE', #3703, #2374 ) ;
#585 = ORIENTED_EDGE ( 'NONE', *, *, #5411, .T. ) ;
#586 = FACE_OUTER_BOUND ( 'NONE', #5088, .T. ) ;
#587 = CARTESIAN_POINT ( 'NONE',  ( 10.62500000000000000, 37.25000000000000000, -6.049999999999999822 ) ) ;
#588 = FACE_BOUND ( 'NONE', #2714, .T. ) ;
#589 = ORIENTED_EDGE ( 'NONE', *, *, #3362, .T. ) ;
#590 = ORIENTED_EDGE ( 'NONE', *, *, #2104, .T. ) ;
#591 = LINE ( 'NONE', #4761, #764 ) ;
#592 = LINE ( 'NONE', #3048, #3523 ) ;
#593 = CARTESIAN_POINT ( 'NONE',  ( 3.209666666666661783, 32.36088888888888704, -6.049999999999999822 ) ) ;
#594 = ORIENTED_EDGE ( 'NONE', *, *, #781, .T. ) ;
#595 = EDGE_CURVE ( 'NONE', #4158, #7546, #2072, .T. ) ;
#596 = CARTESIAN_POINT ( 'NONE',  ( 11.88499999999999623, 41.34422222222222132, -6.049999999999999822 ) ) ;
#597 = CARTESIAN_POINT ( 'NONE',  ( 24.94700000000000273, 35.62599999999999767, -6.049999999999999822 ) ) ;
#598 = CARTESIAN_POINT ( 'NONE',  ( 13.69022222222222140, 38.11488888888889193, -6.049999999999999822 ) ) ;
#599 = VECTOR ( 'NONE', #6451, 1000.000000000000000 ) ;
#600 = ORIENTED_EDGE ( 'NONE', *, *, #7732, .T. ) ;
#601 = EDGE_CURVE ( 'NONE', #2634, #6971, #3133, .T. ) ;
#602 = PLANE ( 'NONE',  #4753 ) ;
#603 = LINE ( 'NONE', #7692, #4783 ) ;
#604 = DIRECTION ( 'NONE',  ( 1.000000000000000000, 0.000000000000000000, 0.000000000000000000 ) ) ;
#605 = CARTESIAN_POINT ( 'NONE',  ( 25.59411111111111126, 36.06700000000000017, -6.049999999999999822 ) ) ;
#606 = ORIENTED_EDGE ( 'NONE', *, *, #7205, .T. ) ;
#607 = VECTOR ( 'NONE', #1876, 1000.000000000000000 ) ;
#608 = ORIENTED_EDGE ( 'NONE', *, *, #4563, .T. ) ;
#609 = VECTOR ( 'NONE', #485, 1000.000000000000000 ) ;
#610 = EDGE_CURVE ( 'NONE', #623, #5410, #3296, .T. ) ;
#611 = EDGE_CURVE ( 'NONE', #69, #2836, #2697, .T. ) ;
#612 = EDGE_CURVE ( 'NONE', #6971, #4346, #5829, .T. ) ;
#613 = EDGE_CURVE ( 'NONE', #4706, #5262, #1705, .T. ) ;
#614 = ORIENTED_EDGE ( 'NONE', *, *, #2387, .T. ) ;
#615 = DIRECTION ( 'NONE',  ( -0.2851209067678243114, -0.9584915589215659004, 0.000000000000000000 ) ) ;
#616 = ORIENTED_EDGE ( 'NONE', *, *, #324, .T. ) ;
#617 = DIRECTION ( 'NONE',  ( -1.000000000000000000, 0.000000000000000000, 0.000000000000000000 ) ) ;
#618 = DIRECTION ( 'NONE',  ( -0.7567851500574370727, 0.6536637030251430946, 0.000000000000000000 ) ) ;
#619 = VECTOR ( 'NONE', #1582, 1000.000000000000000 ) ;
#620 = FACE_OUTER_BOUND ( 'NONE', #6481, .T. ) ;
#621 = VECTOR ( 'NONE', #2036, 1000.000000000000227 ) ;
#622 = LINE ( 'NONE', #3544, #253 ) ;
#623 = VERTEX_POINT ( 'NONE', #2729 ) ;
#624 = VECTOR ( 'NONE', #2216, 1000.000000000000000 ) ;
#625 = AXIS2_PLACEMENT_3D ( 'NONE', #3299, #5832, #5125 ) ;
#626 = VECTOR ( 'NONE', #2171, 1000.000000000000114 ) ;
#627 = VERTEX_POINT ( 'NONE', #5713 ) ;
#628 = DIRECTION ( 'NONE',  ( -0.9486832980505158774, -0.3162277660168316684, 0.000000000000000000 ) ) ;
#629 = CARTESIAN_POINT ( 'NONE',  ( 22.46900000000000119, 40.23199999999999932, -6.349999999999999645 ) ) ;
#630 = ORIENTED_EDGE ( 'NONE', *, *, #1000, .T. ) ;
#631 = DIRECTION ( 'NONE',  ( 0.000000000000000000, 0.000000000000000000, -1.000000000000000000 ) ) ;
#632 = DIRECTION ( 'NONE',  ( 0.000000000000000000, 0.000000000000000000, -1.000000000000000000 ) ) ;
#633 = DIRECTION ( 'NONE',  ( 0.6242144369698769957, 0.7812530554681879069, -0.000000000000000000 ) ) ;
#634 = AXIS2_PLACEMENT_3D ( 'NONE', #4126, #3501, #70 ) ;
#635 = VECTOR ( 'NONE', #7341, 1000.000000000000000 ) ;
#636 = VECTOR ( 'NONE', #7275, 1000.000000000000000 ) ;
#637 = ADVANCED_FACE ( 'NONE', ( #5116 ), #7600, .T. ) ;
#638 = VECTOR ( 'NONE', #1672, 1000.000000000000000 ) ;
#639 = ORIENTED_EDGE ( 'NONE', *, *, #2403, .T. ) ;
#640 = AXIS2_PLACEMENT_3D ( 'NONE', #7532, #933, #966 ) ;
#641 = CARTESIAN_POINT ( 'NONE',  ( 15.67500000000000071, 16.80000000000000071, 3.650000000000000355 ) ) ;
#642 = DIRECTION ( 'NONE',  ( 0.000000000000000000, 0.000000000000000000, -1.000000000000000000 ) ) ;
#643 = ORIENTED_EDGE ( 'NONE', *, *, #4832, .T. ) ;
#644 = CARTESIAN_POINT ( 'NONE',  ( 19.87900000000000134, 38.07600000000000051, -6.049999999999999822 ) ) ;
#645 = ORIENTED_EDGE ( 'NONE', *, *, #5746, .T. ) ;
#646 = CARTESIAN_POINT ( 'NONE',  ( 3.993666666666666032, 35.85972222222222427, -6.349999999999999645 ) ) ;
#647 = AXIS2_PLACEMENT_3D ( 'NONE', #2736, #3416, #7016 ) ;
#648 = EDGE_CURVE ( 'NONE', #3088, #4960, #405, .T. ) ;
#649 = LINE ( 'NONE', #3053, #3069 ) ;
#650 = DIRECTION ( 'NONE',  ( -0.8422638986149283413, -0.5390654181915044418, 0.000000000000000000 ) ) ;
#651 = ORIENTED_EDGE ( 'NONE', *, *, #2195, .T. ) ;
#652 = CARTESIAN_POINT ( 'NONE',  ( 12.37500000000000178, 28.94800000000000040, -6.349999999999999645 ) ) ;
#653 = DIRECTION ( 'NONE',  ( 0.4083262663814540838, 0.9128360532883118550, 0.000000000000000000 ) ) ;
#654 = DIRECTION ( 'NONE',  ( 0.5812381937190966852, -0.8137334712067347819, 0.000000000000000000 ) ) ;
#655 = DIRECTION ( 'NONE',  ( 0.000000000000000000, 0.000000000000000000, -1.000000000000000000 ) ) ;
#656 = VERTEX_POINT ( 'NONE', #7564 ) ;
#657 = EDGE_CURVE ( 'NONE', #4826, #3322, #3478, .T. ) ;
#658 = VERTEX_POINT ( 'NONE', #5864 ) ;
#659 = LINE ( 'NONE', #3063, #6265 ) ;
#660 = ORIENTED_EDGE ( 'NONE', *, *, #2968, .T. ) ;
#661 = DIRECTION ( 'NONE',  ( 0.000000000000000000, -1.000000000000000000, 0.000000000000000000 ) ) ;
#662 = CARTESIAN_POINT ( 'NONE',  ( 21.75499999999999901, 31.48200000000000287, -6.049999999999999822 ) ) ;
#663 = DIRECTION ( 'NONE',  ( -0.8376922784813052303, -0.5461425148922204320, 0.000000000000000000 ) ) ;
#664 = LINE ( 'NONE', #7781, #6020 ) ;
#665 = ORIENTED_EDGE ( 'NONE', *, *, #4260, .T. ) ;
#666 = EDGE_CURVE ( 'NONE', #4414, #6675, #2187, .T. ) ;
#667 = ORIENTED_EDGE ( 'NONE', *, *, #2583, .T. ) ;
#668 = CARTESIAN_POINT ( 'NONE',  ( 15.37100000000000044, 35.51400000000000290, -6.349999999999999645 ) ) ;
#669 = CARTESIAN_POINT ( 'NONE',  ( 19.92100000000000293, 37.03222222222222371, -6.049999999999999822 ) ) ;
#670 = VERTEX_POINT ( 'NONE', #1001 ) ;
#671 = CARTESIAN_POINT ( 'NONE',  ( 11.52955555555555556, 38.23622222222222433, -6.349999999999999645 ) ) ;
#672 = VECTOR ( 'NONE', #5978, 1000.000000000000000 ) ;
#673 = LINE ( 'NONE', #1262, #6404 ) ;
#674 = DIRECTION ( 'NONE',  ( 0.000000000000000000, 1.000000000000000000, 0.000000000000000000 ) ) ;
#675 = EDGE_CURVE ( 'NONE', #6853, #396, #6973, .T. ) ;
#676 = ADVANCED_FACE ( 'NONE', ( #6377 ), #3330, .T. ) ;
#677 = VERTEX_POINT ( 'NONE', #2809 ) ;
#678 = VERTEX_POINT ( 'NONE', #5747 ) ;
#679 = DIRECTION ( 'NONE',  ( 0.8754030856171132191, -0.4833936674099457154, 0.000000000000000000 ) ) ;
#680 = FACE_OUTER_BOUND ( 'NONE', #3933, .T. ) ;
#681 = ORIENTED_EDGE ( 'NONE', *, *, #6470, .F. ) ;
#682 = DIRECTION ( 'NONE',  ( -0.9200544930148902845, 0.3917904157621946437, 0.000000000000000000 ) ) ;
#683 = ORIENTED_EDGE ( 'NONE', *, *, #2309, .T. ) ;
#684 = VECTOR ( 'NONE', #3633, 1000.000000000000000 ) ;
#685 = PLANE ( 'NONE',  #5035 ) ;
#686 = LINE ( 'NONE', #597, #6315 ) ;
#687 = ORIENTED_EDGE ( 'NONE', *, *, #768, .T. ) ;
#688 = DIRECTION ( 'NONE',  ( -0.9680474498391467009, 0.2507670928569469271, 0.000000000000000000 ) ) ;
#689 = CARTESIAN_POINT ( 'NONE',  ( 4.506999999999999673, 36.43800000000000239, -6.349999999999999645 ) ) ;
#690 = PLANE ( 'NONE',  #6530 ) ;
#691 = DIRECTION ( 'NONE',  ( -0.2997725894827079074, -0.9540106889311208427, 0.000000000000000000 ) ) ;
#692 = PRODUCT_DEFINITION_CONTEXT ( 'detailed design', #7389, 'design' ) ;
#693 = EDGE_LOOP ( 'NONE', ( #5988, #1608, #3306, #1215 ) ) ;
#694 = EDGE_LOOP ( 'NONE', ( #1774, #817, #431, #5006 ) ) ;
#695 = DIRECTION ( 'NONE',  ( 0.8422638986149283413, 0.5390654181915044418, 0.000000000000000000 ) ) ;
#696 = VERTEX_POINT ( 'NONE', #7637 ) ;
#697 = LINE ( 'NONE', #186, #3129 ) ;
#698 = CARTESIAN_POINT ( 'NONE',  ( 3.013666666666665606, 34.18555555555555259, -6.349999999999999645 ) ) ;
#699 = ORIENTED_EDGE ( 'NONE', *, *, #4461, .F. ) ;
#700 = CARTESIAN_POINT ( 'NONE',  ( 24.94700000000000273, 35.62599999999999767, -6.049999999999999822 ) ) ;
#701 = ADVANCED_FACE ( 'NONE', ( #7090 ), #359, .F. ) ;
#702 = VERTEX_POINT ( 'NONE', #2220 ) ;
#703 = ORIENTED_EDGE ( 'NONE', *, *, #7715, .T. ) ;
#704 = DIRECTION ( 'NONE',  ( 0.8696355182264018380, 0.4936943036324172862, 0.000000000000000000 ) ) ;
#705 = CARTESIAN_POINT ( 'NONE',  ( 25.59411111111111126, 36.06700000000000017, -6.349999999999999645 ) ) ;
#706 = VERTEX_POINT ( 'NONE', #6939 ) ;
#707 = DIRECTION ( 'NONE',  ( 0.5944374879056986138, 0.8041418239168773852, 0.000000000000000000 ) ) ;
#708 = DIRECTION ( 'NONE',  ( 1.000000000000000000, -0.000000000000000000, -0.000000000000000000 ) ) ;
#709 = CARTESIAN_POINT ( 'NONE',  ( 1.367208333333330472, 31.18343055555555310, -6.049999999999999822 ) ) ;
#710 = EDGE_CURVE ( 'NONE', #229, #4277, #4615, .T. ) ;
#711 = ORIENTED_EDGE ( 'NONE', *, *, #1728, .T. ) ;
#712 = EDGE_CURVE ( 'NONE', #2052, #3943, #4656, .T. ) ;
#713 = EDGE_CURVE ( 'NONE', #6686, #6157, #6459, .T. ) ;
#714 = ORIENTED_EDGE ( 'NONE', *, *, #1633, .F. ) ;
#715 = CARTESIAN_POINT ( 'NONE',  ( 29.00699999999999790, 33.69400000000000261, -6.049999999999999822 ) ) ;
#716 = EDGE_CURVE ( 'NONE', #311, #4532, #3955, .T. ) ;
#717 = CARTESIAN_POINT ( 'NONE',  ( 26.82300000000000040, 36.87899999999999778, -6.049999999999999822 ) ) ;
#718 = EDGE_LOOP ( 'NONE', ( #7101, #839, #2040, #1021 ) ) ;
#719 = CARTESIAN_POINT ( 'NONE',  ( 6.452999999999999403, 28.62599999999999767, -6.349999999999999645 ) ) ;
#720 = ORIENTED_EDGE ( 'NONE', *, *, #4322, .F. ) ;
#721 = CARTESIAN_POINT ( 'NONE',  ( 3.573666666666668323, 38.84600000000000364, -6.349999999999999645 ) ) ;
#722 = DIRECTION ( 'NONE',  ( -0.000000000000000000, 1.000000000000000000, 0.000000000000000000 ) ) ;
#723 = ORIENTED_EDGE ( 'NONE', *, *, #6542, .F. ) ;
#724 = LINE ( 'NONE', #775, #6391 ) ;
#725 = DIRECTION ( 'NONE',  ( 0.2519091263185653795, 0.9677508936071396173, 0.000000000000000000 ) ) ;
#726 = CARTESIAN_POINT ( 'NONE',  ( 2.714999999999999858, 36.60600000000000165, -6.349999999999999645 ) ) ;
#727 = DIRECTION ( 'NONE',  ( 0.000000000000000000, -1.000000000000000000, 0.000000000000000000 ) ) ;
#728 = ORIENTED_EDGE ( 'NONE', *, *, #6553, .F. ) ;
#729 = EDGE_CURVE ( 'NONE', #396, #6759, #1077, .T. ) ;
#730 = AXIS2_PLACEMENT_3D ( 'NONE', #3552, #6721, #3825 ) ;
#731 = VERTEX_POINT ( 'NONE', #5287 ) ;
#732 = CARTESIAN_POINT ( 'NONE',  ( 12.04833333333333201, 41.75488888888889250, -6.349999999999999645 ) ) ;
#733 = ORIENTED_EDGE ( 'NONE', *, *, #2626, .T. ) ;
#734 = LINE ( 'NONE', #7307, #7266 ) ;
#735 = FACE_OUTER_BOUND ( 'NONE', #6583, .T. ) ;
#736 = FACE_OUTER_BOUND ( 'NONE', #7427, .T. ) ;
#737 = CARTESIAN_POINT ( 'NONE',  ( 27.96477777777777618, 37.59766666666666879, -6.349999999999999645 ) ) ;
#738 = VECTOR ( 'NONE', #488, 1000.000000000000000 ) ;
#739 = AXIS2_PLACEMENT_3D ( 'NONE', #3424, #5812, #423 ) ;
#740 = ORIENTED_EDGE ( 'NONE', *, *, #4275, .T. ) ;
#741 = ADVANCED_FACE ( 'NONE', ( #7683 ), #2300, .T. ) ;
#742 = DIRECTION ( 'NONE',  ( 0.000000000000000000, 0.000000000000000000, -1.000000000000000000 ) ) ;
#744 = CARTESIAN_POINT ( 'NONE',  ( 2.922666666666668078, 32.64555555555555344, -6.349999999999999645 ) ) ;
#743 = VECTOR ( 'NONE', #5614, 1000.000000000000000 ) ;
#745 = DIRECTION ( 'NONE',  ( 0.8343786904380634528, 0.5511916190789390990, 0.000000000000000000 ) ) ;
#746 = VECTOR ( 'NONE', #1149, 1000.000000000000000 ) ;
#747 = ORIENTED_EDGE ( 'NONE', *, *, #6363, .F. ) ;
#748 = CARTESIAN_POINT ( 'NONE',  ( 4.660999999999999588, 28.62599999999999767, -6.049999999999999822 ) ) ;
#749 = DIRECTION ( 'NONE',  ( 0.000000000000000000, 0.000000000000000000, -1.000000000000000000 ) ) ;
#750 = LINE ( 'NONE', #161, #4766 ) ;
#751 = VECTOR ( 'NONE', #2834, 1000.000000000000000 ) ;
#752 = VECTOR ( 'NONE', #1288, 1000.000000000000000 ) ;
#753 = VERTEX_POINT ( 'NONE', #5907 ) ;
#754 = VECTOR ( 'NONE', #2556, 1000.000000000000000 ) ;
#755 = EDGE_CURVE ( 'NONE', #6726, #196, #6022, .T. ) ;
#756 = ORIENTED_EDGE ( 'NONE', *, *, #3397, .T. ) ;
#757 = LINE ( 'NONE', #202, #116 ) ;
#758 = CARTESIAN_POINT ( 'NONE',  ( 24.22366666666666646, 39.07777777777778283, -6.349999999999999645 ) ) ;
#759 = VECTOR ( 'NONE', #3586, 1000.000000000000000 ) ;
#760 = VERTEX_POINT ( 'NONE', #5941 ) ;
#761 = PLANE ( 'NONE',  #6125 ) ;
#762 = AXIS2_PLACEMENT_3D ( 'NONE', #3303, #5019, #2112 ) ;
#763 = AXIS2_PLACEMENT_3D ( 'NONE', #918, #4423, #4966 ) ;
#764 = VECTOR ( 'NONE', #3630, 1000.000000000000114 ) ;
#765 = ORIENTED_EDGE ( 'NONE', *, *, #5034, .F. ) ;
#766 = DIRECTION ( 'NONE',  ( 0.5144957554275214617, -0.8574929257125472049, 0.000000000000000000 ) ) ;
#767 = ADVANCED_FACE ( 'NONE', ( #7288 ), #685, .T. ) ;
#768 = EDGE_CURVE ( 'NONE', #3426, #4528, #4101, .T. ) ;
#769 = VECTOR ( 'NONE', #1395, 1000.000000000000000 ) ;
#770 = VECTOR ( 'NONE', #7008, 1000.000000000000114 ) ;
#771 = VECTOR ( 'NONE', #6629, 1000.000000000000114 ) ;
#772 = ADVANCED_FACE ( 'NONE', ( #526, #3520 ), #3565, .F. ) ;
#773 = CARTESIAN_POINT ( 'NONE',  ( 4.293694444444444258, 32.32433333333333536, -6.349999999999999645 ) ) ;
#774 = ORIENTED_EDGE ( 'NONE', *, *, #2232, .T. ) ;
#775 = CARTESIAN_POINT ( 'NONE',  ( 3.688000000000000611, 32.26599999999999824, -6.349999999999999645 ) ) ;
#776 = VECTOR ( 'NONE', #6834, 1000.000000000000000 ) ;
#777 = CARTESIAN_POINT ( 'NONE',  ( 14.13899999999999935, 28.94800000000000040, -6.049999999999999822 ) ) ;
#778 = VECTOR ( 'NONE', #2071, 1000.000000000000000 ) ;
#779 = LINE ( 'NONE', #3249, #7673 ) ;
#780 = CARTESIAN_POINT ( 'NONE',  ( 20.87261111111111234, 31.03283333333333260, -6.049999999999999822 ) ) ;
#781 = EDGE_CURVE ( 'NONE', #5584, #5309, #4185, .T. ) ;
#782 = ADVANCED_FACE ( 'NONE', ( #2930 ), #7721, .T. ) ;
#783 = ORIENTED_EDGE ( 'NONE', *, *, #1524, .F. ) ;
#784 = ORIENTED_EDGE ( 'NONE', *, *, #6917, .F. ) ;
#785 = CARTESIAN_POINT ( 'NONE',  ( 36.00000000000000711, 55.50000000000000000, -6.349999999999999645 ) ) ;
#786 = ORIENTED_EDGE ( 'NONE', *, *, #1925, .F. ) ;
#787 = LINE ( 'NONE', #3729, #7137 ) ;
#788 = LINE ( 'NONE', #3854, #7171 ) ;
#789 = PLANE ( 'NONE',  #505 ) ;
#790 = LINE ( 'NONE', #7310, #1756 ) ;
#791 = ORIENTED_EDGE ( 'NONE', *, *, #4309, .F. ) ;
#792 = LINE ( 'NONE', #6282, #4140 ) ;
#793 = CARTESIAN_POINT ( 'NONE',  ( 25.52566666666666606, 41.93727777777777987, -6.349999999999999645 ) ) ;
#794 = CARTESIAN_POINT ( 'NONE',  ( 9.630416666666665293, 39.00194444444444741, -6.349999999999999645 ) ) ;
#795 = VERTEX_POINT ( 'NONE', #2966 ) ;
#796 = CARTESIAN_POINT ( 'NONE',  ( 19.96300000000000097, 36.17822222222222450, -6.049999999999999822 ) ) ;
#797 = DIRECTION ( 'NONE',  ( 0.000000000000000000, 0.000000000000000000, -1.000000000000000000 ) ) ;
#798 = DIRECTION ( 'NONE',  ( 0.5481189900483386390, 0.8364003663009653700, 0.000000000000000000 ) ) ;
#799 = VERTEX_POINT ( 'NONE', #7758 ) ;
#800 = VERTEX_POINT ( 'NONE', #4727 ) ;
#801 = DIRECTION ( 'NONE',  ( 1.000000000000000000, 0.000000000000000000, 0.000000000000000000 ) ) ;
#802 = CARTESIAN_POINT ( 'NONE',  ( 16.72899999999999920, 28.61200000000000188, -6.049999999999999822 ) ) ;
#803 = ORIENTED_EDGE ( 'NONE', *, *, #3317, .F. ) ;
#804 = CARTESIAN_POINT ( 'NONE',  ( 25.00922222222222047, 37.99822222222222479, -6.049999999999999822 ) ) ;
#805 = DIRECTION ( 'NONE',  ( 0.000000000000000000, 0.000000000000000000, -1.000000000000000000 ) ) ;
#806 = ORIENTED_EDGE ( 'NONE', *, *, #1352, .T. ) ;
#807 = CARTESIAN_POINT ( 'NONE',  ( 19.87900000000000134, 38.07600000000000051, -6.349999999999999645 ) ) ;
#808 = ADVANCED_FACE ( 'NONE', ( #7125 ), #5355, .F. ) ;
#809 = VECTOR ( 'NONE', #5435, 1000.000000000000000 ) ;
#810 = DIRECTION ( 'NONE',  ( 0.9121596183804780988, -0.4098351261129048462, 0.000000000000000000 ) ) ;
#811 = ADVANCED_FACE ( 'NONE', ( #2371 ), #6578, .T. ) ;
#812 = ORIENTED_EDGE ( 'NONE', *, *, #281, .T. ) ;
#813 = CARTESIAN_POINT ( 'NONE',  ( 0.9542083333333302164, 32.38509722222222109, -6.049999999999999822 ) ) ;
#814 = DIRECTION ( 'NONE',  ( 0.3719515086183811658, -0.9282521614499533724, 0.000000000000000000 ) ) ;
#815 = DIRECTION ( 'NONE',  ( 0.8637789008984307904, 0.5038710255240906877, 0.000000000000000000 ) ) ;
#816 = EDGE_CURVE ( 'NONE', #7158, #6538, #1112, .T. ) ;
#817 = ORIENTED_EDGE ( 'NONE', *, *, #5189, .F. ) ;
#819 = VERTEX_POINT ( 'NONE', #646 ) ;
#818 = EDGE_CURVE ( 'NONE', #2566, #4477, #5976, .T. ) ;
#820 = EDGE_CURVE ( 'NONE', #2125, #3743, #4808, .T. ) ;
#821 = DIRECTION ( 'NONE',  ( 0.9961896004934960303, -0.08721398895021767461, 0.000000000000000000 ) ) ;
#822 = ORIENTED_EDGE ( 'NONE', *, *, #1245, .T. ) ;
#823 = FACE_OUTER_BOUND ( 'NONE', #7371, .T. ) ;
#824 = DIRECTION ( 'NONE',  ( 0.000000000000000000, 0.000000000000000000, -1.000000000000000000 ) ) ;
#825 = CARTESIAN_POINT ( 'NONE',  ( 26.44888888888889156, 28.89005555555555915, -6.049999999999999822 ) ) ;
#826 = DIRECTION ( 'NONE',  ( -0.8531300809259897422, -0.5216982509259679990, 0.000000000000000000 ) ) ;
#827 = ORIENTED_EDGE ( 'NONE', *, *, #5840, .T. ) ;
#828 = DIRECTION ( 'NONE',  ( 0.07217593920952582176, 0.9973919158481397984, 0.000000000000000000 ) ) ;
#829 = CARTESIAN_POINT ( 'NONE',  ( 4.314111111111111008, 31.67177777777777692, -6.049999999999999822 ) ) ;
#830 = DIRECTION ( 'NONE',  ( 0.000000000000000000, 0.000000000000000000, -1.000000000000000000 ) ) ;
#831 = ORIENTED_EDGE ( 'NONE', *, *, #131, .T. ) ;
#832 = CARTESIAN_POINT ( 'NONE',  ( 28.50300000000000011, 37.92199999999999704, -6.349999999999999645 ) ) ;
#833 = DIRECTION ( 'NONE',  ( -1.000000000000000000, 0.000000000000000000, 0.000000000000000000 ) ) ;
#834 = DIRECTION ( 'NONE',  ( 0.4185755034917623685, -0.9081820015154548065, -0.000000000000000000 ) ) ;
#835 = VERTEX_POINT ( 'NONE', #5438 ) ;
#836 = VERTEX_POINT ( 'NONE', #52 ) ;
#837 = FACE_OUTER_BOUND ( 'NONE', #4697, .T. ) ;
#838 = DIRECTION ( 'NONE',  ( -0.9543316100452117201, 0.2987493565993306621, 0.000000000000000000 ) ) ;
#839 = ORIENTED_EDGE ( 'NONE', *, *, #7446, .F. ) ;
#840 = CARTESIAN_POINT ( 'NONE',  ( 14.76900000000000013, 35.68200000000000216, -6.049999999999999822 ) ) ;
#841 = CARTESIAN_POINT ( 'NONE',  ( 4.197444444444437650, 30.99977777777777632, -6.049999999999999822 ) ) ;
#842 = VERTEX_POINT ( 'NONE', #7247 ) ;
#843 = CARTESIAN_POINT ( 'NONE',  ( 14.32499999999999929, 20.39999999999999858, 5.000000000000000000 ) ) ;
#844 = EDGE_CURVE ( 'NONE', #1141, #4370, #2458, .T. ) ;
#845 = LINE ( 'NONE', #1554, #6948 ) ;
#846 = EDGE_LOOP ( 'NONE', ( #1508, #4449, #5839, #2337 ) ) ;
#847 = DIRECTION ( 'NONE',  ( -0.3877911289114353566, 0.9217472757418891938, 0.000000000000000000 ) ) ;
#848 = DIRECTION ( 'NONE',  ( -0.5829284066107893736, -0.8125235213618164920, 0.000000000000000000 ) ) ;
#849 = EDGE_CURVE ( 'NONE', #6940, #3476, #6657, .T. ) ;
#850 = ORIENTED_EDGE ( 'NONE', *, *, #1578, .F. ) ;
#851 = CARTESIAN_POINT ( 'NONE',  ( 13.85530555555555488, 38.33888888888888857, -6.349999999999999645 ) ) ;
#852 = VERTEX_POINT ( 'NONE', #3089 ) ;
#853 = DIRECTION ( 'NONE',  ( -0.9266990762595439524, -0.3758042336905053071, 0.000000000000000000 ) ) ;
#854 = CARTESIAN_POINT ( 'NONE',  ( 11.80683333333333174, 41.13305555555556481, -6.049999999999999822 ) ) ;
#855 = CARTESIAN_POINT ( 'NONE',  ( 21.94749999999999801, 38.91599999999999682, -6.049999999999999822 ) ) ;
#856 = LINE ( 'NONE', #3258, #7409 ) ;
#857 = EDGE_CURVE ( 'NONE', #5591, #6759, #5475, .T. ) ;
#858 = EDGE_CURVE ( 'NONE', #1729, #3652, #4883, .T. ) ;
#859 = ORIENTED_EDGE ( 'NONE', *, *, #2831, .F. ) ;
#860 = EDGE_CURVE ( 'NONE', #1089, #7609, #4376, .T. ) ;
#861 = FACE_OUTER_BOUND ( 'NONE', #5382, .T. ) ;
#862 = PLANE ( 'NONE',  #6650 ) ;
#863 = DIRECTION ( 'NONE',  ( 1.000000000000000000, 0.000000000000000000, 0.000000000000000000 ) ) ;
#864 = ORIENTED_EDGE ( 'NONE', *, *, #613, .T. ) ;
#865 = CARTESIAN_POINT ( 'NONE',  ( 19.79772222222221956, 32.65061111111111103, -6.049999999999999822 ) ) ;
#866 = PLANE ( 'NONE',  #1523 ) ;
#867 = VECTOR ( 'NONE', #4360, 1000.000000000000114 ) ;
#868 = LINE ( 'NONE', #2637, #6266 ) ;
#869 = ORIENTED_EDGE ( 'NONE', *, *, #2546, .T. ) ;
#870 = AXIS2_PLACEMENT_3D ( 'NONE', #6811, #5668, #838 ) ;
#871 = VECTOR ( 'NONE', #4666, 1000.000000000000114 ) ;
#872 = ORIENTED_EDGE ( 'NONE', *, *, #1339, .T. ) ;
#873 = CARTESIAN_POINT ( 'NONE',  ( 12.17200000000000060, 37.25000000000000711, -6.049999999999999822 ) ) ;
#874 = EDGE_CURVE ( 'NONE', #3359, #7024, #6773, .T. ) ;
#875 = DIRECTION ( 'NONE',  ( 0.000000000000000000, 0.000000000000000000, -1.000000000000000000 ) ) ;
#876 = ORIENTED_EDGE ( 'NONE', *, *, #1827, .F. ) ;
#877 = FACE_OUTER_BOUND ( 'NONE', #6317, .T. ) ;
#878 = LINE ( 'NONE', #3287, #127 ) ;
#879 = AXIS2_PLACEMENT_3D ( 'NONE', #1130, #5301, #1719 ) ;
#880 = EDGE_CURVE ( 'NONE', #1175, #2082, #5512, .T. ) ;
#881 = LINE ( 'NONE', #2030, #7785 ) ;
#882 = VECTOR ( 'NONE', #3828, 1000.000000000000000 ) ;
#883 = VECTOR ( 'NONE', #1195, 1000.000000000000000 ) ;
#884 = VECTOR ( 'NONE', #2272, 1000.000000000000000 ) ;
#885 = FILL_AREA_STYLE_COLOUR ( '', #172 ) ;
#886 = ORIENTED_EDGE ( 'NONE', *, *, #7540, .T. ) ;
#887 = DIRECTION ( 'NONE',  ( 0.02602782344075460844, -0.9996612188171234425, 0.000000000000000000 ) ) ;
#888 = DIRECTION ( 'NONE',  ( 0.06310581901520359582, -0.9980068414627328854, 0.000000000000000000 ) ) ;
#889 = VECTOR ( 'NONE', #301, 999.9999999999998863 ) ;
#890 = VECTOR ( 'NONE', #7227, 999.9999999999998863 ) ;
#891 = VERTEX_POINT ( 'NONE', #5592 ) ;
#892 = AXIS2_PLACEMENT_3D ( 'NONE', #6855, #143, #848 ) ;
#893 = VERTEX_POINT ( 'NONE', #6733 ) ;
#894 = VECTOR ( 'NONE', #7720, 1000.000000000000114 ) ;
#895 = FACE_OUTER_BOUND ( 'NONE', #4662, .T. ) ;
#896 = ORIENTED_EDGE ( 'NONE', *, *, #3358, .T. ) ;
#897 = LINE ( 'NONE', #2851, #479 ) ;
#898 = DIRECTION ( 'NONE',  ( -0.5368754921931570001, 0.8436614877321090278, 0.000000000000000000 ) ) ;
#899 = LINE ( 'NONE', #7492, #889 ) ;
#900 = LINE ( 'NONE', #4440, #7787 ) ;
#901 = EDGE_CURVE ( 'NONE', #2082, #5736, #7363, .T. ) ;
#902 = VERTEX_POINT ( 'NONE', #721 ) ;
#903 = DIRECTION ( 'NONE',  ( -0.000000000000000000, 0.000000000000000000, 1.000000000000000000 ) ) ;
#904 = CARTESIAN_POINT ( 'NONE',  ( 24.93299999999999983, 41.62577777777777754, -6.349999999999999645 ) ) ;
#905 = LINE ( 'NONE', #4000, #252 ) ;
#906 = ORIENTED_EDGE ( 'NONE', *, *, #3812, .T. ) ;
#907 = DIRECTION ( 'NONE',  ( 0.7768830510235128495, -0.6296449198019450355, 0.000000000000000000 ) ) ;
#908 = CARTESIAN_POINT ( 'NONE',  ( 3.505319444444443988, 30.34343055555555679, -6.049999999999999822 ) ) ;
#909 = CARTESIAN_POINT ( 'NONE',  ( 11.93788888888888700, 38.75888888888889028, -6.049999999999999822 ) ) ;
#910 = ADVANCED_FACE ( 'NONE', ( #130 ), #4929, .T. ) ;
#911 = VERTEX_POINT ( 'NONE', #5080 ) ;
#912 = ORIENTED_EDGE ( 'NONE', *, *, #5226, .T. ) ;
#913 = PLANE ( 'NONE',  #2762 ) ;
#914 = CARTESIAN_POINT ( 'NONE',  ( 17.10000000000000142, 20.39999999999999858, 3.650000000000000355 ) ) ;
#915 = ORIENTED_EDGE ( 'NONE', *, *, #956, .F. ) ;
#916 = CARTESIAN_POINT ( 'NONE',  ( 21.75499999999999901, 31.48200000000000287, -6.049999999999999822 ) ) ;
#917 = ADVANCED_FACE ( 'NONE', ( #3123 ), #6850, .T. ) ;
#918 = CARTESIAN_POINT ( 'NONE',  ( 1.727222222222217107, 35.38799999999999812, -6.049999999999999822 ) ) ;
#919 = EDGE_CURVE ( 'NONE', #1177, #6035, #4338, .T. ) ;
#920 = EDGE_CURVE ( 'NONE', #5882, #385, #1401, .T. ) ;
#921 = CARTESIAN_POINT ( 'NONE',  ( 36.00000000000000711, 55.50000000000000000, -6.349999999999999645 ) ) ;
#922 = DIRECTION ( 'NONE',  ( 0.5070433779088556747, -0.8619205374735987579, 0.000000000000000000 ) ) ;
#923 = ORIENTED_EDGE ( 'NONE', *, *, #901, .T. ) ;
#924 = VECTOR ( 'NONE', #4849, 1000.000000000000000 ) ;
#925 = FACE_OUTER_BOUND ( 'NONE', #5890, .T. ) ;
#926 = DIRECTION ( 'NONE',  ( -0.5876724044410940317, -0.8090989711144261909, 0.000000000000000000 ) ) ;
#927 = ORIENTED_EDGE ( 'NONE', *, *, #3075, .T. ) ;
#928 = VECTOR ( 'NONE', #5905, 1000.000000000000114 ) ;
#929 = ORIENTED_EDGE ( 'NONE', *, *, #5022, .T. ) ;
#930 = CARTESIAN_POINT ( 'NONE',  ( 1.134555555555552431, 34.10466666666666669, -6.049999999999999822 ) ) ;
#931 = EDGE_LOOP ( 'NONE', ( #3912, #1202, #6837, #7472 ) ) ;
#932 = CARTESIAN_POINT ( 'NONE',  ( 3.880111111111111288, 32.27533333333333587, -6.349999999999999645 ) ) ;
#933 = DIRECTION ( 'NONE',  ( 0.4627137890387891805, -0.8865077266630939645, 0.000000000000000000 ) ) ;
#934 = CARTESIAN_POINT ( 'NONE',  ( 4.151944444444440663, 30.66611111111111398, -6.049999999999999822 ) ) ;
#935 = CARTESIAN_POINT ( 'NONE',  ( 21.90433333333333366, 40.05622222222222462, -6.049999999999999822 ) ) ;
#936 = ORIENTED_EDGE ( 'NONE', *, *, #4928, .F. ) ;
#937 = ORIENTED_EDGE ( 'NONE', *, *, #6470, .T. ) ;
#938 = DIRECTION ( 'NONE',  ( 0.000000000000000000, 0.000000000000000000, -1.000000000000000000 ) ) ;
#939 = CARTESIAN_POINT ( 'NONE',  ( 2.968944444444440833, 30.39038888888888934, -6.049999999999999822 ) ) ;
#940 = EDGE_CURVE ( 'NONE', #422, #6147, #5558, .T. ) ;
#941 = ORIENTED_EDGE ( 'NONE', *, *, #2017, .F. ) ;
#942 = CARTESIAN_POINT ( 'NONE',  ( 7.856888888888887479, 38.25177777777778232, -6.349999999999999645 ) ) ;
#943 = DIRECTION ( 'NONE',  ( 0.000000000000000000, -1.000000000000000000, 0.000000000000000000 ) ) ;
#944 = CARTESIAN_POINT ( 'NONE',  ( 2.714999999999999858, 36.60600000000000165, -6.349999999999999645 ) ) ;
#945 = ORIENTED_EDGE ( 'NONE', *, *, #4465, .F. ) ;
#946 = ORIENTED_EDGE ( 'NONE', *, *, #1728, .F. ) ;
#947 = DIRECTION ( 'NONE',  ( 0.6010225264893271913, -0.7992320830975105928, 0.000000000000000000 ) ) ;
#948 = LINE ( 'NONE', #6962, #7144 ) ;
#949 = EDGE_CURVE ( 'NONE', #7141, #3534, #2575, .T. ) ;
#950 = ORIENTED_EDGE ( 'NONE', *, *, #1485, .T. ) ;
#951 = FACE_OUTER_BOUND ( 'NONE', #4349, .T. ) ;
#952 = CARTESIAN_POINT ( 'NONE',  ( 25.00922222222222047, 37.99822222222222479, -6.049999999999999822 ) ) ;
#953 = LINE ( 'NONE', #349, #1378 ) ;
#954 = CARTESIAN_POINT ( 'NONE',  ( 20.00499999999999901, 35.51400000000000290, -6.049999999999999822 ) ) ;
#955 = EDGE_CURVE ( 'NONE', #6846, #3597, #1983, .T. ) ;
#956 = EDGE_CURVE ( 'NONE', #4277, #1298, #1475, .T. ) ;
#957 = ADVANCED_FACE ( 'NONE', ( #2610 ), #6257, .T. ) ;
#958 = LINE ( 'NONE', #2143, #5062 ) ;
#959 = ORIENTED_EDGE ( 'NONE', *, *, #4983, .T. ) ;
#960 = CARTESIAN_POINT ( 'NONE',  ( 23.58899999999999864, 38.66400000000000148, -6.049999999999999822 ) ) ;
#961 = CARTESIAN_POINT ( 'NONE',  ( 0.000000000000000000, 0.000000000000000000, -6.049999999999999822 ) ) ;
#962 = VERTEX_POINT ( 'NONE', #7405 ) ;
#963 = DIRECTION ( 'NONE',  ( 1.000000000000000000, 0.000000000000000000, -0.000000000000000000 ) ) ;
#964 = EDGE_LOOP ( 'NONE', ( #3034, #3183, #1804, #3958 ) ) ;
#965 = DIRECTION ( 'NONE',  ( 0.8315726196255307512, 0.5554160407200465777, 0.000000000000000000 ) ) ;
#966 = DIRECTION ( 'NONE',  ( 0.8865077266630939645, 0.4627137890387891805, 0.000000000000000000 ) ) ;
#967 = CARTESIAN_POINT ( 'NONE',  ( 26.10900000000000531, 42.23400000000000176, -6.049999999999999822 ) ) ;
#968 = LINE ( 'NONE', #2159, #6276 ) ;
#969 = EDGE_CURVE ( 'NONE', #5349, #2868, #881, .T. ) ;
#970 = VERTEX_POINT ( 'NONE', #3838 ) ;
#971 = ORIENTED_EDGE ( 'NONE', *, *, #312, .F. ) ;
#972 = LINE ( 'NONE', #904, #3283 ) ;
#973 = CARTESIAN_POINT ( 'NONE',  ( 22.65099999999999980, 33.69400000000000261, -6.349999999999999645 ) ) ;
#974 = ORIENTED_EDGE ( 'NONE', *, *, #818, .T. ) ;
#975 = LINE ( 'NONE', #5101, #2493 ) ;
#976 = CARTESIAN_POINT ( 'NONE',  ( 6.452999999999999403, 41.75800000000000267, -6.349999999999999645 ) ) ;
#977 = ORIENTED_EDGE ( 'NONE', *, *, #2334, .T. ) ;
#978 = CARTESIAN_POINT ( 'NONE',  ( 24.64600000000000080, 31.81799999999999784, -6.349999999999999645 ) ) ;
#979 = ORIENTED_EDGE ( 'NONE', *, *, #560, .F. ) ;
#980 = EDGE_CURVE ( 'NONE', #2407, #7421, #6222, .T. ) ;
#981 = ORIENTED_EDGE ( 'NONE', *, *, #666, .F. ) ;
#982 = DIRECTION ( 'NONE',  ( 0.5613140120455589743, -0.8276029119579740856, 0.000000000000000000 ) ) ;
#983 = CARTESIAN_POINT ( 'NONE',  ( 4.506999999999999673, 36.43800000000000239, -6.349999999999999645 ) ) ;
#984 = AXIS2_PLACEMENT_3D ( 'NONE', #5845, #5183, #4084 ) ;
#985 = ORIENTED_EDGE ( 'NONE', *, *, #1791, .F. ) ;
#986 = FACE_OUTER_BOUND ( 'NONE', #1577, .T. ) ;
#987 = CARTESIAN_POINT ( 'NONE',  ( 0.000000000000000000, 55.50000000000000000, 0.000000000000000000 ) ) ;
#988 = PLANE ( 'NONE',  #1747 ) ;
#989 = CARTESIAN_POINT ( 'NONE',  ( 26.85838888888888931, 39.10188888888888670, -6.349999999999999645 ) ) ;
#990 = VECTOR ( 'NONE', #642, 1000.000000000000000 ) ;
#991 = VECTOR ( 'NONE', #6234, 999.9999999999998863 ) ;
#992 = ADVANCED_FACE ( 'NONE', ( #290 ), #5628, .T. ) ;
#993 = LINE ( 'NONE', #2843, #2567 ) ;
#994 = VECTOR ( 'NONE', #4986, 1000.000000000000000 ) ;
#995 = VECTOR ( 'NONE', #2958, 1000.000000000000000 ) ;
#996 = EDGE_CURVE ( 'NONE', #3543, #6942, #6416, .T. ) ;
#997 = ORIENTED_EDGE ( 'NONE', *, *, #2346, .F. ) ;
#998 = EDGE_CURVE ( 'NONE', #677, #7624, #5159, .T. ) ;
#999 = LINE ( 'NONE', #3403, #4284 ) ;
#1000 = EDGE_CURVE ( 'NONE', #7356, #4820, #4537, .T. ) ;
#1001 = CARTESIAN_POINT ( 'NONE',  ( 3.573666666666666103, 35.29155555555555424, -6.349999999999999645 ) ) ;
#1002 = VECTOR ( 'NONE', #3974, 999.9999999999998863 ) ;
#1003 = ADVANCED_FACE ( 'NONE', ( #2805 ), #1513, .T. ) ;
#1004 = VECTOR ( 'NONE', #1687, 1000.000000000000114 ) ;
#1005 = AXIS2_PLACEMENT_3D ( 'NONE', #1889, #4281, #7743 ) ;
#1006 = ORIENTED_EDGE ( 'NONE', *, *, #417, .F. ) ;
#1007 = FACE_OUTER_BOUND ( 'NONE', #3710, .T. ) ;
#1008 = ORIENTED_EDGE ( 'NONE', *, *, #5600, .T. ) ;
#1009 = VECTOR ( 'NONE', #3668, 1000.000000000000000 ) ;
#1010 = DIRECTION ( 'NONE',  ( 0.000000000000000000, 0.000000000000000000, -1.000000000000000000 ) ) ;
#1011 = VECTOR ( 'NONE', #6547, 1000.000000000000000 ) ;
#1012 = EDGE_CURVE ( 'NONE', #2503, #3340, #6371, .T. ) ;
#1013 = CARTESIAN_POINT ( 'NONE',  ( 4.139111111111107633, 32.30333333333333456, -6.049999999999999822 ) ) ;
#1014 = VECTOR ( 'NONE', #1436, 1000.000000000000000 ) ;
#1015 = EDGE_CURVE ( 'NONE', #6040, #7116, #3357, .T. ) ;
#1016 = CARTESIAN_POINT ( 'NONE',  ( 22.65099999999999980, 33.69400000000000261, -6.349999999999999645 ) ) ;
#1017 = CARTESIAN_POINT ( 'NONE',  ( 14.76900000000000013, 37.25000000000000000, -6.049999999999999822 ) ) ;
#1018 = ORIENTED_EDGE ( 'NONE', *, *, #5593, .T. ) ;
#1019 = VECTOR ( 'NONE', #4343, 1000.000000000000000 ) ;
#1020 = VECTOR ( 'NONE', #4166, 1000.000000000000000 ) ;
#1021 = ORIENTED_EDGE ( 'NONE', *, *, #4096, .T. ) ;
#1022 = LINE ( 'NONE', #4889, #1439 ) ;
#1023 = FACE_OUTER_BOUND ( 'NONE', #5960, .T. ) ;
#1024 = EDGE_LOOP ( 'NONE', ( #5641, #4977, #5603, #3097 ) ) ;
#1025 = PLANE ( 'NONE',  #739 ) ;
#1026 = DIRECTION ( 'NONE',  ( 0.6520281218439690774, 0.7581947825754449255, -0.000000000000000000 ) ) ;
#1027 = ORIENTED_EDGE ( 'NONE', *, *, #844, .F. ) ;
#1028 = DIRECTION ( 'NONE',  ( 0.8309500505981709528, 0.5563470260645754228, 0.000000000000000000 ) ) ;
#1029 = VECTOR ( 'NONE', #3606, 1000.000000000000000 ) ;
#1030 = ORIENTED_EDGE ( 'NONE', *, *, #3409, .T. ) ;
#1031 = ORIENTED_EDGE ( 'NONE', *, *, #1998, .T. ) ;
#1032 = CARTESIAN_POINT ( 'NONE',  ( 25.62950000000000017, 38.37700000000000244, -6.049999999999999822 ) ) ;
#1033 = DIRECTION ( 'NONE',  ( 0.3325524881290379819, 0.9430847483864778225, 0.000000000000000000 ) ) ;
#1034 = EDGE_LOOP ( 'NONE', ( #3227, #5212, #4876, #1344 ) ) ;
#1035 = LINE ( 'NONE', #3978, #5748 ) ;
#1036 = DIRECTION ( 'NONE',  ( -0.2711638554652681110, -0.9625332012399422377, 0.000000000000000000 ) ) ;
#1037 = CARTESIAN_POINT ( 'NONE',  ( 26.01566666666666805, 40.18844444444444264, -6.349999999999999645 ) ) ;
#1038 = CARTESIAN_POINT ( 'NONE',  ( 13.23463888888888995, 37.46155555555555594, -6.049999999999999822 ) ) ;
#1039 = PLANE ( 'NONE',  #5321 ) ;
#1040 = ORIENTED_EDGE ( 'NONE', *, *, #5323, .F. ) ;
#1041 = EDGE_CURVE ( 'NONE', #1704, #264, #1623, .T. ) ;
#1042 = CARTESIAN_POINT ( 'NONE',  ( 2.505875000000000075, 30.47487500000000082, -6.349999999999999645 ) ) ;
#1043 = CARTESIAN_POINT ( 'NONE',  ( 2.389111111111109853, 37.39622222222222092, -6.049999999999999822 ) ) ;
#1044 = ORIENTED_EDGE ( 'NONE', *, *, #4746, .F. ) ;
#1045 = LINE ( 'NONE', #3446, #7025 ) ;
#1046 = ORIENTED_EDGE ( 'NONE', *, *, #2104, .F. ) ;
#1047 = ADVANCED_FACE ( 'NONE', ( #6337 ), #5789, .T. ) ;
#1048 = LINE ( 'NONE', #3448, #7640 ) ;
#1049 = FACE_OUTER_BOUND ( 'NONE', #7576, .T. ) ;
#1050 = CARTESIAN_POINT ( 'NONE',  ( 12.66199999999999903, 39.35000000000000142, -6.349999999999999645 ) ) ;
#1051 = DIRECTION ( 'NONE',  ( 0.000000000000000000, 0.000000000000000000, -1.000000000000000000 ) ) ;
#1052 = ORIENTED_EDGE ( 'NONE', *, *, #5608, .F. ) ;
#1053 =( GEOMETRIC_REPRESENTATION_CONTEXT ( 3 ) GLOBAL_UNCERTAINTY_ASSIGNED_CONTEXT ( ( #1714 ) ) GLOBAL_UNIT_ASSIGNED_CONTEXT ( ( #6819, #6259, #1518 ) ) REPRESENTATION_CONTEXT ( 'NONE', 'WORKASPACE' ) );
#1054 = VERTEX_POINT ( 'NONE', #2722 ) ;
#1055 = EDGE_CURVE ( 'NONE', #1054, #4459, #2137, .T. ) ;
#1056 = EDGE_CURVE ( 'NONE', #4626, #1394, #2182, .T. ) ;
#1057 = EDGE_CURVE ( 'NONE', #3667, #7356, #1588, .T. ) ;
#1058 = ORIENTED_EDGE ( 'NONE', *, *, #1633, .T. ) ;
#1059 = CYLINDRICAL_SURFACE ( 'NONE', #6, 2.749999999999999112 ) ;
#1060 = CARTESIAN_POINT ( 'NONE',  ( 11.52955555555555556, 38.23622222222222433, -6.049999999999999822 ) ) ;
#1061 = VERTEX_POINT ( 'NONE', #989 ) ;
#1062 = CARTESIAN_POINT ( 'NONE',  ( 20.53233333333333377, 33.27088888888889073, -6.049999999999999822 ) ) ;
#1063 = VECTOR ( 'NONE', #7245, 1000.000000000000227 ) ;
#1064 = CARTESIAN_POINT ( 'NONE',  ( 8.356805555555554932, 37.50511111111111262, -6.349999999999999645 ) ) ;
#1065 = ORIENTED_EDGE ( 'NONE', *, *, #3437, .F. ) ;
#1066 = DIRECTION ( 'NONE',  ( 0.5481189900483386390, 0.8364003663009653700, 0.000000000000000000 ) ) ;
#1067 = ORIENTED_EDGE ( 'NONE', *, *, #4932, .F. ) ;
#1068 = VERTEX_POINT ( 'NONE', #3436 ) ;
#1069 = DIRECTION ( 'NONE',  ( -0.8713079436099465669, -0.4907366578952566116, 0.000000000000000000 ) ) ;
#1070 = DIRECTION ( 'NONE',  ( 0.02602782344075460844, -0.9996612188171234425, 0.000000000000000000 ) ) ;
#1071 = EDGE_LOOP ( 'NONE', ( #6447, #5265, #2850, #4064 ) ) ;
#1072 = CARTESIAN_POINT ( 'NONE',  ( 20.44833333333333414, 33.49022222222222211, -6.049999999999999822 ) ) ;
#1073 = LINE ( 'NONE', #398, #7533 ) ;
#1074 = DIRECTION ( 'NONE',  ( 0.000000000000000000, -1.000000000000000000, -0.000000000000000000 ) ) ;
#1075 = LINE ( 'NONE', #4612, #6955 ) ;
#1076 = VERTEX_POINT ( 'NONE', #6935 ) ;
#1077 = LINE ( 'NONE', #478, #1525 ) ;
#1078 = ADVANCED_FACE ( 'NONE', ( #350 ), #5825, .T. ) ;
#1079 = VERTEX_POINT ( 'NONE', #6885 ) ;
#1080 = DIRECTION ( 'NONE',  ( -0.9677508936071396173, 0.2519091263185653795, 0.000000000000000000 ) ) ;
#1081 = EDGE_LOOP ( 'NONE', ( #3103, #3505, #3906, #740 ) ) ;
#1082 = PLANE ( 'NONE',  #7394 ) ;
#1083 = CARTESIAN_POINT ( 'NONE',  ( 26.85838888888888931, 39.10188888888888670, -6.049999999999999822 ) ) ;
#1084 = DIRECTION ( 'NONE',  ( 0.000000000000000000, 0.000000000000000000, -1.000000000000000000 ) ) ;
#1085 = PLANE ( 'NONE',  #5779 ) ;
#1086 = ORIENTED_EDGE ( 'NONE', *, *, #1430, .T. ) ;
#1087 = ORIENTED_EDGE ( 'NONE', *, *, #2021, .F. ) ;
#1088 = EDGE_CURVE ( 'NONE', #146, #2086, #5198, .T. ) ;
#1089 = VERTEX_POINT ( 'NONE', #7595 ) ;
#1090 = PLANE ( 'NONE',  #5888 ) ;
#1091 = ORIENTED_EDGE ( 'NONE', *, *, #3125, .T. ) ;
#1092 = CARTESIAN_POINT ( 'NONE',  ( 9.064000000000000057, 39.35000000000000142, -6.049999999999999822 ) ) ;
#1093 = FACE_OUTER_BOUND ( 'NONE', #6975, .T. ) ;
#1094 = ORIENTED_EDGE ( 'NONE', *, *, #2338, .T. ) ;
#1095 = PLANE ( 'NONE',  #2765 ) ;
#1096 = ADVANCED_FACE ( 'NONE', ( #4021 ), #438, .T. ) ;
#1097 = EDGE_CURVE ( 'NONE', #2196, #6304, #792, .T. ) ;
#1098 = ORIENTED_EDGE ( 'NONE', *, *, #4096, .F. ) ;
#1099 = ORIENTED_EDGE ( 'NONE', *, *, #2692, .T. ) ;
#1100 = LINE ( 'NONE', #2405, #1515 ) ;
#1101 = DIRECTION ( 'NONE',  ( 0.8371596136254163545, 0.5469586650877226175, 0.000000000000000000 ) ) ;
#1102 = ORIENTED_EDGE ( 'NONE', *, *, #6425, .F. ) ;
#1103 = CARTESIAN_POINT ( 'NONE',  ( 2.092777777777776294, 38.12422222222222956, -6.349999999999999645 ) ) ;
#1104 = DIRECTION ( 'NONE',  ( 0.9680474498391467009, -0.2507670928569469271, 0.000000000000000000 ) ) ;
#1105 = CARTESIAN_POINT ( 'NONE',  ( 9.064000000000000057, 39.35000000000000142, -6.349999999999999645 ) ) ;
#1106 = VECTOR ( 'NONE', #1620, 1000.000000000000000 ) ;
#1107 = ADVANCED_FACE ( 'NONE', ( #861 ), #1374, .T. ) ;
#1108 = CARTESIAN_POINT ( 'NONE',  ( 28.19811111111111046, 29.15800000000000480, -6.049999999999999822 ) ) ;
#1109 = ORIENTED_EDGE ( 'NONE', *, *, #4639, .F. ) ;
#1110 = PRODUCT_CONTEXT ( 'NONE', #7538, 'mechanical' ) ;
#1111 = VECTOR ( 'NONE', #3713, 1000.000000000000114 ) ;
#1112 = LINE ( 'NONE', #4846, #260 ) ;
#1113 = AXIS2_PLACEMENT_3D ( 'NONE', #4394, #6793, #2620 ) ;
#1114 = VECTOR ( 'NONE', #3074, 1000.000000000000227 ) ;
#1115 = AXIS2_PLACEMENT_3D ( 'NONE', #5478, #1918, #3356 ) ;
#1116 = CARTESIAN_POINT ( 'NONE',  ( 3.688000000000000611, 32.26599999999999824, -6.049999999999999822 ) ) ;
#1117 = EDGE_LOOP ( 'NONE', ( #2254, #2706, #4303, #3115 ) ) ;
#1118 = DIRECTION ( 'NONE',  ( 0.9490384094102477519, -0.3151604313108915534, 0.000000000000000000 ) ) ;
#1119 = DIRECTION ( 'NONE',  ( 0.5661021000582791007, -0.8243351334922018880, 0.000000000000000000 ) ) ;
#1120 = CARTESIAN_POINT ( 'NONE',  ( 4.385277777777778496, 32.01011111111110807, -6.349999999999999645 ) ) ;
#1121 = DIRECTION ( 'NONE',  ( 0.2904207250249843386, -0.9568990555309176971, 0.000000000000000000 ) ) ;
#1122 = AXIS2_PLACEMENT_3D ( 'NONE', #3152, #1966, #4356 ) ;
#1123 = VECTOR ( 'NONE', #3253, 1000.000000000000114 ) ;
#1124 = AXIS2_PLACEMENT_3D ( 'NONE', #5374, #4237, #6596 ) ;
#1125 = ORIENTED_EDGE ( 'NONE', *, *, #2915, .F. ) ;
#1126 = ORIENTED_EDGE ( 'NONE', *, *, #729, .F. ) ;
#1127 = VECTOR ( 'NONE', #5871, 1000.000000000000000 ) ;
#1128 = EDGE_LOOP ( 'NONE', ( #5874, #99, #2218, #7582 ) ) ;
#1129 = VECTOR ( 'NONE', #1552, 1000.000000000000227 ) ;
#1130 = CARTESIAN_POINT ( 'NONE',  ( 24.93299999999999983, 41.62577777777777754, -6.049999999999999822 ) ) ;
#1131 = VECTOR ( 'NONE', #2367, 1000.000000000000000 ) ;
#1132 = ORIENTED_EDGE ( 'NONE', *, *, #3635, .T. ) ;
#1133 = CARTESIAN_POINT ( 'NONE',  ( 15.67500000000000071, 20.39999999999999858, 6.425000000000000711 ) ) ;
#1134 = LINE ( 'NONE', #1722, #890 ) ;
#1135 = ORIENTED_EDGE ( 'NONE', *, *, #6379, .F. ) ;
#1136 = CARTESIAN_POINT ( 'NONE',  ( 25.52566666666666606, 41.93727777777777987, -6.049999999999999822 ) ) ;
#1137 = ADVANCED_FACE ( 'NONE', ( #3307 ), #2002, .T. ) ;
#1138 = VECTOR ( 'NONE', #6816, 1000.000000000000000 ) ;
#1139 = VECTOR ( 'NONE', #4362, 1000.000000000000227 ) ;
#1140 = EDGE_LOOP ( 'NONE', ( #3140, #2312, #5763, #5436 ) ) ;
#1141 = VERTEX_POINT ( 'NONE', #226 ) ;
#1142 = CARTESIAN_POINT ( 'NONE',  ( 10.40041666666666487, 37.60194444444444883, -6.049999999999999822 ) ) ;
#1143 = DIRECTION ( 'NONE',  ( -0.6242144369698769957, -0.7812530554681879069, 0.000000000000000000 ) ) ;
#1144 = VERTEX_POINT ( 'NONE', #6869 ) ;
#1145 = DIRECTION ( 'NONE',  ( 1.000000000000000000, -0.000000000000000000, -0.000000000000000000 ) ) ;
#1146 = VECTOR ( 'NONE', #3325, 1000.000000000000227 ) ;
#1147 = DIRECTION ( 'NONE',  ( 0.000000000000000000, 0.000000000000000000, -1.000000000000000000 ) ) ;
#1148 = VECTOR ( 'NONE', #20, 1000.000000000000000 ) ;
#1149 = DIRECTION ( 'NONE',  ( 1.000000000000000000, 0.000000000000000000, 0.000000000000000000 ) ) ;
#1150 = EDGE_CURVE ( 'NONE', #2196, #7556, #5687, .T. ) ;
#1151 = ORIENTED_EDGE ( 'NONE', *, *, #5231, .T. ) ;
#1152 = EDGE_CURVE ( 'NONE', #2574, #2125, #7380, .T. ) ;
#1153 = VERTEX_POINT ( 'NONE', #7496 ) ;
#1154 = PLANE ( 'NONE',  #5750 ) ;
#1155 = ADVANCED_FACE ( 'NONE', ( #272 ), #6204, .T. ) ;
#1156 = DIRECTION ( 'NONE',  ( 0.000000000000000000, 0.000000000000000000, -1.000000000000000000 ) ) ;
#1157 = FACE_OUTER_BOUND ( 'NONE', #7292, .T. ) ;
#1158 = ORIENTED_EDGE ( 'NONE', *, *, #2048, .F. ) ;
#1159 = DIRECTION ( 'NONE',  ( -0.8114802690636572224, -0.5843798190563861406, 0.000000000000000000 ) ) ;
#1160 = CARTESIAN_POINT ( 'NONE',  ( 20.38299999999999912, 33.69400000000000261, -6.049999999999999822 ) ) ;
#1161 = ORIENTED_EDGE ( 'NONE', *, *, #191, .F. ) ;
#1162 = DIRECTION ( 'NONE',  ( -1.000000000000000000, 0.000000000000000000, 0.000000000000000000 ) ) ;
#1163 = DIRECTION ( 'NONE',  ( -1.000000000000000000, -0.000000000000000000, -0.000000000000000000 ) ) ;
#1164 = DIRECTION ( 'NONE',  ( -0.5575941640844650493, -0.8301136959350488009, 0.000000000000000000 ) ) ;
#1165 = DIRECTION ( 'NONE',  ( 0.000000000000000000, 0.000000000000000000, -1.000000000000000000 ) ) ;
#1166 = ORIENTED_EDGE ( 'NONE', *, *, #3275, .F. ) ;
#1167 = VERTEX_POINT ( 'NONE', #3782 ) ;
#1168 = ORIENTED_EDGE ( 'NONE', *, *, #1866, .T. ) ;
#1169 = DIRECTION ( 'NONE',  ( -0.9996206865644601258, -0.02754056993595977929, 0.000000000000000000 ) ) ;
#1170 = ORIENTED_EDGE ( 'NONE', *, *, #351, .F. ) ;
#1171 = DIRECTION ( 'NONE',  ( -1.000000000000000000, 0.000000000000000000, 0.000000000000000000 ) ) ;
#1172 = CARTESIAN_POINT ( 'NONE',  ( 10.12099999999999866, 42.50000000000000000, -6.049999999999999822 ) ) ;
#1173 = CARTESIAN_POINT ( 'NONE',  ( 19.96300000000000097, 36.17822222222222450, -6.049999999999999822 ) ) ;
#1174 = LINE ( 'NONE', #7147, #2016 ) ;
#1175 = VERTEX_POINT ( 'NONE', #5654 ) ;
#1176 = ADVANCED_FACE ( 'NONE', ( #2049 ), #304, .T. ) ;
#1177 = VERTEX_POINT ( 'NONE', #193 ) ;
#1178 = DIRECTION ( 'NONE',  ( 0.000000000000000000, 0.000000000000000000, -1.000000000000000000 ) ) ;
#1179 = CARTESIAN_POINT ( 'NONE',  ( 1.005833333333331581, 32.04238888888888681, -6.349999999999999645 ) ) ;
#1180 = VERTEX_POINT ( 'NONE', #7347 ) ;
#1181 = PLANE ( 'NONE',  #4377 ) ;
#1182 = DIRECTION ( 'NONE',  ( 0.8495854672852065637, 0.5274509776062389355, 0.000000000000000000 ) ) ;
#1183 = CARTESIAN_POINT ( 'NONE',  ( 12.37500000000000000, 29.74599999999999866, -6.049999999999999822 ) ) ;
#1184 = EDGE_CURVE ( 'NONE', #1861, #3926, #3230, .T. ) ;
#1185 = ORIENTED_EDGE ( 'NONE', *, *, #392, .F. ) ;
#1186 = CARTESIAN_POINT ( 'NONE',  ( 3.573666666666668323, 38.84600000000000364, -6.049999999999999822 ) ) ;
#1187 = CARTESIAN_POINT ( 'NONE',  ( 17.10000000000000142, 20.39999999999999858, 5.000000000000000000 ) ) ;
#1188 = LINE ( 'NONE', #6062, #1063 ) ;
#1189 = ORIENTED_EDGE ( 'NONE', *, *, #4111, .T. ) ;
#1190 = DIRECTION ( 'NONE',  ( -0.5973994486956344385, -0.8019438251512084337, 0.000000000000000000 ) ) ;
#1191 = EDGE_CURVE ( 'NONE', #6309, #7325, #154, .T. ) ;
#1192 = ADVANCED_FACE ( 'NONE', ( #3735 ), #5064, .T. ) ;
#1193 = EDGE_CURVE ( 'NONE', #2586, #6309, #5027, .T. ) ;
#1194 = DIRECTION ( 'NONE',  ( 0.000000000000000000, 0.000000000000000000, 1.000000000000000000 ) ) ;
#1195 = DIRECTION ( 'NONE',  ( 0.000000000000000000, 0.000000000000000000, -1.000000000000000000 ) ) ;
#1196 = ORIENTED_EDGE ( 'NONE', *, *, #6121, .T. ) ;
#1197 = CARTESIAN_POINT ( 'NONE',  ( 1.381499999999999062, 34.75450000000000017, -6.049999999999999822 ) ) ;
#1198 = DIRECTION ( 'NONE',  ( -1.000000000000000000, 0.000000000000000000, -0.000000000000000000 ) ) ;
#1199 = LINE ( 'NONE', #7183, #3286 ) ;
#1200 = CARTESIAN_POINT ( 'NONE',  ( 19.79772222222221956, 32.65061111111111103, -6.049999999999999822 ) ) ;
#1201 = EDGE_LOOP ( 'NONE', ( #5946, #4076, #5530, #7264 ) ) ;
#1202 = ORIENTED_EDGE ( 'NONE', *, *, #33, .F. ) ;
#1203 = ORIENTED_EDGE ( 'NONE', *, *, #365, .F. ) ;
#1204 = LINE ( 'NONE', #1764, #2885 ) ;
#1205 = ORIENTED_EDGE ( 'NONE', *, *, #1757, .F. ) ;
#1206 = DIRECTION ( 'NONE',  ( -0.000000000000000000, 0.000000000000000000, -1.000000000000000000 ) ) ;
#1207 = CARTESIAN_POINT ( 'NONE',  ( 3.505319444444443988, 30.34343055555555679, -6.049999999999999822 ) ) ;
#1208 = ADVANCED_FACE ( 'NONE', ( #3858 ), #6241, .T. ) ;
#1209 = DIRECTION ( 'NONE',  ( 0.000000000000000000, -1.000000000000000000, -0.000000000000000000 ) ) ;
#1210 = CARTESIAN_POINT ( 'NONE',  ( 4.139111111111107633, 32.30333333333333456, -6.049999999999999822 ) ) ;
#1211 = VERTEX_POINT ( 'NONE', #6717 ) ;
#1212 = ORIENTED_EDGE ( 'NONE', *, *, #6046, .T. ) ;
#1213 = CARTESIAN_POINT ( 'NONE',  ( 15.67500000000000071, 16.80000000000000071, 5.000000000000000000 ) ) ;
#1214 = LINE ( 'NONE', #3623, #5511 ) ;
#1215 = ORIENTED_EDGE ( 'NONE', *, *, #980, .T. ) ;
#1216 = LINE ( 'NONE', #3625, #2115 ) ;
#1217 = CARTESIAN_POINT ( 'NONE',  ( 23.71966666666666868, 40.95844444444444576, -6.349999999999999645 ) ) ;
#1218 = LINE ( 'NONE', #3591, #356 ) ;
#1219 = ADVANCED_FACE ( 'NONE', ( #6750 ), #1334, .T. ) ;
#1220 = VERTEX_POINT ( 'NONE', #6168 ) ;
#1221 = VERTEX_POINT ( 'NONE', #7438 ) ;
#1222 = DIRECTION ( 'NONE',  ( -0.9930546649253050306, -0.1176538672126437035, 0.000000000000000000 ) ) ;
#1223 = DIRECTION ( 'NONE',  ( 0.2519091263185653795, 0.9677508936071396173, 0.000000000000000000 ) ) ;
#1224 = VERTEX_POINT ( 'NONE', #2604 ) ;
#1225 = DIRECTION ( 'NONE',  ( 0.04020591388104039626, -0.9991914153399188425, 0.000000000000000000 ) ) ;
#1226 = ORIENTED_EDGE ( 'NONE', *, *, #3709, .T. ) ;
#1227 = CARTESIAN_POINT ( 'NONE',  ( 21.87283333333333601, 41.19955555555555549, -6.349999999999999645 ) ) ;
#1228 = DIRECTION ( 'NONE',  ( 0.000000000000000000, 0.000000000000000000, -1.000000000000000000 ) ) ;
#1229 = EDGE_CURVE ( 'NONE', #6468, #7021, #1390, .T. ) ;
#1230 = EDGE_CURVE ( 'NONE', #696, #3122, #5506, .T. ) ;
#1231 = LINE ( 'NONE', #1278, #7573 ) ;
#1232 = CARTESIAN_POINT ( 'NONE',  ( 29.00699999999999790, 35.51400000000000290, -6.349999999999999645 ) ) ;
#1233 = VECTOR ( 'NONE', #5965, 1000.000000000000114 ) ;
#1234 = ORIENTED_EDGE ( 'NONE', *, *, #5175, .F. ) ;
#1235 = DIRECTION ( 'NONE',  ( 0.3719515086183811658, -0.9282521614499533724, 0.000000000000000000 ) ) ;
#1236 = DIRECTION ( 'NONE',  ( 0.8263533999570352728, 0.5631518963649577714, 0.000000000000000000 ) ) ;
#1237 = CARTESIAN_POINT ( 'NONE',  ( 8.185888888888889880, 37.75711111111111506, -6.349999999999999645 ) ) ;
#1238 = CARTESIAN_POINT ( 'NONE',  ( 3.688000000000000611, 32.26599999999999824, -6.049999999999999822 ) ) ;
#1239 = EDGE_CURVE ( 'NONE', #1863, #7006, #1506, .T. ) ;
#1240 = VECTOR ( 'NONE', #5076, 1000.000000000000000 ) ;
#1241 = VERTEX_POINT ( 'NONE', #3240 ) ;
#1242 = VECTOR ( 'NONE', #3255, 1000.000000000000000 ) ;
#1244 = ORIENTED_EDGE ( 'NONE', *, *, #4678, .T. ) ;
#1243 = EDGE_CURVE ( 'NONE', #4773, #1301, #4332, .T. ) ;
#1245 = EDGE_CURVE ( 'NONE', #7587, #2552, #3281, .T. ) ;
#1246 = CARTESIAN_POINT ( 'NONE',  ( 9.942888888888886001, 42.00688888888888783, -6.049999999999999822 ) ) ;
#1247 = ORIENTED_EDGE ( 'NONE', *, *, #7104, .F. ) ;
#1248 = CARTESIAN_POINT ( 'NONE',  ( 16.31638888888888772, 30.86794444444444352, -6.349999999999999645 ) ) ;
#1249 = FACE_OUTER_BOUND ( 'NONE', #4441, .T. ) ;
#1250 = AXIS2_PLACEMENT_3D ( 'NONE', #3480, #5356, #4103 ) ;
#1251 = DIRECTION ( 'NONE',  ( 0.5719868298173171883, 0.8202628033231394999, 0.000000000000000000 ) ) ;
#1252 = VECTOR ( 'NONE', #4095, 1000.000000000000000 ) ;
#1253 = DIRECTION ( 'NONE',  ( 0.3926206795052031850, 0.9197004958272407826, 0.000000000000000000 ) ) ;
#1254 = ORIENTED_EDGE ( 'NONE', *, *, #1230, .T. ) ;
#1255 = AXIS2_PLACEMENT_3D ( 'NONE', #1472, #2608, #3324 ) ;
#1256 = VECTOR ( 'NONE', #5575, 1000.000000000000000 ) ;
#1257 = ORIENTED_EDGE ( 'NONE', *, *, #7004, .T. ) ;
#1258 = CARTESIAN_POINT ( 'NONE',  ( 19.83699999999999974, 39.30955555555555492, -6.049999999999999822 ) ) ;
#1259 = PLANE ( 'NONE',  #3135 ) ;
#1260 = ORIENTED_EDGE ( 'NONE', *, *, #3466, .F. ) ;
#1261 = CARTESIAN_POINT ( 'NONE',  ( 28.85144444444444645, 30.05750000000000099, -6.049999999999999822 ) ) ;
#1262 = CARTESIAN_POINT ( 'NONE',  ( 27.40477777777777746, 37.25000000000000000, -6.349999999999999645 ) ) ;
#1263 = DIRECTION ( 'NONE',  ( 1.000000000000000000, 0.000000000000000000, -0.000000000000000000 ) ) ;
#1264 = AXIS2_PLACEMENT_3D ( 'NONE', #394, #3430, #2799 ) ;
#1265 = VECTOR ( 'NONE', #4458, 1000.000000000000000 ) ;
#1266 = ORIENTED_EDGE ( 'NONE', *, *, #6574, .F. ) ;
#1267 = AXIS2_PLACEMENT_3D ( 'NONE', #6064, #1744, #4146 ) ;
#1268 = EDGE_LOOP ( 'NONE', ( #2571, #4943, #3574, #482 ) ) ;
#1269 = VECTOR ( 'NONE', #2054, 1000.000000000000000 ) ;
#1270 = DIRECTION ( 'NONE',  ( 0.000000000000000000, 0.000000000000000000, 1.000000000000000000 ) ) ;
#1271 = CARTESIAN_POINT ( 'NONE',  ( 0.9863888888888895368, 33.43849999999999767, -6.049999999999999822 ) ) ;
#1272 = ORIENTED_EDGE ( 'NONE', *, *, #5167, .F. ) ;
#1273 = PLANE ( 'NONE',  #6699 ) ;
#1274 = VERTEX_POINT ( 'NONE', #2645 ) ;
#1275 = CARTESIAN_POINT ( 'NONE',  ( 2.873666666666665037, 33.64772222222222808, -6.049999999999999822 ) ) ;
#1276 = AXIS2_PLACEMENT_3D ( 'NONE', #3954, #1593, #5202 ) ;
#1277 = EDGE_CURVE ( 'NONE', #6171, #6815, #3204, .T. ) ;
#1278 = CARTESIAN_POINT ( 'NONE',  ( 16.31638888888888772, 30.86794444444444352, -6.349999999999999645 ) ) ;
#1279 = ORIENTED_EDGE ( 'NONE', *, *, #7089, .T. ) ;
#1280 = CARTESIAN_POINT ( 'NONE',  ( 11.88499999999999623, 41.34422222222222132, -6.349999999999999645 ) ) ;
#1281 = LINE ( 'NONE', #4384, #516 ) ;
#1282 = PLANE ( 'NONE',  #6156 ) ;
#1283 = LINE ( 'NONE', #7256, #5502 ) ;
#1284 = ORIENTED_EDGE ( 'NONE', *, *, #4257, .T. ) ;
#1285 = EDGE_CURVE ( 'NONE', #182, #3794, #3832, .T. ) ;
#1286 = EDGE_CURVE ( 'NONE', #5434, #4262, #757, .T. ) ;
#1287 = ORIENTED_EDGE ( 'NONE', *, *, #2307, .F. ) ;
#1288 = DIRECTION ( 'NONE',  ( 0.000000000000000000, 0.000000000000000000, -1.000000000000000000 ) ) ;
#1289 = ORIENTED_EDGE ( 'NONE', *, *, #5354, .F. ) ;
#1290 = LINE ( 'NONE', #2351, #1500 ) ;
#1291 = PLANE ( 'NONE',  #5653 ) ;
#1292 = LINE ( 'NONE', #1847, #4147 ) ;
#1293 = FACE_OUTER_BOUND ( 'NONE', #5376, .T. ) ;
#1294 = EDGE_CURVE ( 'NONE', #3555, #6399, #3747, .T. ) ;
#1295 = ADVANCED_FACE ( 'NONE', ( #837 ), #913, .T. ) ;
#1296 = ORIENTED_EDGE ( 'NONE', *, *, #2387, .F. ) ;
#1297 = ADVANCED_FACE ( 'NONE', ( #5586 ), #4454, .T. ) ;
#1298 = VERTEX_POINT ( 'NONE', #6765 ) ;
#1299 = LINE ( 'NONE', #3859, #1392 ) ;
#1300 = CARTESIAN_POINT ( 'NONE',  ( 29.06300000000000239, 30.33399999999999963, -6.049999999999999822 ) ) ;
#1301 = VERTEX_POINT ( 'NONE', #4487 ) ;
#1302 = LINE ( 'NONE', #4755, #2616 ) ;
#1303 = VECTOR ( 'NONE', #2790, 1000.000000000000000 ) ;
#1304 = DIRECTION ( 'NONE',  ( 0.000000000000000000, 0.000000000000000000, -1.000000000000000000 ) ) ;
#1305 = DIRECTION ( 'NONE',  ( 0.5604001898641558510, 0.8282219673494648493, 0.000000000000000000 ) ) ;
#1306 = ORIENTED_EDGE ( 'NONE', *, *, #5467, .T. ) ;
#1307 = VERTEX_POINT ( 'NONE', #873 ) ;
#1308 = VECTOR ( 'NONE', #3087, 1000.000000000000000 ) ;
#1309 = ORIENTED_EDGE ( 'NONE', *, *, #1595, .T. ) ;
#1310 = PLANE ( 'NONE',  #352 ) ;
#1311 = DIRECTION ( 'NONE',  ( 0.000000000000000000, 0.000000000000000000, -1.000000000000000000 ) ) ;
#1312 = ORIENTED_EDGE ( 'NONE', *, *, #4463, .T. ) ;
#1313 = PLANE ( 'NONE',  #4818 ) ;
#1314 = VERTEX_POINT ( 'NONE', #1468 ) ;
#1315 = ADVANCED_FACE ( 'NONE', ( #6879 ), #4418, .T. ) ;
#1316 = CARTESIAN_POINT ( 'NONE',  ( 25.52566666666666606, 41.93727777777777987, -6.049999999999999822 ) ) ;
#1317 = DIRECTION ( 'NONE',  ( -0.7952772203045302968, 0.6062459425552467751, 0.000000000000000000 ) ) ;
#1318 = ORIENTED_EDGE ( 'NONE', *, *, #2855, .F. ) ;
#1319 = CARTESIAN_POINT ( 'NONE',  ( 1.381111111111106737, 39.93488888888889221, -6.049999999999999822 ) ) ;
#1320 = LINE ( 'NONE', #6069, #4912 ) ;
#1321 = DIRECTION ( 'NONE',  ( 0.000000000000000000, 0.000000000000000000, -1.000000000000000000 ) ) ;
#1322 = LINE ( 'NONE', #1361, #6886 ) ;
#1323 = ADVANCED_FACE ( 'NONE', ( #4995 ), #2683, .T. ) ;
#1324 = ORIENTED_EDGE ( 'NONE', *, *, #4796, .T. ) ;
#1325 = ORIENTED_EDGE ( 'NONE', *, *, #566, .F. ) ;
#1326 = DIRECTION ( 'NONE',  ( -0.9998503909283550373, -0.01729727609815014805, 0.000000000000000000 ) ) ;
#1327 = ORIENTED_EDGE ( 'NONE', *, *, #880, .F. ) ;
#1328 = DIRECTION ( 'NONE',  ( 0.6011309404133673429, -0.7991505443142367104, 0.000000000000000000 ) ) ;
#1329 = DIRECTION ( 'NONE',  ( 0.000000000000000000, -1.000000000000000000, 0.000000000000000000 ) ) ;
#1330 = DIRECTION ( 'NONE',  ( -0.5719868298173171883, -0.8202628033231394999, 0.000000000000000000 ) ) ;
#1331 = LINE ( 'NONE', #268, #754 ) ;
#1332 = EDGE_CURVE ( 'NONE', #893, #911, #6728, .T. ) ;
#1333 = ORIENTED_EDGE ( 'NONE', *, *, #1056, .F. ) ;
#1334 = PLANE ( 'NONE',  #1122 ) ;
#1335 = DIRECTION ( 'NONE',  ( 0.9010016697590992329, 0.4338156187729012014, 0.000000000000000000 ) ) ;
#1336 = LINE ( 'NONE', #2051, #6390 ) ;
#1337 = ORIENTED_EDGE ( 'NONE', *, *, #6336, .F. ) ;
#1338 = LINE ( 'NONE', #1381, #4745 ) ;
#1339 = EDGE_CURVE ( 'NONE', #1211, #6217, #5075, .T. ) ;
#1340 = CARTESIAN_POINT ( 'NONE',  ( 15.67500000000000071, 16.80000000000000071, 2.225000000000000089 ) ) ;
#1341 = ADVANCED_FACE ( 'NONE', ( #3796 ), #2020, .T. ) ;
#1342 = CARTESIAN_POINT ( 'NONE',  ( 22.14699999999999847, 35.51400000000000290, -6.049999999999999822 ) ) ;
#1343 = EDGE_CURVE ( 'NONE', #7659, #1307, #5106, .T. ) ;
#1344 = ORIENTED_EDGE ( 'NONE', *, *, #6456, .T. ) ;
#1345 = ORIENTED_EDGE ( 'NONE', *, *, #4219, .T. ) ;
#1346 = ORIENTED_EDGE ( 'NONE', *, *, #6480, .T. ) ;
#1347 = DIRECTION ( 'NONE',  ( 0.06895514854063367061, -0.9976197609759638318, 0.000000000000000000 ) ) ;
#1348 = DIRECTION ( 'NONE',  ( 0.000000000000000000, -1.000000000000000000, 0.000000000000000000 ) ) ;
#1349 = ORIENTED_EDGE ( 'NONE', *, *, #2363, .T. ) ;
#1350 = CARTESIAN_POINT ( 'NONE',  ( 25.00922222222222047, 37.99822222222222479, -6.349999999999999645 ) ) ;
#1351 = ADVANCED_FACE ( 'NONE', ( #1697 ), #1580, .T. ) ;
#1352 = EDGE_CURVE ( 'NONE', #3684, #2789, #7669, .T. ) ;
#1353 = ORIENTED_EDGE ( 'NONE', *, *, #7289, .T. ) ;
#1354 = DIRECTION ( 'NONE',  ( -1.000000000000000000, 0.000000000000000000, 0.000000000000000000 ) ) ;
#1355 = EDGE_CURVE ( 'NONE', #508, #5493, #3468, .T. ) ;
#1356 = DIRECTION ( 'NONE',  ( 0.8276029119579739746, 0.5613140120455589743, 0.000000000000000000 ) ) ;
#1357 = ORIENTED_EDGE ( 'NONE', *, *, #1913, .T. ) ;
#1358 = CARTESIAN_POINT ( 'NONE',  ( 23.58899999999999864, 38.66400000000000148, -6.349999999999999645 ) ) ;
#1359 = PLANE ( 'NONE',  #2286 ) ;
#1360 = CARTESIAN_POINT ( 'NONE',  ( 25.52566666666666606, 41.93727777777777987, -6.349999999999999645 ) ) ;
#1361 = CARTESIAN_POINT ( 'NONE',  ( 9.856750000000001677, 41.74750000000000227, -6.049999999999999822 ) ) ;
#1362 = ORIENTED_EDGE ( 'NONE', *, *, #4120, .T. ) ;
#1363 = AXIS2_PLACEMENT_3D ( 'NONE', #748, #3156, #3234 ) ;
#1364 = EDGE_LOOP ( 'NONE', ( #4997, #2489, #1519, #6463 ) ) ;
#1365 = FACE_OUTER_BOUND ( 'NONE', #5409, .T. ) ;
#1366 = ORIENTED_EDGE ( 'NONE', *, *, #7056, .F. ) ;
#1367 = FACE_OUTER_BOUND ( 'NONE', #3206, .T. ) ;
#1368 = DIRECTION ( 'NONE',  ( 0.000000000000000000, 0.000000000000000000, -1.000000000000000000 ) ) ;
#1369 = LINE ( 'NONE', #331, #1522 ) ;
#1370 = DIRECTION ( 'NONE',  ( 0.6010225264893271913, -0.7992320830975105928, 0.000000000000000000 ) ) ;
#1371 = VECTOR ( 'NONE', #7121, 1000.000000000000000 ) ;
#1372 = VECTOR ( 'NONE', #2747, 1000.000000000000114 ) ;
#1373 = ORIENTED_EDGE ( 'NONE', *, *, #2730, .T. ) ;
#1374 = PLANE ( 'NONE',  #1754 ) ;
#1376 = DIRECTION ( 'NONE',  ( -0.000000000000000000, -0.000000000000000000, 1.000000000000000000 ) ) ;
#1375 = VECTOR ( 'NONE', #7234, 1000.000000000000000 ) ;
#1377 = CARTESIAN_POINT ( 'NONE',  ( 15.67500000000000071, 20.39999999999999858, 5.000000000000000000 ) ) ;
#1378 = VECTOR ( 'NONE', #688, 1000.000000000000227 ) ;
#1379 = EDGE_CURVE ( 'NONE', #2355, #799, #2240, .T. ) ;
#1380 = EDGE_LOOP ( 'NONE', ( #2443, #6353, #6100, #3474 ) ) ;
#1381 = CARTESIAN_POINT ( 'NONE',  ( 4.139111111111107633, 32.30333333333333456, -6.049999999999999822 ) ) ;
#1382 = DIRECTION ( 'NONE',  ( -0.5402742051129975076, 0.8414890274326330966, 0.000000000000000000 ) ) ;
#1383 = CARTESIAN_POINT ( 'NONE',  ( 21.94749999999999801, 38.91599999999999682, -6.049999999999999822 ) ) ;
#1384 = VECTOR ( 'NONE', #5740, 1000.000000000000000 ) ;
#1385 = VECTOR ( 'NONE', #2618, 1000.000000000000000 ) ;
#1386 = ORIENTED_EDGE ( 'NONE', *, *, #2251, .T. ) ;
#1387 = ORIENTED_EDGE ( 'NONE', *, *, #43, .T. ) ;
#1388 = AXIS2_PLACEMENT_3D ( 'NONE', #1693, #1028, #4561 ) ;
#1389 = ORIENTED_EDGE ( 'NONE', *, *, #3349, .T. ) ;
#1390 = LINE ( 'NONE', #6179, #1781 ) ;
#1391 = CARTESIAN_POINT ( 'NONE',  ( 12.13349999999999973, 41.95438888888888584, -6.049999999999999822 ) ) ;
#1392 = VECTOR ( 'NONE', #4404, 1000.000000000000000 ) ;
#1393 = EDGE_CURVE ( 'NONE', #6268, #6949, #5266, .T. ) ;
#1394 = VERTEX_POINT ( 'NONE', #2717 ) ;
#1395 = DIRECTION ( 'NONE',  ( -1.000000000000000000, 0.000000000000000000, 0.000000000000000000 ) ) ;
#1396 = VECTOR ( 'NONE', #5296, 1000.000000000000000 ) ;
#1397 = LINE ( 'NONE', #4535, #3522 ) ;
#1398 = VECTOR ( 'NONE', #515, 1000.000000000000000 ) ;
#1399 = VECTOR ( 'NONE', #7766, 1000.000000000000000 ) ;
#1400 = ORIENTED_EDGE ( 'NONE', *, *, #2309, .F. ) ;
#1401 = LINE ( 'NONE', #1914, #5531 ) ;
#1402 = VECTOR ( 'NONE', #2663, 1000.000000000000000 ) ;
#1403 = EDGE_CURVE ( 'NONE', #2902, #2919, #7554, .T. ) ;
#1404 = AXIS2_PLACEMENT_3D ( 'NONE', #4979, #5537, #6200 ) ;
#1405 = EDGE_CURVE ( 'NONE', #4062, #1431, #3319, .T. ) ;
#1406 = CARTESIAN_POINT ( 'NONE',  ( 24.21199999999999974, 29.79850000000000065, -6.349999999999999645 ) ) ;
#1407 = ORIENTED_EDGE ( 'NONE', *, *, #6570, .T. ) ;
#1408 = CARTESIAN_POINT ( 'NONE',  ( 13.09600000000000009, 37.25000000000000000, -6.049999999999999822 ) ) ;
#1409 = CARTESIAN_POINT ( 'NONE',  ( 14.44699999999999918, 40.91800000000000637, -6.049999999999999822 ) ) ;
#1410 = VECTOR ( 'NONE', #5052, 1000.000000000000114 ) ;
#1411 = FACE_OUTER_BOUND ( 'NONE', #6507, .T. ) ;
#1412 = EDGE_CURVE ( 'NONE', #6028, #1502, #4090, .T. ) ;
#1413 = EDGE_LOOP ( 'NONE', ( #2497, #3254, #1094, #6178 ) ) ;
#1414 = ORIENTED_EDGE ( 'NONE', *, *, #2981, .F. ) ;
#1415 = LINE ( 'NONE', #6827, #4765 ) ;
#1416 = VERTEX_POINT ( 'NONE', #5854 ) ;
#1417 = FACE_OUTER_BOUND ( 'NONE', #5551, .T. ) ;
#1418 = CARTESIAN_POINT ( 'NONE',  ( 10.03097222222222129, 42.25772222222223462, -6.049999999999999822 ) ) ;
#1419 = DIRECTION ( 'NONE',  ( -1.000000000000000000, 0.000000000000000000, -0.000000000000000000 ) ) ;
#1420 = DIRECTION ( 'NONE',  ( -1.000000000000000000, 0.000000000000000000, 0.000000000000000000 ) ) ;
#1421 = ORIENTED_EDGE ( 'NONE', *, *, #816, .T. ) ;
#1422 = DIRECTION ( 'NONE',  ( 0.000000000000000000, 0.000000000000000000, -1.000000000000000000 ) ) ;
#1423 = DIRECTION ( 'NONE',  ( -0.08808661626491774699, -0.9961128189291597046, 0.000000000000000000 ) ) ;
#1424 = LINE ( 'NONE', #3823, #7404 ) ;
#1425 = VERTEX_POINT ( 'NONE', #7505 ) ;
#1426 = LINE ( 'NONE', #865, #345 ) ;
#1427 = DIRECTION ( 'NONE',  ( 0.000000000000000000, 0.000000000000000000, -1.000000000000000000 ) ) ;
#1428 = CARTESIAN_POINT ( 'NONE',  ( 9.309000000000001052, 33.04999999999999716, -6.349999999999999645 ) ) ;
#1429 = ORIENTED_EDGE ( 'NONE', *, *, #4009, .F. ) ;
#1430 = EDGE_CURVE ( 'NONE', #5190, #4863, #4529, .T. ) ;
#1431 = VERTEX_POINT ( 'NONE', #465 ) ;
#1432 = DIRECTION ( 'NONE',  ( -0.3185577216681672597, 0.9479034644759910533, 0.000000000000000000 ) ) ;
#1433 = LINE ( 'NONE', #2605, #3890 ) ;
#1434 = ORIENTED_EDGE ( 'NONE', *, *, #1535, .T. ) ;
#1435 = LINE ( 'NONE', #4965, #7507 ) ;
#1436 = DIRECTION ( 'NONE',  ( 0.000000000000000000, 0.000000000000000000, -1.000000000000000000 ) ) ;
#1437 = ORIENTED_EDGE ( 'NONE', *, *, #5611, .T. ) ;
#1438 = DIRECTION ( 'NONE',  ( 0.000000000000000000, 0.000000000000000000, -1.000000000000000000 ) ) ;
#1439 = VECTOR ( 'NONE', #4810, 1000.000000000000227 ) ;
#1440 = ADVANCED_FACE ( 'NONE', ( #7622 ), #6408, .T. ) ;
#1441 = CARTESIAN_POINT ( 'NONE',  ( 1.005833333333331581, 32.04238888888888681, -6.049999999999999822 ) ) ;
#1442 = EDGE_CURVE ( 'NONE', #1718, #3873, #5699, .T. ) ;
#1443 = EDGE_LOOP ( 'NONE', ( #7228, #1296, #6490, #3866 ) ) ;
#1444 = CARTESIAN_POINT ( 'NONE',  ( 6.800000000000000711, 15.50000000000000000, -3.874999999999999112 ) ) ;
#1445 = ADVANCED_FACE ( 'NONE', ( #7039 ), #3351, .T. ) ;
#1446 = CARTESIAN_POINT ( 'NONE',  ( 1.727222222222217107, 35.38799999999999812, -6.349999999999999645 ) ) ;
#1447 = ADVANCED_FACE ( 'NONE', ( #2176 ), #6448, .T. ) ;
#1448 = LINE ( 'NONE', #1521, #1402 ) ;
#1449 = EDGE_LOOP ( 'NONE', ( #1125, #3569, #3537, #1663 ) ) ;
#1450 = ORIENTED_EDGE ( 'NONE', *, *, #3607, .F. ) ;
#1451 = CARTESIAN_POINT ( 'NONE',  ( 7.222999999999999865, 39.35000000000000142, -6.349999999999999645 ) ) ;
#1452 = ORIENTED_EDGE ( 'NONE', *, *, #7166, .F. ) ;
#1453 = DIRECTION ( 'NONE',  ( 0.02949535821462538621, -0.9995649172734061283, 0.000000000000000000 ) ) ;
#1454 = DIRECTION ( 'NONE',  ( 0.4501738952347290046, 0.8929409073668823638, 0.000000000000000000 ) ) ;
#1455 = CARTESIAN_POINT ( 'NONE',  ( -6.000000000000000000, 55.50000000000000000, 15.00000000000000000 ) ) ;
#1456 = PLANE ( 'NONE',  #7028 ) ;
#1457 = ORIENTED_EDGE ( 'NONE', *, *, #6616, .F. ) ;
#1458 = DIRECTION ( 'NONE',  ( 0.9973919158481397984, -0.07217593920952582176, 0.000000000000000000 ) ) ;
#1459 = CARTESIAN_POINT ( 'NONE',  ( 4.293694444444444258, 32.32433333333333536, -6.049999999999999822 ) ) ;
#1460 = EDGE_CURVE ( 'NONE', #6479, #4453, #5191, .T. ) ;
#1461 = CARTESIAN_POINT ( 'NONE',  ( 6.914999999999999147, 35.68200000000000216, -6.349999999999999645 ) ) ;
#1462 = ORIENTED_EDGE ( 'NONE', *, *, #1285, .T. ) ;
#1463 = CARTESIAN_POINT ( 'NONE',  ( 1.134555555555552431, 34.10466666666666669, -6.049999999999999822 ) ) ;
#1464 = LINE ( 'NONE', #3903, #381 ) ;
#1465 = CARTESIAN_POINT ( 'NONE',  ( 21.85300000000000153, 42.34600000000000364, -6.049999999999999822 ) ) ;
#1466 = ORIENTED_EDGE ( 'NONE', *, *, #3845, .T. ) ;
#1467 = EDGE_LOOP ( 'NONE', ( #26, #3376, #1810, #1650 ) ) ;
#1468 = CARTESIAN_POINT ( 'NONE',  ( 1.202999999999999403, 40.41400000000000858, -6.349999999999999645 ) ) ;
#1469 = DIRECTION ( 'NONE',  ( 0.000000000000000000, -1.000000000000000000, 0.000000000000000000 ) ) ;
#1470 = EDGE_LOOP ( 'NONE', ( #3989, #2091, #886, #2541 ) ) ;
#1471 = DIRECTION ( 'NONE',  ( 0.000000000000000000, 0.000000000000000000, -1.000000000000000000 ) ) ;
#1472 = CARTESIAN_POINT ( 'NONE',  ( 0.9542083333333302164, 32.38509722222222109, -6.049999999999999822 ) ) ;
#1473 = ORIENTED_EDGE ( 'NONE', *, *, #657, .T. ) ;
#1474 = EDGE_CURVE ( 'NONE', #7470, #4194, #4601, .T. ) ;
#1475 = LINE ( 'NONE', #1316, #4647 ) ;
#1476 = FILL_AREA_STYLE ('',( #885 ) ) ;
#1477 = VERTEX_POINT ( 'NONE', #4641 ) ;
#1478 = EDGE_CURVE ( 'NONE', #4346, #5657, #1661, .T. ) ;
#1479 = CARTESIAN_POINT ( 'NONE',  ( 1.381111111111106737, 39.93488888888889221, -6.349999999999999645 ) ) ;
#1480 = CARTESIAN_POINT ( 'NONE',  ( 26.01566666666666805, 40.18844444444444264, -6.349999999999999645 ) ) ;
#1481 = EDGE_CURVE ( 'NONE', #3588, #5298, #1816, .T. ) ;
#1482 = ORIENTED_EDGE ( 'NONE', *, *, #1924, .T. ) ;
#1483 = CARTESIAN_POINT ( 'NONE',  ( 18.94722222222222285, 32.24111111111110972, -6.349999999999999645 ) ) ;
#1484 = ORIENTED_EDGE ( 'NONE', *, *, #3229, .T. ) ;
#1485 = EDGE_CURVE ( 'NONE', #1167, #3402, #1776, .T. ) ;
#1486 = DIRECTION ( 'NONE',  ( -0.4851008929589397112, -0.8744581886233552259, 0.000000000000000000 ) ) ;
#1487 = FACE_OUTER_BOUND ( 'NONE', #7012, .T. ) ;
#1488 = DIRECTION ( 'NONE',  ( 0.9476131867040841206, 0.3194201752935008076, 0.000000000000000000 ) ) ;
#1489 = CARTESIAN_POINT ( 'NONE',  ( 13.37988888888888539, 37.67622222222222206, -6.049999999999999822 ) ) ;
#1490 = VERTEX_POINT ( 'NONE', #1213 ) ;
#1491 = VECTOR ( 'NONE', #5031, 1000.000000000000000 ) ;
#1492 = EDGE_CURVE ( 'NONE', #503, #78, #2917, .T. ) ;
#1493 = ADVANCED_FACE ( 'NONE', ( #4287 ), #5962, .T. ) ;
#1494 = CARTESIAN_POINT ( 'NONE',  ( 26.57566666666666677, 40.51511111111111063, -6.349999999999999645 ) ) ;
#1495 = CARTESIAN_POINT ( 'NONE',  ( 10.03097222222222129, 42.25772222222223462, -6.349999999999999645 ) ) ;
#1496 = DIRECTION ( 'NONE',  ( 0.6355813793812191692, -0.7720338789093821319, 0.000000000000000000 ) ) ;
#1497 = ORIENTED_EDGE ( 'NONE', *, *, #1857, .T. ) ;
#1498 = DIRECTION ( 'NONE',  ( -0.000000000000000000, 1.000000000000000000, -0.000000000000000000 ) ) ;
#1499 = CARTESIAN_POINT ( 'NONE',  ( 7.545000000000000817, 38.73400000000000176, -6.049999999999999822 ) ) ;
#1500 = VECTOR ( 'NONE', #2946, 999.9999999999998863 ) ;
#1501 = CARTESIAN_POINT ( 'NONE',  ( 13.23463888888888995, 37.46155555555555594, -6.049999999999999822 ) ) ;
#1502 = VERTEX_POINT ( 'NONE', #4865 ) ;
#1503 = VECTOR ( 'NONE', #4530, 1000.000000000000227 ) ;
#1504 = VECTOR ( 'NONE', #674, 1000.000000000000000 ) ;
#1505 = ORIENTED_EDGE ( 'NONE', *, *, #2979, .T. ) ;
#1506 = LINE ( 'NONE', #5621, #5391 ) ;
#1507 = CARTESIAN_POINT ( 'NONE',  ( 8.185888888888889880, 37.75711111111111506, -6.049999999999999822 ) ) ;
#1508 = ORIENTED_EDGE ( 'NONE', *, *, #2591, .F. ) ;
#1509 = DIRECTION ( 'NONE',  ( -0.9953943807462918292, -0.09586462735913688082, 0.000000000000000000 ) ) ;
#1510 = DIRECTION ( 'NONE',  ( -0.6011309404133673429, 0.7991505443142367104, 0.000000000000000000 ) ) ;
#1511 = VECTOR ( 'NONE', #5705, 1000.000000000000000 ) ;
#1512 = AXIS2_PLACEMENT_3D ( 'NONE', #3727, #4391, #6742 ) ;
#1513 = PLANE ( 'NONE',  #5887 ) ;
#1514 = VECTOR ( 'NONE', #2987, 1000.000000000000000 ) ;
#1515 = VECTOR ( 'NONE', #2324, 1000.000000000000000 ) ;
#1516 = VECTOR ( 'NONE', #805, 1000.000000000000000 ) ;
#1517 = VECTOR ( 'NONE', #679, 1000.000000000000114 ) ;
#1518 =( NAMED_UNIT ( * ) SI_UNIT ( $, .STERADIAN. ) SOLID_ANGLE_UNIT ( ) );
#1519 = ORIENTED_EDGE ( 'NONE', *, *, #5366, .T. ) ;
#1520 = CARTESIAN_POINT ( 'NONE',  ( 27.74699999999999989, 28.50000000000000000, -6.049999999999999822 ) ) ;
#1521 = CARTESIAN_POINT ( 'NONE',  ( 3.134999999999999787, 40.13400000000000034, -6.349999999999999645 ) ) ;
#1522 = VECTOR ( 'NONE', #2738, 1000.000000000000000 ) ;
#1523 = AXIS2_PLACEMENT_3D ( 'NONE', #3312, #5659, #2088 ) ;
#1524 = EDGE_CURVE ( 'NONE', #656, #5619, #5458, .T. ) ;
#1525 = VECTOR ( 'NONE', #2889, 1000.000000000000114 ) ;
#1526 = ORIENTED_EDGE ( 'NONE', *, *, #860, .F. ) ;
#1527 = VECTOR ( 'NONE', #213, 1000.000000000000000 ) ;
#1528 = DIRECTION ( 'NONE',  ( 0.9930546649253049196, 0.1176538672126437035, 0.000000000000000000 ) ) ;
#1529 = EDGE_LOOP ( 'NONE', ( #5797, #6863, #393, #5805 ) ) ;
#1530 = DIRECTION ( 'NONE',  ( -1.000000000000000000, -0.000000000000000000, -0.000000000000000000 ) ) ;
#1531 = DIRECTION ( 'NONE',  ( -0.9128360532883119660, 0.4083262663814540838, 0.000000000000000000 ) ) ;
#1532 = CARTESIAN_POINT ( 'NONE',  ( 15.00000000000000000, 21.10000000000000142, 7.074999999999998401 ) ) ;
#1533 = LINE ( 'NONE', #414, #884 ) ;
#1534 = ORIENTED_EDGE ( 'NONE', *, *, #4695, .T. ) ;
#1535 = EDGE_CURVE ( 'NONE', #5243, #6238, #7156, .T. ) ;
#1536 = ORIENTED_EDGE ( 'NONE', *, *, #3273, .F. ) ;
#1537 = DIRECTION ( 'NONE',  ( 0.6062459425552467751, 0.7952772203045302968, -0.000000000000000000 ) ) ;
#1538 = LINE ( 'NONE', #3422, #2256 ) ;
#1539 = ORIENTED_EDGE ( 'NONE', *, *, #6763, .T. ) ;
#1540 = DIRECTION ( 'NONE',  ( -0.000000000000000000, 1.000000000000000000, 0.000000000000000000 ) ) ;
#1541 = CARTESIAN_POINT ( 'NONE',  ( 14.44699999999999918, 40.91800000000000637, -6.349999999999999645 ) ) ;
#1542 = DIRECTION ( 'NONE',  ( 0.000000000000000000, 0.000000000000000000, -1.000000000000000000 ) ) ;
#1543 = EDGE_CURVE ( 'NONE', #1274, #6484, #4205, .T. ) ;
#1544 = EDGE_CURVE ( 'NONE', #2355, #6551, #2991, .T. ) ;
#1545 = EDGE_CURVE ( 'NONE', #6645, #4129, #1100, .T. ) ;
#1546 = ORIENTED_EDGE ( 'NONE', *, *, #5696, .F. ) ;
#1547 = ORIENTED_EDGE ( 'NONE', *, *, #6102, .T. ) ;
#1548 = DIRECTION ( 'NONE',  ( -0.8865077266630938535, -0.4627137890387891805, 0.000000000000000000 ) ) ;
#1549 = PLANE ( 'NONE',  #108 ) ;
#1550 = ORIENTED_EDGE ( 'NONE', *, *, #2403, .F. ) ;
#1551 = DIRECTION ( 'NONE',  ( -0.3455483616676802705, 0.9384009429603008545, 0.000000000000000000 ) ) ;
#1552 = DIRECTION ( 'NONE',  ( 0.4698490814454055475, -0.8827467590792438257, -0.000000000000000000 ) ) ;
#1553 = DIRECTION ( 'NONE',  ( 1.000000000000000000, 0.000000000000000000, 0.000000000000000000 ) ) ;
#1554 = CARTESIAN_POINT ( 'NONE',  ( 14.02699999999999925, 38.56600000000000250, -6.049999999999999822 ) ) ;
#1555 = ORIENTED_EDGE ( 'NONE', *, *, #6191, .T. ) ;
#1556 = AXIS2_PLACEMENT_3D ( 'NONE', #6026, #1356, #4302 ) ;
#1557 = CARTESIAN_POINT ( 'NONE',  ( 3.042249999999999233, 32.47950000000000159, -6.049999999999999822 ) ) ;
#1558 = CARTESIAN_POINT ( 'NONE',  ( 12.22100000000000009, 42.14999999999999858, -6.049999999999999822 ) ) ;
#1559 = VECTOR ( 'NONE', #7681, 1000.000000000000114 ) ;
#1560 = VERTEX_POINT ( 'NONE', #583 ) ;
#1561 = FACE_OUTER_BOUND ( 'NONE', #6753, .T. ) ;
#1562 = ORIENTED_EDGE ( 'NONE', *, *, #2059, .T. ) ;
#1563 = CARTESIAN_POINT ( 'NONE',  ( 23.71188888888888968, 32.39977777777777845, -6.349999999999999645 ) ) ;
#1564 = CARTESIAN_POINT ( 'NONE',  ( 13.85530555555555488, 38.33888888888888857, -6.049999999999999822 ) ) ;
#1565 = CARTESIAN_POINT ( 'NONE',  ( 26.57566666666666677, 40.51511111111111063, -6.049999999999999822 ) ) ;
#1566 = DIRECTION ( 'NONE',  ( -0.5093360179423095380, 0.8605677316903482810, 0.000000000000000000 ) ) ;
#1567 = ADVANCED_FACE ( 'NONE', ( #6599 ), #7114, .F. ) ;
#1568 = ORIENTED_EDGE ( 'NONE', *, *, #5043, .F. ) ;
#1569 = ORIENTED_EDGE ( 'NONE', *, *, #820, .F. ) ;
#1570 = CARTESIAN_POINT ( 'NONE',  ( 11.72225000000000072, 38.48899999999999721, -6.349999999999999645 ) ) ;
#1571 = DIRECTION ( 'NONE',  ( 1.000000000000000000, -0.000000000000000000, -0.000000000000000000 ) ) ;
#1572 = ORIENTED_EDGE ( 'NONE', *, *, #4102, .T. ) ;
#1573 = DIRECTION ( 'NONE',  ( 1.000000000000000000, 0.000000000000000000, 0.000000000000000000 ) ) ;
#1574 = CARTESIAN_POINT ( 'NONE',  ( 12.13349999999999973, 41.95438888888888584, -6.049999999999999822 ) ) ;
#1575 = DIRECTION ( 'NONE',  ( 0.000000000000000000, 0.000000000000000000, 1.000000000000000000 ) ) ;
#1576 = ADVANCED_FACE ( 'NONE', ( #2357 ), #2476, .T. ) ;
#1577 = EDGE_LOOP ( 'NONE', ( #6515, #7112, #547, #7695 ) ) ;
#1578 = EDGE_CURVE ( 'NONE', #4922, #4901, #5379, .T. ) ;
#1579 = ORIENTED_EDGE ( 'NONE', *, *, #4071, .T. ) ;
#1580 = PLANE ( 'NONE',  #3141 ) ;
#1581 = EDGE_CURVE ( 'NONE', #6601, #970, #7789, .T. ) ;
#1582 = DIRECTION ( 'NONE',  ( -0.000000000000000000, -0.000000000000000000, -1.000000000000000000 ) ) ;
#1583 = ORIENTED_EDGE ( 'NONE', *, *, #180, .T. ) ;
#1584 = CARTESIAN_POINT ( 'NONE',  ( 3.209666666666661783, 32.36088888888888704, -6.049999999999999822 ) ) ;
#1585 = DIRECTION ( 'NONE',  ( 1.000000000000000000, -0.000000000000000000, -0.000000000000000000 ) ) ;
#1586 = LINE ( 'NONE', #517, #1629 ) ;
#1587 = EDGE_CURVE ( 'NONE', #3045, #3837, #2441, .T. ) ;
#1588 = LINE ( 'NONE', #7629, #3895 ) ;
#1589 = ADVANCED_FACE ( 'NONE', ( #4794 ), #6002, .T. ) ;
#1590 = ADVANCED_FACE ( 'NONE', ( #4830 ), #5423, .T. ) ;
#1591 = CARTESIAN_POINT ( 'NONE',  ( 4.660999999999999588, 28.62599999999999767, -6.049999999999999822 ) ) ;
#1592 = ORIENTED_EDGE ( 'NONE', *, *, #5898, .F. ) ;
#1593 = DIRECTION ( 'NONE',  ( 0.9293673053849931254, 0.3691563512679105763, 0.000000000000000000 ) ) ;
#1594 = CARTESIAN_POINT ( 'NONE',  ( 28.19811111111111046, 29.15800000000000480, -6.049999999999999822 ) ) ;
#1595 = EDGE_CURVE ( 'NONE', #4174, #1824, #6637, .T. ) ;
#1596 = EDGE_CURVE ( 'NONE', #3252, #5302, #273, .T. ) ;
#1597 = VERTEX_POINT ( 'NONE', #793 ) ;
#1598 = DIRECTION ( 'NONE',  ( -0.000000000000000000, 1.000000000000000000, 0.000000000000000000 ) ) ;
#1599 = ORIENTED_EDGE ( 'NONE', *, *, #610, .F. ) ;
#1600 = LINE ( 'NONE', #5801, #3381 ) ;
#1601 = DIRECTION ( 'NONE',  ( 0.000000000000000000, 0.000000000000000000, -1.000000000000000000 ) ) ;
#1602 = DIRECTION ( 'NONE',  ( 0.9386758984055392219, -0.3448007508004498067, 0.000000000000000000 ) ) ;
#1603 = DIRECTION ( 'NONE',  ( -0.3162277660168316684, 0.9486832980505158774, 0.000000000000000000 ) ) ;
#1604 = EDGE_LOOP ( 'NONE', ( #342, #606, #7092, #6843 ) ) ;
#1605 = ORIENTED_EDGE ( 'NONE', *, *, #5514, .T. ) ;
#1606 = LINE ( 'NONE', #3999, #2934 ) ;
#1607 = CARTESIAN_POINT ( 'NONE',  ( 4.266666666666662167, 37.01899999999999835, -6.349999999999999645 ) ) ;
#1608 = ORIENTED_EDGE ( 'NONE', *, *, #6899, .F. ) ;
#1609 = DIRECTION ( 'NONE',  ( 0.3905498468561595660, -0.9205817818752608517, 0.000000000000000000 ) ) ;
#1610 = CARTESIAN_POINT ( 'NONE',  ( 26.57566666666666677, 40.51511111111111063, -6.049999999999999822 ) ) ;
#1611 = ORIENTED_EDGE ( 'NONE', *, *, #3397, .F. ) ;
#1612 = FACE_OUTER_BOUND ( 'NONE', #6828, .T. ) ;
#1613 = ORIENTED_EDGE ( 'NONE', *, *, #6314, .T. ) ;
#1614 = EDGE_CURVE ( 'NONE', #7745, #1211, #3736, .T. ) ;
#1615 = EDGE_LOOP ( 'NONE', ( #1572, #1203, #7487, #929 ) ) ;
#1616 = CARTESIAN_POINT ( 'NONE',  ( 13.69022222222222140, 38.11488888888889193, -6.049999999999999822 ) ) ;
#1617 = DIRECTION ( 'NONE',  ( 0.000000000000000000, 0.000000000000000000, 1.000000000000000000 ) ) ;
#1618 = AXIS2_PLACEMENT_3D ( 'NONE', #5737, #347, #7557 ) ;
#1619 = ORIENTED_EDGE ( 'NONE', *, *, #7725, .T. ) ;
#1620 = DIRECTION ( 'NONE',  ( 1.000000000000000000, -0.000000000000000000, -0.000000000000000000 ) ) ;
#1621 = CARTESIAN_POINT ( 'NONE',  ( 14.32499999999999929, 16.80000000000000071, 6.425000000000000711 ) ) ;
#1622 = LINE ( 'NONE', #7714, #4884 ) ;
#1623 = LINE ( 'NONE', #7478, #1146 ) ;
#1624 = AXIS2_PLACEMENT_3D ( 'NONE', #4805, #6649, #81 ) ;
#1625 = AXIS2_PLACEMENT_3D ( 'NONE', #5604, #3816, #2587 ) ;
#1626 = ADVANCED_FACE ( 'NONE', ( #5065 ), #7464, .T. ) ;
#1627 = DIRECTION ( 'NONE',  ( 0.000000000000000000, 0.000000000000000000, -1.000000000000000000 ) ) ;
#1628 = VECTOR ( 'NONE', #2918, 1000.000000000000227 ) ;
#1629 = VECTOR ( 'NONE', #5933, 1000.000000000000000 ) ;
#1630 = VERTEX_POINT ( 'NONE', #7429 ) ;
#1631 = LINE ( 'NONE', #6263, #7426 ) ;
#1632 = CARTESIAN_POINT ( 'NONE',  ( 26.24588888888889215, 38.74488888888889448, -6.049999999999999822 ) ) ;
#1633 = EDGE_CURVE ( 'NONE', #535, #1068, #4357, .T. ) ;
#1634 = EDGE_CURVE ( 'NONE', #1742, #3691, #4915, .T. ) ;
#1635 = AXIS2_PLACEMENT_3D ( 'NONE', #3191, #3821, #4984 ) ;
#1636 = VECTOR ( 'NONE', #6269, 1000.000000000000000 ) ;
#1637 = VECTOR ( 'NONE', #461, 1000.000000000000227 ) ;
#1638 = EDGE_LOOP ( 'NONE', ( #5325, #4068, #1619, #2468 ) ) ;
#1639 = DIRECTION ( 'NONE',  ( 0.000000000000000000, 0.000000000000000000, -1.000000000000000000 ) ) ;
#1640 = ORIENTED_EDGE ( 'NONE', *, *, #7518, .F. ) ;
#1641 = CARTESIAN_POINT ( 'NONE',  ( 27.32155555555555893, 30.78511111111111020, -6.049999999999999822 ) ) ;
#1642 = AXIS2_PLACEMENT_3D ( 'NONE', #4107, #2193, #7571 ) ;
#1643 = FACE_OUTER_BOUND ( 'NONE', #2077, .T. ) ;
#1644 = VECTOR ( 'NONE', #3672, 999.9999999999998863 ) ;
#1645 = CARTESIAN_POINT ( 'NONE',  ( 11.35980555555555505, 38.00055555555555742, -6.049999999999999822 ) ) ;
#1646 = CARTESIAN_POINT ( 'NONE',  ( 2.968944444444440833, 30.39038888888888934, -6.049999999999999822 ) ) ;
#1647 = VERTEX_POINT ( 'NONE', #4323 ) ;
#1648 = VECTOR ( 'NONE', #5322, 999.9999999999998863 ) ;
#1649 = VECTOR ( 'NONE', #1809, 1000.000000000000114 ) ;
#1650 = ORIENTED_EDGE ( 'NONE', *, *, #2273, .T. ) ;
#1651 = DIRECTION ( 'NONE',  ( 0.000000000000000000, 0.000000000000000000, 1.000000000000000000 ) ) ;
#1652 = DIRECTION ( 'NONE',  ( -0.5844259463834344803, -0.8114470489155943822, 0.000000000000000000 ) ) ;
#1653 = ORIENTED_EDGE ( 'NONE', *, *, #4221, .T. ) ;
#1654 = LINE ( 'NONE', #6474, #2997 ) ;
#1655 = CARTESIAN_POINT ( 'NONE',  ( 1.005833333333331581, 32.04238888888888681, -6.049999999999999822 ) ) ;
#1656 = ORIENTED_EDGE ( 'NONE', *, *, #6947, .F. ) ;
#1657 = DIRECTION ( 'NONE',  ( -0.1643989873053584849, -0.9863939238321435266, 0.000000000000000000 ) ) ;
#1658 = VECTOR ( 'NONE', #5165, 1000.000000000000000 ) ;
#1659 = ORIENTED_EDGE ( 'NONE', *, *, #5707, .T. ) ;
#1660 = ORIENTED_EDGE ( 'NONE', *, *, #3967, .F. ) ;
#1661 = LINE ( 'NONE', #668, #759 ) ;
#1662 = CARTESIAN_POINT ( 'NONE',  ( 11.73099999999999987, 40.91800000000000637, -6.049999999999999822 ) ) ;
#1663 = ORIENTED_EDGE ( 'NONE', *, *, #2205, .T. ) ;
#1664 = DIRECTION ( 'NONE',  ( -0.7581947825754449255, 0.6520281218439691884, 0.000000000000000000 ) ) ;
#1665 = PLANE ( 'NONE',  #375 ) ;
#1666 = LINE ( 'NONE', #2839, #7020 ) ;
#1667 = ADVANCED_FACE ( 'NONE', ( #227 ), #5544, .T. ) ;
#1668 = ORIENTED_EDGE ( 'NONE', *, *, #4181, .T. ) ;
#1669 = CARTESIAN_POINT ( 'NONE',  ( 9.309000000000001052, 31.31400000000000006, -6.349999999999999645 ) ) ;
#1670 = ORIENTED_EDGE ( 'NONE', *, *, #969, .F. ) ;
#1671 =( NAMED_UNIT ( * ) PLANE_ANGLE_UNIT ( ) SI_UNIT ( $, .RADIAN. ) );
#1672 = DIRECTION ( 'NONE',  ( 0.1105592572957863479, 0.9938695340064530592, 0.000000000000000000 ) ) ;
#1673 = ADVANCED_FACE ( 'NONE', ( #3783 ), #4985, .T. ) ;
#1674 = ADVANCED_FACE ( 'NONE', ( #6684 ), #3822, .T. ) ;
#1676 = ORIENTED_EDGE ( 'NONE', *, *, #7063, .T. ) ;
#1675 = ADVANCED_FACE ( 'NONE', ( #155 ), #7348, .F. ) ;
#1677 = EDGE_CURVE ( 'NONE', #5591, #5067, #3107, .T. ) ;
#1678 = CARTESIAN_POINT ( 'NONE',  ( 3.799999999999998934, 38.22299999999999898, -6.049999999999999822 ) ) ;
#1679 = ORIENTED_EDGE ( 'NONE', *, *, #6380, .F. ) ;
#1680 = FACE_OUTER_BOUND ( 'NONE', #1638, .T. ) ;
#1681 = DIRECTION ( 'NONE',  ( 0.3455483616676803260, -0.9384009429603008545, 0.000000000000000000 ) ) ;
#1682 = CARTESIAN_POINT ( 'NONE',  ( 11.73099999999999987, 40.91800000000000637, -6.049999999999999822 ) ) ;
#1683 = FACE_OUTER_BOUND ( 'NONE', #6900, .T. ) ;
#1684 = ORIENTED_EDGE ( 'NONE', *, *, #3733, .T. ) ;
#1685 = VERTEX_POINT ( 'NONE', #744 ) ;
#1686 = ORIENTED_EDGE ( 'NONE', *, *, #595, .T. ) ;
#1687 = DIRECTION ( 'NONE',  ( 0.8824518193918776676, 0.4704027917136173742, 0.000000000000000000 ) ) ;
#1688 = ORIENTED_EDGE ( 'NONE', *, *, #1831, .F. ) ;
#1689 = FACE_OUTER_BOUND ( 'NONE', #3551, .T. ) ;
#1690 = VECTOR ( 'NONE', #558, 999.9999999999998863 ) ;
#1691 = LINE ( 'NONE', #5142, #3915 ) ;
#1692 = VERTEX_POINT ( 'NONE', #1459 ) ;
#1693 = CARTESIAN_POINT ( 'NONE',  ( 8.019249999999999545, 38.00600000000000023, -6.049999999999999822 ) ) ;
#1694 = EDGE_CURVE ( 'NONE', #7609, #6601, #6119, .T. ) ;
#1695 = ORIENTED_EDGE ( 'NONE', *, *, #7378, .F. ) ;
#1696 = VERTEX_POINT ( 'NONE', #194 ) ;
#1697 = FACE_OUTER_BOUND ( 'NONE', #7123, .T. ) ;
#1698 = CARTESIAN_POINT ( 'NONE',  ( 15.67500000000000071, 16.80000000000000071, 5.000000000000000000 ) ) ;
#1699 = ORIENTED_EDGE ( 'NONE', *, *, #7575, .T. ) ;
#1700 = FACE_OUTER_BOUND ( 'NONE', #1034, .T. ) ;
#1701 = LINE ( 'NONE', #6486, #1398 ) ;
#1702 = CARTESIAN_POINT ( 'NONE',  ( 4.197444444444437650, 30.99977777777777632, -6.049999999999999822 ) ) ;
#1703 = DIRECTION ( 'NONE',  ( -1.000000000000000000, -0.000000000000000000, -0.000000000000000000 ) ) ;
#1704 = VERTEX_POINT ( 'NONE', #2596 ) ;
#1705 = LINE ( 'NONE', #5238, #2276 ) ;
#1706 = EDGE_CURVE ( 'NONE', #5114, #760, #1299, .T. ) ;
#1707 = ORIENTED_EDGE ( 'NONE', *, *, #3708, .F. ) ;
#1708 = PLANE ( 'NONE',  #4148 ) ;
#1709 = ORIENTED_EDGE ( 'NONE', *, *, #5514, .F. ) ;
#1710 = CARTESIAN_POINT ( 'NONE',  ( 9.610000000000001208, 40.91800000000000637, -6.049999999999999822 ) ) ;
#1711 = CARTESIAN_POINT ( 'NONE',  ( 18.94722222222222285, 32.24111111111110972, -6.049999999999999822 ) ) ;
#1712 = FACE_OUTER_BOUND ( 'NONE', #7775, .T. ) ;
#1713 = PLANE ( 'NONE',  #4004 ) ;
#1714 = UNCERTAINTY_MEASURE_WITH_UNIT (LENGTH_MEASURE( 1.000000000000000082E-05 ), #6819, 'distance_accuracy_value', 'NONE');
#1715 = ORIENTED_EDGE ( 'NONE', *, *, #5943, .F. ) ;
#1716 = ORIENTED_EDGE ( 'NONE', *, *, #610, .T. ) ;
#1717 = EDGE_CURVE ( 'NONE', #1221, #4937, #6205, .T. ) ;
#1718 = VERTEX_POINT ( 'NONE', #3702 ) ;
#1719 = DIRECTION ( 'NONE',  ( 0.8791730145210678860, 0.4765026868108281355, 0.000000000000000000 ) ) ;
#1720 = ORIENTED_EDGE ( 'NONE', *, *, #2829, .T. ) ;
#1721 = DIRECTION ( 'NONE',  ( 0.3484539473391050080, -0.9373259020126331054, 0.000000000000000000 ) ) ;
#1722 = CARTESIAN_POINT ( 'NONE',  ( 28.85144444444444645, 30.05750000000000099, -6.349999999999999645 ) ) ;
#1723 = ADVANCED_FACE ( 'NONE', ( #6242 ), #862, .F. ) ;
#1724 = ORIENTED_EDGE ( 'NONE', *, *, #4796, .F. ) ;
#1725 = CARTESIAN_POINT ( 'NONE',  ( 22.00233333333333263, 37.77888888888888630, -6.349999999999999645 ) ) ;
#1726 = EDGE_CURVE ( 'NONE', #5601, #7066, #5725, .T. ) ;
#1727 = ORIENTED_EDGE ( 'NONE', *, *, #5039, .F. ) ;
#1728 = EDGE_CURVE ( 'NONE', #7006, #3456, #305, .T. ) ;
#1729 = VERTEX_POINT ( 'NONE', #6318 ) ;
#1730 = DIRECTION ( 'NONE',  ( 0.3162277660168316684, -0.9486832980505158774, 0.000000000000000000 ) ) ;
#1731 = CARTESIAN_POINT ( 'NONE',  ( 4.660999999999999588, 28.62599999999999767, -6.349999999999999645 ) ) ;
#1732 = ORIENTED_EDGE ( 'NONE', *, *, #1726, .T. ) ;
#1733 = LINE ( 'NONE', #1854, #3124 ) ;
#1734 = LINE ( 'NONE', #5156, #5777 ) ;
#1735 = LINE ( 'NONE', #6415, #7650 ) ;
#1736 = ORIENTED_EDGE ( 'NONE', *, *, #5268, .T. ) ;
#1737 = AXIS2_PLACEMENT_3D ( 'NONE', #2292, #3433, #6368 ) ;
#1738 = ORIENTED_EDGE ( 'NONE', *, *, #3566, .T. ) ;
#1739 = CARTESIAN_POINT ( 'NONE',  ( 23.27322222222222337, 30.31688888888889011, -6.049999999999999822 ) ) ;
#1740 = CARTESIAN_POINT ( 'NONE',  ( 19.16150000000000020, 30.09950000000000259, -6.349999999999999645 ) ) ;
#1741 = DIRECTION ( 'NONE',  ( 0.000000000000000000, 0.000000000000000000, -1.000000000000000000 ) ) ;
#1742 = VERTEX_POINT ( 'NONE', #5098 ) ;
#1743 = VECTOR ( 'NONE', #2113, 1000.000000000000000 ) ;
#1744 = DIRECTION ( 'NONE',  ( 0.000000000000000000, 0.000000000000000000, -1.000000000000000000 ) ) ;
#1745 = AXIS2_PLACEMENT_3D ( 'NONE', #64, #2469, #4278 ) ;
#1746 = VECTOR ( 'NONE', #2560, 1000.000000000000114 ) ;
#1747 = AXIS2_PLACEMENT_3D ( 'NONE', #4607, #1074, #5788 ) ;
#1748 = LINE ( 'NONE', #3010, #6907 ) ;
#1749 = ORIENTED_EDGE ( 'NONE', *, *, #2251, .F. ) ;
#1750 = LINE ( 'NONE', #2896, #4256 ) ;
#1751 = LINE ( 'NONE', #7254, #270 ) ;
#1752 = FACE_OUTER_BOUND ( 'NONE', #1844, .T. ) ;
#1753 = DIRECTION ( 'NONE',  ( 0.5575941640844650493, 0.8301136959350488009, -0.000000000000000000 ) ) ;
#1754 = AXIS2_PLACEMENT_3D ( 'NONE', #5612, #4478, #3263 ) ;
#1755 = VECTOR ( 'NONE', #4905, 1000.000000000000000 ) ;
#1756 = VECTOR ( 'NONE', #2705, 1000.000000000000000 ) ;
#1757 = EDGE_CURVE ( 'NONE', #6238, #346, #6984, .T. ) ;
#1758 = ORIENTED_EDGE ( 'NONE', *, *, #2594, .T. ) ;
#1759 = ORIENTED_EDGE ( 'NONE', *, *, #4562, .F. ) ;
#1760 = VECTOR ( 'NONE', #6561, 1000.000000000000114 ) ;
#1761 = VECTOR ( 'NONE', #7458, 1000.000000000000000 ) ;
#1762 = ORIENTED_EDGE ( 'NONE', *, *, #1771, .F. ) ;
#1763 = VECTOR ( 'NONE', #7179, 1000.000000000000000 ) ;
#1764 = CARTESIAN_POINT ( 'NONE',  ( 21.75499999999999901, 31.48200000000000287, -6.049999999999999822 ) ) ;
#1765 = AXIS2_PLACEMENT_3D ( 'NONE', #6015, #3595, #3000 ) ;
#1766 = ORIENTED_EDGE ( 'NONE', *, *, #5366, .F. ) ;
#1767 = FACE_OUTER_BOUND ( 'NONE', #4005, .T. ) ;
#1768 = CARTESIAN_POINT ( 'NONE',  ( 13.23463888888888995, 37.46155555555555594, -6.049999999999999822 ) ) ;
#1769 = CARTESIAN_POINT ( 'NONE',  ( 36.00000000000000711, 55.50000000000000000, -6.349999999999999645 ) ) ;
#1770 = LINE ( 'NONE', #5419, #5769 ) ;
#1771 = EDGE_CURVE ( 'NONE', #1742, #5285, #335, .T. ) ;
#1772 = AXIS2_PLACEMENT_3D ( 'NONE', #1043, #3361, #6422 ) ;
#1773 = VECTOR ( 'NONE', #1329, 1000.000000000000000 ) ;
#1774 = ORIENTED_EDGE ( 'NONE', *, *, #4944, .F. ) ;
#1775 = ORIENTED_EDGE ( 'NONE', *, *, #7446, .T. ) ;
#1776 = LINE ( 'NONE', #3548, #5775 ) ;
#1777 = DIRECTION ( 'NONE',  ( -1.000000000000000000, -0.000000000000000000, -0.000000000000000000 ) ) ;
#1778 = ADVANCED_FACE ( 'NONE', ( #7497 ), #7611, .T. ) ;
#1779 = VERTEX_POINT ( 'NONE', #1495 ) ;
#1780 = FACE_OUTER_BOUND ( 'NONE', #1449, .T. ) ;
#1781 = VECTOR ( 'NONE', #241, 1000.000000000000000 ) ;
#1782 = ADVANCED_FACE ( 'NONE', ( #3457 ), #1059, .T. ) ;
#1783 = DIRECTION ( 'NONE',  ( -0.8586856658664606678, -0.5125026119303909278, 0.000000000000000000 ) ) ;
#1784 = VECTOR ( 'NONE', #5295, 1000.000000000000000 ) ;
#1785 = EDGE_CURVE ( 'NONE', #4856, #3963, #5842, .T. ) ;
#1786 = LINE ( 'NONE', #2446, #7406 ) ;
#1787 = ORIENTED_EDGE ( 'NONE', *, *, #6613, .F. ) ;
#1788 = CARTESIAN_POINT ( 'NONE',  ( 3.246999999999999886, 34.73349999999999937, -6.049999999999999822 ) ) ;
#1789 = DIRECTION ( 'NONE',  ( -0.05854140323080748998, 0.9982849814095010599, 0.000000000000000000 ) ) ;
#1790 = LINE ( 'NONE', #4183, #7691 ) ;
#1791 = EDGE_CURVE ( 'NONE', #835, #2880, #3308, .T. ) ;
#1792 = ORIENTED_EDGE ( 'NONE', *, *, #156, .T. ) ;
#1793 = DIRECTION ( 'NONE',  ( 0.000000000000000000, -0.000000000000000000, 1.000000000000000000 ) ) ;
#1794 = EDGE_CURVE ( 'NONE', #627, #6348, #5214, .T. ) ;
#1795 = CARTESIAN_POINT ( 'NONE',  ( 10.62500000000000000, 37.25000000000000000, -6.349999999999999645 ) ) ;
#1796 = LINE ( 'NONE', #4187, #883 ) ;
#1797 = ORIENTED_EDGE ( 'NONE', *, *, #4354, .T. ) ;
#1798 = DIRECTION ( 'NONE',  ( 0.1105592572957863479, 0.9938695340064530592, 0.000000000000000000 ) ) ;
#1799 = LINE ( 'NONE', #2379, #5161 ) ;
#1800 = DIRECTION ( 'NONE',  ( -0.9386758984055391108, 0.3448007508004498067, 0.000000000000000000 ) ) ;
#1801 = FACE_OUTER_BOUND ( 'NONE', #2320, .T. ) ;
#1802 = ORIENTED_EDGE ( 'NONE', *, *, #5455, .T. ) ;
#1803 = ORIENTED_EDGE ( 'NONE', *, *, #1041, .F. ) ;
#1804 = ORIENTED_EDGE ( 'NONE', *, *, #956, .T. ) ;
#1805 = DIRECTION ( 'NONE',  ( 0.02754056993595977582, -0.9996206865644600148, 0.000000000000000000 ) ) ;
#1806 = EDGE_CURVE ( 'NONE', #429, #5505, #455, .T. ) ;
#1807 = VERTEX_POINT ( 'NONE', #2744 ) ;
#1808 = DIRECTION ( 'NONE',  ( -0.000000000000000000, 0.000000000000000000, 1.000000000000000000 ) ) ;
#1809 = DIRECTION ( 'NONE',  ( -0.3162277660168316684, 0.9486832980505158774, 0.000000000000000000 ) ) ;
#1810 = ORIENTED_EDGE ( 'NONE', *, *, #7327, .T. ) ;
#1811 = CARTESIAN_POINT ( 'NONE',  ( 19.75300000000000011, 42.34600000000000364, -6.049999999999999822 ) ) ;
#1812 = VECTOR ( 'NONE', #6066, 999.9999999999998863 ) ;
#1813 = ORIENTED_EDGE ( 'NONE', *, *, #3865, .T. ) ;
#1814 = VECTOR ( 'NONE', #4216, 1000.000000000000000 ) ;
#1815 = ORIENTED_EDGE ( 'NONE', *, *, #6758, .F. ) ;
#1816 = LINE ( 'NONE', #1258, #1760 ) ;
#1817 = CARTESIAN_POINT ( 'NONE',  ( 9.309000000000001052, 29.74599999999999866, -6.049999999999999822 ) ) ;
#1818 = EDGE_CURVE ( 'NONE', #2795, #3946, #6919, .T. ) ;
#1819 = EDGE_LOOP ( 'NONE', ( #6928, #4251, #774, #5893 ) ) ;
#1820 = CARTESIAN_POINT ( 'NONE',  ( 28.50300000000000011, 37.92199999999999704, -6.049999999999999822 ) ) ;
#1821 = PLANE ( 'NONE',  #6274 ) ;
#1822 = CARTESIAN_POINT ( 'NONE',  ( 11.72225000000000072, 38.48899999999999721, -6.349999999999999645 ) ) ;
#1823 = EDGE_CURVE ( 'NONE', #7727, #3310, #972, .T. ) ;
#1824 = VERTEX_POINT ( 'NONE', #3934 ) ;
#1825 = CARTESIAN_POINT ( 'NONE',  ( 23.27322222222222337, 30.31688888888889011, -6.049999999999999822 ) ) ;
#1826 = CARTESIAN_POINT ( 'NONE',  ( 8.185888888888889880, 37.75711111111111506, -6.349999999999999645 ) ) ;
#1827 = EDGE_CURVE ( 'NONE', #1696, #3036, #544, .T. ) ;
#1828 = LINE ( 'NONE', #7756, #684 ) ;
#1829 = ORIENTED_EDGE ( 'NONE', *, *, #6025, .T. ) ;
#1830 = CARTESIAN_POINT ( 'NONE',  ( 27.11700000000000088, 40.82000000000000028, -6.349999999999999645 ) ) ;
#1831 = EDGE_CURVE ( 'NONE', #4960, #6779, #5137, .T. ) ;
#1832 = EDGE_CURVE ( 'NONE', #2902, #3426, #3965, .T. ) ;
#1833 = CARTESIAN_POINT ( 'NONE',  ( 25.52566666666666606, 41.93727777777777987, -6.049999999999999822 ) ) ;
#1834 = PLANE ( 'NONE',  #3150 ) ;
#1835 = ORIENTED_EDGE ( 'NONE', *, *, #7390, .T. ) ;
#1836 = DIRECTION ( 'NONE',  ( 0.3552275371410974492, 0.9347798654531825902, 0.000000000000000000 ) ) ;
#1837 = CARTESIAN_POINT ( 'NONE',  ( 27.11700000000000088, 40.82000000000000028, -6.049999999999999822 ) ) ;
#1838 = DIRECTION ( 'NONE',  ( 0.9386758984055392219, -0.3448007508004498067, 0.000000000000000000 ) ) ;
#1839 = CARTESIAN_POINT ( 'NONE',  ( 22.14699999999999847, 35.51400000000000290, -6.049999999999999822 ) ) ;
#1840 = VERTEX_POINT ( 'NONE', #3374 ) ;
#1841 = ORIENTED_EDGE ( 'NONE', *, *, #4728, .F. ) ;
#1842 = ORIENTED_EDGE ( 'NONE', *, *, #1545, .T. ) ;
#1843 = DIRECTION ( 'NONE',  ( 0.000000000000000000, 0.000000000000000000, -1.000000000000000000 ) ) ;
#1844 = EDGE_LOOP ( 'NONE', ( #7129, #3540, #391, #6360 ) ) ;
#1845 = CARTESIAN_POINT ( 'NONE',  ( 29.00699999999999790, 33.69400000000000261, -6.349999999999999645 ) ) ;
#1846 = CARTESIAN_POINT ( 'NONE',  ( 22.06883333333333752, 36.64488888888888596, -6.049999999999999822 ) ) ;
#1847 = CARTESIAN_POINT ( 'NONE',  ( 13.37988888888888539, 37.67622222222222206, -6.349999999999999645 ) ) ;
#1848 = LINE ( 'NONE', #6513, #3146 ) ;
#1849 = ORIENTED_EDGE ( 'NONE', *, *, #6186, .F. ) ;
#1850 = ORIENTED_EDGE ( 'NONE', *, *, #5162, .T. ) ;
#1851 = DIRECTION ( 'NONE',  ( 0.000000000000000000, 0.000000000000000000, 1.000000000000000000 ) ) ;
#1852 = LINE ( 'NONE', #4127, #2126 ) ;
#1853 = ORIENTED_EDGE ( 'NONE', *, *, #3164, .F. ) ;
#1854 = CARTESIAN_POINT ( 'NONE',  ( 12.66199999999999903, 39.35000000000000142, -6.049999999999999822 ) ) ;
#1855 = LINE ( 'NONE', #5347, #636 ) ;
#1856 = LINE ( 'NONE', #6689, #2632 ) ;
#1857 = EDGE_CURVE ( 'NONE', #3456, #962, #5767, .T. ) ;
#1858 = ORIENTED_EDGE ( 'NONE', *, *, #250, .T. ) ;
#1859 = CARTESIAN_POINT ( 'NONE',  ( 4.001250000000000639, 32.28699999999999903, -6.049999999999999822 ) ) ;
#1860 = CARTESIAN_POINT ( 'NONE',  ( 3.993666666666666032, 35.85972222222222427, -6.049999999999999822 ) ) ;
#1861 = VERTEX_POINT ( 'NONE', #7577 ) ;
#1862 = CARTESIAN_POINT ( 'NONE',  ( 11.96550000000000047, 41.55149999999999721, -6.349999999999999645 ) ) ;
#1863 = VERTEX_POINT ( 'NONE', #4590 ) ;
#1864 = CARTESIAN_POINT ( 'NONE',  ( 23.71966666666666868, 40.95844444444444576, -6.049999999999999822 ) ) ;
#1865 = AXIS2_PLACEMENT_3D ( 'NONE', #3969, #1540, #6922 ) ;
#1866 = EDGE_CURVE ( 'NONE', #6471, #3998, #1606, .T. ) ;
#1867 = DIRECTION ( 'NONE',  ( -1.000000000000000000, 0.000000000000000000, 0.000000000000000000 ) ) ;
#1868 = VECTOR ( 'NONE', #907, 1000.000000000000114 ) ;
#1869 = EDGE_CURVE ( 'NONE', #731, #2291, #1022, .T. ) ;
#1870 = ORIENTED_EDGE ( 'NONE', *, *, #3644, .F. ) ;
#1871 = DIRECTION ( 'NONE',  ( -0.9959593096006361668, 0.08980564358560094718, 0.000000000000000000 ) ) ;
#1872 = ADVANCED_FACE ( 'NONE', ( #3755 ), #3641, .T. ) ;
#1873 = FACE_OUTER_BOUND ( 'NONE', #7283, .T. ) ;
#1874 = EDGE_CURVE ( 'NONE', #3076, #6028, #1231, .T. ) ;
#1875 = DIRECTION ( 'NONE',  ( 0.3185577216681672597, -0.9479034644759910533, 0.000000000000000000 ) ) ;
#1876 = DIRECTION ( 'NONE',  ( 0.000000000000000000, 0.000000000000000000, -1.000000000000000000 ) ) ;
#1877 = UNCERTAINTY_MEASURE_WITH_UNIT (LENGTH_MEASURE( 1.000000000000000082E-05 ), #2299, 'distance_accuracy_value', 'NONE');
#1878 = VECTOR ( 'NONE', #1101, 1000.000000000000114 ) ;
#1879 = VERTEX_POINT ( 'NONE', #6146 ) ;
#1880 = VECTOR ( 'NONE', #576, 1000.000000000000000 ) ;
#1881 = VERTEX_POINT ( 'NONE', #53 ) ;
#1882 = FACE_OUTER_BOUND ( 'NONE', #3459, .T. ) ;
#1883 = ORIENTED_EDGE ( 'NONE', *, *, #3655, .F. ) ;
#1884 = PLANE ( 'NONE',  #5120 ) ;
#1885 = CARTESIAN_POINT ( 'NONE',  ( 13.37988888888888539, 37.67622222222222206, -6.049999999999999822 ) ) ;
#1886 = VECTOR ( 'NONE', #3658, 1000.000000000000000 ) ;
#1887 = FACE_OUTER_BOUND ( 'NONE', #3972, .T. ) ;
#1888 = VECTOR ( 'NONE', #633, 1000.000000000000000 ) ;
#1889 = CARTESIAN_POINT ( 'NONE',  ( 25.52566666666666606, 41.93727777777777987, -6.049999999999999822 ) ) ;
#1890 = ORIENTED_EDGE ( 'NONE', *, *, #4260, .F. ) ;
#1891 = VECTOR ( 'NONE', #6283, 1000.000000000000000 ) ;
#1892 = VECTOR ( 'NONE', #1304, 1000.000000000000000 ) ;
#1893 = VECTOR ( 'NONE', #1066, 1000.000000000000114 ) ;
#1894 = ORIENTED_EDGE ( 'NONE', *, *, #3655, .T. ) ;
#1895 = DIRECTION ( 'NONE',  ( -0.9996462072819705114, -0.02659812524918895443, 0.000000000000000000 ) ) ;
#1896 = EDGE_CURVE ( 'NONE', #2274, #2436, #2279, .T. ) ;
#1897 = CARTESIAN_POINT ( 'NONE',  ( 16.72899999999999920, 28.61200000000000188, -6.049999999999999822 ) ) ;
#1898 = EDGE_LOOP ( 'NONE', ( #6434, #2824, #5664, #7259 ) ) ;
#1899 = DIRECTION ( 'NONE',  ( 0.3471455993010642005, 0.9378112458730195611, 0.000000000000000000 ) ) ;
#1900 = CARTESIAN_POINT ( 'NONE',  ( 17.10000000000000142, 16.80000000000000071, 3.650000000000000355 ) ) ;
#1901 = FACE_BOUND ( 'NONE', #7120, .T. ) ;
#1902 = VECTOR ( 'NONE', #3871, 1000.000000000000000 ) ;
#1903 = AXIS2_PLACEMENT_3D ( 'NONE', #3369, #5173, #6498 ) ;
#1904 = VECTOR ( 'NONE', #7661, 1000.000000000000227 ) ;
#1905 = ORIENTED_EDGE ( 'NONE', *, *, #562, .T. ) ;
#1906 = AXIS2_PLACEMENT_3D ( 'NONE', #14, #3637, #1190 ) ;
#1907 = ORIENTED_EDGE ( 'NONE', *, *, #4318, .F. ) ;
#1908 = FACE_BOUND ( 'NONE', #2487, .T. ) ;
#1909 = PLANE ( 'NONE',  #3780 ) ;
#1910 = VERTEX_POINT ( 'NONE', #7214 ) ;
#1911 = DIRECTION ( 'NONE',  ( 0.9961896004934960303, -0.08721398895021767461, 0.000000000000000000 ) ) ;
#1912 = ORIENTED_EDGE ( 'NONE', *, *, #675, .F. ) ;
#1913 = EDGE_CURVE ( 'NONE', #3684, #3634, #2459, .T. ) ;
#1914 = CARTESIAN_POINT ( 'NONE',  ( 1.212333333333331709, 31.44155555555555637, -6.349999999999999645 ) ) ;
#1915 = PLANE ( 'NONE',  #3440 ) ;
#1916 = ORIENTED_EDGE ( 'NONE', *, *, #4657, .T. ) ;
#1917 = EDGE_CURVE ( 'NONE', #4277, #1597, #3174, .T. ) ;
#1918 = DIRECTION ( 'NONE',  ( -0.9197004958272407826, 0.3926206795052031850, 0.000000000000000000 ) ) ;
#1919 = CARTESIAN_POINT ( 'NONE',  ( 6.800000000000000711, 15.50000000000000000, -3.874999999999999112 ) ) ;
#1920 = PLANE ( 'NONE',  #380 ) ;
#1921 = CARTESIAN_POINT ( 'NONE',  ( 8.356805555555554932, 37.50511111111111262, -6.349999999999999645 ) ) ;
#1922 = ORIENTED_EDGE ( 'NONE', *, *, #401, .F. ) ;
#1923 = ADVANCED_FACE ( 'NONE', ( #4673 ), #3127, .T. ) ;
#1924 = EDGE_CURVE ( 'NONE', #670, #819, #649, .T. ) ;
#1925 = EDGE_CURVE ( 'NONE', #7136, #4477, #7069, .T. ) ;
#1926 = EDGE_LOOP ( 'NONE', ( #3785, #2832, #4982, #240 ) ) ;
#1927 = LINE ( 'NONE', #5570, #1123 ) ;
#1928 = ORIENTED_EDGE ( 'NONE', *, *, #874, .F. ) ;
#1929 = LINE ( 'NONE', #7422, #991 ) ;
#1930 = CARTESIAN_POINT ( 'NONE',  ( 18.94722222222222285, 32.24111111111110972, -6.049999999999999822 ) ) ;
#1931 = ORIENTED_EDGE ( 'NONE', *, *, #6423, .T. ) ;
#1932 = DIRECTION ( 'NONE',  ( 0.3877911289114353566, -0.9217472757418891938, 0.000000000000000000 ) ) ;
#1933 = ORIENTED_EDGE ( 'NONE', *, *, #4337, .F. ) ;
#1934 = DIRECTION ( 'NONE',  ( 0.000000000000000000, -1.000000000000000000, 0.000000000000000000 ) ) ;
#1935 = CARTESIAN_POINT ( 'NONE',  ( 3.573666666666668323, 38.84600000000000364, -6.049999999999999822 ) ) ;
#1936 = ORIENTED_EDGE ( 'NONE', *, *, #5850, .T. ) ;
#1937 = DIRECTION ( 'NONE',  ( 0.000000000000000000, 0.000000000000000000, -1.000000000000000000 ) ) ;
#1938 = FACE_BOUND ( 'NONE', #7175, .T. ) ;
#1939 = DIRECTION ( 'NONE',  ( 0.1827803215831985406, 0.9831537794475198044, 0.000000000000000000 ) ) ;
#1940 = EDGE_CURVE ( 'NONE', #7192, #6949, #686, .T. ) ;
#1941 = ORIENTED_EDGE ( 'NONE', *, *, #3839, .F. ) ;
#1942 = ORIENTED_EDGE ( 'NONE', *, *, #7485, .T. ) ;
#1943 = CARTESIAN_POINT ( 'NONE',  ( 3.424916666666662834, 32.28972222222222399, -6.049999999999999822 ) ) ;
#1944 = DIRECTION ( 'NONE',  ( -0.7768830510235128495, 0.6296449198019450355, 0.000000000000000000 ) ) ;
#1945 = VERTEX_POINT ( 'NONE', #1795 ) ;
#1946 = DIRECTION ( 'NONE',  ( 0.000000000000000000, -1.000000000000000000, 0.000000000000000000 ) ) ;
#1947 = ORIENTED_EDGE ( 'NONE', *, *, #710, .T. ) ;
#1948 = CARTESIAN_POINT ( 'NONE',  ( 3.246999999999999886, 34.73349999999999937, -6.049999999999999822 ) ) ;
#1949 = LINE ( 'NONE', #4339, #6195 ) ;
#1950 = ORIENTED_EDGE ( 'NONE', *, *, #235, .T. ) ;
#1951 = DIRECTION ( 'NONE',  ( 0.000000000000000000, 1.000000000000000000, 0.000000000000000000 ) ) ;
#1952 = LINE ( 'NONE', #4305, #778 ) ;
#1953 = DIRECTION ( 'NONE',  ( -0.8913159467096120059, -0.4533827115596137936, 0.000000000000000000 ) ) ;
#1954 = LINE ( 'NONE', #780, #7135 ) ;
#1955 = ORIENTED_EDGE ( 'NONE', *, *, #3742, .F. ) ;
#1956 = ADVANCED_FACE ( 'NONE', ( #6581 ), #4186, .T. ) ;
#1957 = ORIENTED_EDGE ( 'NONE', *, *, #858, .T. ) ;
#1958 = LINE ( 'NONE', #5534, #7153 ) ;
#1959 = ORIENTED_EDGE ( 'NONE', *, *, #5902, .T. ) ;
#1960 = DIRECTION ( 'NONE',  ( -0.02754056993595977929, 0.9996206865644600148, 0.000000000000000000 ) ) ;
#1961 = LINE ( 'NONE', #7375, #1773 ) ;
#1962 = CARTESIAN_POINT ( 'NONE',  ( 15.37100000000000044, 33.69400000000000261, -6.049999999999999822 ) ) ;
#1963 = DIRECTION ( 'NONE',  ( -0.5216982509259679990, 0.8531300809259897422, 0.000000000000000000 ) ) ;
#1964 = VERTEX_POINT ( 'NONE', #6700 ) ;
#1965 = EDGE_CURVE ( 'NONE', #6017, #4975, #3601, .T. ) ;
#1966 = DIRECTION ( 'NONE',  ( 0.4871986898908694519, -0.8732911522331029408, 0.000000000000000000 ) ) ;
#1967 = CARTESIAN_POINT ( 'NONE',  ( 12.90000000000000036, 20.39999999999999858, 5.000000000000000000 ) ) ;
#1968 = DIRECTION ( 'NONE',  ( -0.5268117521885856691, 0.8499819867244201577, 0.000000000000000000 ) ) ;
#1969 = ORIENTED_EDGE ( 'NONE', *, *, #4780, .T. ) ;
#1970 = CARTESIAN_POINT ( 'NONE',  ( 7.698805555555556346, 38.49444444444444713, -6.049999999999999822 ) ) ;
#1971 = CARTESIAN_POINT ( 'NONE',  ( 21.94749999999999801, 38.91599999999999682, -6.349999999999999645 ) ) ;
#1972 = CARTESIAN_POINT ( 'NONE',  ( 14.76900000000000013, 35.68200000000000216, -6.049999999999999822 ) ) ;
#1973 = ADVANCED_FACE ( 'NONE', ( #3091 ), #5476, .F. ) ;
#1974 = ADVANCED_FACE ( 'NONE', ( #3009 ), #1915, .T. ) ;
#1975 = ORIENTED_EDGE ( 'NONE', *, *, #5518, .T. ) ;
#1976 = ORIENTED_EDGE ( 'NONE', *, *, #4372, .T. ) ;
#1977 = DIRECTION ( 'NONE',  ( 0.9494523841941936437, -0.3139110863731339740, 0.000000000000000000 ) ) ;
#1978 = DIRECTION ( 'NONE',  ( -0.8619205374735987579, -0.5070433779088556747, 0.000000000000000000 ) ) ;
#1979 = VERTEX_POINT ( 'NONE', #5521 ) ;
#1980 = LINE ( 'NONE', #5857, #2364 ) ;
#1981 = DIRECTION ( 'NONE',  ( 0.000000000000000000, 0.000000000000000000, -1.000000000000000000 ) ) ;
#1982 = VERTEX_POINT ( 'NONE', #2540 ) ;
#1983 = LINE ( 'NONE', #4460, #251 ) ;
#1984 = CARTESIAN_POINT ( 'NONE',  ( 23.09900000000000020, 40.60261111111110921, -6.049999999999999822 ) ) ;
#1985 = ORIENTED_EDGE ( 'NONE', *, *, #5189, .T. ) ;
#1986 = CARTESIAN_POINT ( 'NONE',  ( 28.50300000000000011, 37.92199999999999704, -6.049999999999999822 ) ) ;
#1987 = LINE ( 'NONE', #2661, #5412 ) ;
#1988 = CARTESIAN_POINT ( 'NONE',  ( 24.94700000000000273, 35.62599999999999767, -6.049999999999999822 ) ) ;
#1989 = ORIENTED_EDGE ( 'NONE', *, *, #5087, .T. ) ;
#1990 = AXIS2_PLACEMENT_3D ( 'NONE', #7500, #1573, #6358 ) ;
#1991 = ORIENTED_EDGE ( 'NONE', *, *, #7744, .F. ) ;
#1992 = CARTESIAN_POINT ( 'NONE',  ( 1.134555555555552431, 34.10466666666666669, -6.349999999999999645 ) ) ;
#1993 = ORIENTED_EDGE ( 'NONE', *, *, #1614, .T. ) ;
#1994 = PLANE ( 'NONE',  #1113 ) ;
#1995 = PLANE ( 'NONE',  #3288 ) ;
#1996 = CARTESIAN_POINT ( 'NONE',  ( 21.90433333333333366, 40.05622222222222462, -6.349999999999999645 ) ) ;
#1997 = LINE ( 'NONE', #4316, #6145 ) ;
#1998 = EDGE_CURVE ( 'NONE', #6167, #1076, #4930, .T. ) ;
#1999 = AXIS2_PLACEMENT_3D ( 'NONE', #1859, #556, #3559 ) ;
#2000 = VECTOR ( 'NONE', #2461, 1000.000000000000000 ) ;
#2001 = VERTEX_POINT ( 'NONE', #6614 ) ;
#2002 = PLANE ( 'NONE',  #1635 ) ;
#2004 = DIRECTION ( 'NONE',  ( 0.000000000000000000, -0.000000000000000000, 1.000000000000000000 ) ) ;
#2003 = AXIS2_PLACEMENT_3D ( 'NONE', #6003, #7748, #5344 ) ;
#2005 = LINE ( 'NONE', #6207, #7019 ) ;
#2006 = VECTOR ( 'NONE', #6126, 1000.000000000000000 ) ;
#2007 = ORIENTED_EDGE ( 'NONE', *, *, #4495, .T. ) ;
#2008 = CARTESIAN_POINT ( 'NONE',  ( 1.381499999999999062, 34.75450000000000017, -6.049999999999999822 ) ) ;
#2009 = DIRECTION ( 'NONE',  ( -0.000000000000000000, -0.000000000000000000, -1.000000000000000000 ) ) ;
#2010 = CARTESIAN_POINT ( 'NONE',  ( 1.727222222222217107, 35.38799999999999812, -6.049999999999999822 ) ) ;
#2011 = EDGE_CURVE ( 'NONE', #5952, #3667, #1949, .T. ) ;
#2012 = VECTOR ( 'NONE', #947, 1000.000000000000114 ) ;
#2013 = VECTOR ( 'NONE', #7578, 1000.000000000000000 ) ;
#2014 = ORIENTED_EDGE ( 'NONE', *, *, #235, .F. ) ;
#2015 = ORIENTED_EDGE ( 'NONE', *, *, #2127, .T. ) ;
#2016 = VECTOR ( 'NONE', #2397, 1000.000000000000000 ) ;
#2017 = EDGE_CURVE ( 'NONE', #5243, #5370, #845, .T. ) ;
#2018 = EDGE_CURVE ( 'NONE', #7356, #2460, #5113, .T. ) ;
#2019 = EDGE_LOOP ( 'NONE', ( #7110, #945, #3681, #7241 ) ) ;
#2020 = PLANE ( 'NONE',  #2135 ) ;
#2021 = EDGE_CURVE ( 'NONE', #6471, #1861, #958, .T. ) ;
#2022 = CARTESIAN_POINT ( 'NONE',  ( 22.00233333333333263, 37.77888888888888630, -6.349999999999999645 ) ) ;
#2023 = AXIS2_PLACEMENT_3D ( 'NONE', #7270, #628, #1730 ) ;
#2024 = VERTEX_POINT ( 'NONE', #2694 ) ;
#2025 = CARTESIAN_POINT ( 'NONE',  ( 14.32499999999999929, 20.39999999999999858, 5.000000000000000000 ) ) ;
#2026 = VECTOR ( 'NONE', #6033, 1000.000000000000114 ) ;
#2027 = CARTESIAN_POINT ( 'NONE',  ( 1.202999999999999403, 40.41400000000000858, -6.049999999999999822 ) ) ;
#2028 = AXIS2_PLACEMENT_3D ( 'NONE', #436, #7713, #1104 ) ;
#2029 = ORIENTED_EDGE ( 'NONE', *, *, #6634, .F. ) ;
#2030 = CARTESIAN_POINT ( 'NONE',  ( 4.001250000000000639, 32.28699999999999903, -6.349999999999999645 ) ) ;
#2031 = VECTOR ( 'NONE', #7656, 999.9999999999998863 ) ;
#2032 = VECTOR ( 'NONE', #4468, 1000.000000000000000 ) ;
#2033 = CIRCLE ( 'NONE', #6414, 2.749999999999999112 ) ;
#2034 = LINE ( 'NONE', #5082, #4067 ) ;
#2035 = VERTEX_POINT ( 'NONE', #5003 ) ;
#2036 = DIRECTION ( 'NONE',  ( -0.8724868013634567987, -0.4886376791105694894, 0.000000000000000000 ) ) ;
#2037 = LINE ( 'NONE', #6703, #1410 ) ;
#2038 = VECTOR ( 'NONE', #5712, 1000.000000000000227 ) ;
#2039 = DIRECTION ( 'NONE',  ( 0.000000000000000000, -1.000000000000000000, 0.000000000000000000 ) ) ;
#2040 = ORIENTED_EDGE ( 'NONE', *, *, #874, .T. ) ;
#2041 = PLANE ( 'NONE',  #247 ) ;
#2042 = ORIENTED_EDGE ( 'NONE', *, *, #6634, .T. ) ;
#2043 = CARTESIAN_POINT ( 'NONE',  ( 25.43699999999999761, 39.84000000000001052, -6.349999999999999645 ) ) ;
#2044 = DIRECTION ( 'NONE',  ( -0.8929409073668823638, 0.4501738952347290046, 0.000000000000000000 ) ) ;
#2045 = DIRECTION ( 'NONE',  ( 0.3812531617251601057, -0.9244706737774697203, 0.000000000000000000 ) ) ;
#2046 = CARTESIAN_POINT ( 'NONE',  ( 4.151944444444440663, 30.66611111111111398, -6.049999999999999822 ) ) ;
#2047 = ORIENTED_EDGE ( 'NONE', *, *, #5358, .F. ) ;
#2048 = EDGE_CURVE ( 'NONE', #6538, #7632, #6223, .T. ) ;
#2049 = FACE_OUTER_BOUND ( 'NONE', #7319, .T. ) ;
#2050 = CARTESIAN_POINT ( 'NONE',  ( 19.79772222222221956, 32.65061111111111103, -6.049999999999999822 ) ) ;
#2051 = CARTESIAN_POINT ( 'NONE',  ( 1.367208333333330472, 31.18343055555555310, -6.049999999999999822 ) ) ;
#2052 = VERTEX_POINT ( 'NONE', #3840 ) ;
#2053 = CARTESIAN_POINT ( 'NONE',  ( 20.63499999999999801, 33.03600000000000136, -6.049999999999999822 ) ) ;
#2054 = DIRECTION ( 'NONE',  ( -1.000000000000000000, -0.000000000000000000, -0.000000000000000000 ) ) ;
#2055 = DIRECTION ( 'NONE',  ( -0.4790408899954529121, -0.8777925869545517568, 0.000000000000000000 ) ) ;
#2056 = MANIFOLD_SOLID_BREP ( '\X2\523b5b57\X0\_\X2\593490e8\X0\', #5145 ) ;
#2057 = EDGE_LOOP ( 'NONE', ( #2983, #3083, #6550, #3481 ) ) ;
#2058 = EDGE_LOOP ( 'NONE', ( #1569, #5714, #3419, #7619 ) ) ;
#2059 = EDGE_CURVE ( 'NONE', #3171, #3991, #7364, .T. ) ;
#2060 = EDGE_LOOP ( 'NONE', ( #4598, #699, #4931, #3941 ) ) ;
#2061 = DIRECTION ( 'NONE',  ( 0.1351132047333061525, 0.9908301680443000192, 0.000000000000000000 ) ) ;
#2062 = CARTESIAN_POINT ( 'NONE',  ( 9.630416666666665293, 39.00194444444444741, -6.049999999999999822 ) ) ;
#2063 = ORIENTED_EDGE ( 'NONE', *, *, #6048, .T. ) ;
#2064 = DIRECTION ( 'NONE',  ( 0.8634407058267803414, 0.5044503419776333875, 0.000000000000000000 ) ) ;
#2065 = LINE ( 'NONE', #2027, #1265 ) ;
#2066 = ORIENTED_EDGE ( 'NONE', *, *, #648, .F. ) ;
#2067 = CARTESIAN_POINT ( 'NONE',  ( 12.17647222222221970, 39.04588888888888931, -6.049999999999999822 ) ) ;
#2068 = EDGE_CURVE ( 'NONE', #842, #6357, #2069, .T. ) ;
#2069 = LINE ( 'NONE', #5675, #7460 ) ;
#2070 = VERTEX_POINT ( 'NONE', #2659 ) ;
#2071 = DIRECTION ( 'NONE',  ( 0.000000000000000000, 0.000000000000000000, -1.000000000000000000 ) ) ;
#2072 = LINE ( 'NONE', #726, #6915 ) ;
#2073 = EDGE_CURVE ( 'NONE', #2393, #7553, #2034, .T. ) ;
#2074 = ADVANCED_FACE ( 'NONE', ( #3919 ), #3327, .T. ) ;
#2075 = EDGE_LOOP ( 'NONE', ( #3704, #5925, #5176, #575 ) ) ;
#2076 = DIRECTION ( 'NONE',  ( 0.000000000000000000, 0.000000000000000000, -1.000000000000000000 ) ) ;
#2077 = EDGE_LOOP ( 'NONE', ( #1065, #4294, #5441, #7391 ) ) ;
#2078 = LINE ( 'NONE', #4473, #7513 ) ;
#2079 = LINE ( 'NONE', #5605, #4660 ) ;
#2080 = FACE_OUTER_BOUND ( 'NONE', #5698, .T. ) ;
#2081 = CARTESIAN_POINT ( 'NONE',  ( 9.856750000000001677, 41.74750000000000227, -6.349999999999999645 ) ) ;
#2082 = VERTEX_POINT ( 'NONE', #4379 ) ;
#2083 = DIRECTION ( 'NONE',  ( -0.04020591388104039626, 0.9991914153399188425, 0.000000000000000000 ) ) ;
#2084 = DIRECTION ( 'NONE',  ( 0.5876724044410941428, 0.8090989711144261909, 0.000000000000000000 ) ) ;
#2085 = CARTESIAN_POINT ( 'NONE',  ( 11.88499999999999623, 41.34422222222222132, -6.049999999999999822 ) ) ;
#2086 = VERTEX_POINT ( 'NONE', #2724 ) ;
#2087 = CARTESIAN_POINT ( 'NONE',  ( 4.464999999999999858, 32.35000000000000142, -6.349999999999999645 ) ) ;
#2088 = DIRECTION ( 'NONE',  ( -0.8565084584846895943, -0.5161329872660541662, 0.000000000000000000 ) ) ;
#2089 = LINE ( 'NONE', #4523, #5638 ) ;
#2090 = VERTEX_POINT ( 'NONE', #3212 ) ;
#2091 = ORIENTED_EDGE ( 'NONE', *, *, #5840, .F. ) ;
#2092 = DIRECTION ( 'NONE',  ( -0.6638642315068274957, -0.7478531153414079702, 0.000000000000000000 ) ) ;
#2093 = LINE ( 'NONE', #2570, #2624 ) ;
#2094 = ORIENTED_EDGE ( 'NONE', *, *, #5316, .T. ) ;
#2095 = PLANE ( 'NONE',  #2904 ) ;
#2096 = DIRECTION ( 'NONE',  ( -0.8794327153308374445, -0.4760232128854959832, 0.000000000000000000 ) ) ;
#2097 = DIRECTION ( 'NONE',  ( -0.000000000000000000, 0.000000000000000000, 1.000000000000000000 ) ) ;
#2098 = ADVANCED_FACE ( 'NONE', ( #7514 ), #3952, .T. ) ;
#2099 = DIRECTION ( 'NONE',  ( -0.5093360179423095380, 0.8605677316903482810, 0.000000000000000000 ) ) ;
#2100 = ORIENTED_EDGE ( 'NONE', *, *, #7346, .F. ) ;
#2101 = CARTESIAN_POINT ( 'NONE',  ( 10.03097222222222129, 42.25772222222223462, -6.049999999999999822 ) ) ;
#2102 = LINE ( 'NONE', #3922, #1019 ) ;
#2103 = EDGE_CURVE ( 'NONE', #760, #3120, #173, .T. ) ;
#2104 = EDGE_CURVE ( 'NONE', #403, #4055, #3806, .T. ) ;
#2106 = ORIENTED_EDGE ( 'NONE', *, *, #1229, .F. ) ;
#2105 = EDGE_CURVE ( 'NONE', #1718, #2942, #7410, .T. ) ;
#2107 = EDGE_CURVE ( 'NONE', #1879, #2861, #7596, .T. ) ;
#2108 = LINE ( 'NONE', #297, #5018 ) ;
#2109 = ORIENTED_EDGE ( 'NONE', *, *, #5387, .F. ) ;
#2110 = DIRECTION ( 'NONE',  ( 0.4833936674099456599, 0.8754030856171132191, 0.000000000000000000 ) ) ;
#2111 = FACE_OUTER_BOUND ( 'NONE', #6913, .T. ) ;
#2112 = DIRECTION ( 'NONE',  ( 0.05854140323080748998, -0.9982849814095010599, 0.000000000000000000 ) ) ;
#2113 = DIRECTION ( 'NONE',  ( 0.000000000000000000, 0.000000000000000000, -1.000000000000000000 ) ) ;
#2114 = ORIENTED_EDGE ( 'NONE', *, *, #5470, .F. ) ;
#2115 = VECTOR ( 'NONE', #1145, 1000.000000000000000 ) ;
#2116 = DIRECTION ( 'NONE',  ( 1.000000000000000000, 0.000000000000000000, 0.000000000000000000 ) ) ;
#2117 = CARTESIAN_POINT ( 'NONE',  ( 14.76900000000000013, 37.25000000000000000, -6.049999999999999822 ) ) ;
#2118 = DIRECTION ( 'NONE',  ( 0.000000000000000000, 0.000000000000000000, -1.000000000000000000 ) ) ;
#2119 = ORIENTED_EDGE ( 'NONE', *, *, #6674, .F. ) ;
#2120 = FACE_OUTER_BOUND ( 'NONE', #460, .T. ) ;
#2121 = FACE_OUTER_BOUND ( 'NONE', #5886, .T. ) ;
#2122 = VECTOR ( 'NONE', #5350, 1000.000000000000000 ) ;
#2123 = VECTOR ( 'NONE', #1721, 1000.000000000000227 ) ;
#2124 = DIRECTION ( 'NONE',  ( 0.9584915589215660114, -0.2851209067678243114, 0.000000000000000000 ) ) ;
#2125 = VERTEX_POINT ( 'NONE', #4725 ) ;
#2126 = VECTOR ( 'NONE', #4241, 1000.000000000000000 ) ;
#2127 = EDGE_CURVE ( 'NONE', #367, #658, #3438, .T. ) ;
#2128 = VECTOR ( 'NONE', #4061, 1000.000000000000000 ) ;
#2129 = ORIENTED_EDGE ( 'NONE', *, *, #3644, .T. ) ;
#2130 = DIRECTION ( 'NONE',  ( -0.9128356160331978497, 0.4083272438881492827, 0.000000000000000000 ) ) ;
#2131 = CARTESIAN_POINT ( 'NONE',  ( 27.96477777777777618, 37.59766666666666879, -6.049999999999999822 ) ) ;
#2132 = ORIENTED_EDGE ( 'NONE', *, *, #6380, .T. ) ;
#2133 = LINE ( 'NONE', #6813, #7294 ) ;
#2134 = CARTESIAN_POINT ( 'NONE',  ( 9.989750000000000796, 38.30349999999999966, -6.349999999999999645 ) ) ;
#2135 = AXIS2_PLACEMENT_3D ( 'NONE', #6810, #2208, #1069 ) ;
#2136 = VECTOR ( 'NONE', #6284, 1000.000000000000114 ) ;
#2137 = LINE ( 'NONE', #1038, #6165 ) ;
#2138 = AXIS2_PLACEMENT_3D ( 'NONE', #3370, #332, #4551 ) ;
#2139 = VECTOR ( 'NONE', #4550, 1000.000000000000114 ) ;
#2140 = AXIS2_PLACEMENT_3D ( 'NONE', #5704, #318, #2721 ) ;
#2141 = VECTOR ( 'NONE', #4182, 1000.000000000000114 ) ;
#2142 = EDGE_CURVE ( 'NONE', #1982, #5633, #5791, .T. ) ;
#2143 = CARTESIAN_POINT ( 'NONE',  ( 23.04688888888889053, 33.02511111111110864, -6.049999999999999822 ) ) ;
#2144 = ORIENTED_EDGE ( 'NONE', *, *, #3600, .T. ) ;
#2145 = LINE ( 'NONE', #3921, #3042 ) ;
#2146 = CARTESIAN_POINT ( 'NONE',  ( 4.660999999999999588, 28.62599999999999767, -6.049999999999999822 ) ) ;
#2147 = VECTOR ( 'NONE', #2463, 1000.000000000000114 ) ;
#2148 = VECTOR ( 'NONE', #6042, 1000.000000000000227 ) ;
#2149 = ORIENTED_EDGE ( 'NONE', *, *, #2741, .F. ) ;
#2150 = EDGE_CURVE ( 'NONE', #5248, #5368, #7561, .T. ) ;
#2151 = VECTOR ( 'NONE', #6118, 1000.000000000000000 ) ;
#2152 = ORIENTED_EDGE ( 'NONE', *, *, #6279, .T. ) ;
#2153 = VECTOR ( 'NONE', #3057, 1000.000000000000000 ) ;
#2154 = PLANE ( 'NONE',  #4020 ) ;
#2155 = ORIENTED_EDGE ( 'NONE', *, *, #4602, .T. ) ;
#2156 = CARTESIAN_POINT ( 'NONE',  ( 12.90000000000000036, 20.39999999999999858, 3.650000000000000355 ) ) ;
#2157 = CARTESIAN_POINT ( 'NONE',  ( 9.690305555555553951, 41.20305555555556509, -6.049999999999999822 ) ) ;
#2158 = PLANE ( 'NONE',  #4651 ) ;
#2159 = CARTESIAN_POINT ( 'NONE',  ( 24.38505555555555304, 37.60855555555555441, -6.349999999999999645 ) ) ;
#2160 = EDGE_CURVE ( 'NONE', #1477, #1141, #4063, .T. ) ;
#2161 = EDGE_CURVE ( 'NONE', #1274, #5733, #993, .T. ) ;
#2162 = ORIENTED_EDGE ( 'NONE', *, *, #5706, .T. ) ;
#2163 = EDGE_CURVE ( 'NONE', #7418, #4414, #7122, .T. ) ;
#2164 = EDGE_CURVE ( 'NONE', #706, #6083, #6537, .T. ) ;
#2165 = VERTEX_POINT ( 'NONE', #5235 ) ;
#2166 = DIRECTION ( 'NONE',  ( 0.000000000000000000, 1.000000000000000000, 0.000000000000000000 ) ) ;
#2167 = DIRECTION ( 'NONE',  ( -0.5286641559489634323, -0.8488310846185890268, 0.000000000000000000 ) ) ;
#2168 = ORIENTED_EDGE ( 'NONE', *, *, #3557, .F. ) ;
#2169 = PLANE ( 'NONE',  #1990 ) ;
#2170 = CARTESIAN_POINT ( 'NONE',  ( 9.856750000000001677, 41.74750000000000227, -6.049999999999999822 ) ) ;
#2171 = DIRECTION ( 'NONE',  ( 0.8371596136254163545, 0.5469586650877226175, 0.000000000000000000 ) ) ;
#2172 = EDGE_CURVE ( 'NONE', #3555, #5342, #5284, .T. ) ;
#2173 = ORIENTED_EDGE ( 'NONE', *, *, #5943, .T. ) ;
#2174 = EDGE_CURVE ( 'NONE', #4826, #5505, #2927, .T. ) ;
#2175 = ORIENTED_EDGE ( 'NONE', *, *, #2931, .F. ) ;
#2176 = FACE_OUTER_BOUND ( 'NONE', #5334, .T. ) ;
#2177 = CARTESIAN_POINT ( 'NONE',  ( 28.85144444444444645, 30.05750000000000099, -6.049999999999999822 ) ) ;
#2178 = EDGE_LOOP ( 'NONE', ( #555, #4723, #6826, #5731 ) ) ;
#2179 = PLANE ( 'NONE',  #1618 ) ;
#2180 = PLANE ( 'NONE',  #2767 ) ;
#2181 = LINE ( 'NONE', #3980, #2504 ) ;
#2182 = LINE ( 'NONE', #4492, #5015 ) ;
#2183 = CARTESIAN_POINT ( 'NONE',  ( 12.43800000000000061, 39.35000000000000142, -6.049999999999999822 ) ) ;
#2184 = ORIENTED_EDGE ( 'NONE', *, *, #4563, .F. ) ;
#2185 = VECTOR ( 'NONE', #6852, 1000.000000000000000 ) ;
#2186 = LINE ( 'NONE', #4578, #3295 ) ;
#2187 = LINE ( 'NONE', #1632, #6412 ) ;
#2188 = VERTEX_POINT ( 'NONE', #1669 ) ;
#2189 = DIRECTION ( 'NONE',  ( 0.9761468189528955675, -0.2171114641103576159, 0.000000000000000000 ) ) ;
#2190 = ORIENTED_EDGE ( 'NONE', *, *, #2345, .F. ) ;
#2191 = CARTESIAN_POINT ( 'NONE',  ( 26.24588888888889215, 38.74488888888889448, -6.349999999999999645 ) ) ;
#2192 = CARTESIAN_POINT ( 'NONE',  ( 6.800000000000000711, 21.10000000000000142, -3.874999999999999112 ) ) ;
#2193 = DIRECTION ( 'NONE',  ( -0.9735776273029895789, 0.2283563084635086560, 0.000000000000000000 ) ) ;
#2194 = DIRECTION ( 'NONE',  ( -0.7689894077492823721, 0.6392615198566296009, 0.000000000000000000 ) ) ;
#2195 = EDGE_CURVE ( 'NONE', #4370, #3062, #2332, .T. ) ;
#2196 = VERTEX_POINT ( 'NONE', #2183 ) ;
#2197 = ORIENTED_EDGE ( 'NONE', *, *, #4119, .T. ) ;
#2198 = DIRECTION ( 'NONE',  ( -0.8671464062733538203, 0.4980533205262340224, 0.000000000000000000 ) ) ;
#2199 = DIRECTION ( 'NONE',  ( 0.000000000000000000, 0.000000000000000000, -1.000000000000000000 ) ) ;
#2200 = ORIENTED_EDGE ( 'NONE', *, *, #6914, .F. ) ;
#2201 = DIRECTION ( 'NONE',  ( 0.8586856658664606678, 0.5125026119303909278, 0.000000000000000000 ) ) ;
#2202 = DIRECTION ( 'NONE',  ( 0.9645571038509576089, 0.2638741999716023301, 0.000000000000000000 ) ) ;
#2203 = VERTEX_POINT ( 'NONE', #5319 ) ;
#2204 = CARTESIAN_POINT ( 'NONE',  ( 27.97411111111111026, 28.83483333333333221, -6.049999999999999822 ) ) ;
#2205 = EDGE_CURVE ( 'NONE', #678, #1144, #2806, .T. ) ;
#2206 = ORIENTED_EDGE ( 'NONE', *, *, #2363, .F. ) ;
#2207 = ORIENTED_EDGE ( 'NONE', *, *, #1874, .F. ) ;
#2208 = DIRECTION ( 'NONE',  ( -0.4907366578952566116, 0.8713079436099465669, 0.000000000000000000 ) ) ;
#2209 = LINE ( 'NONE', #1662, #7639 ) ;
#2210 = VERTEX_POINT ( 'NONE', #5200 ) ;
#2211 = LINE ( 'NONE', #7712, #5002 ) ;
#2212 = ADVANCED_FACE ( 'NONE', ( #1157 ), #1039, .F. ) ;
#2213 = CARTESIAN_POINT ( 'NONE',  ( 11.80683333333333174, 41.13305555555556481, -6.349999999999999645 ) ) ;
#2214 = EDGE_CURVE ( 'NONE', #5023, #5248, #1075, .T. ) ;
#2215 = CARTESIAN_POINT ( 'NONE',  ( 26.10900000000000531, 42.23400000000000176, -6.349999999999999645 ) ) ;
#2216 = DIRECTION ( 'NONE',  ( 0.000000000000000000, -1.000000000000000000, 0.000000000000000000 ) ) ;
#2217 = DIRECTION ( 'NONE',  ( 0.4185755034917623685, -0.9081820015154548065, -0.000000000000000000 ) ) ;
#2218 = ORIENTED_EDGE ( 'NONE', *, *, #7104, .T. ) ;
#2219 = DIRECTION ( 'NONE',  ( 0.000000000000000000, 0.000000000000000000, -1.000000000000000000 ) ) ;
#2220 = CARTESIAN_POINT ( 'NONE',  ( 3.351999999999996760, 39.48299999999999699, -6.049999999999999822 ) ) ;
#2221 = ORIENTED_EDGE ( 'NONE', *, *, #7302, .F. ) ;
#2222 = CARTESIAN_POINT ( 'NONE',  ( 19.16150000000000020, 30.09950000000000259, -6.349999999999999645 ) ) ;
#2223 = VERTEX_POINT ( 'NONE', #3475 ) ;
#2224 = LINE ( 'NONE', #4038, #2250 ) ;
#2225 = CARTESIAN_POINT ( 'NONE',  ( 9.772555555555557660, 41.47955555555555662, -6.049999999999999822 ) ) ;
#2226 = DIRECTION ( 'NONE',  ( 0.9995649172734060173, 0.02949535821462537927, 0.000000000000000000 ) ) ;
#2227 = LINE ( 'NONE', #6433, #738 ) ;
#2228 = ORIENTED_EDGE ( 'NONE', *, *, #1818, .T. ) ;
#2229 = ORIENTED_EDGE ( 'NONE', *, *, #6619, .T. ) ;
#2230 = DIRECTION ( 'NONE',  ( 0.000000000000000000, 0.000000000000000000, 1.000000000000000000 ) ) ;
#2231 = CARTESIAN_POINT ( 'NONE',  ( 23.09900000000000020, 40.60261111111110921, -6.349999999999999645 ) ) ;
#2232 = EDGE_CURVE ( 'NONE', #3543, #1742, #5861, .T. ) ;
#2233 = EDGE_LOOP ( 'NONE', ( #1724, #6084, #5566, #1306 ) ) ;
#2234 = PLANE ( 'NONE',  #105 ) ;
#2235 = DIRECTION ( 'NONE',  ( 0.000000000000000000, -0.000000000000000000, 1.000000000000000000 ) ) ;
#2236 = EDGE_LOOP ( 'NONE', ( #3318, #13, #4565, #4215 ) ) ;
#2237 = DIRECTION ( 'NONE',  ( 0.03783101662572387058, -0.9992841508705441189, 0.000000000000000000 ) ) ;
#2238 = ORIENTED_EDGE ( 'NONE', *, *, #1056, .T. ) ;
#2239 = EDGE_LOOP ( 'NONE', ( #4973, #4400, #6198, #827 ) ) ;
#2240 = LINE ( 'NONE', #1032, #361 ) ;
#2241 = LINE ( 'NONE', #3352, #4254 ) ;
#2242 = VECTOR ( 'NONE', #1609, 1000.000000000000000 ) ;
#2243 = ADVANCED_FACE ( 'NONE', ( #6489 ), #4576, .T. ) ;
#2244 = EDGE_LOOP ( 'NONE', ( #6891, #7059, #2323, #63 ) ) ;
#2245 = DIRECTION ( 'NONE',  ( 0.9989254490658516783, 0.04634595137211795085, 0.000000000000000000 ) ) ;
#2246 = DIRECTION ( 'NONE',  ( 1.000000000000000000, 0.000000000000000000, 0.000000000000000000 ) ) ;
#2247 = DIRECTION ( 'NONE',  ( -0.000000000000000000, -0.000000000000000000, -1.000000000000000000 ) ) ;
#2248 = CARTESIAN_POINT ( 'NONE',  ( 25.59411111111111126, 36.06700000000000017, -6.049999999999999822 ) ) ;
#2249 = VECTOR ( 'NONE', #4455, 1000.000000000000000 ) ;
#2250 = VECTOR ( 'NONE', #299, 1000.000000000000227 ) ;
#2251 = EDGE_CURVE ( 'NONE', #215, #5299, #3985, .T. ) ;
#2252 = EDGE_CURVE ( 'NONE', #2024, #902, #4252, .T. ) ;
#2253 = EDGE_CURVE ( 'NONE', #2627, #7716, #6652, .T. ) ;
#2254 = ORIENTED_EDGE ( 'NONE', *, *, #7289, .F. ) ;
#2255 = CARTESIAN_POINT ( 'NONE',  ( 14.32499999999999929, 20.39999999999999858, 2.225000000000000089 ) ) ;
#2256 = VECTOR ( 'NONE', #7657, 1000.000000000000114 ) ;
#2257 = AXIS2_PLACEMENT_3D ( 'NONE', #1319, #3759, #5523 ) ;
#2258 = ORIENTED_EDGE ( 'NONE', *, *, #6417, .F. ) ;
#2259 = CARTESIAN_POINT ( 'NONE',  ( 29.00699999999999790, 35.51400000000000290, -6.049999999999999822 ) ) ;
#2260 = DIRECTION ( 'NONE',  ( 1.000000000000000000, 0.000000000000000000, 0.000000000000000000 ) ) ;
#2261 = AXIS2_PLACEMENT_3D ( 'NONE', #7381, #3231, #2004 ) ;
#2262 = AXIS2_PLACEMENT_3D ( 'NONE', #587, #5932, #2409 ) ;
#2263 = VECTOR ( 'NONE', #6237, 1000.000000000000000 ) ;
#2264 = ORIENTED_EDGE ( 'NONE', *, *, #3700, .F. ) ;
#2265 = FACE_OUTER_BOUND ( 'NONE', #5482, .T. ) ;
#2266 = ORIENTED_EDGE ( 'NONE', *, *, #1405, .F. ) ;
#2267 = CARTESIAN_POINT ( 'NONE',  ( 11.21300000000000097, 37.78199999999999648, -6.049999999999999822 ) ) ;
#2268 = AXIS2_PLACEMENT_3D ( 'NONE', #4280, #5418, #1330 ) ;
#2269 = DIRECTION ( 'NONE',  ( 0.000000000000000000, 0.000000000000000000, -1.000000000000000000 ) ) ;
#2270 = VECTOR ( 'NONE', #7191, 1000.000000000000000 ) ;
#2271 = CARTESIAN_POINT ( 'NONE',  ( 19.79500000000000171, 40.73288888888888692, -6.049999999999999822 ) ) ;
#2272 = DIRECTION ( 'NONE',  ( -1.000000000000000000, -0.000000000000000000, -0.000000000000000000 ) ) ;
#2273 = EDGE_CURVE ( 'NONE', #6505, #28, #6731, .T. ) ;
#2274 = VERTEX_POINT ( 'NONE', #5352 ) ;
#2275 = ORIENTED_EDGE ( 'NONE', *, *, #5830, .F. ) ;
#2276 = VECTOR ( 'NONE', #4030, 1000.000000000000114 ) ;
#2277 = VECTOR ( 'NONE', #2826, 1000.000000000000000 ) ;
#2278 = ORIENTED_EDGE ( 'NONE', *, *, #1286, .F. ) ;
#2279 = LINE ( 'NONE', #773, #924 ) ;
#2280 = DIRECTION ( 'NONE',  ( -0.8275874075577128730, 0.5613368710960505714, 0.000000000000000000 ) ) ;
#2281 = ORIENTED_EDGE ( 'NONE', *, *, #1581, .T. ) ;
#2282 = PLANE ( 'NONE',  #2496 ) ;
#2283 = CARTESIAN_POINT ( 'NONE',  ( 24.94700000000000273, 35.62599999999999767, -6.349999999999999645 ) ) ;
#2284 = ORIENTED_EDGE ( 'NONE', *, *, #3793, .T. ) ;
#2285 = LINE ( 'NONE', #3463, #5020 ) ;
#2286 = AXIS2_PLACEMENT_3D ( 'NONE', #2613, #6666, #847 ) ;
#2287 = ORIENTED_EDGE ( 'NONE', *, *, #7585, .F. ) ;
#2288 = ORIENTED_EDGE ( 'NONE', *, *, #4748, .T. ) ;
#2289 = CARTESIAN_POINT ( 'NONE',  ( 8.185888888888889880, 37.75711111111111506, -6.049999999999999822 ) ) ;
#2290 = LINE ( 'NONE', #5855, #2879 ) ;
#2291 = VERTEX_POINT ( 'NONE', #12 ) ;
#2292 = CARTESIAN_POINT ( 'NONE',  ( 20.53233333333333377, 33.27088888888889073, -6.049999999999999822 ) ) ;
#2293 = DIRECTION ( 'NONE',  ( -0.000000000000000000, 1.000000000000000000, 0.000000000000000000 ) ) ;
#2294 = CARTESIAN_POINT ( 'NONE',  ( 12.17199999999999882, 37.25000000000000000, -6.349999999999999645 ) ) ;
#2295 = EDGE_CURVE ( 'NONE', #1153, #3176, #2418, .T. ) ;
#2296 = DIRECTION ( 'NONE',  ( -0.8639579049904341224, -0.5035640360515631908, 0.000000000000000000 ) ) ;
#2297 = ADVANCED_FACE ( 'NONE', ( #4844 ), #1313, .T. ) ;
#2298 = ORIENTED_EDGE ( 'NONE', *, *, #5022, .F. ) ;
#2299 =( LENGTH_UNIT ( ) NAMED_UNIT ( * ) SI_UNIT ( .MILLI., .METRE. ) );
#2300 = PLANE ( 'NONE',  #6665 ) ;
#2301 = EDGE_CURVE ( 'NONE', #1144, #1061, #1188, .T. ) ;
#2302 = AXIS2_PLACEMENT_3D ( 'NONE', #420, #2166, #6870 ) ;
#2303 = ORIENTED_EDGE ( 'NONE', *, *, #1379, .F. ) ;
#2304 = CARTESIAN_POINT ( 'NONE',  ( 17.10000000000000142, 20.39999999999999858, 3.650000000000000355 ) ) ;
#2305 = ORIENTED_EDGE ( 'NONE', *, *, #3982, .T. ) ;
#2306 = FACE_OUTER_BOUND ( 'NONE', #207, .T. ) ;
#2307 = EDGE_CURVE ( 'NONE', #3252, #7587, #126, .T. ) ;
#2308 = LINE ( 'NONE', #7729, #1148 ) ;
#2309 = EDGE_CURVE ( 'NONE', #2919, #148, #3716, .T. ) ;
#2310 = DIRECTION ( 'NONE',  ( 0.9262075686354448445, 0.3770139782586552912, 0.000000000000000000 ) ) ;
#2311 = DIRECTION ( 'NONE',  ( 0.000000000000000000, 0.000000000000000000, -1.000000000000000000 ) ) ;
#2312 = ORIENTED_EDGE ( 'NONE', *, *, #5254, .F. ) ;
#2313 = AXIS2_PLACEMENT_3D ( 'NONE', #1984, #922, #5710 ) ;
#2314 = ORIENTED_EDGE ( 'NONE', *, *, #6121, .F. ) ;
#2315 = ORIENTED_EDGE ( 'NONE', *, *, #5515, .F. ) ;
#2316 = CARTESIAN_POINT ( 'NONE',  ( 20.00499999999999901, 35.51400000000000290, -6.049999999999999822 ) ) ;
#2317 = ORIENTED_EDGE ( 'NONE', *, *, #4023, .F. ) ;
#2318 = LINE ( 'NONE', #7108, #4006 ) ;
#2319 = LINE ( 'NONE', #2435, #2270 ) ;
#2320 = EDGE_LOOP ( 'NONE', ( #4925, #1337, #2909, #60 ) ) ;
#2321 = DIRECTION ( 'NONE',  ( -1.000000000000000000, 0.000000000000000000, 0.000000000000000000 ) ) ;
#2322 = EDGE_LOOP ( 'NONE', ( #4114, #7273, #7170, #1534 ) ) ;
#2323 = ORIENTED_EDGE ( 'NONE', *, *, #5221, .T. ) ;
#2324 = DIRECTION ( 'NONE',  ( 0.000000000000000000, -1.000000000000000000, 0.000000000000000000 ) ) ;
#2325 = CARTESIAN_POINT ( 'NONE',  ( 19.83699999999999974, 39.30955555555555492, -6.049999999999999822 ) ) ;
#2326 = ORIENTED_EDGE ( 'NONE', *, *, #901, .F. ) ;
#2327 = LINE ( 'NONE', #7625, #2867 ) ;
#2328 = DIRECTION ( 'NONE',  ( 0.3471455993010642005, 0.9378112458730195611, 0.000000000000000000 ) ) ;
#2329 = LINE ( 'NONE', #4722, #746 ) ;
#2330 = ORIENTED_EDGE ( 'NONE', *, *, #3125, .F. ) ;
#2331 = LINE ( 'NONE', #1825, #1517 ) ;
#2332 = LINE ( 'NONE', #7087, #424 ) ;
#2333 = ORIENTED_EDGE ( 'NONE', *, *, #4268, .T. ) ;
#2334 = EDGE_CURVE ( 'NONE', #3414, #6017, #5973, .T. ) ;
#2335 = DIRECTION ( 'NONE',  ( -0.000000000000000000, 1.000000000000000000, 0.000000000000000000 ) ) ;
#2336 = CARTESIAN_POINT ( 'NONE',  ( 9.309000000000001052, 31.31400000000000006, -6.049999999999999822 ) ) ;
#2337 = ORIENTED_EDGE ( 'NONE', *, *, #6248, .T. ) ;
#2338 = EDGE_CURVE ( 'NONE', #5298, #3239, #5392, .T. ) ;
#2339 = PLANE ( 'NONE',  #5513 ) ;
#2340 = LINE ( 'NONE', #1711, #2906 ) ;
#2341 = CARTESIAN_POINT ( 'NONE',  ( 14.44699999999999918, 40.91800000000000637, -6.349999999999999645 ) ) ;
#2342 = CARTESIAN_POINT ( 'NONE',  ( 9.942888888888886001, 42.00688888888888783, -6.049999999999999822 ) ) ;
#2343 = EDGE_LOOP ( 'NONE', ( #2314, #4716, #2524, #2015 ) ) ;
#2344 = EDGE_LOOP ( 'NONE', ( #6959, #4193, #1421, #6410 ) ) ;
#2345 = EDGE_CURVE ( 'NONE', #6505, #1153, #1828, .T. ) ;
#2346 = EDGE_CURVE ( 'NONE', #5736, #5610, #3050, .T. ) ;
#2347 = ADVANCED_FACE ( 'NONE', ( #50 ), #1273, .T. ) ;
#2348 = ORIENTED_EDGE ( 'NONE', *, *, #6927, .F. ) ;
#2349 = CARTESIAN_POINT ( 'NONE',  ( 21.90433333333333366, 40.05622222222222462, -6.049999999999999822 ) ) ;
#2350 = VERTEX_POINT ( 'NONE', #719 ) ;
#2351 = CARTESIAN_POINT ( 'NONE',  ( 9.942888888888886001, 42.00688888888888783, -6.349999999999999645 ) ) ;
#2352 = DIRECTION ( 'NONE',  ( 0.6536637030251430946, 0.7567851500574370727, 0.000000000000000000 ) ) ;
#2353 = ORIENTED_EDGE ( 'NONE', *, *, #5851, .F. ) ;
#2354 = CARTESIAN_POINT ( 'NONE',  ( 2.850916666666664767, 32.85905555555555679, -6.349999999999999645 ) ) ;
#2355 = VERTEX_POINT ( 'NONE', #84 ) ;
#2356 = ORIENTED_EDGE ( 'NONE', *, *, #5709, .F. ) ;
#2357 = FACE_OUTER_BOUND ( 'NONE', #5057, .T. ) ;
#2358 = PLANE ( 'NONE',  #2003 ) ;
#2359 = EDGE_LOOP ( 'NONE', ( #1695, #2266, #2478, #7524 ) ) ;
#2360 = DIRECTION ( 'NONE',  ( -0.8273497999161718575, -0.5616870201265741214, 0.000000000000000000 ) ) ;
#2361 = LINE ( 'NONE', #4835, #6785 ) ;
#2362 = DIRECTION ( 'NONE',  ( 0.000000000000000000, 0.000000000000000000, -1.000000000000000000 ) ) ;
#2363 = EDGE_CURVE ( 'NONE', #7762, #2789, #2488, .T. ) ;
#2364 = VECTOR ( 'NONE', #4644, 1000.000000000000114 ) ;
#2365 = VERTEX_POINT ( 'NONE', #7284 ) ;
#2366 = CARTESIAN_POINT ( 'NONE',  ( 28.50300000000000011, 37.92199999999999704, -6.049999999999999822 ) ) ;
#2367 = DIRECTION ( 'NONE',  ( 0.000000000000000000, 0.000000000000000000, -1.000000000000000000 ) ) ;
#2368 = CARTESIAN_POINT ( 'NONE',  ( 15.67500000000000071, 20.39999999999999858, 2.225000000000000089 ) ) ;
#2369 = ORIENTED_EDGE ( 'NONE', *, *, #2232, .F. ) ;
#2370 = AXIS2_PLACEMENT_3D ( 'NONE', #6573, #7243, #6097 ) ;
#2371 = FACE_OUTER_BOUND ( 'NONE', #7742, .T. ) ;
#2372 = AXIS2_PLACEMENT_3D ( 'NONE', #1710, #565, #4189 ) ;
#2373 = EDGE_CURVE ( 'NONE', #3428, #1718, #4298, .T. ) ;
#2374 = VECTOR ( 'NONE', #6685, 1000.000000000000000 ) ;
#2375 = VECTOR ( 'NONE', #7469, 1000.000000000000000 ) ;
#2376 = LINE ( 'NONE', #1160, #5146 ) ;
#2377 = ORIENTED_EDGE ( 'NONE', *, *, #6314, .F. ) ;
#2378 = DIRECTION ( 'NONE',  ( 0.8534537345463533153, 0.5211686128201530321, 0.000000000000000000 ) ) ;
#2379 = CARTESIAN_POINT ( 'NONE',  ( 22.00233333333333263, 37.77888888888888630, -6.049999999999999822 ) ) ;
#2380 = CARTESIAN_POINT ( 'NONE',  ( 22.46900000000000119, 40.23199999999999932, -6.049999999999999822 ) ) ;
#2381 = DIRECTION ( 'NONE',  ( 0.8634407058267803414, 0.5044503419776333875, 0.000000000000000000 ) ) ;
#2382 = VECTOR ( 'NONE', #7079, 1000.000000000000114 ) ;
#2383 = VECTOR ( 'NONE', #3884, 1000.000000000000000 ) ;
#2384 = VECTOR ( 'NONE', #5454, 1000.000000000000000 ) ;
#2385 = ORIENTED_EDGE ( 'NONE', *, *, #1544, .T. ) ;
#2386 = ORIENTED_EDGE ( 'NONE', *, *, #5567, .F. ) ;
#2387 = EDGE_CURVE ( 'NONE', #4922, #6442, #3121, .T. ) ;
#2388 = VECTOR ( 'NONE', #4172, 1000.000000000000000 ) ;
#2389 = VECTOR ( 'NONE', #3225, 1000.000000000000114 ) ;
#2390 = ORIENTED_EDGE ( 'NONE', *, *, #2164, .F. ) ;
#2391 = VECTOR ( 'NONE', #1783, 1000.000000000000114 ) ;
#2392 = CARTESIAN_POINT ( 'NONE',  ( 18.08350000000000080, 31.80750000000000099, -6.049999999999999822 ) ) ;
#2393 = VERTEX_POINT ( 'NONE', #4335 ) ;
#2394 = CARTESIAN_POINT ( 'NONE',  ( 12.90000000000000036, 20.39999999999999858, 3.650000000000000355 ) ) ;
#2395 = LINE ( 'NONE', #1885, #3161 ) ;
#2396 = CARTESIAN_POINT ( 'NONE',  ( 23.19999999999999929, 21.10000000000000142, -3.874999999999999112 ) ) ;
#2397 = DIRECTION ( 'NONE',  ( 1.000000000000000000, 0.000000000000000000, 0.000000000000000000 ) ) ;
#2398 = EDGE_CURVE ( 'NONE', #7141, #1180, #2964, .T. ) ;
#2399 = EDGE_CURVE ( 'NONE', #4901, #7767, #1790, .T. ) ;
#2400 = VECTOR ( 'NONE', #7219, 1000.000000000000000 ) ;
#2401 = VECTOR ( 'NONE', #797, 1000.000000000000000 ) ;
#2402 = ORIENTED_EDGE ( 'NONE', *, *, #3408, .F. ) ;
#2403 = EDGE_CURVE ( 'NONE', #4453, #4994, #2648, .T. ) ;
#2404 = ORIENTED_EDGE ( 'NONE', *, *, #6724, .T. ) ;
#2405 = CARTESIAN_POINT ( 'NONE',  ( 14.32499999999999929, 20.39999999999999858, 3.650000000000000355 ) ) ;
#2406 = DIRECTION ( 'NONE',  ( 0.2638741999716022746, -0.9645571038509574979, 0.000000000000000000 ) ) ;
#2407 = VERTEX_POINT ( 'NONE', #7399 ) ;
#2408 = DIRECTION ( 'NONE',  ( 0.000000000000000000, 0.000000000000000000, -1.000000000000000000 ) ) ;
#2409 = DIRECTION ( 'NONE',  ( -0.5379298369960955339, 0.8429896146865357709, 0.000000000000000000 ) ) ;
#2410 = VECTOR ( 'NONE', #2543, 1000.000000000000000 ) ;
#2411 = CARTESIAN_POINT ( 'NONE',  ( 11.93788888888888700, 38.75888888888889028, -6.049999999999999822 ) ) ;
#2412 = EDGE_CURVE ( 'NONE', #4845, #6468, #317, .T. ) ;
#2413 = EDGE_CURVE ( 'NONE', #4526, #1910, #244, .T. ) ;
#2414 = EDGE_CURVE ( 'NONE', #4580, #4850, #7476, .T. ) ;
#2415 = EDGE_LOOP ( 'NONE', ( #2173, #3973, #3221, #6670 ) ) ;
#2416 = DIRECTION ( 'NONE',  ( 0.000000000000000000, 1.000000000000000000, 0.000000000000000000 ) ) ;
#2417 = DIRECTION ( 'NONE',  ( 0.8692667190321459181, 0.4943433737626998781, 0.000000000000000000 ) ) ;
#2418 = LINE ( 'NONE', #7324, #3698 ) ;
#2419 = ORIENTED_EDGE ( 'NONE', *, *, #1478, .T. ) ;
#2420 = CARTESIAN_POINT ( 'NONE',  ( 0.000000000000000000, 0.000000000000000000, 0.000000000000000000 ) ) ;
#2421 = DIRECTION ( 'NONE',  ( 1.000000000000000000, 0.000000000000000000, 0.000000000000000000 ) ) ;
#2422 = CARTESIAN_POINT ( 'NONE',  ( 9.610000000000001208, 40.91800000000000637, -6.049999999999999822 ) ) ;
#2423 = CARTESIAN_POINT ( 'NONE',  ( 0.9542083333333302164, 32.38509722222222109, -6.349999999999999645 ) ) ;
#2424 = EDGE_LOOP ( 'NONE', ( #1922, #4359, #3185, #6523 ) ) ;
#2425 = DIRECTION ( 'NONE',  ( 0.5211686128201531432, -0.8534537345463534264, 0.000000000000000000 ) ) ;
#2426 = CARTESIAN_POINT ( 'NONE',  ( 8.356805555555554932, 37.50511111111111262, -6.049999999999999822 ) ) ;
#2427 = LINE ( 'NONE', #2380, #2774 ) ;
#2428 = CARTESIAN_POINT ( 'NONE',  ( 20.38299999999999912, 33.69400000000000261, -6.349999999999999645 ) ) ;
#2429 = ORIENTED_EDGE ( 'NONE', *, *, #1412, .F. ) ;
#2430 = EDGE_LOOP ( 'NONE', ( #7455, #7773, #6115, #912 ) ) ;
#2431 = VERTEX_POINT ( 'NONE', #2607 ) ;
#2432 = CARTESIAN_POINT ( 'NONE',  ( 8.532000000000000028, 37.25000000000000000, -6.049999999999999822 ) ) ;
#2433 = ORIENTED_EDGE ( 'NONE', *, *, #6965, .F. ) ;
#2434 = DIRECTION ( 'NONE',  ( 0.000000000000000000, -1.000000000000000000, -0.000000000000000000 ) ) ;
#2435 = CARTESIAN_POINT ( 'NONE',  ( 9.469999999999998863, 39.35000000000000142, -6.349999999999999645 ) ) ;
#2436 = VERTEX_POINT ( 'NONE', #2720 ) ;
#2437 = CARTESIAN_POINT ( 'NONE',  ( 15.37100000000000044, 35.51400000000000290, -6.349999999999999645 ) ) ;
#2438 = EDGE_CURVE ( 'NONE', #5302, #2407, #4998, .T. ) ;
#2439 = ORIENTED_EDGE ( 'NONE', *, *, #7618, .T. ) ;
#2440 = ORIENTED_EDGE ( 'NONE', *, *, #3892, .T. ) ;
#2441 = LINE ( 'NONE', #5891, #3398 ) ;
#2442 = LINE ( 'NONE', #1179, #7269 ) ;
#2443 = ORIENTED_EDGE ( 'NONE', *, *, #6605, .F. ) ;
#2444 = LINE ( 'NONE', #3705, #1233 ) ;
#2445 = LINE ( 'NONE', #2957, #4026 ) ;
#2446 = CARTESIAN_POINT ( 'NONE',  ( 20.87261111111111234, 31.03283333333333260, -6.049999999999999822 ) ) ;
#2447 = EDGE_CURVE ( 'NONE', #6551, #4654, #4490, .T. ) ;
#2448 = ORIENTED_EDGE ( 'NONE', *, *, #3331, .F. ) ;
#2449 = EDGE_CURVE ( 'NONE', #1979, #3344, #3913, .T. ) ;
#2450 = EDGE_CURVE ( 'NONE', #4194, #706, #5046, .T. ) ;
#2451 = VERTEX_POINT ( 'NONE', #5078 ) ;
#2452 = CARTESIAN_POINT ( 'NONE',  ( 2.850916666666664767, 32.85905555555555679, -6.049999999999999822 ) ) ;
#2453 = ADVANCED_FACE ( 'NONE', ( #5589 ), #2095, .T. ) ;
#2454 = CARTESIAN_POINT ( 'NONE',  ( 24.38505555555555304, 37.60855555555555441, -6.049999999999999822 ) ) ;
#2455 = ORIENTED_EDGE ( 'NONE', *, *, #1332, .F. ) ;
#2456 = CARTESIAN_POINT ( 'NONE',  ( 4.266666666666662167, 37.01899999999999835, -6.049999999999999822 ) ) ;
#2457 = ORIENTED_EDGE ( 'NONE', *, *, #4952, .T. ) ;
#2458 = LINE ( 'NONE', #1864, #3290 ) ;
#2459 = LINE ( 'NONE', #6661, #5317 ) ;
#2460 = VERTEX_POINT ( 'NONE', #5109 ) ;
#2461 = DIRECTION ( 'NONE',  ( 0.8495854672852065637, 0.5274509776062389355, 0.000000000000000000 ) ) ;
#2462 = CARTESIAN_POINT ( 'NONE',  ( -6.000000000000000000, 55.50000000000000000, 15.00000000000000000 ) ) ;
#2463 = DIRECTION ( 'NONE',  ( -0.5804753019815696025, 0.8142778541685912197, 0.000000000000000000 ) ) ;
#2464 = CARTESIAN_POINT ( 'NONE',  ( 4.001250000000000639, 32.28699999999999903, -6.049999999999999822 ) ) ;
#2465 = ORIENTED_EDGE ( 'NONE', *, *, #6446, .F. ) ;
#2466 = ORIENTED_EDGE ( 'NONE', *, *, #1355, .F. ) ;
#2467 = CARTESIAN_POINT ( 'NONE',  ( 1.212333333333331709, 31.44155555555555637, -6.349999999999999645 ) ) ;
#2468 = ORIENTED_EDGE ( 'NONE', *, *, #1460, .T. ) ;
#2469 = DIRECTION ( 'NONE',  ( -1.000000000000000000, 0.000000000000000000, 0.000000000000000000 ) ) ;
#2470 = PLANE ( 'NONE',  #9 ) ;
#2471 = DIRECTION ( 'NONE',  ( 0.3770139782586552912, -0.9262075686354448445, 0.000000000000000000 ) ) ;
#2472 = FACE_OUTER_BOUND ( 'NONE', #964, .T. ) ;
#2473 = EDGE_LOOP ( 'NONE', ( #6341, #784, #1008, #3499 ) ) ;
#2474 = EDGE_CURVE ( 'NONE', #4782, #1089, #2133, .T. ) ;
#2475 = EDGE_LOOP ( 'NONE', ( #2758, #6407, #1936, #1168 ) ) ;
#2476 = PLANE ( 'NONE',  #2023 ) ;
#2477 = DIRECTION ( 'NONE',  ( 0.04912095919979386771, -0.9987928370624671315, 0.000000000000000000 ) ) ;
#2478 = ORIENTED_EDGE ( 'NONE', *, *, #2492, .T. ) ;
#2479 = PLANE ( 'NONE',  #730 ) ;
#2480 = LINE ( 'NONE', #4869, #3657 ) ;
#2481 = CARTESIAN_POINT ( 'NONE',  ( 24.64600000000000080, 31.81799999999999784, -6.049999999999999822 ) ) ;
#2482 = ORIENTED_EDGE ( 'NONE', *, *, #7447, .F. ) ;
#2483 = EDGE_CURVE ( 'NONE', #2165, #835, #1435, .T. ) ;
#2484 = ORIENTED_EDGE ( 'NONE', *, *, #1535, .F. ) ;
#2485 = DIRECTION ( 'NONE',  ( 0.5163772714785889173, -0.8563612050416155030, -0.000000000000000000 ) ) ;
#2486 = LINE ( 'NONE', #1826, #5900 ) ;
#2487 = EDGE_LOOP ( 'NONE', ( #5153, #2568, #822, #2858, #4685, #2333, #5402, #7180, #2042, #7232, #5501, #1196 ) ) ;
#2488 = LINE ( 'NONE', #4880, #1690 ) ;
#2489 = ORIENTED_EDGE ( 'NONE', *, *, #1012, .F. ) ;
#2490 = DIRECTION ( 'NONE',  ( 0.000000000000000000, 0.000000000000000000, -1.000000000000000000 ) ) ;
#2491 = ADVANCED_FACE ( 'NONE', ( #877 ), #761, .T. ) ;
#2492 = EDGE_CURVE ( 'NONE', #4062, #4580, #4533, .T. ) ;
#2493 = VECTOR ( 'NONE', #3937, 1000.000000000000000 ) ;
#2494 = DIRECTION ( 'NONE',  ( 0.000000000000000000, 0.000000000000000000, -1.000000000000000000 ) ) ;
#2495 = VECTOR ( 'NONE', #1165, 1000.000000000000000 ) ;
#2496 = AXIS2_PLACEMENT_3D ( 'NONE', #1092, #3492, #7547 ) ;
#2497 = ORIENTED_EDGE ( 'NONE', *, *, #858, .F. ) ;
#2498 = CARTESIAN_POINT ( 'NONE',  ( 9.309000000000001052, 29.03200000000000358, -6.049999999999999822 ) ) ;
#2499 = LINE ( 'NONE', #689, #2778 ) ;
#2500 = DIRECTION ( 'NONE',  ( 1.000000000000000000, 0.000000000000000000, 0.000000000000000000 ) ) ;
#2501 = DIRECTION ( 'NONE',  ( -0.4185755034917623685, 0.9081820015154549175, 0.000000000000000000 ) ) ;
#2502 = AXIS2_PLACEMENT_3D ( 'NONE', #203, #3910, #3833 ) ;
#2503 = VERTEX_POINT ( 'NONE', #3243 ) ;
#2504 = VECTOR ( 'NONE', #3392, 1000.000000000000000 ) ;
#2505 = EDGE_CURVE ( 'NONE', #6357, #800, #5624, .T. ) ;
#2506 = ORIENTED_EDGE ( 'NONE', *, *, #5722, .T. ) ;
#2507 = CARTESIAN_POINT ( 'NONE',  ( 12.37500000000000000, 28.94800000000000040, -6.049999999999999822 ) ) ;
#2508 = ORIENTED_EDGE ( 'NONE', *, *, #1055, .T. ) ;
#2509 = VECTOR ( 'NONE', #6215, 1000.000000000000000 ) ;
#2510 = DIRECTION ( 'NONE',  ( -0.8495854672852065637, -0.5274509776062389355, 0.000000000000000000 ) ) ;
#2511 = DIRECTION ( 'NONE',  ( -0.5812381937190966852, 0.8137334712067347819, 0.000000000000000000 ) ) ;
#2512 = AXIS2_PLACEMENT_3D ( 'NONE', #7420, #1326, #263 ) ;
#2513 = DIRECTION ( 'NONE',  ( 0.000000000000000000, 0.000000000000000000, -1.000000000000000000 ) ) ;
#2514 = AXIS2_PLACEMENT_3D ( 'NONE', #5774, #3971, #2237 ) ;
#2515 = DIRECTION ( 'NONE',  ( 0.1827803215831985406, 0.9831537794475198044, 0.000000000000000000 ) ) ;
#2516 = EDGE_LOOP ( 'NONE', ( #4429, #2716, #6249, #1699 ) ) ;
#2517 = VECTOR ( 'NONE', #1376, 1000.000000000000000 ) ;
#2518 = VECTOR ( 'NONE', #1602, 1000.000000000000000 ) ;
#2519 = AXIS2_PLACEMENT_3D ( 'NONE', #6334, #5047, #206 ) ;
#2520 = VECTOR ( 'NONE', #6536, 1000.000000000000114 ) ;
#2521 = ORIENTED_EDGE ( 'NONE', *, *, #1965, .F. ) ;
#2522 = DIRECTION ( 'NONE',  ( -0.9961128189291598156, 0.08808661626491776087, 0.000000000000000000 ) ) ;
#2523 = CARTESIAN_POINT ( 'NONE',  ( 15.37100000000000044, 33.69400000000000261, -6.349999999999999645 ) ) ;
#2524 = ORIENTED_EDGE ( 'NONE', *, *, #6141, .T. ) ;
#2525 = LINE ( 'NONE', #6172, #4870 ) ;
#2526 = LINE ( 'NONE', #3590, #2391 ) ;
#2527 = CARTESIAN_POINT ( 'NONE',  ( 4.251500000000000057, 31.33500000000000085, -6.349999999999999645 ) ) ;
#2528 = VECTOR ( 'NONE', #4279, 1000.000000000000114 ) ;
#2529 = VERTEX_POINT ( 'NONE', #6255 ) ;
#2530 = VECTOR ( 'NONE', #6185, 1000.000000000000000 ) ;
#2531 = VERTEX_POINT ( 'NONE', #1350 ) ;
#2532 = VECTOR ( 'NONE', #3993, 1000.000000000000227 ) ;
#2533 = CARTESIAN_POINT ( 'NONE',  ( 7.698805555555556346, 38.49444444444444713, -6.349999999999999645 ) ) ;
#2534 = CARTESIAN_POINT ( 'NONE',  ( 9.772555555555557660, 41.47955555555555662, -6.349999999999999645 ) ) ;
#2535 = ORIENTED_EDGE ( 'NONE', *, *, #1245, .F. ) ;
#2536 = CARTESIAN_POINT ( 'NONE',  ( 1.134555555555552431, 34.10466666666666669, -6.049999999999999822 ) ) ;
#2537 = VERTEX_POINT ( 'NONE', #916 ) ;
#2538 = DIRECTION ( 'NONE',  ( 0.000000000000000000, 0.000000000000000000, 1.000000000000000000 ) ) ;
#2539 = ADVANCED_FACE ( 'NONE', ( #5670 ), #288, .T. ) ;
#2540 = CARTESIAN_POINT ( 'NONE',  ( 9.469999999999998863, 39.35000000000000142, -6.349999999999999645 ) ) ;
#2541 = ORIENTED_EDGE ( 'NONE', *, *, #6725, .T. ) ;
#2542 = PLANE ( 'NONE',  #3385 ) ;
#2543 = DIRECTION ( 'NONE',  ( 0.000000000000000000, 0.000000000000000000, 1.000000000000000000 ) ) ;
#2544 = DIRECTION ( 'NONE',  ( -0.8159686014103543217, 0.5780962216728547931, 0.000000000000000000 ) ) ;
#2545 = CARTESIAN_POINT ( 'NONE',  ( 4.660999999999999588, 28.62599999999999767, -6.049999999999999822 ) ) ;
#2546 = EDGE_CURVE ( 'NONE', #5219, #7085, #6136, .T. ) ;
#2547 = EDGE_LOOP ( 'NONE', ( #2114, #1266, #3883, #1434 ) ) ;
#2549 = EDGE_LOOP ( 'NONE', ( #1289, #7068, #313, #6208 ) ) ;
#2548 = EDGE_CURVE ( 'NONE', #146, #836, #1980, .T. ) ;
#2550 = EDGE_CURVE ( 'NONE', #3402, #4937, #2759, .T. ) ;
#2551 = FACE_OUTER_BOUND ( 'NONE', #2075, .T. ) ;
#2552 = VERTEX_POINT ( 'NONE', #3390 ) ;
#2553 = PLANE ( 'NONE',  #6761 ) ;
#2554 = LINE ( 'NONE', #2588, #6158 ) ;
#2555 = FACE_OUTER_BOUND ( 'NONE', #4629, .T. ) ;
#2556 = DIRECTION ( 'NONE',  ( 0.000000000000000000, 0.000000000000000000, -1.000000000000000000 ) ) ;
#2557 = ORIENTED_EDGE ( 'NONE', *, *, #3600, .F. ) ;
#2558 = DIRECTION ( 'NONE',  ( 1.000000000000000000, 0.000000000000000000, 0.000000000000000000 ) ) ;
#2559 = DIRECTION ( 'NONE',  ( 0.8956221376467100592, 0.4448156770586415010, 0.000000000000000000 ) ) ;
#2560 = DIRECTION ( 'NONE',  ( -0.9494523841941936437, 0.3139110863731339740, 0.000000000000000000 ) ) ;
#2561 = ORIENTED_EDGE ( 'NONE', *, *, #5231, .F. ) ;
#2562 = CARTESIAN_POINT ( 'NONE',  ( 9.309000000000001052, 31.31400000000000006, -6.349999999999999645 ) ) ;
#2563 = VECTOR ( 'NONE', #4222, 1000.000000000000000 ) ;
#2564 = PLANE ( 'NONE',  #5036 ) ;
#2565 = DIRECTION ( 'NONE',  ( 0.3917904157621945882, 0.9200544930148902845, 0.000000000000000000 ) ) ;
#2566 = VERTEX_POINT ( 'NONE', #2837 ) ;
#2567 = VECTOR ( 'NONE', #3401, 1000.000000000000000 ) ;
#2568 = ORIENTED_EDGE ( 'NONE', *, *, #7402, .T. ) ;
#2569 = CARTESIAN_POINT ( 'NONE',  ( 2.922666666666668078, 32.64555555555555344, -6.049999999999999822 ) ) ;
#2570 = CARTESIAN_POINT ( 'NONE',  ( 27.46699999999999875, 39.44800000000000040, -6.049999999999999822 ) ) ;
#2571 = ORIENTED_EDGE ( 'NONE', *, *, #5708, .F. ) ;
#2572 = DIRECTION ( 'NONE',  ( 0.9908983035580876120, 0.1346125997286436171, 0.000000000000000000 ) ) ;
#2573 = DIRECTION ( 'NONE',  ( 0.3691563512679104653, -0.9293673053849931254, 0.000000000000000000 ) ) ;
#2574 = VERTEX_POINT ( 'NONE', #5784 ) ;
#2575 = LINE ( 'NONE', #4300, #7521 ) ;
#2576 = ADVANCED_FACE ( 'NONE', ( #986 ), #5822, .T. ) ;
#2577 = CARTESIAN_POINT ( 'NONE',  ( 1.799652777777776436, 30.75643055555555350, -6.349999999999999645 ) ) ;
#2578 = ORIENTED_EDGE ( 'NONE', *, *, #4461, .T. ) ;
#2579 = LINE ( 'NONE', #1280, #3900 ) ;
#2580 = CARTESIAN_POINT ( 'NONE',  ( 15.37100000000000044, 35.51400000000000290, -6.049999999999999822 ) ) ;
#2581 = CARTESIAN_POINT ( 'NONE',  ( 18.08350000000000080, 31.80750000000000099, -6.349999999999999645 ) ) ;
#2582 = ORIENTED_EDGE ( 'NONE', *, *, #7369, .T. ) ;
#2583 = EDGE_CURVE ( 'NONE', #7791, #6160, #7592, .T. ) ;
#2584 = ORIENTED_EDGE ( 'NONE', *, *, #920, .F. ) ;
#2585 = CARTESIAN_POINT ( 'NONE',  ( 4.031000000000000583, 37.61400000000001143, -6.049999999999999822 ) ) ;
#2586 = VERTEX_POINT ( 'NONE', #3471 ) ;
#2587 = DIRECTION ( 'NONE',  ( -0.3620242351523412783, -0.9321686827835197198, 0.000000000000000000 ) ) ;
#2588 = CARTESIAN_POINT ( 'NONE',  ( 24.22366666666666646, 39.07777777777778283, -6.049999999999999822 ) ) ;
#2589 = CARTESIAN_POINT ( 'NONE',  ( 20.00811111111110918, 30.57199999999999918, -6.049999999999999822 ) ) ;
#2590 = CARTESIAN_POINT ( 'NONE',  ( 23.09900000000000020, 40.60261111111110921, -6.049999999999999822 ) ) ;
#2591 = EDGE_CURVE ( 'NONE', #6399, #4807, #2211, .T. ) ;
#2592 = ADVANCED_FACE ( 'NONE', ( #6964 ), #7043, .F. ) ;
#2593 = ORIENTED_EDGE ( 'NONE', *, *, #5467, .F. ) ;
#2594 = EDGE_CURVE ( 'NONE', #4477, #7116, #435, .T. ) ;
#2595 = DIRECTION ( 'NONE',  ( 0.5829284066107893736, 0.8125235213618163810, 0.000000000000000000 ) ) ;
#2596 = CARTESIAN_POINT ( 'NONE',  ( 4.197444444444437650, 30.99977777777777632, -6.349999999999999645 ) ) ;
#2597 = LINE ( 'NONE', #1935, #994 ) ;
#2598 = ORIENTED_EDGE ( 'NONE', *, *, #5904, .T. ) ;
#2599 = DIRECTION ( 'NONE',  ( 0.000000000000000000, 0.000000000000000000, -1.000000000000000000 ) ) ;
#2600 = LINE ( 'NONE', #1340, #7665 ) ;
#2601 = DIRECTION ( 'NONE',  ( 0.000000000000000000, 0.000000000000000000, -1.000000000000000000 ) ) ;
#2602 = ORIENTED_EDGE ( 'NONE', *, *, #5600, .F. ) ;
#2603 = ORIENTED_EDGE ( 'NONE', *, *, #6049, .T. ) ;
#2604 = CARTESIAN_POINT ( 'NONE',  ( 4.251500000000000057, 31.33500000000000085, -6.049999999999999822 ) ) ;
#2605 = CARTESIAN_POINT ( 'NONE',  ( 23.09900000000000020, 40.60261111111110921, -6.049999999999999822 ) ) ;
#2606 = EDGE_LOOP ( 'NONE', ( #2228, #4086, #1333, #7067 ) ) ;
#2607 = CARTESIAN_POINT ( 'NONE',  ( 17.10000000000000142, 20.39999999999999858, 3.650000000000000355 ) ) ;
#2608 = DIRECTION ( 'NONE',  ( 0.9888435670492173868, 0.1489577118023100721, 0.000000000000000000 ) ) ;
#2609 = ORIENTED_EDGE ( 'NONE', *, *, #5121, .T. ) ;
#2610 = FACE_OUTER_BOUND ( 'NONE', #7334, .T. ) ;
#2611 = EDGE_LOOP ( 'NONE', ( #1870, #4331, #1386, #2152 ) ) ;
#2612 = LINE ( 'NONE', #7412, #6512 ) ;
#2613 = CARTESIAN_POINT ( 'NONE',  ( 1.091874999999999929, 31.72787500000000094, -6.049999999999999822 ) ) ;
#2614 = PLANE ( 'NONE',  #4775 ) ;
#2615 = EDGE_CURVE ( 'NONE', #1945, #3815, #6933, .T. ) ;
#2616 = VECTOR ( 'NONE', #1899, 1000.000000000000000 ) ;
#2617 = ORIENTED_EDGE ( 'NONE', *, *, #7628, .F. ) ;
#2618 = DIRECTION ( 'NONE',  ( 0.000000000000000000, 0.000000000000000000, -1.000000000000000000 ) ) ;
#2619 = ORIENTED_EDGE ( 'NONE', *, *, #4890, .T. ) ;
#2620 = DIRECTION ( 'NONE',  ( -0.6010225264893271913, 0.7992320830975105928, 0.000000000000000000 ) ) ;
#2621 = FACE_OUTER_BOUND ( 'NONE', #334, .T. ) ;
#2622 = DIRECTION ( 'NONE',  ( 0.000000000000000000, 1.000000000000000000, 0.000000000000000000 ) ) ;
#2623 = CARTESIAN_POINT ( 'NONE',  ( 23.71966666666666868, 40.95844444444444576, -6.349999999999999645 ) ) ;
#2624 = VECTOR ( 'NONE', #7358, 1000.000000000000227 ) ;
#2625 = VECTOR ( 'NONE', #1171, 1000.000000000000000 ) ;
#2626 = EDGE_CURVE ( 'NONE', #5733, #503, #4059, .T. ) ;
#2627 = VERTEX_POINT ( 'NONE', #1584 ) ;
#2628 = DIRECTION ( 'NONE',  ( 0.8713079436099465669, 0.4907366578952566116, 0.000000000000000000 ) ) ;
#2630 = DIRECTION ( 'NONE',  ( 0.3194201752935007521, -0.9476131867040840095, 0.000000000000000000 ) ) ;
#2629 = VECTOR ( 'NONE', #875, 1000.000000000000000 ) ;
#2631 = CARTESIAN_POINT ( 'NONE',  ( 1.367208333333330472, 31.18343055555555310, -6.049999999999999822 ) ) ;
#2632 = VECTOR ( 'NONE', #1305, 1000.000000000000000 ) ;
#2633 = ADVANCED_FACE ( 'NONE', ( #5154 ), #5228, .F. ) ;
#2634 = VERTEX_POINT ( 'NONE', #4016 ) ;
#2635 = LINE ( 'NONE', #6838, #867 ) ;
#2636 = CARTESIAN_POINT ( 'NONE',  ( 2.922666666666668078, 32.64555555555555344, -6.349999999999999645 ) ) ;
#2637 = CARTESIAN_POINT ( 'NONE',  ( 1.588777777777773181, 39.39355555555555810, -6.349999999999999645 ) ) ;
#2638 = AXIS2_PLACEMENT_3D ( 'NONE', #3387, #5781, #5151 ) ;
#2639 = EDGE_CURVE ( 'NONE', #7444, #3076, #1035, .T. ) ;
#2640 = AXIS2_PLACEMENT_3D ( 'NONE', #409, #4618, #1639 ) ;
#2641 = ORIENTED_EDGE ( 'NONE', *, *, #2492, .F. ) ;
#2642 = ORIENTED_EDGE ( 'NONE', *, *, #2103, .F. ) ;
#2643 = VECTOR ( 'NONE', #1253, 999.9999999999998863 ) ;
#2644 = ORIENTED_EDGE ( 'NONE', *, *, #279, .T. ) ;
#2645 = CARTESIAN_POINT ( 'NONE',  ( 9.309000000000001052, 33.04999999999999716, -6.049999999999999822 ) ) ;
#2646 = LINE ( 'NONE', #6297, #3384 ) ;
#2647 = ORIENTED_EDGE ( 'NONE', *, *, #1191, .F. ) ;
#2648 = LINE ( 'NONE', #6769, #5307 ) ;
#2649 = VECTOR ( 'NONE', #2622, 1000.000000000000000 ) ;
#2650 = ADVANCED_FACE ( 'NONE', ( #6333 ), #5894, .T. ) ;
#2651 = CARTESIAN_POINT ( 'NONE',  ( 23.75699999999999790, 37.20799999999999841, -6.049999999999999822 ) ) ;
#2652 = VECTOR ( 'NONE', #5462, 1000.000000000000114 ) ;
#2653 = EDGE_CURVE ( 'NONE', #4230, #1824, #2327, .T. ) ;
#2654 = EDGE_LOOP ( 'NONE', ( #1762, #2369, #7221, #5860 ) ) ;
#2655 = DIRECTION ( 'NONE',  ( 1.000000000000000000, 0.000000000000000000, 0.000000000000000000 ) ) ;
#2656 = VECTOR ( 'NONE', #7509, 1000.000000000000114 ) ;
#2657 = AXIS2_PLACEMENT_3D ( 'NONE', #2847, #4543, #3404 ) ;
#2658 = AXIS2_PLACEMENT_3D ( 'NONE', #425, #7581, #2235 ) ;
#2659 = CARTESIAN_POINT ( 'NONE',  ( 17.10000000000000142, 16.80000000000000071, 5.000000000000000000 ) ) ;
#2660 = ORIENTED_EDGE ( 'NONE', *, *, #3804, .T. ) ;
#2661 = CARTESIAN_POINT ( 'NONE',  ( 7.222999999999999865, 39.35000000000000142, -6.049999999999999822 ) ) ;
#2662 = VECTOR ( 'NONE', #4814, 1000.000000000000000 ) ;
#2663 = DIRECTION ( 'NONE',  ( 1.000000000000000000, 0.000000000000000000, 0.000000000000000000 ) ) ;
#2664 = ORIENTED_EDGE ( 'NONE', *, *, #7471, .T. ) ;
#2665 = CARTESIAN_POINT ( 'NONE',  ( 11.96550000000000047, 41.55149999999999721, -6.049999999999999822 ) ) ;
#2666 = ORIENTED_EDGE ( 'NONE', *, *, #2728, .F. ) ;
#2667 = CARTESIAN_POINT ( 'NONE',  ( 2.092777777777776294, 38.12422222222222956, -6.049999999999999822 ) ) ;
#2668 = CARTESIAN_POINT ( 'NONE',  ( 15.00000000000000000, 16.79999999999999716, 4.325000000000000178 ) ) ;
#2669 = LINE ( 'NONE', #855, #6659 ) ;
#2670 = LINE ( 'NONE', #7459, #7154 ) ;
#2671 = VERTEX_POINT ( 'NONE', #7082 ) ;
#2672 = CARTESIAN_POINT ( 'NONE',  ( 19.87900000000000134, 38.07600000000000051, -6.049999999999999822 ) ) ;
#2673 = DIRECTION ( 'NONE',  ( -0.07217593920952583564, -0.9973919158481399094, 0.000000000000000000 ) ) ;
#2674 = CARTESIAN_POINT ( 'NONE',  ( 24.83966666666666612, 39.46977777777777874, -6.049999999999999822 ) ) ;
#2675 = ADVANCED_FACE ( 'NONE', ( #1700 ), #3947, .T. ) ;
#2676 = VERTEX_POINT ( 'NONE', #1103 ) ;
#2677 = DIRECTION ( 'NONE',  ( -0.000000000000000000, -1.000000000000000000, -0.000000000000000000 ) ) ;
#2678 = LINE ( 'NONE', #3378, #7419 ) ;
#2679 = DIRECTION ( 'NONE',  ( 0.2851209067678242559, 0.9584915589215659004, 0.000000000000000000 ) ) ;
#2680 = ORIENTED_EDGE ( 'NONE', *, *, #6514, .T. ) ;
#2681 = ADVANCED_FACE ( 'NONE', ( #951 ), #2179, .T. ) ;
#2682 = ORIENTED_EDGE ( 'NONE', *, *, #7300, .F. ) ;
#2683 = PLANE ( 'NONE',  #3770 ) ;
#2684 = CARTESIAN_POINT ( 'NONE',  ( 1.556499999999999773, 30.95349999999999824, -6.349999999999999645 ) ) ;
#2685 = ADVANCED_FACE ( 'NONE', ( #74 ), #5383, .T. ) ;
#2686 = ORIENTED_EDGE ( 'NONE', *, *, #6460, .F. ) ;
#2687 = CARTESIAN_POINT ( 'NONE',  ( 11.80683333333333174, 41.13305555555556481, -6.049999999999999822 ) ) ;
#2688 = CARTESIAN_POINT ( 'NONE',  ( 24.83966666666666612, 39.46977777777777874, -6.349999999999999645 ) ) ;
#2689 = DIRECTION ( 'NONE',  ( 0.000000000000000000, 0.000000000000000000, -1.000000000000000000 ) ) ;
#2690 = VECTOR ( 'NONE', #6696, 1000.000000000000000 ) ;
#2691 = EDGE_CURVE ( 'NONE', #4863, #6929, #4130, .T. ) ;
#2692 = EDGE_CURVE ( 'NONE', #1068, #753, #2444, .T. ) ;
#2693 = EDGE_CURVE ( 'NONE', #3328, #419, #5931, .T. ) ;
#2694 = CARTESIAN_POINT ( 'NONE',  ( 3.799999999999998934, 38.22299999999999898, -6.349999999999999645 ) ) ;
#2695 = ORIENTED_EDGE ( 'NONE', *, *, #2967, .F. ) ;
#2696 = CARTESIAN_POINT ( 'NONE',  ( 14.13899999999999935, 34.61800000000000210, -6.049999999999999822 ) ) ;
#2697 = LINE ( 'NONE', #7486, #7417 ) ;
#2698 = ORIENTED_EDGE ( 'NONE', *, *, #3193, .F. ) ;
#2699 = ORIENTED_EDGE ( 'NONE', *, *, #6958, .F. ) ;
#2700 = PLANE ( 'NONE',  #4396 ) ;
#2701 = ORIENTED_EDGE ( 'NONE', *, *, #3405, .F. ) ;
#2702 = CARTESIAN_POINT ( 'NONE',  ( 18.33277777777777473, 29.61533333333333218, -6.349999999999999645 ) ) ;
#2703 = LINE ( 'NONE', #6944, #6292 ) ;
#2704 = FACE_OUTER_BOUND ( 'NONE', #5969, .T. ) ;
#2705 = DIRECTION ( 'NONE',  ( 0.000000000000000000, 0.000000000000000000, -1.000000000000000000 ) ) ;
#2706 = ORIENTED_EDGE ( 'NONE', *, *, #1595, .F. ) ;
#2707 = DIRECTION ( 'NONE',  ( 0.5932705453769596682, 0.8050031428436318359, 0.000000000000000000 ) ) ;
#2708 = CARTESIAN_POINT ( 'NONE',  ( 6.800000000000000711, 21.10000000000000142, -3.874999999999999112 ) ) ;
#2709 = CARTESIAN_POINT ( 'NONE',  ( 2.826999999999999957, 33.11999999999999744, -6.049999999999999822 ) ) ;
#2710 = ORIENTED_EDGE ( 'NONE', *, *, #613, .F. ) ;
#2711 = PLANE ( 'NONE',  #5503 ) ;
#2712 = CARTESIAN_POINT ( 'NONE',  ( 14.44699999999999918, 40.91800000000000637, -6.049999999999999822 ) ) ;
#2713 = LINE ( 'NONE', #3237, #4510 ) ;
#2714 = EDGE_LOOP ( 'NONE', ( #7280, #3219, #4489, #7517, #200, #6640, #4588, #5599, #5920, #1976, #6469, #2598, #5917, #1989, #68, #4858, #3701, #6882, #1389, #5773, #6692, #3936, #3518, #2978, #906, #937, #2144, #977, #6203, #7145, #864, #3373, #408, #4232, #639, #2936, #2284, #3777 ) ) ;
#2715 = ADVANCED_FACE ( 'NONE', ( #586 ), #1181, .T. ) ;
#2716 = ORIENTED_EDGE ( 'NONE', *, *, #6327, .F. ) ;
#2717 = CARTESIAN_POINT ( 'NONE',  ( 11.72225000000000072, 38.48899999999999721, -6.049999999999999822 ) ) ;
#2718 = PLANE ( 'NONE',  #7010 ) ;
#2719 = ORIENTED_EDGE ( 'NONE', *, *, #4009, .T. ) ;
#2720 = CARTESIAN_POINT ( 'NONE',  ( 4.139111111111107633, 32.30333333333333456, -6.349999999999999645 ) ) ;
#2721 = DIRECTION ( 'NONE',  ( -0.5696727477405604256, -0.8218716204382042756, 0.000000000000000000 ) ) ;
#2722 = CARTESIAN_POINT ( 'NONE',  ( 13.23463888888888995, 37.46155555555555594, -6.049999999999999822 ) ) ;
#2723 = ADVANCED_FACE ( 'NONE', ( #5346 ), #7200, .T. ) ;
#2724 = CARTESIAN_POINT ( 'NONE',  ( 20.00811111111110918, 30.57199999999999918, -6.349999999999999645 ) ) ;
#2725 = EDGE_LOOP ( 'NONE', ( #4184, #2390, #5522, #6706 ) ) ;
#2726 = ADVANCED_FACE ( 'NONE', ( #1780 ), #7274, .T. ) ;
#2727 = LINE ( 'NONE', #1520, #5289 ) ;
#2728 = EDGE_CURVE ( 'NONE', #4433, #6122, #4798, .T. ) ;
#2729 = CARTESIAN_POINT ( 'NONE',  ( 22.14699999999999847, 35.51400000000000290, -6.349999999999999645 ) ) ;
#2730 = EDGE_CURVE ( 'NONE', #182, #3943, #4208, .T. ) ;
#2731 = ORIENTED_EDGE ( 'NONE', *, *, #2474, .T. ) ;
#2732 = CARTESIAN_POINT ( 'NONE',  ( 7.222999999999999865, 40.91800000000000637, -6.349999999999999645 ) ) ;
#2733 = ORIENTED_EDGE ( 'NONE', *, *, #6818, .F. ) ;
#2734 = CARTESIAN_POINT ( 'NONE',  ( 14.44699999999999918, 39.35000000000000142, -6.349999999999999645 ) ) ;
#2735 = EDGE_CURVE ( 'NONE', #7187, #5584, #1302, .T. ) ;
#2736 = CARTESIAN_POINT ( 'NONE',  ( 6.914999999999999147, 37.25000000000000000, -6.049999999999999822 ) ) ;
#2737 = EDGE_CURVE ( 'NONE', #799, #2531, #7159, .T. ) ;
#2738 = DIRECTION ( 'NONE',  ( 0.000000000000000000, 0.000000000000000000, -1.000000000000000000 ) ) ;
#2739 = PLANE ( 'NONE',  #7286 ) ;
#2740 = ORIENTED_EDGE ( 'NONE', *, *, #4119, .F. ) ;
#2741 = EDGE_CURVE ( 'NONE', #3852, #5023, #6602, .T. ) ;
#2742 = AXIS2_PLACEMENT_3D ( 'NONE', #469, #2245, #5195 ) ;
#2743 = ORIENTED_EDGE ( 'NONE', *, *, #612, .F. ) ;
#2744 = CARTESIAN_POINT ( 'NONE',  ( 26.44888888888889156, 28.89005555555555915, -6.349999999999999645 ) ) ;
#2745 = CARTESIAN_POINT ( 'NONE',  ( 3.246999999999999886, 34.73349999999999937, -6.349999999999999645 ) ) ;
#2746 = ORIENTED_EDGE ( 'NONE', *, *, #2883, .T. ) ;
#2747 = DIRECTION ( 'NONE',  ( 0.5511916190789389880, -0.8343786904380634528, 0.000000000000000000 ) ) ;
#2748 = DIRECTION ( 'NONE',  ( 0.9479294890922633776, -0.3184802720880535176, 0.000000000000000000 ) ) ;
#2749 = VECTOR ( 'NONE', #6607, 1000.000000000000000 ) ;
#2750 = VECTOR ( 'NONE', #1328, 1000.000000000000114 ) ;
#2751 = CARTESIAN_POINT ( 'NONE',  ( 14.32499999999999929, 16.80000000000000071, 3.650000000000000355 ) ) ;
#2752 = ORIENTED_EDGE ( 'NONE', *, *, #2639, .F. ) ;
#2753 = VECTOR ( 'NONE', #7382, 1000.000000000000227 ) ;
#2754 = AXIS2_PLACEMENT_3D ( 'NONE', #5359, #2425, #2378 ) ;
#2755 = VERTEX_POINT ( 'NONE', #3111 ) ;
#2756 = CARTESIAN_POINT ( 'NONE',  ( 12.17200000000000060, 37.25000000000000000, -6.049999999999999822 ) ) ;
#2757 = DIRECTION ( 'NONE',  ( 0.000000000000000000, 0.000000000000000000, -1.000000000000000000 ) ) ;
#2758 = ORIENTED_EDGE ( 'NONE', *, *, #4952, .F. ) ;
#2759 = LINE ( 'NONE', #1072, #7638 ) ;
#2760 = LINE ( 'NONE', #471, #6653 ) ;
#2761 = LINE ( 'NONE', #399, #481 ) ;
#2762 = AXIS2_PLACEMENT_3D ( 'NONE', #4368, #7473, #1347 ) ;
#2763 = VECTOR ( 'NONE', #7106, 1000.000000000000000 ) ;
#2764 = CARTESIAN_POINT ( 'NONE',  ( 25.00922222222222047, 37.99822222222222479, -6.049999999999999822 ) ) ;
#2765 = AXIS2_PLACEMENT_3D ( 'NONE', #7033, #2828, #2913 ) ;
#2766 = VECTOR ( 'NONE', #1178, 1000.000000000000000 ) ;
#2767 = AXIS2_PLACEMENT_3D ( 'NONE', #987, #4606, #5271 ) ;
#2768 = VECTOR ( 'NONE', #4841, 1000.000000000000114 ) ;
#2769 = CARTESIAN_POINT ( 'NONE',  ( 6.800000000000000711, 21.10000000000000142, -3.874999999999999112 ) ) ;
#2770 = ORIENTED_EDGE ( 'NONE', *, *, #5609, .F. ) ;
#2771 = EDGE_CURVE ( 'NONE', #1490, #2070, #1216, .T. ) ;
#2772 = CARTESIAN_POINT ( 'NONE',  ( 9.064000000000000057, 39.35000000000000142, -6.049999999999999822 ) ) ;
#2773 = CARTESIAN_POINT ( 'NONE',  ( 26.10900000000000531, 42.23400000000000176, -6.049999999999999822 ) ) ;
#2774 = VECTOR ( 'NONE', #654, 1000.000000000000114 ) ;
#2775 = AXIS2_PLACEMENT_3D ( 'NONE', #4314, #3730, #2511 ) ;
#2776 = VECTOR ( 'NONE', #3395, 1000.000000000000000 ) ;
#2777 = ORIENTED_EDGE ( 'NONE', *, *, #713, .F. ) ;
#2778 = VECTOR ( 'NONE', #7413, 999.9999999999998863 ) ;
#2779 = CARTESIAN_POINT ( 'NONE',  ( -6.000000000000000000, 15.50000000000000000, -6.349999999999999645 ) ) ;
#2780 = ORIENTED_EDGE ( 'NONE', *, *, #6758, .T. ) ;
#2781 = ADVANCED_FACE ( 'NONE', ( #3040 ), #5497, .T. ) ;
#2782 = CARTESIAN_POINT ( 'NONE',  ( 3.505319444444443988, 30.34343055555555679, -6.049999999999999822 ) ) ;
#2783 = PLANE ( 'NONE',  #6281 ) ;
#2784 = PLANE ( 'NONE',  #1903 ) ;
#2785 = LINE ( 'NONE', #935, #2891 ) ;
#2786 = ORIENTED_EDGE ( 'NONE', *, *, #4221, .F. ) ;
#2787 = EDGE_CURVE ( 'NONE', #5370, #3870, #1733, .T. ) ;
#2788 = EDGE_CURVE ( 'NONE', #7268, #5395, #6641, .T. ) ;
#2789 = VERTEX_POINT ( 'NONE', #6054 ) ;
#2790 = DIRECTION ( 'NONE',  ( 0.000000000000000000, 0.000000000000000000, -1.000000000000000000 ) ) ;
#2791 = LINE ( 'NONE', #5181, #6895 ) ;
#2792 = EDGE_LOOP ( 'NONE', ( #2521, #2433, #6708, #7696 ) ) ;
#2793 = PLANE ( 'NONE',  #6632 ) ;
#2794 = FACE_OUTER_BOUND ( 'NONE', #4541, .T. ) ;
#2795 = VERTEX_POINT ( 'NONE', #671 ) ;
#2796 = PLANE ( 'NONE',  #4900 ) ;
#2797 = ORIENTED_EDGE ( 'NONE', *, *, #4039, .T. ) ;
#2798 = ORIENTED_EDGE ( 'NONE', *, *, #1543, .T. ) ;
#2799 = DIRECTION ( 'NONE',  ( 0.8671464062733539313, -0.4980533205262340224, 0.000000000000000000 ) ) ;
#2800 = LINE ( 'NONE', #5193, #4010 ) ;
#2801 = ORIENTED_EDGE ( 'NONE', *, *, #2691, .T. ) ;
#2802 = DIRECTION ( 'NONE',  ( 1.000000000000000000, -0.000000000000000000, -0.000000000000000000 ) ) ;
#2803 = LINE ( 'NONE', #3508, #5528 ) ;
#2804 = DIRECTION ( 'NONE',  ( 0.000000000000000000, 0.000000000000000000, -1.000000000000000000 ) ) ;
#2805 = FACE_OUTER_BOUND ( 'NONE', #6137, .T. ) ;
#2806 = LINE ( 'NONE', #7634, #3202 ) ;
#2807 = ORIENTED_EDGE ( 'NONE', *, *, #3349, .F. ) ;
#2808 = DIRECTION ( 'NONE',  ( -0.9996462072819705114, -0.02659812524918895443, 0.000000000000000000 ) ) ;
#2809 = CARTESIAN_POINT ( 'NONE',  ( 20.00499999999999901, 35.51400000000000290, -6.049999999999999822 ) ) ;
#2810 = ADVANCED_FACE ( 'NONE', ( #5461 ), #2479, .T. ) ;
#2811 = AXIS2_PLACEMENT_3D ( 'NONE', #1108, #6970, #523 ) ;
#2812 = ORIENTED_EDGE ( 'NONE', *, *, #216, .T. ) ;
#2813 = PLANE ( 'NONE',  #625 ) ;
#2814 = ORIENTED_EDGE ( 'NONE', *, *, #6303, .F. ) ;
#2815 = CARTESIAN_POINT ( 'NONE',  ( 21.75499999999999901, 31.48200000000000287, -6.349999999999999645 ) ) ;
#2816 = CARTESIAN_POINT ( 'NONE',  ( 1.367208333333330472, 31.18343055555555310, -6.349999999999999645 ) ) ;
#2817 = LINE ( 'NONE', #6351, #4769 ) ;
#2818 = DIRECTION ( 'NONE',  ( 0.000000000000000000, 0.000000000000000000, 1.000000000000000000 ) ) ;
#2819 = ORIENTED_EDGE ( 'NONE', *, *, #5177, .T. ) ;
#2820 = EDGE_CURVE ( 'NONE', #503, #6544, #2525, .T. ) ;
#2821 = EDGE_LOOP ( 'NONE', ( #2207, #2752, #7301, #3136 ) ) ;
#2822 = DIRECTION ( 'NONE',  ( -1.000000000000000000, 0.000000000000000000, 0.000000000000000000 ) ) ;
#2823 = LINE ( 'NONE', #5689, #362 ) ;
#2824 = ORIENTED_EDGE ( 'NONE', *, *, #6725, .F. ) ;
#2825 = DIRECTION ( 'NONE',  ( 0.5125026119303910388, -0.8586856658664607789, 0.000000000000000000 ) ) ;
#2826 = DIRECTION ( 'NONE',  ( -1.000000000000000000, 0.000000000000000000, 0.000000000000000000 ) ) ;
#2827 = VERTEX_POINT ( 'NONE', #796 ) ;
#2828 = DIRECTION ( 'NONE',  ( -0.9398961608494381670, -0.3414604030052200145, 0.000000000000000000 ) ) ;
#2829 = EDGE_CURVE ( 'NONE', #6484, #2188, #6873, .T. ) ;
#2830 = EDGE_CURVE ( 'NONE', #1298, #7727, #159, .T. ) ;
#2831 = EDGE_CURVE ( 'NONE', #6896, #6224, #3196, .T. ) ;
#2832 = ORIENTED_EDGE ( 'NONE', *, *, #1097, .F. ) ;
#2833 = ORIENTED_EDGE ( 'NONE', *, *, #529, .F. ) ;
#2834 = DIRECTION ( 'NONE',  ( 0.000000000000000000, 0.000000000000000000, -1.000000000000000000 ) ) ;
#2835 = DIRECTION ( 'NONE',  ( -0.9083911110503841702, -0.4181215007203632483, 0.000000000000000000 ) ) ;
#2836 = VERTEX_POINT ( 'NONE', #5581 ) ;
#2837 = CARTESIAN_POINT ( 'NONE',  ( -6.000000000000000000, 15.50000000000000000, 15.00000000000000000 ) ) ;
#2838 = CARTESIAN_POINT ( 'NONE',  ( 27.32155555555555893, 30.78511111111111020, -6.049999999999999822 ) ) ;
#2839 = CARTESIAN_POINT ( 'NONE',  ( 12.37500000000000000, 29.74599999999999866, -6.049999999999999822 ) ) ;
#2840 = CARTESIAN_POINT ( 'NONE',  ( 14.32499999999999929, 20.39999999999999858, 2.225000000000000089 ) ) ;
#2841 = EDGE_LOOP ( 'NONE', ( #3453, #6232, #444, #4355 ) ) ;
#2842 = ORIENTED_EDGE ( 'NONE', *, *, #7667, .F. ) ;
#2843 = CARTESIAN_POINT ( 'NONE',  ( 9.309000000000001052, 31.31400000000000006, -6.049999999999999822 ) ) ;
#2844 = EDGE_CURVE ( 'NONE', #5332, #4424, #3902, .T. ) ;
#2845 = EDGE_LOOP ( 'NONE', ( #7086, #2303, #2385, #7225 ) ) ;
#2846 = DIRECTION ( 'NONE',  ( 0.7417404716506152962, -0.6706870154666204620, 0.000000000000000000 ) ) ;
#2847 = CARTESIAN_POINT ( 'NONE',  ( 22.00233333333333263, 37.77888888888888630, -6.049999999999999822 ) ) ;
#2848 = ORIENTED_EDGE ( 'NONE', *, *, #5175, .T. ) ;
#2849 = PLANE ( 'NONE',  #3017 ) ;
#2850 = ORIENTED_EDGE ( 'NONE', *, *, #3060, .T. ) ;
#2851 = CARTESIAN_POINT ( 'NONE',  ( 28.63677777777778033, 29.76933333333333564, -6.049999999999999822 ) ) ;
#2852 = LINE ( 'NONE', #5245, #1029 ) ;
#2853 = CARTESIAN_POINT ( 'NONE',  ( 29.06300000000000239, 30.33399999999999963, -6.049999999999999822 ) ) ;
#2854 = DIRECTION ( 'NONE',  ( 0.8724868013634566877, 0.4886376791105694339, 0.000000000000000000 ) ) ;
#2855 = EDGE_CURVE ( 'NONE', #3610, #893, #230, .T. ) ;
#2856 = ORIENTED_EDGE ( 'NONE', *, *, #3126, .T. ) ;
#2857 = ORIENTED_EDGE ( 'NONE', *, *, #1785, .F. ) ;
#2858 = ORIENTED_EDGE ( 'NONE', *, *, #6656, .T. ) ;
#2859 = DIRECTION ( 'NONE',  ( 0.000000000000000000, -1.000000000000000000, -0.000000000000000000 ) ) ;
#2860 = CARTESIAN_POINT ( 'NONE',  ( 17.20655555555555338, 31.34977777777777419, -6.349999999999999645 ) ) ;
#2861 = VERTEX_POINT ( 'NONE', #6286 ) ;
#2862 = FACE_OUTER_BOUND ( 'NONE', #4330, .T. ) ;
#2863 = LINE ( 'NONE', #502, #1904 ) ;
#2864 = ORIENTED_EDGE ( 'NONE', *, *, #6191, .F. ) ;
#2865 = LINE ( 'NONE', #978, #4022 ) ;
#2866 = EDGE_CURVE ( 'NONE', #5852, #6057, #1426, .T. ) ;
#2867 = VECTOR ( 'NONE', #4686, 1000.000000000000000 ) ;
#2868 = VERTEX_POINT ( 'NONE', #4446 ) ;
#2869 = EDGE_CURVE ( 'NONE', #7246, #4782, #1338, .T. ) ;
#2870 = ORIENTED_EDGE ( 'NONE', *, *, #6817, .T. ) ;
#2871 = CARTESIAN_POINT ( 'NONE',  ( 18.08350000000000080, 31.80750000000000099, -6.349999999999999645 ) ) ;
#2872 = CARTESIAN_POINT ( 'NONE',  ( 25.43699999999999761, 39.84000000000001052, -6.049999999999999822 ) ) ;
#2873 = VECTOR ( 'NONE', #5755, 1000.000000000000000 ) ;
#2874 = EDGE_LOOP ( 'NONE', ( #2584, #5051, #4122, #1437 ) ) ;
#2875 = CARTESIAN_POINT ( 'NONE',  ( 36.00000000000000711, 15.50000000000000000, -6.349999999999999645 ) ) ;
#2876 = LINE ( 'NONE', #2921, #5274 ) ;
#2877 = DIRECTION ( 'NONE',  ( 0.000000000000000000, -1.000000000000000000, 0.000000000000000000 ) ) ;
#2878 = EDGE_CURVE ( 'NONE', #5970, #3456, #4918, .T. ) ;
#2879 = VECTOR ( 'NONE', #466, 1000.000000000000000 ) ;
#2880 = VERTEX_POINT ( 'NONE', #3739 ) ;
#2881 = VECTOR ( 'NONE', #3959, 1000.000000000000114 ) ;
#2882 = EDGE_CURVE ( 'NONE', #1079, #2795, #2635, .T. ) ;
#2883 = EDGE_CURVE ( 'NONE', #580, #5114, #7384, .T. ) ;
#2884 = DIRECTION ( 'NONE',  ( 0.000000000000000000, -1.000000000000000000, 0.000000000000000000 ) ) ;
#2885 = VECTOR ( 'NONE', #1843, 1000.000000000000000 ) ;
#2886 = VECTOR ( 'NONE', #4892, 1000.000000000000000 ) ;
#2887 = ORIENTED_EDGE ( 'NONE', *, *, #2820, .F. ) ;
#2888 = DIRECTION ( 'NONE',  ( 0.000000000000000000, 0.000000000000000000, -1.000000000000000000 ) ) ;
#2889 = DIRECTION ( 'NONE',  ( 0.5784410981882466274, 0.8157241543112323523, 0.000000000000000000 ) ) ;
#2890 = VECTOR ( 'NONE', #2573, 1000.000000000000114 ) ;
#2891 = VECTOR ( 'NONE', #378, 1000.000000000000000 ) ;
#2892 = EDGE_LOOP ( 'NONE', ( #2455, #1318, #5168, #6104 ) ) ;
#2893 = CARTESIAN_POINT ( 'NONE',  ( 14.44699999999999918, 40.91800000000000637, -6.049999999999999822 ) ) ;
#2894 = ORIENTED_EDGE ( 'NONE', *, *, #3620, .F. ) ;
#2895 = VECTOR ( 'NONE', #938, 1000.000000000000000 ) ;
#2896 = CARTESIAN_POINT ( 'NONE',  ( 4.115000000000000213, 30.33399999999999963, -6.049999999999999822 ) ) ;
#2897 = LINE ( 'NONE', #4106, #3673 ) ;
#2898 = VECTOR ( 'NONE', #7434, 1000.000000000000114 ) ;
#2899 = CARTESIAN_POINT ( 'NONE',  ( 25.84922222222222388, 31.27977777777778101, -6.349999999999999645 ) ) ;
#2900 = LINE ( 'NONE', #5297, #104 ) ;
#2901 = ORIENTED_EDGE ( 'NONE', *, *, #3363, .T. ) ;
#2902 = VERTEX_POINT ( 'NONE', #2008 ) ;
#2903 = EDGE_CURVE ( 'NONE', #7252, #1729, #3311, .T. ) ;
#2904 = AXIS2_PLACEMENT_3D ( 'NONE', #205, #4457, #4422 ) ;
#2905 = VECTOR ( 'NONE', #2260, 1000.000000000000000 ) ;
#2906 = VECTOR ( 'NONE', #3646, 1000.000000000000000 ) ;
#2907 = EDGE_LOOP ( 'NONE', ( #2315, #291, #5312, #7074 ) ) ;
#2908 = DIRECTION ( 'NONE',  ( 0.000000000000000000, 0.000000000000000000, -1.000000000000000000 ) ) ;
#2909 = ORIENTED_EDGE ( 'NONE', *, *, #3047, .T. ) ;
#2910 = CARTESIAN_POINT ( 'NONE',  ( 4.115000000000000213, 30.33399999999999963, -6.049999999999999822 ) ) ;
#2911 = LINE ( 'NONE', #1610, #4274 ) ;
#2912 = VERTEX_POINT ( 'NONE', #2087 ) ;
#2913 = DIRECTION ( 'NONE',  ( 0.3414604030052199590, -0.9398961608494380560, 0.000000000000000000 ) ) ;
#2914 = VERTEX_POINT ( 'NONE', #4482 ) ;
#2915 = EDGE_CURVE ( 'NONE', #5259, #1144, #6123, .T. ) ;
#2916 = ORIENTED_EDGE ( 'NONE', *, *, #6048, .F. ) ;
#2917 = LINE ( 'NONE', #548, #494 ) ;
#2918 = DIRECTION ( 'NONE',  ( 0.8565084584846895943, 0.5161329872660540552, 0.000000000000000000 ) ) ;
#2919 = VERTEX_POINT ( 'NONE', #1463 ) ;
#2920 = DIRECTION ( 'NONE',  ( 0.8499819867244200466, 0.5268117521885855581, 0.000000000000000000 ) ) ;
#2921 = CARTESIAN_POINT ( 'NONE',  ( 20.48799999999999955, 33.38250000000000028, -6.049999999999999822 ) ) ;
#2922 = LINE ( 'NONE', #7594, #4389 ) ;
#2923 = ORIENTED_EDGE ( 'NONE', *, *, #1193, .T. ) ;
#2924 = ADVANCED_FACE ( 'NONE', ( #5692 ), #4326, .T. ) ;
#2925 = VECTOR ( 'NONE', #167, 1000.000000000000114 ) ;
#2926 = ORIENTED_EDGE ( 'NONE', *, *, #6674, .T. ) ;
#2927 = LINE ( 'NONE', #1591, #3326 ) ;
#2928 = ORIENTED_EDGE ( 'NONE', *, *, #5749, .F. ) ;
#2929 = DIRECTION ( 'NONE',  ( 0.000000000000000000, 0.000000000000000000, -1.000000000000000000 ) ) ;
#2930 = FACE_OUTER_BOUND ( 'NONE', #2980, .T. ) ;
#2931 = EDGE_CURVE ( 'NONE', #4793, #5493, #5616, .T. ) ;
#2932 = EDGE_CURVE ( 'NONE', #6495, #1560, #7433, .T. ) ;
#2933 = EDGE_CURVE ( 'NONE', #962, #83, #6245, .T. ) ;
#2934 = VECTOR ( 'NONE', #6396, 1000.000000000000000 ) ;
#2935 = DIRECTION ( 'NONE',  ( 0.9959593096006361668, -0.08980564358560093330, 0.000000000000000000 ) ) ;
#2936 = ORIENTED_EDGE ( 'NONE', *, *, #5898, .T. ) ;
#2937 = FACE_OUTER_BOUND ( 'NONE', #3846, .T. ) ;
#2938 = LINE ( 'NONE', #4226, #3166 ) ;
#2939 = DIRECTION ( 'NONE',  ( 0.4181215007203632483, -0.9083911110503841702, 0.000000000000000000 ) ) ;
#2940 = DIRECTION ( 'NONE',  ( -0.3484539473391050080, 0.9373259020126331054, 0.000000000000000000 ) ) ;
#2941 = ORIENTED_EDGE ( 'NONE', *, *, #6568, .F. ) ;
#2942 = VERTEX_POINT ( 'NONE', #5728 ) ;
#2943 = ORIENTED_EDGE ( 'NONE', *, *, #2931, .T. ) ;
#2944 = CARTESIAN_POINT ( 'NONE',  ( 19.79772222222221956, 32.65061111111111103, -6.049999999999999822 ) ) ;
#2945 = ORIENTED_EDGE ( 'NONE', *, *, #1286, .T. ) ;
#2946 = DIRECTION ( 'NONE',  ( -0.3151604313108916089, -0.9490384094102477519, 0.000000000000000000 ) ) ;
#2947 = LINE ( 'NONE', #6509, #5533 ) ;
#2948 = ADVANCED_FACE ( 'NONE', ( #7580 ), #3460, .T. ) ;
#2949 = ORIENTED_EDGE ( 'NONE', *, *, #7732, .F. ) ;
#2950 = LINE ( 'NONE', #6044, #2384 ) ;
#2951 = ORIENTED_EDGE ( 'NONE', *, *, #6986, .T. ) ;
#2952 = ORIENTED_EDGE ( 'NONE', *, *, #1823, .F. ) ;
#2953 = CARTESIAN_POINT ( 'NONE',  ( 3.775694444444441800, 32.26833333333333087, -6.349999999999999645 ) ) ;
#2954 = DIRECTION ( 'NONE',  ( 0.5812381937190966852, -0.8137334712067347819, 0.000000000000000000 ) ) ;
#2955 = ORIENTED_EDGE ( 'NONE', *, *, #4992, .F. ) ;
#2956 = DIRECTION ( 'NONE',  ( 0.5616870201265741214, -0.8273497999161718575, 0.000000000000000000 ) ) ;
#2957 = CARTESIAN_POINT ( 'NONE',  ( 14.32499999999999929, 16.80000000000000071, 5.000000000000000000 ) ) ;
#2958 = DIRECTION ( 'NONE',  ( 0.000000000000000000, 0.000000000000000000, -1.000000000000000000 ) ) ;
#2959 = ADVANCED_FACE ( 'NONE', ( #4049 ), #2169, .T. ) ;
#2960 = ORIENTED_EDGE ( 'NONE', *, *, #4928, .T. ) ;
#2961 = ORIENTED_EDGE ( 'NONE', *, *, #3466, .T. ) ;
#2962 = CARTESIAN_POINT ( 'NONE',  ( 1.212333333333331709, 31.44155555555555637, -6.049999999999999822 ) ) ;
#2963 = LINE ( 'NONE', #1271, #1131 ) ;
#2964 = LINE ( 'NONE', #2368, #7707 ) ;
#2965 = ORIENTED_EDGE ( 'NONE', *, *, #7495, .F. ) ;
#2966 = CARTESIAN_POINT ( 'NONE',  ( 27.40477777777777746, 37.25000000000000000, -6.049999999999999822 ) ) ;
#2967 = EDGE_CURVE ( 'NONE', #3943, #1704, #6988, .T. ) ;
#2968 = EDGE_CURVE ( 'NONE', #7624, #4346, #975, .T. ) ;
#2969 = EDGE_CURVE ( 'NONE', #7365, #1840, #3377, .T. ) ;
#2970 = CARTESIAN_POINT ( 'NONE',  ( 1.202999999999999403, 41.75800000000000267, -6.349999999999999645 ) ) ;
#2971 = ORIENTED_EDGE ( 'NONE', *, *, #1485, .F. ) ;
#2972 = FACE_OUTER_BOUND ( 'NONE', #4819, .T. ) ;
#2973 = LINE ( 'NONE', #4702, #5790 ) ;
#2974 = DIRECTION ( 'NONE',  ( 0.4936943036324172862, -0.8696355182264018380, -0.000000000000000000 ) ) ;
#2975 = DIRECTION ( 'NONE',  ( 0.9373259020126331054, 0.3484539473391050080, 0.000000000000000000 ) ) ;
#2976 = ADVANCED_FACE ( 'NONE', ( #308 ), #4002, .T. ) ;
#2977 = ORIENTED_EDGE ( 'NONE', *, *, #5989, .F. ) ;
#2978 = ORIENTED_EDGE ( 'NONE', *, *, #6927, .T. ) ;
#2980 = EDGE_LOOP ( 'NONE', ( #979, #3130, #118, #4738 ) ) ;
#2979 = EDGE_CURVE ( 'NONE', #4906, #702, #1654, .T. ) ;
#2981 = EDGE_CURVE ( 'NONE', #4654, #3190, #458, .T. ) ;
#2982 = DIRECTION ( 'NONE',  ( 0.9128356160331978497, -0.4083272438881492272, 0.000000000000000000 ) ) ;
#2983 = ORIENTED_EDGE ( 'NONE', *, *, #611, .F. ) ;
#2984 = FACE_OUTER_BOUND ( 'NONE', #1529, .T. ) ;
#2985 = DIRECTION ( 'NONE',  ( 0.7285000934998204780, -0.6850457019577255169, 0.000000000000000000 ) ) ;
#2986 = DIRECTION ( 'NONE',  ( 0.000000000000000000, 0.000000000000000000, 1.000000000000000000 ) ) ;
#2987 = DIRECTION ( 'NONE',  ( -0.000000000000000000, 1.000000000000000000, -0.000000000000000000 ) ) ;
#2988 = ADVANCED_FACE ( 'NONE', ( #2862 ), #2793, .T. ) ;
#2989 = ORIENTED_EDGE ( 'NONE', *, *, #6808, .T. ) ;
#2990 = ORIENTED_EDGE ( 'NONE', *, *, #3331, .T. ) ;
#2991 = LINE ( 'NONE', #7709, #5273 ) ;
#2992 = CARTESIAN_POINT ( 'NONE',  ( 19.79772222222221956, 32.65061111111111103, -6.349999999999999645 ) ) ;
#2993 = ORIENTED_EDGE ( 'NONE', *, *, #1832, .F. ) ;
#2994 = CARTESIAN_POINT ( 'NONE',  ( 6.800000000000000711, 21.10000000000000142, 12.52500000000000036 ) ) ;
#2995 = DIRECTION ( 'NONE',  ( -0.8675398104777614083, -0.4973677484881882105, 0.000000000000000000 ) ) ;
#2996 = PLANE ( 'NONE',  #4759 ) ;
#2997 = VECTOR ( 'NONE', #5256, 1000.000000000000114 ) ;
#2998 = ORIENTED_EDGE ( 'NONE', *, *, #3047, .F. ) ;
#2999 = PLANE ( 'NONE',  #3003 ) ;
#3000 = DIRECTION ( 'NONE',  ( -0.1105592572957863479, -0.9938695340064530592, 0.000000000000000000 ) ) ;
#3001 = DIRECTION ( 'NONE',  ( 0.000000000000000000, 0.000000000000000000, -1.000000000000000000 ) ) ;
#3002 = ORIENTED_EDGE ( 'NONE', *, *, #401, .T. ) ;
#3003 = AXIS2_PLACEMENT_3D ( 'NONE', #4180, #2416, #5971 ) ;
#3004 = CARTESIAN_POINT ( 'NONE',  ( -6.000000000000000000, 15.50000000000000000, 15.00000000000000000 ) ) ;
#3005 = AXIS2_PLACEMENT_3D ( 'NONE', #6464, #3645, #3012 ) ;
#3006 = VECTOR ( 'NONE', #5735, 1000.000000000000000 ) ;
#3007 = AXIS2_PLACEMENT_3D ( 'NONE', #7318, #5500, #1263 ) ;
#3008 = ADVANCED_FACE ( 'NONE', ( #7660 ), #2234, .T. ) ;
#3009 = FACE_OUTER_BOUND ( 'NONE', #2841, .T. ) ;
#3010 = CARTESIAN_POINT ( 'NONE',  ( 3.209666666666661783, 32.36088888888888704, -6.049999999999999822 ) ) ;
#3011 = ORIENTED_EDGE ( 'NONE', *, *, #860, .T. ) ;
#3012 = DIRECTION ( 'NONE',  ( -0.3771843854586258149, -0.9261381858913920739, 0.000000000000000000 ) ) ;
#3013 = CARTESIAN_POINT ( 'NONE',  ( 17.52194444444444343, 29.11949999999999861, -6.049999999999999822 ) ) ;
#3014 = CARTESIAN_POINT ( 'NONE',  ( 25.27055555555555344, 29.32288888888889034, -6.349999999999999645 ) ) ;
#3015 = CARTESIAN_POINT ( 'NONE',  ( 12.22100000000000009, 42.14999999999999858, -6.349999999999999645 ) ) ;
#3016 = VECTOR ( 'NONE', #801, 1000.000000000000000 ) ;
#3017 = AXIS2_PLACEMENT_3D ( 'NONE', #6941, #6428, #7602 ) ;
#3018 = VECTOR ( 'NONE', #3147, 1000.000000000000000 ) ;
#3019 = ORIENTED_EDGE ( 'NONE', *, *, #7722, .F. ) ;
#3020 = ORIENTED_EDGE ( 'NONE', *, *, #3804, .F. ) ;
#3021 = AXIS2_PLACEMENT_3D ( 'NONE', #5343, #3037, #7197 ) ;
#3022 = ADVANCED_FACE ( 'NONE', ( #1689 ), #2282, .T. ) ;
#3023 = EDGE_LOOP ( 'NONE', ( #5752, #3333, #3086, #4705 ) ) ;
#3024 = VECTOR ( 'NONE', #2096, 1000.000000000000227 ) ;
#3025 = DIRECTION ( 'NONE',  ( 1.000000000000000000, 0.000000000000000000, 0.000000000000000000 ) ) ;
#3026 = ORIENTED_EDGE ( 'NONE', *, *, #2195, .F. ) ;
#3027 = CARTESIAN_POINT ( 'NONE',  ( 9.610000000000001208, 40.91800000000000637, -6.349999999999999645 ) ) ;
#3028 = DIRECTION ( 'NONE',  ( 0.8574929257125472049, 0.5144957554275214617, 0.000000000000000000 ) ) ;
#3029 = ORIENTED_EDGE ( 'NONE', *, *, #5709, .T. ) ;
#3030 = DIRECTION ( 'NONE',  ( 0.000000000000000000, 0.000000000000000000, -1.000000000000000000 ) ) ;
#3031 = AXIS2_PLACEMENT_3D ( 'NONE', #961, #5203, #4066 ) ;
#3032 = ADVANCED_FACE ( 'NONE', ( #2120 ), #2711, .T. ) ;
#3033 = AXIS2_PLACEMENT_3D ( 'NONE', #2192, #4584, #6387 ) ;
#3034 = ORIENTED_EDGE ( 'NONE', *, *, #562, .F. ) ;
#3035 = EDGE_CURVE ( 'NONE', #911, #1910, #386, .T. ) ;
#3036 = VERTEX_POINT ( 'NONE', #4593 ) ;
#3037 = DIRECTION ( 'NONE',  ( -1.000000000000000000, 0.000000000000000000, 0.000000000000000000 ) ) ;
#3038 = DIRECTION ( 'NONE',  ( 0.9576998477009485145, -0.2877690075626285204, 0.000000000000000000 ) ) ;
#3039 = VERTEX_POINT ( 'NONE', #5141 ) ;
#3040 = FACE_OUTER_BOUND ( 'NONE', #6307, .T. ) ;
#3041 = FACE_OUTER_BOUND ( 'NONE', #388, .T. ) ;
#3042 = VECTOR ( 'NONE', #2808, 1000.000000000000114 ) ;
#3043 = DIRECTION ( 'NONE',  ( 0.9306931708184095209, 0.3658007952314686895, 0.000000000000000000 ) ) ;
#3044 = ADVANCED_FACE ( 'NONE', ( #6400 ), #1025, .T. ) ;
#3045 = VERTEX_POINT ( 'NONE', #5217 ) ;
#3046 = DIRECTION ( 'NONE',  ( -1.000000000000000000, -0.000000000000000000, -0.000000000000000000 ) ) ;
#3047 = EDGE_CURVE ( 'NONE', #7566, #1425, #7614, .T. ) ;
#3048 = CARTESIAN_POINT ( 'NONE',  ( 11.73099999999999987, 40.91800000000000637, -6.049999999999999822 ) ) ;
#3049 = ORIENTED_EDGE ( 'NONE', *, *, #4659, .T. ) ;
#3050 = LINE ( 'NONE', #3596, #5072 ) ;
#3051 = EDGE_LOOP ( 'NONE', ( #4037, #3857, #6898, #39 ) ) ;
#3052 = DIRECTION ( 'NONE',  ( -0.5804753019815696025, 0.8142778541685912197, 0.000000000000000000 ) ) ;
#3053 = CARTESIAN_POINT ( 'NONE',  ( 3.573666666666666103, 35.29155555555555424, -6.349999999999999645 ) ) ;
#3054 = LINE ( 'NONE', #841, #1516 ) ;
#3055 = ORIENTED_EDGE ( 'NONE', *, *, #5518, .F. ) ;
#3056 = DIRECTION ( 'NONE',  ( -0.4873448218882989180, 0.8732096109060311084, 0.000000000000000000 ) ) ;
#3057 = DIRECTION ( 'NONE',  ( 0.5402742051129975076, -0.8414890274326330966, 0.000000000000000000 ) ) ;
#3058 = FACE_OUTER_BOUND ( 'NONE', #7508, .T. ) ;
#3059 = CARTESIAN_POINT ( 'NONE',  ( 21.87283333333333601, 41.19955555555555549, -6.049999999999999822 ) ) ;
#3060 = EDGE_CURVE ( 'NONE', #6860, #4826, #29, .T. ) ;
#3061 = EDGE_LOOP ( 'NONE', ( #326, #7437, #7257, #5561 ) ) ;
#3062 = VERTEX_POINT ( 'NONE', #6508 ) ;
#3063 = CARTESIAN_POINT ( 'NONE',  ( 9.803666666666664753, 38.65311111111110876, -6.349999999999999645 ) ) ;
#3064 = ORIENTED_EDGE ( 'NONE', *, *, #7715, .F. ) ;
#3065 = FACE_OUTER_BOUND ( 'NONE', #4501, .T. ) ;
#3066 = CARTESIAN_POINT ( 'NONE',  ( 19.75300000000000011, 42.34600000000000364, -6.349999999999999645 ) ) ;
#3067 = EDGE_LOOP ( 'NONE', ( #2617, #5865, #3315, #3386 ) ) ;
#3068 = CARTESIAN_POINT ( 'NONE',  ( 12.04833333333333201, 41.75488888888889250, -6.049999999999999822 ) ) ;
#3069 = VECTOR ( 'NONE', #6734, 1000.000000000000114 ) ;
#3070 = EDGE_CURVE ( 'NONE', #2755, #4453, #1290, .T. ) ;
#3071 = EDGE_LOOP ( 'NONE', ( #1006, #1787, #7733, #7088 ) ) ;
#3072 = ORIENTED_EDGE ( 'NONE', *, *, #522, .F. ) ;
#3073 = CARTESIAN_POINT ( 'NONE',  ( 9.309000000000001052, 33.04999999999999716, -6.049999999999999822 ) ) ;
#3074 = DIRECTION ( 'NONE',  ( 0.6520281218439690774, 0.7581947825754449255, -0.000000000000000000 ) ) ;
#3075 = EDGE_CURVE ( 'NONE', #7268, #1964, #4741, .T. ) ;
#3076 = VERTEX_POINT ( 'NONE', #1248 ) ;
#3077 = DIRECTION ( 'NONE',  ( -1.000000000000000000, 0.000000000000000000, -0.000000000000000000 ) ) ;
#3078 = ADVANCED_FACE ( 'NONE', ( #1767, #4115 ), #4824, .F. ) ;
#3079 = CARTESIAN_POINT ( 'NONE',  ( 27.32155555555555893, 30.78511111111111020, -6.349999999999999645 ) ) ;
#3080 = EDGE_CURVE ( 'NONE', #4582, #1177, #501, .T. ) ;
#3081 = LINE ( 'NONE', #5428, #5762 ) ;
#3082 = ORIENTED_EDGE ( 'NONE', *, *, #3976, .T. ) ;
#3083 = ORIENTED_EDGE ( 'NONE', *, *, #6289, .F. ) ;
#3084 = LINE ( 'NONE', #5937, #2749 ) ;
#3085 = CARTESIAN_POINT ( 'NONE',  ( 4.464999999999999858, 32.35000000000000142, -6.049999999999999822 ) ) ;
#3086 = ORIENTED_EDGE ( 'NONE', *, *, #5793, .T. ) ;
#3087 = DIRECTION ( 'NONE',  ( 0.000000000000000000, -1.000000000000000000, 0.000000000000000000 ) ) ;
#3088 = VERTEX_POINT ( 'NONE', #7142 ) ;
#3089 = CARTESIAN_POINT ( 'NONE',  ( 15.67500000000000071, 16.80000000000000071, 2.225000000000000089 ) ) ;
#3090 = ADVANCED_FACE ( 'NONE', ( #7262 ), #6678, .T. ) ;
#3091 = FACE_OUTER_BOUND ( 'NONE', #2606, .T. ) ;
#3092 = ORIENTED_EDGE ( 'NONE', *, *, #2933, .F. ) ;
#3093 = PLANE ( 'NONE',  #1115 ) ;
#3094 = LINE ( 'NONE', #4431, #4161 ) ;
#3095 = LINE ( 'NONE', #3687, #3149 ) ;
#3096 = CARTESIAN_POINT ( 'NONE',  ( 1.091874999999999929, 31.72787500000000094, -6.049999999999999822 ) ) ;
#3097 = ORIENTED_EDGE ( 'NONE', *, *, #3742, .T. ) ;
#3098 = ORIENTED_EDGE ( 'NONE', *, *, #1524, .T. ) ;
#3099 = DIRECTION ( 'NONE',  ( 0.3546542341205450866, -0.9349975263177811025, 0.000000000000000000 ) ) ;
#3100 = ORIENTED_EDGE ( 'NONE', *, *, #5293, .F. ) ;
#3101 = PLANE ( 'NONE',  #1625 ) ;
#3102 = DIRECTION ( 'NONE',  ( 0.3483187467539285986, 0.9373761521714603084, 0.000000000000000000 ) ) ;
#3103 = ORIENTED_EDGE ( 'NONE', *, *, #3948, .F. ) ;
#3104 = DIRECTION ( 'NONE',  ( 1.000000000000000000, -0.000000000000000000, -0.000000000000000000 ) ) ;
#3105 = ORIENTED_EDGE ( 'NONE', *, *, #1277, .T. ) ;
#3106 = ORIENTED_EDGE ( 'NONE', *, *, #142, .F. ) ;
#3107 = LINE ( 'NONE', #6835, #3 ) ;
#3108 = DIRECTION ( 'NONE',  ( -0.5458376290682928067, 0.8378909730347408047, 0.000000000000000000 ) ) ;
#3109 = EDGE_CURVE ( 'NONE', #3310, #4413, #4198, .T. ) ;
#3110 = EDGE_LOOP ( 'NONE', ( #6987, #5838, #2842, #5071 ) ) ;
#3111 = CARTESIAN_POINT ( 'NONE',  ( 9.942888888888886001, 42.00688888888888783, -6.349999999999999645 ) ) ;
#3112 = FACE_OUTER_BOUND ( 'NONE', #1615, .T. ) ;
#3113 = LINE ( 'NONE', #2527, #249 ) ;
#3114 = ORIENTED_EDGE ( 'NONE', *, *, #3654, .F. ) ;
#3115 = ORIENTED_EDGE ( 'NONE', *, *, #675, .T. ) ;
#3116 = ORIENTED_EDGE ( 'NONE', *, *, #1403, .F. ) ;
#3117 = DIRECTION ( 'NONE',  ( 0.000000000000000000, 0.000000000000000000, -1.000000000000000000 ) ) ;
#3118 = DIRECTION ( 'NONE',  ( 0.5613140120455589743, -0.8276029119579740856, 0.000000000000000000 ) ) ;
#3119 = ADVANCED_FACE ( 'NONE', ( #7740 ), #1884, .T. ) ;
#3120 = VERTEX_POINT ( 'NONE', #5371 ) ;
#3121 = LINE ( 'NONE', #5509, #6073 ) ;
#3122 = VERTEX_POINT ( 'NONE', #4165 ) ;
#3123 = FACE_OUTER_BOUND ( 'NONE', #2244, .T. ) ;
#3124 = VECTOR ( 'NONE', #4243, 1000.000000000000000 ) ;
#3125 = EDGE_CURVE ( 'NONE', #4624, #6117, #7700, .T. ) ;
#3126 = EDGE_CURVE ( 'NONE', #1425, #3684, #3580, .T. ) ;
#3127 = PLANE ( 'NONE',  #1556 ) ;
#3128 = VECTOR ( 'NONE', #1222, 999.9999999999998863 ) ;
#3129 = VECTOR ( 'NONE', #3142, 1000.000000000000000 ) ;
#3130 = ORIENTED_EDGE ( 'NONE', *, *, #2546, .F. ) ;
#3131 = PLANE ( 'NONE',  #2257 ) ;
#3132 = CARTESIAN_POINT ( 'NONE',  ( 3.573666666666668323, 38.84600000000000364, -6.349999999999999645 ) ) ;
#3133 = LINE ( 'NONE', #4497, #7 ) ;
#3134 = DIRECTION ( 'NONE',  ( 0.04912095919979386771, -0.9987928370624671315, 0.000000000000000000 ) ) ;
#3135 = AXIS2_PLACEMENT_3D ( 'NONE', #6521, #3669, #1143 ) ;
#3136 = ORIENTED_EDGE ( 'NONE', *, *, #209, .T. ) ;
#3137 = VECTOR ( 'NONE', #5562, 1000.000000000000114 ) ;
#3138 = ORIENTED_EDGE ( 'NONE', *, *, #1940, .F. ) ;
#3139 = CARTESIAN_POINT ( 'NONE',  ( 6.452999999999999403, 41.75800000000000267, -6.049999999999999822 ) ) ;
#3140 = ORIENTED_EDGE ( 'NONE', *, *, #7056, .T. ) ;
#3141 = AXIS2_PLACEMENT_3D ( 'NONE', #4567, #343, #6961 ) ;
#3142 = DIRECTION ( 'NONE',  ( 0.000000000000000000, -1.000000000000000000, 0.000000000000000000 ) ) ;
#3143 = PLANE ( 'NONE',  #6790 ) ;
#3144 = VECTOR ( 'NONE', #2118, 1000.000000000000000 ) ;
#3145 = DIRECTION ( 'NONE',  ( 0.000000000000000000, 0.000000000000000000, 1.000000000000000000 ) ) ;
#3146 = VECTOR ( 'NONE', #2515, 1000.000000000000227 ) ;
#3147 = DIRECTION ( 'NONE',  ( 1.000000000000000000, 0.000000000000000000, 0.000000000000000000 ) ) ;
#3148 = EDGE_LOOP ( 'NONE', ( #1568, #4058, #1086, #2801 ) ) ;
#3149 = VECTOR ( 'NONE', #3647, 1000.000000000000114 ) ;
#3150 = AXIS2_PLACEMENT_3D ( 'NONE', #1116, #7688, #2935 ) ;
#3151 = VECTOR ( 'NONE', #3134, 1000.000000000000227 ) ;
#3152 = CARTESIAN_POINT ( 'NONE',  ( 24.33099999999999952, 41.29950000000000188, -6.049999999999999822 ) ) ;
#3153 = CARTESIAN_POINT ( 'NONE',  ( 1.826000000000000512, 38.78999999999999915, -6.049999999999999822 ) ) ;
#3154 = DIRECTION ( 'NONE',  ( -0.5511916190789390990, 0.8343786904380634528, 0.000000000000000000 ) ) ;
#3155 = EDGE_LOOP ( 'NONE', ( #3072, #6720, #667, #495 ) ) ;
#3156 = DIRECTION ( 'NONE',  ( -0.000000000000000000, 1.000000000000000000, 0.000000000000000000 ) ) ;
#3157 = LINE ( 'NONE', #3863, #1139 ) ;
#3158 = LINE ( 'NONE', #1383, #3517 ) ;
#3159 = VECTOR ( 'NONE', #4479, 1000.000000000000000 ) ;
#3160 = VECTOR ( 'NONE', #3442, 1000.000000000000114 ) ;
#3161 = VECTOR ( 'NONE', #4788, 1000.000000000000000 ) ;
#3162 = ORIENTED_EDGE ( 'NONE', *, *, #4039, .F. ) ;
#3163 = ORIENTED_EDGE ( 'NONE', *, *, #4079, .F. ) ;
#3164 = EDGE_CURVE ( 'NONE', #2035, #6262, #5994, .T. ) ;
#3165 = ORIENTED_EDGE ( 'NONE', *, *, #4822, .T. ) ;
#3166 = VECTOR ( 'NONE', #1236, 1000.000000000000114 ) ;
#3167 = DIRECTION ( 'NONE',  ( -0.9959593096006361668, 0.08980564358560094718, 0.000000000000000000 ) ) ;
#3168 = LINE ( 'NONE', #4488, #6772 ) ;
#3169 = VERTEX_POINT ( 'NONE', #2910 ) ;
#3170 = CARTESIAN_POINT ( 'NONE',  ( 3.134999999999999787, 40.13400000000000034, -6.049999999999999822 ) ) ;
#3171 = VERTEX_POINT ( 'NONE', #5303 ) ;
#3172 = CARTESIAN_POINT ( 'NONE',  ( 22.00233333333333263, 37.77888888888888630, -6.049999999999999822 ) ) ;
#3173 = ADVANCED_FACE ( 'NONE', ( #2984 ), #7776, .T. ) ;
#3174 = LINE ( 'NONE', #1833, #4938 ) ;
#3175 = EDGE_CURVE ( 'NONE', #6932, #6128, #6593, .T. ) ;
#3176 = VERTEX_POINT ( 'NONE', #3660 ) ;
#3177 = LINE ( 'NONE', #1358, #3137 ) ;
#3178 = ADVANCED_FACE ( 'NONE', ( #3065 ), #5451, .T. ) ;
#3179 = FACE_OUTER_BOUND ( 'NONE', #3155, .T. ) ;
#3180 = EDGE_CURVE ( 'NONE', #196, #1416, #2318, .T. ) ;
#3181 = LINE ( 'NONE', #3879, #6788 ) ;
#3182 = ORIENTED_EDGE ( 'NONE', *, *, #1492, .F. ) ;
#3183 = ORIENTED_EDGE ( 'NONE', *, *, #1917, .F. ) ;
#3184 = FACE_OUTER_BOUND ( 'NONE', #7338, .T. ) ;
#3185 = ORIENTED_EDGE ( 'NONE', *, *, #2866, .T. ) ;
#3186 = DIRECTION ( 'NONE',  ( -0.000000000000000000, -0.000000000000000000, 1.000000000000000000 ) ) ;
#3187 = LINE ( 'NONE', #1930, #4777 ) ;
#3188 = DIRECTION ( 'NONE',  ( -0.02754056993595977929, 0.9996206865644600148, 0.000000000000000000 ) ) ;
#3189 = CARTESIAN_POINT ( 'NONE',  ( 8.532000000000000028, 37.25000000000000000, -6.349999999999999645 ) ) ;
#3190 = VERTEX_POINT ( 'NONE', #4978 ) ;
#3191 = CARTESIAN_POINT ( 'NONE',  ( 2.171722222222217002, 36.00516666666667476, -6.049999999999999822 ) ) ;
#3192 = DIRECTION ( 'NONE',  ( -0.4448156770586414455, 0.8956221376467099482, 0.000000000000000000 ) ) ;
#3193 = EDGE_CURVE ( 'NONE', #5201, #760, #3853, .T. ) ;
#3194 = CARTESIAN_POINT ( 'NONE',  ( 7.698805555555556346, 38.49444444444444713, -6.049999999999999822 ) ) ;
#3195 = VERTEX_POINT ( 'NONE', #3694 ) ;
#3196 = LINE ( 'NONE', #7351, #5117 ) ;
#3197 = AXIS2_PLACEMENT_3D ( 'NONE', #3683, #722, #7251 ) ;
#3198 = DIRECTION ( 'NONE',  ( -0.3185577216681672597, 0.9479034644759910533, 0.000000000000000000 ) ) ;
#3199 = CARTESIAN_POINT ( 'NONE',  ( 28.50300000000000011, 37.92199999999999704, -6.049999999999999822 ) ) ;
#3200 = ORIENTED_EDGE ( 'NONE', *, *, #1243, .T. ) ;
#3201 = ORIENTED_EDGE ( 'NONE', *, *, #7686, .T. ) ;
#3202 = VECTOR ( 'NONE', #4653, 1000.000000000000000 ) ;
#3203 = ORIENTED_EDGE ( 'NONE', *, *, #192, .T. ) ;
#3204 = LINE ( 'NONE', #2569, #4886 ) ;
#3205 = DIRECTION ( 'NONE',  ( 0.000000000000000000, 0.000000000000000000, -1.000000000000000000 ) ) ;
#3206 = EDGE_LOOP ( 'NONE', ( #803, #4872, #3011, #6627 ) ) ;
#3207 = DIRECTION ( 'NONE',  ( -1.000000000000000000, 0.000000000000000000, 0.000000000000000000 ) ) ;
#3208 = FACE_OUTER_BOUND ( 'NONE', #5477, .T. ) ;
#3209 = ORIENTED_EDGE ( 'NONE', *, *, #6324, .F. ) ;
#3210 = EDGE_CURVE ( 'NONE', #7613, #962, #7339, .T. ) ;
#3211 = DIRECTION ( 'NONE',  ( 0.04020591388104039626, -0.9991914153399188425, 0.000000000000000000 ) ) ;
#3212 = CARTESIAN_POINT ( 'NONE',  ( 7.545000000000000817, 29.03200000000000358, -6.349999999999999645 ) ) ;
#3213 = ORIENTED_EDGE ( 'NONE', *, *, #6240, .F. ) ;
#3214 = ADVANCED_FACE ( 'NONE', ( #1417 ), #6829, .T. ) ;
#3215 = CARTESIAN_POINT ( 'NONE',  ( 1.588777777777773181, 39.39355555555555810, -6.049999999999999822 ) ) ;
#3216 = LINE ( 'NONE', #5597, #1527 ) ;
#3217 = CARTESIAN_POINT ( 'NONE',  ( 6.914999999999999147, 35.68200000000000216, -6.049999999999999822 ) ) ;
#3218 = EDGE_CURVE ( 'NONE', #6346, #7192, #6711, .T. ) ;
#3219 = ORIENTED_EDGE ( 'NONE', *, *, #5989, .T. ) ;
#3220 = FACE_OUTER_BOUND ( 'NONE', #1268, .T. ) ;
#3221 = ORIENTED_EDGE ( 'NONE', *, *, #7735, .F. ) ;
#3222 = EDGE_CURVE ( 'NONE', #2165, #2676, #7456, .T. ) ;
#3223 = FACE_OUTER_BOUND ( 'NONE', #6364, .T. ) ;
#3224 = DIRECTION ( 'NONE',  ( 0.3313276296659668496, 0.9435157665984876818, 0.000000000000000000 ) ) ;
#3225 = DIRECTION ( 'NONE',  ( 0.8732096109060311084, 0.4873448218882989180, 0.000000000000000000 ) ) ;
#3226 = PLANE ( 'NONE',  #6518 ) ;
#3227 = ORIENTED_EDGE ( 'NONE', *, *, #5649, .F. ) ;
#3228 = ADVANCED_FACE ( 'NONE', ( #1367 ), #2553, .T. ) ;
#3229 = EDGE_CURVE ( 'NONE', #891, #7252, #787, .T. ) ;
#3230 = LINE ( 'NONE', #5543, #776 ) ;
#3231 = DIRECTION ( 'NONE',  ( -0.000000000000000000, 1.000000000000000000, 0.000000000000000000 ) ) ;
#3232 = LINE ( 'NONE', #7314, #743 ) ;
#3233 = ORIENTED_EDGE ( 'NONE', *, *, #6861, .F. ) ;
#3234 = DIRECTION ( 'NONE',  ( 0.000000000000000000, -0.000000000000000000, 1.000000000000000000 ) ) ;
#3235 = DIRECTION ( 'NONE',  ( 0.3822425294613693292, -0.9240620372415340178, 0.000000000000000000 ) ) ;
#3236 = EDGE_CURVE ( 'NONE', #4807, #3820, #3771, .T. ) ;
#3237 = CARTESIAN_POINT ( 'NONE',  ( 13.09600000000000009, 37.25000000000000000, -6.349999999999999645 ) ) ;
#3238 = ORIENTED_EDGE ( 'NONE', *, *, #3236, .T. ) ;
#3239 = VERTEX_POINT ( 'NONE', #5058 ) ;
#3240 = CARTESIAN_POINT ( 'NONE',  ( 1.202999999999999403, 41.75800000000000267, -6.049999999999999822 ) ) ;
#3241 = CARTESIAN_POINT ( 'NONE',  ( 4.293694444444444258, 32.32433333333333536, -6.049999999999999822 ) ) ;
#3242 = ORIENTED_EDGE ( 'NONE', *, *, #3193, .T. ) ;
#3243 = CARTESIAN_POINT ( 'NONE',  ( 26.21944444444444144, 36.48466666666666924, -6.049999999999999822 ) ) ;
#3244 = LINE ( 'NONE', #5590, #6153 ) ;
#3245 = ORIENTED_EDGE ( 'NONE', *, *, #1055, .F. ) ;
#3246 = DIRECTION ( 'NONE',  ( 0.000000000000000000, -1.000000000000000000, 0.000000000000000000 ) ) ;
#3247 = ORIENTED_EDGE ( 'NONE', *, *, #2483, .F. ) ;
#3248 = CARTESIAN_POINT ( 'NONE',  ( 9.469999999999998863, 39.35000000000000142, -6.049999999999999822 ) ) ;
#3249 = CARTESIAN_POINT ( 'NONE',  ( 26.10900000000000531, 42.23400000000000176, -6.349999999999999645 ) ) ;
#3250 = EDGE_CURVE ( 'NONE', #367, #6645, #734, .T. ) ;
#3251 = AXIS2_PLACEMENT_3D ( 'NONE', #2687, #3323, #3751 ) ;
#3252 = VERTEX_POINT ( 'NONE', #5572 ) ;
#3253 = DIRECTION ( 'NONE',  ( 0.9998803915264489195, -0.01546617732069639067, 0.000000000000000000 ) ) ;
#3254 = ORIENTED_EDGE ( 'NONE', *, *, #4780, .F. ) ;
#3255 = DIRECTION ( 'NONE',  ( 0.000000000000000000, 0.000000000000000000, -1.000000000000000000 ) ) ;
#3256 = DIRECTION ( 'NONE',  ( 0.000000000000000000, 1.000000000000000000, 0.000000000000000000 ) ) ;
#3257 = LINE ( 'NONE', #5646, #1761 ) ;
#3258 = CARTESIAN_POINT ( 'NONE',  ( 6.914999999999999147, 35.68200000000000216, -6.049999999999999822 ) ) ;
#3259 = VECTOR ( 'NONE', #1777, 1000.000000000000000 ) ;
#3260 = VECTOR ( 'NONE', #5016, 1000.000000000000114 ) ;
#3261 = VERTEX_POINT ( 'NONE', #6199 ) ;
#3262 = EDGE_CURVE ( 'NONE', #2210, #3122, #697, .T. ) ;
#3263 = DIRECTION ( 'NONE',  ( 0.8913159467096120059, 0.4533827115596138491, 0.000000000000000000 ) ) ;
#3265 = DIRECTION ( 'NONE',  ( 0.000000000000000000, 0.000000000000000000, -1.000000000000000000 ) ) ;
#3264 = AXIS2_PLACEMENT_3D ( 'NONE', #3139, #5013, #6676 ) ;
#3266 = CARTESIAN_POINT ( 'NONE',  ( 10.40041666666666487, 37.60194444444444883, -6.049999999999999822 ) ) ;
#3267 = VECTOR ( 'NONE', #4177, 1000.000000000000000 ) ;
#3268 = ORIENTED_EDGE ( 'NONE', *, *, #3892, .F. ) ;
#3269 = DIRECTION ( 'NONE',  ( 0.000000000000000000, 1.000000000000000000, 0.000000000000000000 ) ) ;
#3270 = CARTESIAN_POINT ( 'NONE',  ( 7.222999999999999865, 39.35000000000000142, -6.049999999999999822 ) ) ;
#3271 = CARTESIAN_POINT ( 'NONE',  ( 4.314111111111111008, 31.67177777777777692, -6.049999999999999822 ) ) ;
#3272 = ADVANCED_FACE ( 'NONE', ( #3223 ), #3101, .T. ) ;
#3273 = EDGE_CURVE ( 'NONE', #2827, #677, #220, .T. ) ;
#3274 = ADVANCED_FACE ( 'NONE', ( #823 ), #1994, .T. ) ;
#3275 = EDGE_CURVE ( 'NONE', #3628, #6147, #1929, .T. ) ;
#3276 = VECTOR ( 'NONE', #2822, 1000.000000000000000 ) ;
#3277 = VECTOR ( 'NONE', #1036, 1000.000000000000000 ) ;
#3278 = EDGE_LOOP ( 'NONE', ( #1185, #6429, #5833, #1312 ) ) ;
#3279 = VECTOR ( 'NONE', #4790, 1000.000000000000000 ) ;
#3280 = ORIENTED_EDGE ( 'NONE', *, *, #6522, .T. ) ;
#3281 = LINE ( 'NONE', #6251, #2509 ) ;
#3282 = FACE_OUTER_BOUND ( 'NONE', #5030, .T. ) ;
#3283 = VECTOR ( 'NONE', #5688, 1000.000000000000114 ) ;
#3284 = EDGE_LOOP ( 'NONE', ( #2106, #6383, #5911, #6000 ) ) ;
#3285 = DIRECTION ( 'NONE',  ( 0.000000000000000000, 0.000000000000000000, -1.000000000000000000 ) ) ;
#3286 = VECTOR ( 'NONE', #1321, 1000.000000000000000 ) ;
#3287 = CARTESIAN_POINT ( 'NONE',  ( 29.00699999999999790, 35.51400000000000290, -6.349999999999999645 ) ) ;
#3288 = AXIS2_PLACEMENT_3D ( 'NONE', #7340, #4908, #1368 ) ;
#3289 = CARTESIAN_POINT ( 'NONE',  ( 14.44699999999999918, 39.35000000000000142, -6.049999999999999822 ) ) ;
#3290 = VECTOR ( 'NONE', #4255, 1000.000000000000114 ) ;
#3291 = VECTOR ( 'NONE', #2888, 1000.000000000000000 ) ;
#3292 = EDGE_CURVE ( 'NONE', #3728, #6035, #4437, .T. ) ;
#3293 = ORIENTED_EDGE ( 'NONE', *, *, #1913, .F. ) ;
#3294 = CARTESIAN_POINT ( 'NONE',  ( 15.67500000000000071, 16.80000000000000071, 6.425000000000000711 ) ) ;
#3295 = VECTOR ( 'NONE', #6421, 1000.000000000000000 ) ;
#3296 = LINE ( 'NONE', #5678, #4411 ) ;
#3297 = ORIENTED_EDGE ( 'NONE', *, *, #1393, .F. ) ;
#3298 = VERTEX_POINT ( 'NONE', #265 ) ;
#3299 = CARTESIAN_POINT ( 'NONE',  ( 17.10000000000000142, 20.39999999999999858, 5.000000000000000000 ) ) ;
#3300 = ORIENTED_EDGE ( 'NONE', *, *, #2639, .T. ) ;
#3301 = LINE ( 'NONE', #2156, #7011 ) ;
#3302 = CARTESIAN_POINT ( 'NONE',  ( 19.83699999999999974, 39.30955555555555492, -6.349999999999999645 ) ) ;
#3303 = CARTESIAN_POINT ( 'NONE',  ( 22.06883333333333752, 36.64488888888888596, -6.049999999999999822 ) ) ;
#3304 = DIRECTION ( 'NONE',  ( -0.3483187467539285986, -0.9373761521714603084, 0.000000000000000000 ) ) ;
#3305 = EDGE_CURVE ( 'NONE', #6385, #4566, #2078, .T. ) ;
#3306 = ORIENTED_EDGE ( 'NONE', *, *, #2438, .T. ) ;
#3307 = FACE_OUTER_BOUND ( 'NONE', #2178, .T. ) ;
#3308 = LINE ( 'NONE', #4517, #2895 ) ;
#3309 = DIRECTION ( 'NONE',  ( -0.000000000000000000, -0.000000000000000000, -1.000000000000000000 ) ) ;
#3310 = VERTEX_POINT ( 'NONE', #100 ) ;
#3311 = LINE ( 'NONE', #6804, #4625 ) ;
#3312 = CARTESIAN_POINT ( 'NONE',  ( 27.96477777777777618, 37.59766666666666879, -6.049999999999999822 ) ) ;
#3313 = DIRECTION ( 'NONE',  ( 0.000000000000000000, 0.000000000000000000, -1.000000000000000000 ) ) ;
#3314 = EDGE_CURVE ( 'NONE', #5588, #3340, #7530, .T. ) ;
#3315 = ORIENTED_EDGE ( 'NONE', *, *, #3557, .T. ) ;
#3316 = EDGE_CURVE ( 'NONE', #6645, #3252, #3301, .T. ) ;
#3317 = EDGE_CURVE ( 'NONE', #2868, #6601, #5682, .T. ) ;
#3318 = ORIENTED_EDGE ( 'NONE', *, *, #4689, .F. ) ;
#3319 = LINE ( 'NONE', #6365, #6775 ) ;
#3320 = ADVANCED_FACE ( 'NONE', ( #3992 ), #3415, .T. ) ;
#3321 = LINE ( 'NONE', #914, #5386 ) ;
#3322 = VERTEX_POINT ( 'NONE', #329 ) ;
#3323 = DIRECTION ( 'NONE',  ( -0.9378112458730195611, 0.3471455993010641450, 0.000000000000000000 ) ) ;
#3324 = DIRECTION ( 'NONE',  ( -0.1489577118023100444, 0.9888435670492172758, 0.000000000000000000 ) ) ;
#3325 = DIRECTION ( 'NONE',  ( 0.1591964303618612631, 0.9872469278554585337, 0.000000000000000000 ) ) ;
#3326 = VECTOR ( 'NONE', #1741, 1000.000000000000000 ) ;
#3327 = PLANE ( 'NONE',  #2313 ) ;
#3328 = VERTEX_POINT ( 'NONE', #2734 ) ;
#3329 = DIRECTION ( 'NONE',  ( 0.5613368710960505714, 0.8275874075577128730, 0.000000000000000000 ) ) ;
#3330 = PLANE ( 'NONE',  #2657 ) ;
#3331 = EDGE_CURVE ( 'NONE', #3873, #5916, #3927, .T. ) ;
#3332 = ORIENTED_EDGE ( 'NONE', *, *, #6221, .F. ) ;
#3333 = ORIENTED_EDGE ( 'NONE', *, *, #2107, .F. ) ;
#3334 = LINE ( 'NONE', #4471, #1636 ) ;
#3335 = EDGE_LOOP ( 'NONE', ( #4015, #5236, #1905, #3621, #3924, #2229, #1659, #3526, #1894, #2819, #3901, #3238, #7601, #5240 ) ) ;
#3336 = LINE ( 'NONE', #6386, #6261 ) ;
#3337 = LINE ( 'NONE', #2816, #2532 ) ;
#3338 = DIRECTION ( 'NONE',  ( -0.03783101662572386364, 0.9992841508705441189, 0.000000000000000000 ) ) ;
#3339 = CARTESIAN_POINT ( 'NONE',  ( 15.37100000000000044, 35.51400000000000290, -6.049999999999999822 ) ) ;
#3340 = VERTEX_POINT ( 'NONE', #5207 ) ;
#3341 = ORIENTED_EDGE ( 'NONE', *, *, #6072, .F. ) ;
#3342 = DIRECTION ( 'NONE',  ( 0.000000000000000000, 0.000000000000000000, -1.000000000000000000 ) ) ;
#3343 = CARTESIAN_POINT ( 'NONE',  ( 23.19999999999999929, 15.50000000000000000, -3.874999999999999112 ) ) ;
#3344 = VERTEX_POINT ( 'NONE', #6904 ) ;
#3345 = DIRECTION ( 'NONE',  ( -0.5376775553122696838, 0.8431505479529863845, 0.000000000000000000 ) ) ;
#3346 = LINE ( 'NONE', #5880, #4904 ) ;
#3347 = FACE_OUTER_BOUND ( 'NONE', #6250, .T. ) ;
#3348 = ORIENTED_EDGE ( 'NONE', *, *, #3218, .T. ) ;
#3349 = EDGE_CURVE ( 'NONE', #7278, #6058, #4548, .T. ) ;
#3350 = VERTEX_POINT ( 'NONE', #1563 ) ;
#3351 = PLANE ( 'NONE',  #3649 ) ;
#3352 = CARTESIAN_POINT ( 'NONE',  ( 14.44699999999999918, 39.35000000000000142, -6.049999999999999822 ) ) ;
#3353 = ORIENTED_EDGE ( 'NONE', *, *, #2011, .F. ) ;
#3354 = DIRECTION ( 'NONE',  ( 0.000000000000000000, 0.000000000000000000, -1.000000000000000000 ) ) ;
#3355 = DIRECTION ( 'NONE',  ( 0.09127168519588475804, -0.9958260287226395890, 0.000000000000000000 ) ) ;
#3356 = DIRECTION ( 'NONE',  ( -0.3926206795052031850, -0.9197004958272407826, 0.000000000000000000 ) ) ;
#3357 = LINE ( 'NONE', #921, #1384 ) ;
#3358 = EDGE_CURVE ( 'NONE', #3597, #54, #411, .T. ) ;
#3359 = VERTEX_POINT ( 'NONE', #6310 ) ;
#3360 = CARTESIAN_POINT ( 'NONE',  ( 9.803666666666664753, 38.65311111111110876, -6.049999999999999822 ) ) ;
#3361 = DIRECTION ( 'NONE',  ( 0.9244706737774698313, 0.3812531617251601612, 0.000000000000000000 ) ) ;
#3362 = EDGE_CURVE ( 'NONE', #3261, #795, #3336, .T. ) ;
#3363 = EDGE_CURVE ( 'NONE', #3852, #670, #5834, .T. ) ;
#3364 = VERTEX_POINT ( 'NONE', #2702 ) ;
#3365 = DIRECTION ( 'NONE',  ( -1.000000000000000000, -0.000000000000000000, -0.000000000000000000 ) ) ;
#3366 = EDGE_LOOP ( 'NONE', ( #162, #5743, #1797, #243 ) ) ;
#3367 = CARTESIAN_POINT ( 'NONE',  ( 3.573666666666666103, 35.29155555555555424, -6.049999999999999822 ) ) ;
#3368 = CARTESIAN_POINT ( 'NONE',  ( 3.013666666666665606, 34.18555555555555259, -6.049999999999999822 ) ) ;
#3369 = CARTESIAN_POINT ( 'NONE',  ( 20.58133333333333326, 33.15538888888888636, -6.049999999999999822 ) ) ;
#3370 = CARTESIAN_POINT ( 'NONE',  ( 4.660999999999999588, 40.13400000000000034, -6.049999999999999822 ) ) ;
#3371 = ORIENTED_EDGE ( 'NONE', *, *, #4361, .F. ) ;
#3372 = VECTOR ( 'NONE', #3269, 1000.000000000000000 ) ;
#3373 = ORIENTED_EDGE ( 'NONE', *, *, #7608, .T. ) ;
#3374 = CARTESIAN_POINT ( 'NONE',  ( 20.58133333333333326, 33.15538888888888636, -6.049999999999999822 ) ) ;
#3375 = CARTESIAN_POINT ( 'NONE',  ( 9.309000000000001052, 31.31400000000000006, -6.049999999999999822 ) ) ;
#3376 = ORIENTED_EDGE ( 'NONE', *, *, #2150, .F. ) ;
#3377 = LINE ( 'NONE', #1062, #2242 ) ;
#3378 = CARTESIAN_POINT ( 'NONE',  ( 7.856888888888887479, 38.25177777777778232, -6.049999999999999822 ) ) ;
#3379 = VECTOR ( 'NONE', #1121, 1000.000000000000227 ) ;
#3380 = ORIENTED_EDGE ( 'NONE', *, *, #919, .T. ) ;
#3381 = VECTOR ( 'NONE', #7604, 1000.000000000000114 ) ;
#3382 = DIRECTION ( 'NONE',  ( -0.8488310846185890268, 0.5286641559489634323, 0.000000000000000000 ) ) ;
#3383 = ORIENTED_EDGE ( 'NONE', *, *, #1379, .T. ) ;
#3384 = VECTOR ( 'NONE', #6180, 1000.000000000000000 ) ;
#3385 = AXIS2_PLACEMENT_3D ( 'NONE', #4263, #7366, #6335 ) ;
#3386 = ORIENTED_EDGE ( 'NONE', *, *, #3222, .T. ) ;
#3387 = CARTESIAN_POINT ( 'NONE',  ( 23.71966666666666868, 40.95844444444444576, -6.049999999999999822 ) ) ;
#3388 = CARTESIAN_POINT ( 'NONE',  ( 12.66199999999999903, 39.35000000000000142, -6.049999999999999822 ) ) ;
#3389 = EDGE_LOOP ( 'NONE', ( #7199, #1686, #4382, #5550, #687, #1212, #1993, #872, #3712, #370, #3920, #6559, #6213, #3242, #7689, #4070, #237, #2063, #7078, #6372, #7453, #4028, #6445, #1099, #6857, #5711, #5936, #4690, #5223, #3717, #2281, #1132, #4681, #6077, #5626, #2404, #4927, #1668, #3750, #2305, #6278, #1482, #2870, #4242, #6005, #85, #34, #6110, #4740, #4993, #3767, #564, #6354, #4553, #3584, #4159, #1349, #4289, #3841, #6771 ) ) ;
#3390 = CARTESIAN_POINT ( 'NONE',  ( 12.90000000000000036, 16.80000000000000071, 5.000000000000000000 ) ) ;
#3391 = CARTESIAN_POINT ( 'NONE',  ( 2.850916666666664767, 32.85905555555555679, -6.049999999999999822 ) ) ;
#3392 = DIRECTION ( 'NONE',  ( 0.000000000000000000, 0.000000000000000000, -1.000000000000000000 ) ) ;
#3393 = AXIS2_PLACEMENT_3D ( 'NONE', #4962, #6844, #2092 ) ;
#3394 = VECTOR ( 'NONE', #3365, 1000.000000000000000 ) ;
#3395 = DIRECTION ( 'NONE',  ( 0.000000000000000000, 0.000000000000000000, -1.000000000000000000 ) ) ;
#3396 = VECTOR ( 'NONE', #189, 1000.000000000000000 ) ;
#3397 = EDGE_CURVE ( 'NONE', #5610, #6511, #372, .T. ) ;
#3398 = VECTOR ( 'NONE', #5310, 1000.000000000000227 ) ;
#3399 = VECTOR ( 'NONE', #604, 1000.000000000000000 ) ;
#3400 = VECTOR ( 'NONE', #632, 1000.000000000000000 ) ;
#3401 = DIRECTION ( 'NONE',  ( -0.000000000000000000, -1.000000000000000000, -0.000000000000000000 ) ) ;
#3402 = VERTEX_POINT ( 'NONE', #5171 ) ;
#3403 = CARTESIAN_POINT ( 'NONE',  ( 3.351999999999996760, 39.48299999999999699, -6.049999999999999822 ) ) ;
#3404 = DIRECTION ( 'NONE',  ( 0.04816564637540220878, -0.9988393617140043368, 0.000000000000000000 ) ) ;
#3405 = EDGE_CURVE ( 'NONE', #6675, #799, #7569, .T. ) ;
#3406 = AXIS2_PLACEMENT_3D ( 'NONE', #6586, #21, #1164 ) ;
#3407 = AXIS2_PLACEMENT_3D ( 'NONE', #5017, #1454, #2044 ) ;
#3408 = EDGE_CURVE ( 'NONE', #5067, #7268, #897, .T. ) ;
#3410 = ORIENTED_EDGE ( 'NONE', *, *, #5280, .T. ) ;
#3409 = EDGE_CURVE ( 'NONE', #54, #6779, #1600, .T. ) ;
#3411 = VECTOR ( 'NONE', #1163, 1000.000000000000000 ) ;
#3412 = EDGE_CURVE ( 'NONE', #1779, #2755, #2224, .T. ) ;
#3413 = CARTESIAN_POINT ( 'NONE',  ( 12.17647222222221970, 39.04588888888888931, -6.349999999999999645 ) ) ;
#3414 = VERTEX_POINT ( 'NONE', #4620 ) ;
#3415 = PLANE ( 'NONE',  #3757 ) ;
#3416 = DIRECTION ( 'NONE',  ( 1.000000000000000000, 0.000000000000000000, 0.000000000000000000 ) ) ;
#3417 = CARTESIAN_POINT ( 'NONE',  ( 4.251500000000000057, 31.33500000000000085, -6.349999999999999645 ) ) ;
#3418 = DIRECTION ( 'NONE',  ( -0.6392615198566296009, -0.7689894077492823721, 0.000000000000000000 ) ) ;
#3419 = ORIENTED_EDGE ( 'NONE', *, *, #418, .T. ) ;
#3420 = ORIENTED_EDGE ( 'NONE', *, *, #6525, .T. ) ;
#3421 = CARTESIAN_POINT ( 'NONE',  ( 14.02699999999999925, 38.56600000000000250, -6.349999999999999645 ) ) ;
#3422 = CARTESIAN_POINT ( 'NONE',  ( 4.464999999999999858, 32.35000000000000142, -6.049999999999999822 ) ) ;
#3423 = ORIENTED_EDGE ( 'NONE', *, *, #601, .T. ) ;
#3424 = CARTESIAN_POINT ( 'NONE',  ( 14.13899999999999935, 28.94800000000000040, -6.049999999999999822 ) ) ;
#3425 = DIRECTION ( 'NONE',  ( -0.2638741999716022746, 0.9645571038509574979, 0.000000000000000000 ) ) ;
#3426 = VERTEX_POINT ( 'NONE', #7015 ) ;
#3427 = LINE ( 'NONE', #4052, #1893 ) ;
#3428 = VERTEX_POINT ( 'NONE', #1641 ) ;
#3429 = ORIENTED_EDGE ( 'NONE', *, *, #5399, .F. ) ;
#3430 = DIRECTION ( 'NONE',  ( -0.4980533205262340224, -0.8671464062733539313, 0.000000000000000000 ) ) ;
#3431 = PLANE ( 'NONE',  #6010 ) ;
#3432 = ORIENTED_EDGE ( 'NONE', *, *, #755, .T. ) ;
#3433 = DIRECTION ( 'NONE',  ( 0.9205817818752608517, 0.3905498468561595660, 0.000000000000000000 ) ) ;
#3434 = CARTESIAN_POINT ( 'NONE',  ( 20.63499999999999801, 33.03600000000000136, -6.049999999999999822 ) ) ;
#3435 = DIRECTION ( 'NONE',  ( 0.3620242351523413893, 0.9321686827835198308, 0.000000000000000000 ) ) ;
#3436 = CARTESIAN_POINT ( 'NONE',  ( 4.314111111111111008, 31.67177777777777692, -6.349999999999999645 ) ) ;
#3437 = EDGE_CURVE ( 'NONE', #4975, #4706, #1048, .T. ) ;
#3438 = LINE ( 'NONE', #2255, #546 ) ;
#3439 = ORIENTED_EDGE ( 'NONE', *, *, #5293, .T. ) ;
#3440 = AXIS2_PLACEMENT_3D ( 'NONE', #6103, #7328, #16 ) ;
#3441 = CARTESIAN_POINT ( 'NONE',  ( 9.942888888888886001, 42.00688888888888783, -6.049999999999999822 ) ) ;
#3442 = DIRECTION ( 'NONE',  ( 0.8249323723209995851, -0.5652314402940159521, 0.000000000000000000 ) ) ;
#3443 = VECTOR ( 'NONE', #5742, 1000.000000000000000 ) ;
#3444 = ADVANCED_FACE ( 'NONE', ( #5244 ), #7644, .F. ) ;
#3445 = ORIENTED_EDGE ( 'NONE', *, *, #180, .F. ) ;
#3446 = CARTESIAN_POINT ( 'NONE',  ( 4.001250000000000639, 32.28699999999999903, -6.049999999999999822 ) ) ;
#3447 = ORIENTED_EDGE ( 'NONE', *, *, #4467, .F. ) ;
#3448 = CARTESIAN_POINT ( 'NONE',  ( 12.13349999999999973, 41.95438888888888584, -6.349999999999999645 ) ) ;
#3449 = DIRECTION ( 'NONE',  ( -0.5780962216728547931, -0.8159686014103542107, 0.000000000000000000 ) ) ;
#3450 = LINE ( 'NONE', #2853, #1396 ) ;
#3451 = FACE_OUTER_BOUND ( 'NONE', #2821, .T. ) ;
#3452 = EDGE_CURVE ( 'NONE', #7325, #5243, #6272, .T. ) ;
#3453 = ORIENTED_EDGE ( 'NONE', *, *, #5758, .F. ) ;
#3454 = ORIENTED_EDGE ( 'NONE', *, *, #4169, .T. ) ;
#3455 = ADVANCED_FACE ( 'NONE', ( #7763 ), #602, .T. ) ;
#3456 = VERTEX_POINT ( 'NONE', #652 ) ;
#3457 = FACE_OUTER_BOUND ( 'NONE', #1604, .T. ) ;
#3458 = LINE ( 'NONE', #2231, #3897 ) ;
#3459 = EDGE_LOOP ( 'NONE', ( #5457, #971, #7739, #2603 ) ) ;
#3460 = PLANE ( 'NONE',  #1865 ) ;
#3461 = LINE ( 'NONE', #1541, #2277 ) ;
#3462 = ORIENTED_EDGE ( 'NONE', *, *, #601, .F. ) ;
#3463 = CARTESIAN_POINT ( 'NONE',  ( 7.222999999999999865, 40.91800000000000637, -6.349999999999999645 ) ) ;
#3464 = EDGE_CURVE ( 'NONE', #3169, #182, #1750, .T. ) ;
#3465 = ORIENTED_EDGE ( 'NONE', *, *, #7585, .T. ) ;
#3466 = EDGE_CURVE ( 'NONE', #795, #5332, #4731, .T. ) ;
#3467 = EDGE_LOOP ( 'NONE', ( #723, #5987, #4229, #1842 ) ) ;
#3468 = LINE ( 'NONE', #2871, #7151 ) ;
#3469 = PLANE ( 'NONE',  #6889 ) ;
#3470 = ORIENTED_EDGE ( 'NONE', *, *, #5569, .T. ) ;
#3471 = CARTESIAN_POINT ( 'NONE',  ( 13.53175000000000061, 37.89399999999999835, -6.049999999999999822 ) ) ;
#3472 = LINE ( 'NONE', #5895, #7165 ) ;
#3473 = LINE ( 'NONE', #473, #1252 ) ;
#3474 = ORIENTED_EDGE ( 'NONE', *, *, #2105, .T. ) ;
#3475 = CARTESIAN_POINT ( 'NONE',  ( -6.000000000000000000, 55.50000000000000000, -6.349999999999999645 ) ) ;
#3476 = VERTEX_POINT ( 'NONE', #5869 ) ;
#3477 = DIRECTION ( 'NONE',  ( 0.3286548021612611947, -0.9444501156844348211, 0.000000000000000000 ) ) ;
#3478 = LINE ( 'NONE', #2146, #2905 ) ;
#3479 = EDGE_LOOP ( 'NONE', ( #1853, #4747, #5955, #5580 ) ) ;
#3480 = CARTESIAN_POINT ( 'NONE',  ( 15.67500000000000071, 20.39999999999999858, 3.650000000000000355 ) ) ;
#3481 = ORIENTED_EDGE ( 'NONE', *, *, #6613, .T. ) ;
#3482 = DIRECTION ( 'NONE',  ( -0.02602782344075460844, 0.9996612188171234425, 0.000000000000000000 ) ) ;
#3483 = CARTESIAN_POINT ( 'NONE',  ( 14.32499999999999929, 16.80000000000000071, 5.000000000000000000 ) ) ;
#3484 = FACE_OUTER_BOUND ( 'NONE', #7105, .T. ) ;
#3485 = DIRECTION ( 'NONE',  ( 0.8243351334922018880, 0.5661021000582791007, 0.000000000000000000 ) ) ;
#3486 = ADVANCED_FACE ( 'NONE', ( #1680 ), #7181, .T. ) ;
#3487 = ORIENTED_EDGE ( 'NONE', *, *, #4435, .F. ) ;
#3488 = ORIENTED_EDGE ( 'NONE', *, *, #6279, .F. ) ;
#3489 = ORIENTED_EDGE ( 'NONE', *, *, #4318, .T. ) ;
#3490 = LINE ( 'NONE', #2316, #752 ) ;
#3491 = ORIENTED_EDGE ( 'NONE', *, *, #4361, .T. ) ;
#3492 = DIRECTION ( 'NONE',  ( 0.3758042336905053071, -0.9266990762595439524, 0.000000000000000000 ) ) ;
#3493 = DIRECTION ( 'NONE',  ( 0.4760232128854960387, -0.8794327153308374445, 0.000000000000000000 ) ) ;
#3494 = ORIENTED_EDGE ( 'NONE', *, *, #1193, .F. ) ;
#3495 = DIRECTION ( 'NONE',  ( 0.000000000000000000, 0.000000000000000000, -1.000000000000000000 ) ) ;
#3496 = VECTOR ( 'NONE', #6524, 1000.000000000000000 ) ;
#3497 = ADVANCED_FACE ( 'NONE', ( #2937 ), #7728, .T. ) ;
#3498 = ORIENTED_EDGE ( 'NONE', *, *, #5968, .F. ) ;
#3499 = ORIENTED_EDGE ( 'NONE', *, *, #6289, .T. ) ;
#3501 = DIRECTION ( 'NONE',  ( 0.000000000000000000, -1.000000000000000000, 0.000000000000000000 ) ) ;
#3500 = VECTOR ( 'NONE', #6623, 1000.000000000000227 ) ;
#3502 = FACE_OUTER_BOUND ( 'NONE', #1898, .T. ) ;
#3503 = VECTOR ( 'NONE', #3615, 1000.000000000000114 ) ;
#3504 = ADVANCED_FACE ( 'NONE', ( #4701 ), #5294, .T. ) ;
#3505 = ORIENTED_EDGE ( 'NONE', *, *, #6663, .F. ) ;
#3506 = DIRECTION ( 'NONE',  ( 0.000000000000000000, 0.000000000000000000, -1.000000000000000000 ) ) ;
#3507 = ADVANCED_FACE ( 'NONE', ( #2972 ), #1082, .T. ) ;
#3508 = CARTESIAN_POINT ( 'NONE',  ( 19.79500000000000171, 40.73288888888888692, -6.049999999999999822 ) ) ;
#3509 = EDGE_CURVE ( 'NONE', #1425, #7762, #5403, .T. ) ;
#3510 = DIRECTION ( 'NONE',  ( 0.000000000000000000, 1.000000000000000000, 0.000000000000000000 ) ) ;
#3511 = VECTOR ( 'NONE', #1469, 1000.000000000000000 ) ;
#3512 = VECTOR ( 'NONE', #4802, 1000.000000000000000 ) ;
#3513 = VERTEX_POINT ( 'NONE', #5442 ) ;
#3514 = AXIS2_PLACEMENT_3D ( 'NONE', #4953, #4442, #6800 ) ;
#3515 = DIRECTION ( 'NONE',  ( 0.000000000000000000, 0.000000000000000000, -1.000000000000000000 ) ) ;
#3516 = VECTOR ( 'NONE', #3309, 1000.000000000000000 ) ;
#3517 = VECTOR ( 'NONE', #2601, 1000.000000000000000 ) ;
#3518 = ORIENTED_EDGE ( 'NONE', *, *, #2693, .T. ) ;
#3519 = FACE_OUTER_BOUND ( 'NONE', #6735, .T. ) ;
#3520 = FACE_BOUND ( 'NONE', #7185, .T. ) ;
#3521 = VECTOR ( 'NONE', #6432, 1000.000000000000000 ) ;
#3522 = VECTOR ( 'NONE', #3872, 1000.000000000000114 ) ;
#3523 = VECTOR ( 'NONE', #1156, 1000.000000000000000 ) ;
#3524 = EDGE_CURVE ( 'NONE', #731, #753, #3527, .T. ) ;
#3525 = DIRECTION ( 'NONE',  ( -0.5390654181915045529, 0.8422638986149284523, 0.000000000000000000 ) ) ;
#3526 = ORIENTED_EDGE ( 'NONE', *, *, #5429, .T. ) ;
#3527 = LINE ( 'NONE', #3604, #5005 ) ;
#3528 = VECTOR ( 'NONE', #2490, 1000.000000000000000 ) ;
#3529 = LINE ( 'NONE', #1837, #6541 ) ;
#3530 = AXIS2_PLACEMENT_3D ( 'NONE', #7109, #6594, #5995 ) ;
#3531 = CARTESIAN_POINT ( 'NONE',  ( 11.73099999999999987, 40.91800000000000637, -6.049999999999999822 ) ) ;
#3532 = LINE ( 'NONE', #1839, #6154 ) ;
#3533 = ORIENTED_EDGE ( 'NONE', *, *, #3210, .F. ) ;
#3534 = VERTEX_POINT ( 'NONE', #4105 ) ;
#3535 = AXIS2_PLACEMENT_3D ( 'NONE', #1948, #171, #6139 ) ;
#3536 = AXIS2_PLACEMENT_3D ( 'NONE', #5948, #4154, #5328 ) ;
#3537 = ORIENTED_EDGE ( 'NONE', *, *, #3984, .T. ) ;
#3538 = LINE ( 'NONE', #6506, #5136 ) ;
#3539 = ADVANCED_FACE ( 'NONE', ( #7130 ), #7690, .T. ) ;
#3540 = ORIENTED_EDGE ( 'NONE', *, *, #2932, .F. ) ;
#3541 = CARTESIAN_POINT ( 'NONE',  ( 24.33099999999999952, 41.29950000000000188, -6.349999999999999645 ) ) ;
#3542 = FACE_OUTER_BOUND ( 'NONE', #2874, .T. ) ;
#3543 = VERTEX_POINT ( 'NONE', #530 ) ;
#3544 = CARTESIAN_POINT ( 'NONE',  ( 12.17200000000000060, 37.25000000000000000, -6.049999999999999822 ) ) ;
#3545 = AXIS2_PLACEMENT_3D ( 'NONE', #2420, #6491, #5975 ) ;
#3546 = ORIENTED_EDGE ( 'NONE', *, *, #2447, .F. ) ;
#3547 = ORIENTED_EDGE ( 'NONE', *, *, #612, .T. ) ;
#3548 = CARTESIAN_POINT ( 'NONE',  ( 20.41333333333333400, 33.59405555555555623, -6.049999999999999822 ) ) ;
#3549 = CARTESIAN_POINT ( 'NONE',  ( 9.772555555555557660, 41.47955555555555662, -6.049999999999999822 ) ) ;
#3550 = ADVANCED_FACE ( 'NONE', ( #2306 ), #2339, .T. ) ;
#3551 = EDGE_LOOP ( 'NONE', ( #5460, #6074, #5447, #3380 ) ) ;
#3552 = CARTESIAN_POINT ( 'NONE',  ( 1.367208333333330472, 31.18343055555555310, -6.049999999999999822 ) ) ;
#3553 = CARTESIAN_POINT ( 'NONE',  ( 23.75699999999999790, 37.20799999999999841, -6.049999999999999822 ) ) ;
#3554 = FACE_BOUND ( 'NONE', #73, .T. ) ;
#3555 = VERTEX_POINT ( 'NONE', #19 ) ;
#3556 = ADVANCED_FACE ( 'NONE', ( #3570 ), #5947, .T. ) ;
#3557 = EDGE_CURVE ( 'NONE', #3634, #2165, #4774, .T. ) ;
#3558 = ADVANCED_FACE ( 'NONE', ( #6029 ), #2542, .T. ) ;
#3559 = DIRECTION ( 'NONE',  ( 0.9953943807462918292, 0.09586462735913688082, 0.000000000000000000 ) ) ;
#3560 = CARTESIAN_POINT ( 'NONE',  ( 22.06883333333333752, 36.64488888888888596, -6.349999999999999645 ) ) ;
#3561 = ADVANCED_FACE ( 'NONE', ( #4970 ), #3131, .T. ) ;
#3562 = DIRECTION ( 'NONE',  ( -0.5158497608962353542, 0.8566790672027050357, 0.000000000000000000 ) ) ;
#3563 = VERTEX_POINT ( 'NONE', #1986 ) ;
#3564 = APPLICATION_PROTOCOL_DEFINITION ( 'draft international standard', 'automotive_design', 1998, #7538 ) ;
#3565 = PLANE ( 'NONE',  #5288 ) ;
#3566 = EDGE_CURVE ( 'NONE', #795, #4566, #5007, .T. ) ;
#3567 = EDGE_CURVE ( 'NONE', #5395, #3428, #953, .T. ) ;
#3568 = FACE_OUTER_BOUND ( 'NONE', #693, .T. ) ;
#3569 = ORIENTED_EDGE ( 'NONE', *, *, #4874, .F. ) ;
#3570 = FACE_OUTER_BOUND ( 'NONE', #2845, .T. ) ;
#3571 = CARTESIAN_POINT ( 'NONE',  ( 14.13899999999999935, 34.61800000000000210, -6.049999999999999822 ) ) ;
#3572 = CARTESIAN_POINT ( 'NONE',  ( 1.367208333333330472, 31.18343055555555310, -6.349999999999999645 ) ) ;
#3573 = LINE ( 'NONE', #5950, #6760 ) ;
#3574 = ORIENTED_EDGE ( 'NONE', *, *, #2548, .T. ) ;
#3575 = VECTOR ( 'NONE', #1703, 1000.000000000000000 ) ;
#3576 = EDGE_LOOP ( 'NONE', ( #4421, #1688, #7603, #5554 ) ) ;
#3577 = ORIENTED_EDGE ( 'NONE', *, *, #294, .T. ) ;
#3578 = LINE ( 'NONE', #5954, #7522 ) ;
#3579 = ORIENTED_EDGE ( 'NONE', *, *, #1057, .T. ) ;
#3580 = LINE ( 'NONE', #7226, #4381 ) ;
#3581 = CARTESIAN_POINT ( 'NONE',  ( 20.58133333333333326, 33.15538888888888636, -6.349999999999999645 ) ) ;
#3582 = DIRECTION ( 'NONE',  ( 0.9980068414627328854, 0.06310581901520359582, 0.000000000000000000 ) ) ;
#3583 = LINE ( 'NONE', #5340, #1514 ) ;
#3584 = ORIENTED_EDGE ( 'NONE', *, *, #5229, .T. ) ;
#3585 = ORIENTED_EDGE ( 'NONE', *, *, #4562, .T. ) ;
#3586 = DIRECTION ( 'NONE',  ( 0.000000000000000000, -1.000000000000000000, 0.000000000000000000 ) ) ;
#3587 = LINE ( 'NONE', #629, #480 ) ;
#3588 = VERTEX_POINT ( 'NONE', #6702 ) ;
#3589 = CARTESIAN_POINT ( 'NONE',  ( 4.151944444444440663, 30.66611111111111398, -6.049999999999999822 ) ) ;
#3590 = CARTESIAN_POINT ( 'NONE',  ( 26.24588888888889215, 38.74488888888889448, -6.049999999999999822 ) ) ;
#3591 = CARTESIAN_POINT ( 'NONE',  ( 4.251500000000000057, 31.33500000000000085, -6.049999999999999822 ) ) ;
#3592 = EDGE_CURVE ( 'NONE', #4433, #5508, #4851, .T. ) ;
#3593 = EDGE_LOOP ( 'NONE', ( #4855, #190, #4592, #6876 ) ) ;
#3594 = DIRECTION ( 'NONE',  ( 0.4099940441068806174, -0.9120881995711188628, 0.000000000000000000 ) ) ;
#3595 = DIRECTION ( 'NONE',  ( -0.9938695340064530592, 0.1105592572957863479, 0.000000000000000000 ) ) ;
#3596 = CARTESIAN_POINT ( 'NONE',  ( 2.968944444444440833, 30.39038888888888934, -6.049999999999999822 ) ) ;
#3597 = VERTEX_POINT ( 'NONE', #91 ) ;
#3598 = LINE ( 'NONE', #2259, #6667 ) ;
#3599 = DIRECTION ( 'NONE',  ( -0.6706870154666204620, -0.7417404716506152962, 0.000000000000000000 ) ) ;
#3600 = EDGE_CURVE ( 'NONE', #5309, #3414, #2579, .T. ) ;
#3601 = LINE ( 'NONE', #4261, #1812 ) ;
#3602 = DIRECTION ( 'NONE',  ( 0.000000000000000000, 0.000000000000000000, -1.000000000000000000 ) ) ;
#3603 = VERTEX_POINT ( 'NONE', #6148 ) ;
#3604 = CARTESIAN_POINT ( 'NONE',  ( 4.385277777777778496, 32.01011111111110807, -6.049999999999999822 ) ) ;
#3605 = ADVANCED_FACE ( 'NONE', ( #4933 ), #3093, .T. ) ;
#3606 = DIRECTION ( 'NONE',  ( -0.000000000000000000, -0.000000000000000000, -1.000000000000000000 ) ) ;
#3607 = EDGE_CURVE ( 'NONE', #4850, #7261, #4383, .T. ) ;
#3608 = LINE ( 'NONE', #5949, #3399 ) ;
#3609 = CARTESIAN_POINT ( 'NONE',  ( 15.00000000000000000, 16.79999999999999716, 7.074999999999998401 ) ) ;
#3610 = VERTEX_POINT ( 'NONE', #4304 ) ;
#3611 = ORIENTED_EDGE ( 'NONE', *, *, #1694, .F. ) ;
#3612 = EDGE_LOOP ( 'NONE', ( #7036, #1429, #7475, #1605 ) ) ;
#3613 = DIRECTION ( 'NONE',  ( 0.5563470260645753118, -0.8309500505981708418, 0.000000000000000000 ) ) ;
#3614 = ORIENTED_EDGE ( 'NONE', *, *, #4983, .F. ) ;
#3615 = DIRECTION ( 'NONE',  ( -0.8732911522331028298, -0.4871986898908694519, 0.000000000000000000 ) ) ;
#3616 = LINE ( 'NONE', #7741, #1020 ) ;
#3617 = PLANE ( 'NONE',  #5025 ) ;
#3618 = DIRECTION ( 'NONE',  ( 0.000000000000000000, 0.000000000000000000, -1.000000000000000000 ) ) ;
#3619 = EDGE_LOOP ( 'NONE', ( #4828, #2941, #4969, #59 ) ) ;
#3620 = EDGE_CURVE ( 'NONE', #4617, #121, #5739, .T. ) ;
#3621 = ORIENTED_EDGE ( 'NONE', *, *, #1823, .T. ) ;
#3622 = DIRECTION ( 'NONE',  ( -0.8534537345463533153, -0.5211686128201531432, 0.000000000000000000 ) ) ;
#3623 = CARTESIAN_POINT ( 'NONE',  ( 19.75300000000000011, 42.34600000000000364, -6.049999999999999822 ) ) ;
#3624 = EDGE_LOOP ( 'NONE', ( #500, #6075, #7373, #1189 ) ) ;
#3625 = CARTESIAN_POINT ( 'NONE',  ( 17.10000000000000142, 16.80000000000000071, 5.000000000000000000 ) ) ;
#3626 = LINE ( 'NONE', #1900, #7416 ) ;
#3627 = DIRECTION ( 'NONE',  ( 0.9543316100452117201, -0.2987493565993306621, 0.000000000000000000 ) ) ;
#3628 = VERTEX_POINT ( 'NONE', #7253 ) ;
#3629 = VECTOR ( 'NONE', #2677, 1000.000000000000000 ) ;
#3630 = DIRECTION ( 'NONE',  ( -0.9889610406090891814, -0.1481757745293994233, 0.000000000000000000 ) ) ;
#3631 = CARTESIAN_POINT ( 'NONE',  ( 14.76900000000000013, 37.25000000000000000, -6.349999999999999645 ) ) ;
#3632 = ORIENTED_EDGE ( 'NONE', *, *, #1544, .F. ) ;
#3633 = DIRECTION ( 'NONE',  ( -0.3682454495809788231, 0.9297286103282520475, 0.000000000000000000 ) ) ;
#3634 = VERTEX_POINT ( 'NONE', #3842 ) ;
#3635 = EDGE_CURVE ( 'NONE', #970, #7230, #724, .T. ) ;
#3636 = VECTOR ( 'NONE', #3038, 1000.000000000000227 ) ;
#3637 = DIRECTION ( 'NONE',  ( -0.8019438251512085447, 0.5973994486956345495, 0.000000000000000000 ) ) ;
#3638 = VECTOR ( 'NONE', #965, 1000.000000000000000 ) ;
#3639 = VECTOR ( 'NONE', #5449, 1000.000000000000227 ) ;
#3640 = VECTOR ( 'NONE', #6968, 1000.000000000000000 ) ;
#3641 = PLANE ( 'NONE',  #3197 ) ;
#3642 = CARTESIAN_POINT ( 'NONE',  ( 3.246999999999999886, 34.73349999999999937, -6.049999999999999822 ) ) ;
#3643 = ORIENTED_EDGE ( 'NONE', *, *, #6724, .F. ) ;
#3644 = EDGE_CURVE ( 'NONE', #5657, #6902, #6780, .T. ) ;
#3645 = DIRECTION ( 'NONE',  ( -0.9261381858913920739, 0.3771843854586258149, 0.000000000000000000 ) ) ;
#3646 = DIRECTION ( 'NONE',  ( 0.000000000000000000, 0.000000000000000000, -1.000000000000000000 ) ) ;
#3647 = DIRECTION ( 'NONE',  ( -0.5843798190563862516, 0.8114802690636570004, 0.000000000000000000 ) ) ;
#3648 = CARTESIAN_POINT ( 'NONE',  ( 22.46900000000000119, 40.23199999999999932, -6.049999999999999822 ) ) ;
#3649 = AXIS2_PLACEMENT_3D ( 'NONE', #1616, #4013, #5224 ) ;
#3650 = AXIS2_PLACEMENT_3D ( 'NONE', #456, #2280, #5810 ) ;
#3651 = AXIS2_PLACEMENT_3D ( 'NONE', #389, #1657, #504 ) ;
#3652 = VERTEX_POINT ( 'NONE', #3685 ) ;
#3653 = ADVANCED_FACE ( 'NONE', ( #3808 ), #6068, .T. ) ;
#3654 = EDGE_CURVE ( 'NONE', #7444, #5669, #7293, .T. ) ;
#3655 = EDGE_CURVE ( 'NONE', #2671, #7411, #3177, .T. ) ;
#3656 = ORIENTED_EDGE ( 'NONE', *, *, #6766, .F. ) ;
#3657 = VECTOR ( 'NONE', #4291, 1000.000000000000000 ) ;
#3658 = DIRECTION ( 'NONE',  ( 0.000000000000000000, 0.000000000000000000, -1.000000000000000000 ) ) ;
#3659 = ORIENTED_EDGE ( 'NONE', *, *, #3314, .T. ) ;
#3660 = CARTESIAN_POINT ( 'NONE',  ( 4.031000000000000583, 37.61400000000001143, -6.349999999999999645 ) ) ;
#3661 = FACE_OUTER_BOUND ( 'NONE', #1470, .T. ) ;
#3662 = FACE_OUTER_BOUND ( 'NONE', #5474, .T. ) ;
#3663 = CARTESIAN_POINT ( 'NONE',  ( 10.03097222222222129, 42.25772222222223462, -6.049999999999999822 ) ) ;
#3664 = AXIS2_PLACEMENT_3D ( 'NONE', #6492, #2335, #4218 ) ;
#3665 = AXIS2_PLACEMENT_3D ( 'NONE', #1655, #2202, #3425 ) ;
#3666 = ORIENTED_EDGE ( 'NONE', *, *, #2615, .F. ) ;
#3667 = VERTEX_POINT ( 'NONE', #813 ) ;
#3668 = DIRECTION ( 'NONE',  ( 0.5163772714785889173, -0.8563612050416155030, -0.000000000000000000 ) ) ;
#3669 = DIRECTION ( 'NONE',  ( -0.7812530554681879069, 0.6242144369698769957, 0.000000000000000000 ) ) ;
#3670 = EDGE_LOOP ( 'NONE', ( #2743, #6937, #7311, #660 ) ) ;
#3671 = DIRECTION ( 'NONE',  ( 0.6076573935830118511, 0.7941992772748541762, 0.000000000000000000 ) ) ;
#3672 = DIRECTION ( 'NONE',  ( -0.07217593920952583564, -0.9973919158481399094, 0.000000000000000000 ) ) ;
#3673 = VECTOR ( 'NONE', #6497, 1000.000000000000000 ) ;
#3674 = FACE_OUTER_BOUND ( 'NONE', #7579, .T. ) ;
#3675 = ORIENTED_EDGE ( 'NONE', *, *, #7344, .F. ) ;
#3676 = ORIENTED_EDGE ( 'NONE', *, *, #5806, .F. ) ;
#3677 = CARTESIAN_POINT ( 'NONE',  ( 8.356805555555554932, 37.50511111111111262, -6.049999999999999822 ) ) ;
#3678 = CARTESIAN_POINT ( 'NONE',  ( 3.042249999999999233, 32.47950000000000159, -6.049999999999999822 ) ) ;
#3679 = ORIENTED_EDGE ( 'NONE', *, *, #5118, .T. ) ;
#3680 = CARTESIAN_POINT ( 'NONE',  ( 3.013666666666665606, 34.18555555555555259, -6.049999999999999822 ) ) ;
#3681 = ORIENTED_EDGE ( 'NONE', *, *, #4847, .T. ) ;
#3682 = DIRECTION ( 'NONE',  ( 0.000000000000000000, 0.000000000000000000, -1.000000000000000000 ) ) ;
#3683 = CARTESIAN_POINT ( 'NONE',  ( 22.65099999999999980, 33.69400000000000261, -6.049999999999999822 ) ) ;
#3684 = VERTEX_POINT ( 'NONE', #3215 ) ;
#3685 = CARTESIAN_POINT ( 'NONE',  ( 19.92100000000000293, 37.03222222222222371, -6.349999999999999645 ) ) ;
#3686 = DIRECTION ( 'NONE',  ( 0.000000000000000000, 0.000000000000000000, -1.000000000000000000 ) ) ;
#3687 = CARTESIAN_POINT ( 'NONE',  ( 3.042249999999999233, 32.47950000000000159, -6.349999999999999645 ) ) ;
#3688 = LINE ( 'NONE', #7184, #4527 ) ;
#3689 = VERTEX_POINT ( 'NONE', #5596 ) ;
#3690 = EDGE_CURVE ( 'NONE', #6167, #6932, #2612, .T. ) ;
#3691 = VERTEX_POINT ( 'NONE', #1444 ) ;
#3692 = FACE_OUTER_BOUND ( 'NONE', #6701, .T. ) ;
#3693 = ORIENTED_EDGE ( 'NONE', *, *, #2866, .F. ) ;
#3694 = CARTESIAN_POINT ( 'NONE',  ( 24.22366666666666646, 39.07777777777778283, -6.049999999999999822 ) ) ;
#3695 = FACE_OUTER_BOUND ( 'NONE', #2475, .T. ) ;
#3696 = CARTESIAN_POINT ( 'NONE',  ( 3.209666666666661783, 32.36088888888888704, -6.349999999999999645 ) ) ;
#3697 = LINE ( 'NONE', #3068, #2643 ) ;
#3698 = VECTOR ( 'NONE', #6610, 1000.000000000000000 ) ;
#3699 = ORIENTED_EDGE ( 'NONE', *, *, #4940, .F. ) ;
#3700 = EDGE_CURVE ( 'NONE', #1141, #4413, #437, .T. ) ;
#3701 = ORIENTED_EDGE ( 'NONE', *, *, #23, .T. ) ;
#3702 = CARTESIAN_POINT ( 'NONE',  ( 25.84922222222222388, 31.27977777777778101, -6.049999999999999822 ) ) ;
#3703 = CARTESIAN_POINT ( 'NONE',  ( 19.96300000000000097, 36.17822222222222450, -6.049999999999999822 ) ) ;
#3704 = ORIENTED_EDGE ( 'NONE', *, *, #2059, .F. ) ;
#3705 = CARTESIAN_POINT ( 'NONE',  ( 4.314111111111111008, 31.67177777777777692, -6.349999999999999645 ) ) ;
#3706 = LINE ( 'NONE', #3079, #7655 ) ;
#3707 = CARTESIAN_POINT ( 'NONE',  ( 6.452999999999999403, 28.62599999999999767, -6.049999999999999822 ) ) ;
#3708 = EDGE_CURVE ( 'NONE', #7421, #6442, #7627, .T. ) ;
#3709 = EDGE_CURVE ( 'NONE', #4577, #4906, #6370, .T. ) ;
#3710 = EDGE_LOOP ( 'NONE', ( #6833, #4879, #683, #6768 ) ) ;
#3711 = ORIENTED_EDGE ( 'NONE', *, *, #2844, .T. ) ;
#3712 = ORIENTED_EDGE ( 'NONE', *, *, #5192, .T. ) ;
#3713 = DIRECTION ( 'NONE',  ( -0.09127168519588475804, 0.9958260287226395890, 0.000000000000000000 ) ) ;
#3714 = DIRECTION ( 'NONE',  ( -0.4536433409687065099, 0.8911833252450080955, 0.000000000000000000 ) ) ;
#3715 = ORIENTED_EDGE ( 'NONE', *, *, #7481, .T. ) ;
#3716 = LINE ( 'NONE', #2536, #5446 ) ;
#3717 = ORIENTED_EDGE ( 'NONE', *, *, #3317, .T. ) ;
#3718 = DIRECTION ( 'NONE',  ( 0.000000000000000000, 1.000000000000000000, 0.000000000000000000 ) ) ;
#3719 = DIRECTION ( 'NONE',  ( -0.6062459425552467751, -0.7952772203045302968, 0.000000000000000000 ) ) ;
#3720 = ORIENTED_EDGE ( 'NONE', *, *, #7722, .T. ) ;
#3721 = DIRECTION ( 'NONE',  ( -0.01729727609815014458, 0.9998503909283549262, 0.000000000000000000 ) ) ;
#3722 = CARTESIAN_POINT ( 'NONE',  ( 2.171722222222217002, 36.00516666666667476, -6.349999999999999645 ) ) ;
#3723 = LINE ( 'NONE', #5984, #2026 ) ;
#3724 = LINE ( 'NONE', #7333, #3151 ) ;
#3725 = ORIENTED_EDGE ( 'NONE', *, *, #7685, .F. ) ;
#3726 = ORIENTED_EDGE ( 'NONE', *, *, #3316, .F. ) ;
#3727 = CARTESIAN_POINT ( 'NONE',  ( 20.00811111111110918, 30.57199999999999918, -6.049999999999999822 ) ) ;
#3728 = VERTEX_POINT ( 'NONE', #1105 ) ;
#3729 = CARTESIAN_POINT ( 'NONE',  ( 19.79500000000000171, 40.73288888888888692, -6.349999999999999645 ) ) ;
#3730 = DIRECTION ( 'NONE',  ( 0.8137334712067347819, 0.5812381937190966852, 0.000000000000000000 ) ) ;
#3731 = CARTESIAN_POINT ( 'NONE',  ( 12.37500000000000000, 31.31400000000000006, -6.349999999999999645 ) ) ;
#3732 = LINE ( 'NONE', #5061, #4649 ) ;
#3733 = EDGE_CURVE ( 'NONE', #5679, #5970, #1666, .T. ) ;
#3734 = VERTEX_POINT ( 'NONE', #7676 ) ;
#3735 = FACE_OUTER_BOUND ( 'NONE', #2516, .T. ) ;
#3736 = LINE ( 'NONE', #4954, #7528 ) ;
#3737 = FACE_OUTER_BOUND ( 'NONE', #1201, .T. ) ;
#3738 = ORIENTED_EDGE ( 'NONE', *, *, #2018, .F. ) ;
#3739 = CARTESIAN_POINT ( 'NONE',  ( 2.389111111111111629, 37.39622222222222092, -6.349999999999999645 ) ) ;
#3740 = CARTESIAN_POINT ( 'NONE',  ( 3.880111111111111288, 32.27533333333333587, -6.049999999999999822 ) ) ;
#3741 = LINE ( 'NONE', #3707, #1504 ) ;
#3742 = EDGE_CURVE ( 'NONE', #5023, #819, #1586, .T. ) ;
#3743 = VERTEX_POINT ( 'NONE', #2215 ) ;
#3744 = EDGE_CURVE ( 'NONE', #229, #3743, #5232, .T. ) ;
#3745 = EDGE_CURVE ( 'NONE', #3926, #1979, #5824, .T. ) ;
#3746 = ORIENTED_EDGE ( 'NONE', *, *, #1000, .F. ) ;
#3747 = LINE ( 'NONE', #5042, #7407 ) ;
#3748 = EDGE_CURVE ( 'NONE', #2210, #3543, #2761, .T. ) ;
#3749 = CARTESIAN_POINT ( 'NONE',  ( 4.506999999999999673, 36.43800000000000239, -6.049999999999999822 ) ) ;
#3750 = ORIENTED_EDGE ( 'NONE', *, *, #4992, .T. ) ;
#3751 = DIRECTION ( 'NONE',  ( -0.3471455993010641450, -0.9378112458730195611, 0.000000000000000000 ) ) ;
#3752 = ORIENTED_EDGE ( 'NONE', *, *, #2979, .F. ) ;
#3753 = CARTESIAN_POINT ( 'NONE',  ( 2.116111111111109722, 30.59688888888888769, -6.049999999999999822 ) ) ;
#3754 = VECTOR ( 'NONE', #4988, 1000.000000000000000 ) ;
#3755 = FACE_OUTER_BOUND ( 'NONE', #6332, .T. ) ;
#3756 = VECTOR ( 'NONE', #3117, 1000.000000000000000 ) ;
#3757 = AXIS2_PLACEMENT_3D ( 'NONE', #7490, #2110, #4505 ) ;
#3758 = ORIENTED_EDGE ( 'NONE', *, *, #43, .F. ) ;
#3759 = DIRECTION ( 'NONE',  ( 0.9336564190594532908, 0.3581699193805624737, 0.000000000000000000 ) ) ;
#3760 = CARTESIAN_POINT ( 'NONE',  ( 3.775694444444441800, 32.26833333333333087, -6.049999999999999822 ) ) ;
#3761 = LINE ( 'NONE', #1360, #5785 ) ;
#3762 = DIRECTION ( 'NONE',  ( 0.9081820015154549175, 0.4185755034917623685, 0.000000000000000000 ) ) ;
#3763 = AXIS2_PLACEMENT_3D ( 'NONE', #3194, #5579, #3108 ) ;
#3764 = ORIENTED_EDGE ( 'NONE', *, *, #4467, .T. ) ;
#3765 = EDGE_CURVE ( 'NONE', #5584, #3045, #5158, .T. ) ;
#3766 = VECTOR ( 'NONE', #3510, 1000.000000000000000 ) ;
#3767 = ORIENTED_EDGE ( 'NONE', *, *, #1806, .T. ) ;
#3768 = CARTESIAN_POINT ( 'NONE',  ( 11.52955555555555556, 38.23622222222222433, -6.049999999999999822 ) ) ;
#3769 = ORIENTED_EDGE ( 'NONE', *, *, #2161, .F. ) ;
#3770 = AXIS2_PLACEMENT_3D ( 'NONE', #1943, #122, #1977 ) ;
#3771 = LINE ( 'NONE', #2043, #4634 ) ;
#3772 = CARTESIAN_POINT ( 'NONE',  ( 36.00000000000000711, 55.50000000000000000, -6.349999999999999645 ) ) ;
#3773 = VECTOR ( 'NONE', #6791, 1000.000000000000114 ) ;
#3774 = LINE ( 'NONE', #6746, #6023 ) ;
#3775 = VECTOR ( 'NONE', #4990, 1000.000000000000227 ) ;
#3776 = DIRECTION ( 'NONE',  ( 0.000000000000000000, 0.000000000000000000, -1.000000000000000000 ) ) ;
#3777 = ORIENTED_EDGE ( 'NONE', *, *, #3175, .T. ) ;
#3778 = VECTOR ( 'NONE', #7606, 1000.000000000000227 ) ;
#3779 = VECTOR ( 'NONE', #4571, 1000.000000000000000 ) ;
#3780 = AXIS2_PLACEMENT_3D ( 'NONE', #4296, #3714, #4963 ) ;
#3781 = EDGE_CURVE ( 'NONE', #3036, #295, #4646, .T. ) ;
#3782 = CARTESIAN_POINT ( 'NONE',  ( 20.41333333333333400, 33.59405555555555623, -6.049999999999999822 ) ) ;
#3783 = FACE_OUTER_BOUND ( 'NONE', #7562, .T. ) ;
#3784 = CARTESIAN_POINT ( 'NONE',  ( 12.37500000000000000, 28.94800000000000040, -6.049999999999999822 ) ) ;
#3785 = ORIENTED_EDGE ( 'NONE', *, *, #6914, .T. ) ;
#3786 = CARTESIAN_POINT ( 'NONE',  ( 1.556499999999999773, 30.95349999999999824, -6.049999999999999822 ) ) ;
#3787 = CARTESIAN_POINT ( 'NONE',  ( 12.22100000000000009, 42.14999999999999858, -6.049999999999999822 ) ) ;
#3788 = CARTESIAN_POINT ( 'NONE',  ( 23.04688888888889053, 33.02511111111110864, -6.349999999999999645 ) ) ;
#3789 = AXIS2_PLACEMENT_3D ( 'NONE', #5598, #3810, #4972 ) ;
#3790 = VECTOR ( 'NONE', #3198, 1000.000000000000114 ) ;
#3791 = ORIENTED_EDGE ( 'NONE', *, *, #7608, .F. ) ;
#3792 = ORIENTED_EDGE ( 'NONE', *, *, #6363, .T. ) ;
#3793 = EDGE_CURVE ( 'NONE', #3689, #6932, #1735, .T. ) ;
#3794 = VERTEX_POINT ( 'NONE', #1702 ) ;
#3795 = VECTOR ( 'NONE', #7484, 1000.000000000000227 ) ;
#3796 = FACE_OUTER_BOUND ( 'NONE', #4792, .T. ) ;
#3797 = LINE ( 'NONE', #2062, #5010 ) ;
#3798 = ORIENTED_EDGE ( 'NONE', *, *, #2214, .T. ) ;
#3799 = CARTESIAN_POINT ( 'NONE',  ( 14.76900000000000013, 37.25000000000000000, -6.049999999999999822 ) ) ;
#3800 = FACE_OUTER_BOUND ( 'NONE', #4297, .T. ) ;
#3801 = ORIENTED_EDGE ( 'NONE', *, *, #4599, .T. ) ;
#3802 = DIRECTION ( 'NONE',  ( -0.8851826652491465719, -0.4652436449242668415, 0.000000000000000000 ) ) ;
#3803 = EDGE_CURVE ( 'NONE', #2914, #3350, #2181, .T. ) ;
#3804 = EDGE_CURVE ( 'NONE', #3322, #2350, #2922, .T. ) ;
#3805 = ADVANCED_FACE ( 'NONE', ( #6453 ), #988, .T. ) ;
#3806 = LINE ( 'NONE', #5594, #5199 ) ;
#3807 = ORIENTED_EDGE ( 'NONE', *, *, #6616, .T. ) ;
#3808 = FACE_OUTER_BOUND ( 'NONE', #6841, .T. ) ;
#3809 = DIRECTION ( 'NONE',  ( 0.000000000000000000, 0.000000000000000000, -1.000000000000000000 ) ) ;
#3810 = DIRECTION ( 'NONE',  ( 0.9987928370624672425, 0.04912095919979387465, 0.000000000000000000 ) ) ;
#3811 = EDGE_CURVE ( 'NONE', #1241, #7566, #1622, .T. ) ;
#3812 = EDGE_CURVE ( 'NONE', #2365, #7757, #4132, .T. ) ;
#3813 = EDGE_LOOP ( 'NONE', ( #2317, #2814, #3829, #4207 ) ) ;
#3814 = LINE ( 'NONE', #1992, #3773 ) ;
#3815 = VERTEX_POINT ( 'NONE', #2294 ) ;
#3816 = DIRECTION ( 'NONE',  ( -0.9321686827835198308, 0.3620242351523413338, 0.000000000000000000 ) ) ;
#3817 = DIRECTION ( 'NONE',  ( 0.9435157665984877928, -0.3313276296659669051, 0.000000000000000000 ) ) ;
#3818 = DIRECTION ( 'NONE',  ( 0.000000000000000000, 0.000000000000000000, -1.000000000000000000 ) ) ;
#3819 = CARTESIAN_POINT ( 'NONE',  ( -6.000000000000000000, 55.50000000000000000, -6.349999999999999645 ) ) ;
#3820 = VERTEX_POINT ( 'NONE', #1037 ) ;
#3821 = DIRECTION ( 'NONE',  ( 0.8114470489155943822, -0.5844259463834345913, 0.000000000000000000 ) ) ;
#3822 = PLANE ( 'NONE',  #7162 ) ;
#3823 = CARTESIAN_POINT ( 'NONE',  ( 2.171722222222217002, 36.00516666666667476, -6.349999999999999645 ) ) ;
#3824 = ORIENTED_EDGE ( 'NONE', *, *, #1355, .T. ) ;
#3825 = DIRECTION ( 'NONE',  ( -0.6355813793812191692, 0.7720338789093821319, 0.000000000000000000 ) ) ;
#3826 = VECTOR ( 'NONE', #5809, 1000.000000000000000 ) ;
#3827 = FACE_OUTER_BOUND ( 'NONE', #4914, .T. ) ;
#3828 = DIRECTION ( 'NONE',  ( -1.000000000000000000, -0.000000000000000000, -0.000000000000000000 ) ) ;
#3829 = ORIENTED_EDGE ( 'NONE', *, *, #2447, .T. ) ;
#3830 = VECTOR ( 'NONE', #7718, 1000.000000000000000 ) ;
#3831 = ORIENTED_EDGE ( 'NONE', *, *, #4746, .T. ) ;
#3832 = LINE ( 'NONE', #6296, #6894 ) ;
#3833 = DIRECTION ( 'NONE',  ( -1.000000000000000000, 0.000000000000000000, -0.000000000000000000 ) ) ;
#3834 = ORIENTED_EDGE ( 'NONE', *, *, #2548, .F. ) ;
#3835 = DIRECTION ( 'NONE',  ( 0.3770139782586552912, -0.9262075686354448445, 0.000000000000000000 ) ) ;
#3836 = CARTESIAN_POINT ( 'NONE',  ( 23.75699999999999790, 37.20799999999999841, -6.049999999999999822 ) ) ;
#3837 = VERTEX_POINT ( 'NONE', #6487 ) ;
#3838 = CARTESIAN_POINT ( 'NONE',  ( 3.688000000000000611, 32.26599999999999824, -6.349999999999999645 ) ) ;
#3839 = EDGE_CURVE ( 'NONE', #136, #1807, #3473, .T. ) ;
#3840 = CARTESIAN_POINT ( 'NONE',  ( 4.115000000000000213, 30.33399999999999963, -6.349999999999999645 ) ) ;
#3841 = ORIENTED_EDGE ( 'NONE', *, *, #7628, .T. ) ;
#3842 = CARTESIAN_POINT ( 'NONE',  ( 1.826000000000000512, 38.78999999999999915, -6.049999999999999822 ) ) ;
#3843 = DIRECTION ( 'NONE',  ( -0.5038710255240906877, 0.8637789008984307904, 0.000000000000000000 ) ) ;
#3844 = DIRECTION ( 'NONE',  ( 0.000000000000000000, -0.000000000000000000, -1.000000000000000000 ) ) ;
#3845 = EDGE_CURVE ( 'NONE', #6842, #4582, #2329, .T. ) ;
#3846 = EDGE_LOOP ( 'NONE', ( #6727, #7370, #1031, #6436 ) ) ;
#3847 = ADVANCED_FACE ( 'NONE', ( #3554, #7276, #1901, #5967, #4292, #588, #4836 ), #4757, .F. ) ;
#3849 = ORIENTED_EDGE ( 'NONE', *, *, #3875, .T. ) ;
#3848 = EDGE_CURVE ( 'NONE', #3322, #7076, #3741, .T. ) ;
#3850 = EDGE_CURVE ( 'NONE', #3815, #7553, #115, .T. ) ;
#3851 = CARTESIAN_POINT ( 'NONE',  ( 11.35980555555555505, 38.00055555555555742, -6.049999999999999822 ) ) ;
#3852 = VERTEX_POINT ( 'NONE', #7752 ) ;
#3853 = LINE ( 'NONE', #4350, #3260 ) ;
#3854 = CARTESIAN_POINT ( 'NONE',  ( 6.452999999999999403, 41.75800000000000267, -6.049999999999999822 ) ) ;
#3855 = LINE ( 'NONE', #4980, #2649 ) ;
#3856 = LINE ( 'NONE', #5539, #2263 ) ;
#3857 = ORIENTED_EDGE ( 'NONE', *, *, #857, .F. ) ;
#3858 = FACE_OUTER_BOUND ( 'NONE', #1413, .T. ) ;
#3859 = CARTESIAN_POINT ( 'NONE',  ( 1.799652777777776436, 30.75643055555555350, -6.049999999999999822 ) ) ;
#3860 = LINE ( 'NONE', #6719, #2753 ) ;
#3861 = ORIENTED_EDGE ( 'NONE', *, *, #2412, .F. ) ;
#3862 = DIRECTION ( 'NONE',  ( 0.000000000000000000, 0.000000000000000000, -1.000000000000000000 ) ) ;
#3863 = CARTESIAN_POINT ( 'NONE',  ( 8.019249999999999545, 38.00600000000000023, -6.049999999999999822 ) ) ;
#3864 = LINE ( 'NONE', #3199, #2375 ) ;
#3865 = EDGE_CURVE ( 'NONE', #2090, #6122, #76, .T. ) ;
#3866 = ORIENTED_EDGE ( 'NONE', *, *, #2399, .T. ) ;
#3867 = ORIENTED_EDGE ( 'NONE', *, *, #5663, .F. ) ;
#3868 = DIRECTION ( 'NONE',  ( -0.7976993973040419350, 0.6030552806673434851, 0.000000000000000000 ) ) ;
#3869 = CARTESIAN_POINT ( 'NONE',  ( 22.65099999999999980, 33.69400000000000261, -6.049999999999999822 ) ) ;
#3870 = VERTEX_POINT ( 'NONE', #7238 ) ;
#3871 = DIRECTION ( 'NONE',  ( 1.000000000000000000, -0.000000000000000000, -0.000000000000000000 ) ) ;
#3872 = DIRECTION ( 'NONE',  ( 0.3877911289114353566, -0.9217472757418891938, 0.000000000000000000 ) ) ;
#3873 = VERTEX_POINT ( 'NONE', #2481 ) ;
#3874 = DIRECTION ( 'NONE',  ( 0.8911833252450080955, 0.4536433409687065654, 0.000000000000000000 ) ) ;
#3875 = EDGE_CURVE ( 'NONE', #5532, #1490, #4328, .T. ) ;
#3876 = SURFACE_STYLE_FILL_AREA ( #1476 ) ;
#3877 = ORIENTED_EDGE ( 'NONE', *, *, #7772, .T. ) ;
#3878 = DIRECTION ( 'NONE',  ( -0.3151604313108916089, -0.9490384094102477519, 0.000000000000000000 ) ) ;
#3879 = CARTESIAN_POINT ( 'NONE',  ( 21.85300000000000153, 42.34600000000000364, -6.049999999999999822 ) ) ;
#3880 = VECTOR ( 'NONE', #397, 1000.000000000000114 ) ;
#3881 = VECTOR ( 'NONE', #853, 1000.000000000000000 ) ;
#3882 = EDGE_CURVE ( 'NONE', #3120, #1220, #4210, .T. ) ;
#3883 = ORIENTED_EDGE ( 'NONE', *, *, #3452, .T. ) ;
#3884 = DIRECTION ( 'NONE',  ( 0.000000000000000000, 0.000000000000000000, -1.000000000000000000 ) ) ;
#3885 = VERTEX_POINT ( 'NONE', #5348 ) ;
#3886 = DIRECTION ( 'NONE',  ( 0.8744581886233551149, -0.4851008929589396557, 0.000000000000000000 ) ) ;
#3887 = DIRECTION ( 'NONE',  ( 0.000000000000000000, 1.000000000000000000, 0.000000000000000000 ) ) ;
#3888 = DIRECTION ( 'NONE',  ( -0.3194201752935007521, 0.9476131867040840095, 0.000000000000000000 ) ) ;
#3889 = CARTESIAN_POINT ( 'NONE',  ( 21.90433333333333366, 40.05622222222222462, -6.049999999999999822 ) ) ;
#3890 = VECTOR ( 'NONE', #1978, 1000.000000000000114 ) ;
#3891 = VECTOR ( 'NONE', #1951, 1000.000000000000000 ) ;
#3892 = EDGE_CURVE ( 'NONE', #1224, #264, #1218, .T. ) ;
#3893 = ORIENTED_EDGE ( 'NONE', *, *, #6141, .F. ) ;
#3894 = EDGE_CURVE ( 'NONE', #1394, #3039, #6056, .T. ) ;
#3895 = VECTOR ( 'NONE', #4574, 1000.000000000000114 ) ;
#3896 = CARTESIAN_POINT ( 'NONE',  ( 13.69022222222222140, 38.11488888888889193, -6.049999999999999822 ) ) ;
#3898 = CARTESIAN_POINT ( 'NONE',  ( 15.00000000000000000, 16.79999999999999716, 4.325000000000000178 ) ) ;
#3897 = VECTOR ( 'NONE', #4047, 1000.000000000000114 ) ;
#3899 = FACE_OUTER_BOUND ( 'NONE', #846, .T. ) ;
#3900 = VECTOR ( 'NONE', #212, 999.9999999999998863 ) ;
#3901 = ORIENTED_EDGE ( 'NONE', *, *, #2591, .T. ) ;
#3902 = LINE ( 'NONE', #197, #3754 ) ;
#3903 = CARTESIAN_POINT ( 'NONE',  ( 24.21199999999999974, 29.79850000000000065, -6.049999999999999822 ) ) ;
#3904 = CARTESIAN_POINT ( 'NONE',  ( 14.76900000000000013, 37.25000000000000000, -6.349999999999999645 ) ) ;
#3905 = VECTOR ( 'NONE', #483, 1000.000000000000000 ) ;
#3906 = ORIENTED_EDGE ( 'NONE', *, *, #1474, .T. ) ;
#3907 = AXIS2_PLACEMENT_3D ( 'NONE', #6957, #4635, #6991 ) ;
#3908 = EDGE_LOOP ( 'NONE', ( #145, #2682, #1279, #1613 ) ) ;
#3909 = DIRECTION ( 'NONE',  ( 1.000000000000000000, 0.000000000000000000, 0.000000000000000000 ) ) ;
#3910 = DIRECTION ( 'NONE',  ( 0.000000000000000000, 0.000000000000000000, -1.000000000000000000 ) ) ;
#3911 = ADVANCED_FACE ( 'NONE', ( #3674 ), #2996, .T. ) ;
#3912 = ORIENTED_EDGE ( 'NONE', *, *, #3229, .F. ) ;
#3913 = LINE ( 'NONE', #4371, #259 ) ;
#3914 = FACE_OUTER_BOUND ( 'NONE', #1117, .T. ) ;
#3915 = VECTOR ( 'NONE', #943, 1000.000000000000000 ) ;
#3916 = CARTESIAN_POINT ( 'NONE',  ( 26.21944444444444144, 36.48466666666666924, -6.049999999999999822 ) ) ;
#3917 = VECTOR ( 'NONE', #5049, 1000.000000000000114 ) ;
#3918 = VECTOR ( 'NONE', #4342, 1000.000000000000000 ) ;
#3919 = FACE_OUTER_BOUND ( 'NONE', #4837, .T. ) ;
#3920 = ORIENTED_EDGE ( 'NONE', *, *, #4406, .T. ) ;
#3921 = CARTESIAN_POINT ( 'NONE',  ( 3.775694444444441800, 32.26833333333333087, -6.049999999999999822 ) ) ;
#3922 = CARTESIAN_POINT ( 'NONE',  ( 24.64600000000000080, 31.81799999999999784, -6.049999999999999822 ) ) ;
#3923 = ORIENTED_EDGE ( 'NONE', *, *, #3509, .F. ) ;
#3924 = ORIENTED_EDGE ( 'NONE', *, *, #3109, .T. ) ;
#3925 = FACE_OUTER_BOUND ( 'NONE', #7527, .T. ) ;
#3926 = VERTEX_POINT ( 'NONE', #7202 ) ;
#3927 = LINE ( 'NONE', #6943, #5632 ) ;
#3928 = DIRECTION ( 'NONE',  ( -0.4083262663814540283, -0.9128360532883118550, 0.000000000000000000 ) ) ;
#3929 = DIRECTION ( 'NONE',  ( -0.000000000000000000, -1.000000000000000000, -0.000000000000000000 ) ) ;
#3930 = CARTESIAN_POINT ( 'NONE',  ( 23.04688888888889053, 33.02511111111110864, -6.349999999999999645 ) ) ;
#3931 = EDGE_CURVE ( 'NONE', #7568, #7211, #1856, .T. ) ;
#3932 = ORIENTED_EDGE ( 'NONE', *, *, #1405, .T. ) ;
#3933 = EDGE_LOOP ( 'NONE', ( #7395, #287, #4293, #1373 ) ) ;
#3934 = CARTESIAN_POINT ( 'NONE',  ( 27.97411111111111026, 28.83483333333333221, -6.349999999999999645 ) ) ;
#3935 = CARTESIAN_POINT ( 'NONE',  ( 2.968944444444440833, 30.39038888888888934, -6.349999999999999645 ) ) ;
#3936 = ORIENTED_EDGE ( 'NONE', *, *, #5279, .T. ) ;
#3937 = DIRECTION ( 'NONE',  ( 0.000000000000000000, 0.000000000000000000, -1.000000000000000000 ) ) ;
#3938 = CARTESIAN_POINT ( 'NONE',  ( 20.38299999999999912, 33.69400000000000261, -6.349999999999999645 ) ) ;
#3939 = CARTESIAN_POINT ( 'NONE',  ( 14.76900000000000013, 35.68200000000000216, -6.049999999999999822 ) ) ;
#3940 = EDGE_CURVE ( 'NONE', #5679, #7006, #7161, .T. ) ;
#3941 = ORIENTED_EDGE ( 'NONE', *, *, #3262, .T. ) ;
#3942 = AXIS2_PLACEMENT_3D ( 'NONE', #134, #1317, #3719 ) ;
#3943 = VERTEX_POINT ( 'NONE', #6093 ) ;
#3944 = DIRECTION ( 'NONE',  ( 0.000000000000000000, 0.000000000000000000, -1.000000000000000000 ) ) ;
#3945 = CARTESIAN_POINT ( 'NONE',  ( 26.21944444444444144, 36.48466666666666924, -6.049999999999999822 ) ) ;
#3946 = VERTEX_POINT ( 'NONE', #1822 ) ;
#3947 = PLANE ( 'NONE',  #6756 ) ;
#3948 = EDGE_CURVE ( 'NONE', #5724, #3364, #3081, .T. ) ;
#3949 = FACE_OUTER_BOUND ( 'NONE', #2019, .T. ) ;
#3950 = EDGE_CURVE ( 'NONE', #836, #6846, #1786, .T. ) ;
#3951 = DIRECTION ( 'NONE',  ( 0.2638741999716022746, -0.9645571038509574979, 0.000000000000000000 ) ) ;
#3952 = PLANE ( 'NONE',  #4949 ) ;
#3953 = ORIENTED_EDGE ( 'NONE', *, *, #1239, .T. ) ;
#3954 = CARTESIAN_POINT ( 'NONE',  ( 20.48799999999999955, 33.38250000000000028, -6.049999999999999822 ) ) ;
#3955 = LINE ( 'NONE', #6343, #6533 ) ;
#3956 = ORIENTED_EDGE ( 'NONE', *, *, #7618, .F. ) ;
#3957 = DIRECTION ( 'NONE',  ( 0.1176538672126437035, -0.9930546649253049196, 0.000000000000000000 ) ) ;
#3958 = ORIENTED_EDGE ( 'NONE', *, *, #2830, .T. ) ;
#3959 = DIRECTION ( 'NONE',  ( 0.7567851500574370727, -0.6536637030251430946, 0.000000000000000000 ) ) ;
#3960 = CARTESIAN_POINT ( 'NONE',  ( 2.714999999999999858, 36.60600000000000165, -6.049999999999999822 ) ) ;
#3961 = CARTESIAN_POINT ( 'NONE',  ( 7.545000000000000817, 34.61800000000000210, -6.049999999999999822 ) ) ;
#3962 = CARTESIAN_POINT ( 'NONE',  ( 3.351999999999996760, 39.48299999999999699, -6.349999999999999645 ) ) ;
#3963 = VERTEX_POINT ( 'NONE', #709 ) ;
#3964 = VERTEX_POINT ( 'NONE', #5463 ) ;
#3965 = LINE ( 'NONE', #6355, #1303 ) ;
#3966 = CARTESIAN_POINT ( 'NONE',  ( 12.37500000000000000, 29.74599999999999866, -6.049999999999999822 ) ) ;
#3967 = EDGE_CURVE ( 'NONE', #264, #1068, #3113, .T. ) ;
#3968 = ORIENTED_EDGE ( 'NONE', *, *, #5483, .F. ) ;
#3969 = CARTESIAN_POINT ( 'NONE',  ( 15.37100000000000044, 33.69400000000000261, -6.049999999999999822 ) ) ;
#3970 = PLANE ( 'NONE',  #7046 ) ;
#3971 = DIRECTION ( 'NONE',  ( -0.9992841508705441189, -0.03783101662572387058, 0.000000000000000000 ) ) ;
#3972 = EDGE_LOOP ( 'NONE', ( #5510, #2287, #4325, #4137 ) ) ;
#3973 = ORIENTED_EDGE ( 'NONE', *, *, #7369, .F. ) ;
#3974 = DIRECTION ( 'NONE',  ( -0.3552275371410975602, -0.9347798654531825902, 0.000000000000000000 ) ) ;
#3975 = DIRECTION ( 'NONE',  ( -0.5469586650877226175, 0.8371596136254164655, 0.000000000000000000 ) ) ;
#3976 = EDGE_CURVE ( 'NONE', #3344, #623, #6723, .T. ) ;
#3977 = ORIENTED_EDGE ( 'NONE', *, *, #2882, .F. ) ;
#3978 = CARTESIAN_POINT ( 'NONE',  ( 16.31638888888888772, 30.86794444444444352, -6.049999999999999822 ) ) ;
#3979 = DIRECTION ( 'NONE',  ( 0.000000000000000000, 0.000000000000000000, -1.000000000000000000 ) ) ;
#3980 = CARTESIAN_POINT ( 'NONE',  ( 23.71188888888888968, 32.39977777777777845, -6.049999999999999822 ) ) ;
#3981 = DIRECTION ( 'NONE',  ( 0.8482654225386618840, 0.5295713105194665982, 0.000000000000000000 ) ) ;
#3982 = EDGE_CURVE ( 'NONE', #7071, #5715, #6567, .T. ) ;
#3983 = ADVANCED_FACE ( 'NONE', ( #5583 ), #5695, .T. ) ;
#3984 = EDGE_CURVE ( 'NONE', #3563, #678, #3864, .T. ) ;
#3985 = LINE ( 'NONE', #6374, #4317 ) ;
#3986 = ORIENTED_EDGE ( 'NONE', *, *, #2073, .T. ) ;
#3987 = DIRECTION ( 'NONE',  ( 0.8376922784813052303, 0.5461425148922204320, 0.000000000000000000 ) ) ;
#3988 = DIRECTION ( 'NONE',  ( 0.000000000000000000, 0.000000000000000000, -1.000000000000000000 ) ) ;
#3989 = ORIENTED_EDGE ( 'NONE', *, *, #3358, .F. ) ;
#3990 = CARTESIAN_POINT ( 'NONE',  ( -6.000000000000000000, 55.50000000000000000, -6.349999999999999645 ) ) ;
#3991 = VERTEX_POINT ( 'NONE', #4364 ) ;
#3992 = FACE_OUTER_BOUND ( 'NONE', #3576, .T. ) ;
#3993 = DIRECTION ( 'NONE',  ( 0.6355813793812191692, -0.7720338789093821319, 0.000000000000000000 ) ) ;
#3994 = FACE_OUTER_BOUND ( 'NONE', #931, .T. ) ;
#3995 = DIRECTION ( 'NONE',  ( -0.9831537794475199155, 0.1827803215831985684, 0.000000000000000000 ) ) ;
#3996 = EDGE_LOOP ( 'NONE', ( #4494, #3213, #6320, #4833 ) ) ;
#3997 = VECTOR ( 'NONE', #5547, 1000.000000000000000 ) ;
#3998 = VERTEX_POINT ( 'NONE', #3788 ) ;
#3999 = CARTESIAN_POINT ( 'NONE',  ( 23.04688888888889053, 33.02511111111110864, -6.049999999999999822 ) ) ;
#4000 = CARTESIAN_POINT ( 'NONE',  ( 12.37500000000000000, 31.31400000000000006, -6.349999999999999645 ) ) ;
#4001 = ORIENTED_EDGE ( 'NONE', *, *, #4345, .F. ) ;
#4002 = PLANE ( 'NONE',  #984 ) ;
#4003 = CARTESIAN_POINT ( 'NONE',  ( 12.43800000000000061, 39.35000000000000142, -6.349999999999999645 ) ) ;
#4004 = AXIS2_PLACEMENT_3D ( 'NONE', #570, #2975, #2940 ) ;
#4005 = EDGE_LOOP ( 'NONE', ( #542, #7482, #2482, #4310, #2465, #31, #341, #3019 ) ) ;
#4006 = VECTOR ( 'NONE', #1960, 1000.000000000000114 ) ;
#4007 = CARTESIAN_POINT ( 'NONE',  ( 18.33277777777777473, 29.61533333333333218, -6.049999999999999822 ) ) ;
#4008 = EDGE_LOOP ( 'NONE', ( #2535, #1287, #5717, #4600 ) ) ;
#4009 = EDGE_CURVE ( 'NONE', #121, #5601, #4959, .T. ) ;
#4010 = VECTOR ( 'NONE', #1617, 1000.000000000000000 ) ;
#4011 = VECTOR ( 'NONE', #1235, 1000.000000000000114 ) ;
#4012 = EDGE_LOOP ( 'NONE', ( #4224, #4001, #271, #7719 ) ) ;
#4013 = DIRECTION ( 'NONE',  ( -0.8050031428436319469, 0.5932705453769597792, 0.000000000000000000 ) ) ;
#4014 = DIRECTION ( 'NONE',  ( -0.6076573935830118511, -0.7941992772748541762, 0.000000000000000000 ) ) ;
#4015 = ORIENTED_EDGE ( 'NONE', *, *, #820, .T. ) ;
#4016 = CARTESIAN_POINT ( 'NONE',  ( 19.96300000000000097, 36.17822222222222450, -6.349999999999999645 ) ) ;
#4017 = LINE ( 'NONE', #2838, #3779 ) ;
#4018 = DIRECTION ( 'NONE',  ( 0.3325524881290379819, 0.9430847483864778225, 0.000000000000000000 ) ) ;
#4019 = VECTOR ( 'NONE', #3246, 1000.000000000000000 ) ;
#4020 = AXIS2_PLACEMENT_3D ( 'NONE', #930, #2189, #4546 ) ;
#4021 = FACE_OUTER_BOUND ( 'NONE', #2343, .T. ) ;
#4022 = VECTOR ( 'NONE', #3382, 1000.000000000000000 ) ;
#4023 = EDGE_CURVE ( 'NONE', #2531, #3190, #2089, .T. ) ;
#4024 = VECTOR ( 'NONE', #432, 1000.000000000000114 ) ;
#4025 = VECTOR ( 'NONE', #6201, 1000.000000000000000 ) ;
#4026 = VECTOR ( 'NONE', #708, 1000.000000000000000 ) ;
#4027 = CARTESIAN_POINT ( 'NONE',  ( 26.85838888888888931, 39.10188888888888670, -6.049999999999999822 ) ) ;
#4028 = ORIENTED_EDGE ( 'NONE', *, *, #1041, .T. ) ;
#4029 = FACE_OUTER_BOUND ( 'NONE', #2344, .T. ) ;
#4030 = DIRECTION ( 'NONE',  ( -0.9863939238321435266, 0.1643989873053584572, 0.000000000000000000 ) ) ;
#4031 = VECTOR ( 'NONE', #323, 1000.000000000000114 ) ;
#4032 = VECTOR ( 'NONE', #5802, 1000.000000000000114 ) ;
#4033 = EDGE_CURVE ( 'NONE', #2789, #1630, #868, .T. ) ;
#4034 = VERTEX_POINT ( 'NONE', #5070 ) ;
#4035 = VECTOR ( 'NONE', #6149, 1000.000000000000114 ) ;
#4036 = CARTESIAN_POINT ( 'NONE',  ( 4.139111111111107633, 32.30333333333333456, -6.049999999999999822 ) ) ;
#4037 = ORIENTED_EDGE ( 'NONE', *, *, #7249, .F. ) ;
#4038 = CARTESIAN_POINT ( 'NONE',  ( 10.03097222222222129, 42.25772222222223462, -6.349999999999999645 ) ) ;
#4039 = EDGE_CURVE ( 'NONE', #2451, #6484, #6806, .T. ) ;
#4040 = LINE ( 'NONE', #6431, #5541 ) ;
#4041 = ADVANCED_FACE ( 'NONE', ( #4410 ), #4484, .T. ) ;
#4042 = LINE ( 'NONE', #1565, #257 ) ;
#4043 = DIRECTION ( 'NONE',  ( -0.1827803215831985406, -0.9831537794475198044, 0.000000000000000000 ) ) ;
#4044 = ORIENTED_EDGE ( 'NONE', *, *, #418, .F. ) ;
#4045 = ORIENTED_EDGE ( 'NONE', *, *, #250, .F. ) ;
#4046 = CARTESIAN_POINT ( 'NONE',  ( 1.212333333333331709, 31.44155555555555637, -6.049999999999999822 ) ) ;
#4047 = DIRECTION ( 'NONE',  ( -0.8619205374735987579, -0.5070433779088556747, 0.000000000000000000 ) ) ;
#4048 = ORIENTED_EDGE ( 'NONE', *, *, #1012, .T. ) ;
#4049 = FACE_OUTER_BOUND ( 'NONE', #4008, .T. ) ;
#4050 = PLANE ( 'NONE',  #2658 ) ;
#4051 = ORIENTED_EDGE ( 'NONE', *, *, #729, .T. ) ;
#4052 = CARTESIAN_POINT ( 'NONE',  ( 13.09600000000000009, 37.25000000000000000, -6.049999999999999822 ) ) ;
#4053 = ORIENTED_EDGE ( 'NONE', *, *, #5707, .F. ) ;
#4054 = EDGE_CURVE ( 'NONE', #5619, #7659, #5033, .T. ) ;
#4055 = VERTEX_POINT ( 'NONE', #6211 ) ;
#4056 = DIRECTION ( 'NONE',  ( 0.000000000000000000, 0.000000000000000000, -1.000000000000000000 ) ) ;
#4057 = CARTESIAN_POINT ( 'NONE',  ( 12.90000000000000036, 20.39999999999999858, 5.000000000000000000 ) ) ;
#4058 = ORIENTED_EDGE ( 'NONE', *, *, #5706, .F. ) ;
#4059 = LINE ( 'NONE', #5313, #5867 ) ;
#4060 = DIRECTION ( 'NONE',  ( -0.9958260287226395890, -0.09127168519588475804, 0.000000000000000000 ) ) ;
#4061 = DIRECTION ( 'NONE',  ( 0.000000000000000000, 1.000000000000000000, 0.000000000000000000 ) ) ;
#4062 = VERTEX_POINT ( 'NONE', #1972 ) ;
#4063 = LINE ( 'NONE', #4141, #1559 ) ;
#4064 = ORIENTED_EDGE ( 'NONE', *, *, #2174, .T. ) ;
#4065 = EDGE_CURVE ( 'NONE', #7632, #2902, #6840, .T. ) ;
#4066 = DIRECTION ( 'NONE',  ( 1.000000000000000000, 0.000000000000000000, -0.000000000000000000 ) ) ;
#4067 = VECTOR ( 'NONE', #7480, 1000.000000000000000 ) ;
#4068 = ORIENTED_EDGE ( 'NONE', *, *, #5942, .F. ) ;
#4069 = CARTESIAN_POINT ( 'NONE',  ( 2.873666666666665037, 33.64772222222222808, -6.049999999999999822 ) ) ;
#4070 = ORIENTED_EDGE ( 'NONE', *, *, #3882, .T. ) ;
#4071 = EDGE_CURVE ( 'NONE', #7556, #5179, #5549, .T. ) ;
#4072 = DIRECTION ( 'NONE',  ( 0.3151604313108915534, 0.9490384094102477519, 0.000000000000000000 ) ) ;
#4073 = CARTESIAN_POINT ( 'NONE',  ( 4.506999999999999673, 36.43800000000000239, -6.049999999999999822 ) ) ;
#4074 = DIRECTION ( 'NONE',  ( 0.000000000000000000, 0.000000000000000000, -1.000000000000000000 ) ) ;
#4075 = CARTESIAN_POINT ( 'NONE',  ( 8.356805555555554932, 37.50511111111111262, -6.049999999999999822 ) ) ;
#4076 = ORIENTED_EDGE ( 'NONE', *, *, #6621, .F. ) ;
#4077 = EDGE_LOOP ( 'NONE', ( #2797, #4273, #1841, #2926 ) ) ;
#4078 = EDGE_CURVE ( 'NONE', #7261, #7568, #2713, .T. ) ;
#4079 = EDGE_CURVE ( 'NONE', #1054, #7568, #5618, .T. ) ;
#4080 = ADVANCED_FACE ( 'NONE', ( #6175 ), #4448, .T. ) ;
#4081 = ORIENTED_EDGE ( 'NONE', *, *, #5323, .T. ) ;
#4082 = FACE_OUTER_BOUND ( 'NONE', #77, .T. ) ;
#4083 = ORIENTED_EDGE ( 'NONE', *, *, #7759, .T. ) ;
#4084 = DIRECTION ( 'NONE',  ( 0.000000000000000000, 0.000000000000000000, -1.000000000000000000 ) ) ;
#4085 = CARTESIAN_POINT ( 'NONE',  ( 28.19811111111111046, 29.15800000000000480, -6.049999999999999822 ) ) ;
#4086 = ORIENTED_EDGE ( 'NONE', *, *, #6423, .F. ) ;
#4087 = LINE ( 'NONE', #4713, #4519 ) ;
#4088 = ORIENTED_EDGE ( 'NONE', *, *, #7744, .T. ) ;
#4089 = EDGE_LOOP ( 'NONE', ( #5981, #7610, #3585, #1539 ) ) ;
#4090 = LINE ( 'NONE', #5734, #2012 ) ;
#4091 = CARTESIAN_POINT ( 'NONE',  ( 19.75300000000000011, 42.34600000000000364, -6.049999999999999822 ) ) ;
#4092 = ORIENTED_EDGE ( 'NONE', *, *, #3262, .F. ) ;
#4093 = CARTESIAN_POINT ( 'NONE',  ( 20.44833333333333414, 33.49022222222222211, -6.049999999999999822 ) ) ;
#4094 = LINE ( 'NONE', #5823, #4770 ) ;
#4095 = DIRECTION ( 'NONE',  ( 0.000000000000000000, 0.000000000000000000, -1.000000000000000000 ) ) ;
#4096 = EDGE_CURVE ( 'NONE', #7024, #6726, #3158, .T. ) ;
#4097 = EDGE_LOOP ( 'NONE', ( #439, #5276, #4124, #3849 ) ) ;
#4098 = CARTESIAN_POINT ( 'NONE',  ( -6.000000000000000000, 55.50000000000000000, -6.349999999999999645 ) ) ;
#4099 = ORIENTED_EDGE ( 'NONE', *, *, #6671, .F. ) ;
#4100 = PLANE ( 'NONE',  #7675 ) ;
#4101 = LINE ( 'NONE', #5396, #1648 ) ;
#4102 = EDGE_CURVE ( 'NONE', #4204, #1945, #6924, .T. ) ;
#4103 = DIRECTION ( 'NONE',  ( 1.000000000000000000, 0.000000000000000000, 0.000000000000000000 ) ) ;
#4104 = ORIENTED_EDGE ( 'NONE', *, *, #4495, .F. ) ;
#4105 = CARTESIAN_POINT ( 'NONE',  ( 15.67500000000000071, 16.80000000000000071, 3.650000000000000355 ) ) ;
#4106 = CARTESIAN_POINT ( 'NONE',  ( 7.545000000000000817, 34.61800000000000210, -6.349999999999999645 ) ) ;
#4107 = CARTESIAN_POINT ( 'NONE',  ( 4.385277777777778496, 32.01011111111110807, -6.049999999999999822 ) ) ;
#4108 = LINE ( 'NONE', #2428, #3379 ) ;
#4109 = ORIENTED_EDGE ( 'NONE', *, *, #7725, .F. ) ;
#4110 = VERTEX_POINT ( 'NONE', #3904 ) ;
#4111 = EDGE_CURVE ( 'NONE', #3039, #3628, #6288, .T. ) ;
#4112 = ORIENTED_EDGE ( 'NONE', *, *, #5756, .T. ) ;
#4113 = DIRECTION ( 'NONE',  ( -0.8791730145210678860, -0.4765026868108280800, 0.000000000000000000 ) ) ;
#4114 = ORIENTED_EDGE ( 'NONE', *, *, #3180, .F. ) ;
#4115 = FACE_BOUND ( 'NONE', #5083, .T. ) ;
#4116 = DIRECTION ( 'NONE',  ( -0.6850457019577255169, -0.7285000934998204780, 0.000000000000000000 ) ) ;
#4117 = ORIENTED_EDGE ( 'NONE', *, *, #6072, .T. ) ;
#4118 = LINE ( 'NONE', #4168, #3279 ) ;
#4119 = EDGE_CURVE ( 'NONE', #4424, #5259, #750, .T. ) ;
#4120 = EDGE_CURVE ( 'NONE', #5916, #3350, #2865, .T. ) ;
#4121 = AXIS2_PLACEMENT_3D ( 'NONE', #40, #7792, #7236 ) ;
#4122 = ORIENTED_EDGE ( 'NONE', *, *, #1785, .T. ) ;
#4123 = ADVANCED_FACE ( 'NONE', ( #6361 ), #7663, .T. ) ;
#4124 = ORIENTED_EDGE ( 'NONE', *, *, #7346, .T. ) ;
#4126 = CARTESIAN_POINT ( 'NONE',  ( 9.309000000000001052, 33.04999999999999716, -6.049999999999999822 ) ) ;
#4125 = AXIS2_PLACEMENT_3D ( 'NONE', #7572, #2194, #3418 ) ;
#4127 = CARTESIAN_POINT ( 'NONE',  ( 14.13899999999999935, 34.61800000000000210, -6.349999999999999645 ) ) ;
#4128 = VECTOR ( 'NONE', #5092, 1000.000000000000114 ) ;
#4129 = VERTEX_POINT ( 'NONE', #2751 ) ;
#4130 = LINE ( 'NONE', #6565, #7258 ) ;
#4131 = PLANE ( 'NONE',  #2028 ) ;
#4132 = LINE ( 'NONE', #6528, #7780 ) ;
#4133 = ADVANCED_FACE ( 'NONE', ( #1612 ), #6443, .T. ) ;
#4134 = VECTOR ( 'NONE', #6216, 1000.000000000000114 ) ;
#4135 = VECTOR ( 'NONE', #5272, 1000.000000000000000 ) ;
#4136 = ADVANCED_FACE ( 'NONE', ( #5261 ), #2796, .F. ) ;
#4137 = ORIENTED_EDGE ( 'NONE', *, *, #6324, .T. ) ;
#4138 = CARTESIAN_POINT ( 'NONE',  ( 10.40041666666666487, 37.60194444444444883, -6.349999999999999645 ) ) ;
#4139 = CARTESIAN_POINT ( 'NONE',  ( 27.46699999999999875, 39.44800000000000040, -6.049999999999999822 ) ) ;
#4140 = VECTOR ( 'NONE', #1422, 1000.000000000000000 ) ;
#4141 = CARTESIAN_POINT ( 'NONE',  ( 24.33099999999999952, 41.29950000000000188, -6.049999999999999822 ) ) ;
#4142 = VECTOR ( 'NONE', #4628, 1000.000000000000000 ) ;
#4143 = AXIS2_PLACEMENT_3D ( 'NONE', #3271, #278, #6757 ) ;
#4144 = ORIENTED_EDGE ( 'NONE', *, *, #2878, .F. ) ;
#4145 = APPLICATION_PROTOCOL_DEFINITION ( 'draft international standard', 'automotive_design', 1998, #7389 ) ;
#4146 = DIRECTION ( 'NONE',  ( -1.000000000000000000, 0.000000000000000000, -0.000000000000000000 ) ) ;
#4147 = VECTOR ( 'NONE', #1251, 1000.000000000000000 ) ;
#4148 = AXIS2_PLACEMENT_3D ( 'NONE', #4069, #1080, #7058 ) ;
#4149 = VECTOR ( 'NONE', #5351, 1000.000000000000000 ) ;
#4150 = LINE ( 'NONE', #1678, #1763 ) ;
#4151 = EDGE_LOOP ( 'NONE', ( #4619, #2448, #6439, #7753 ) ) ;
#4152 = CARTESIAN_POINT ( 'NONE',  ( 15.67500000000000071, 20.39999999999999858, 2.225000000000000089 ) ) ;
#4153 = VECTOR ( 'NONE', #2974, 1000.000000000000114 ) ;
#4154 = DIRECTION ( 'NONE',  ( 0.9568990555309178081, 0.2904207250249843941, 0.000000000000000000 ) ) ;
#4155 = AXIS2_PLACEMENT_3D ( 'NONE', #4522, #6441, #2748 ) ;
#4156 = PLANE ( 'NONE',  #3406 ) ;
#4157 = CARTESIAN_POINT ( 'NONE',  ( 11.35980555555555505, 38.00055555555555742, -6.349999999999999645 ) ) ;
#4158 = VERTEX_POINT ( 'NONE', #944 ) ;
#4159 = ORIENTED_EDGE ( 'NONE', *, *, #4616, .T. ) ;
#4160 = AXIS2_PLACEMENT_3D ( 'NONE', #5577, #1458, #828 ) ;
#4161 = VECTOR ( 'NONE', #725, 999.9999999999998863 ) ;
#4162 = EDGE_LOOP ( 'NONE', ( #1497, #5876, #5100, #6402, #1813, #7398, #3953, #711 ) ) ;
#4163 = CARTESIAN_POINT ( 'NONE',  ( 7.545000000000000817, 29.03200000000000358, -6.049999999999999822 ) ) ;
#4164 = ORIENTED_EDGE ( 'NONE', *, *, #1791, .T. ) ;
#4165 = CARTESIAN_POINT ( 'NONE',  ( 23.19999999999999929, 15.50000000000000000, 12.52500000000000036 ) ) ;
#4166 = DIRECTION ( 'NONE',  ( 0.000000000000000000, 0.000000000000000000, -1.000000000000000000 ) ) ;
#4167 = DIRECTION ( 'NONE',  ( -1.000000000000000000, 0.000000000000000000, 0.000000000000000000 ) ) ;
#4168 = CARTESIAN_POINT ( 'NONE',  ( 18.33277777777777473, 29.61533333333333218, -6.049999999999999822 ) ) ;
#4169 = EDGE_CURVE ( 'NONE', #3340, #6385, #5848, .T. ) ;
#4170 = ORIENTED_EDGE ( 'NONE', *, *, #4504, .F. ) ;
#4171 = VERTEX_POINT ( 'NONE', #5220 ) ;
#4172 = DIRECTION ( 'NONE',  ( 1.000000000000000000, -0.000000000000000000, -0.000000000000000000 ) ) ;
#4173 = LINE ( 'NONE', #71, #1628 ) ;
#4174 = VERTEX_POINT ( 'NONE', #2204 ) ;
#4175 = CARTESIAN_POINT ( 'NONE',  ( 9.309000000000001052, 29.03200000000000358, -6.049999999999999822 ) ) ;
#4176 = DIRECTION ( 'NONE',  ( 1.000000000000000000, 0.000000000000000000, 0.000000000000000000 ) ) ;
#4177 = DIRECTION ( 'NONE',  ( 0.000000000000000000, -1.000000000000000000, 0.000000000000000000 ) ) ;
#4178 = EDGE_CURVE ( 'NONE', #6128, #463, #2285, .T. ) ;
#4179 = ADVANCED_FACE ( 'NONE', ( #4596 ), #4680, .T. ) ;
#4180 = CARTESIAN_POINT ( 'NONE',  ( 15.00000000000000000, 16.79999999999999716, 4.325000000000000178 ) ) ;
#4181 = EDGE_CURVE ( 'NONE', #2861, #3476, #5815, .T. ) ;
#4182 = DIRECTION ( 'NONE',  ( -0.5843798190563862516, 0.8114802690636570004, 0.000000000000000000 ) ) ;
#4183 = CARTESIAN_POINT ( 'NONE',  ( 15.67500000000000071, 20.39999999999999858, 6.425000000000000711 ) ) ;
#4184 = ORIENTED_EDGE ( 'NONE', *, *, #5054, .F. ) ;
#4185 = LINE ( 'NONE', #596, #6030 ) ;
#4186 = PLANE ( 'NONE',  #5934 ) ;
#4187 = CARTESIAN_POINT ( 'NONE',  ( 25.00922222222222047, 37.99822222222222479, -6.049999999999999822 ) ) ;
#4188 = ORIENTED_EDGE ( 'NONE', *, *, #1412, .T. ) ;
#4189 = DIRECTION ( 'NONE',  ( 0.000000000000000000, 0.000000000000000000, -1.000000000000000000 ) ) ;
#4190 = PLANE ( 'NONE',  #4663 ) ;
#4191 = CARTESIAN_POINT ( 'NONE',  ( 20.63499999999999801, 33.03600000000000136, -6.049999999999999822 ) ) ;
#4192 = CARTESIAN_POINT ( 'NONE',  ( 8.532000000000000028, 37.25000000000000000, -6.049999999999999822 ) ) ;
#4193 = ORIENTED_EDGE ( 'NONE', *, *, #7231, .F. ) ;
#4194 = VERTEX_POINT ( 'NONE', #4007 ) ;
#4195 = ORIENTED_EDGE ( 'NONE', *, *, #4554, .T. ) ;
#4196 = CARTESIAN_POINT ( 'NONE',  ( 6.914999999999999147, 35.68200000000000216, -6.349999999999999645 ) ) ;
#4197 = ORIENTED_EDGE ( 'NONE', *, *, #3250, .F. ) ;
#4198 = LINE ( 'NONE', #3541, #3503 ) ;
#4199 = CARTESIAN_POINT ( 'NONE',  ( 3.013666666666665606, 34.18555555555555259, -6.049999999999999822 ) ) ;
#4200 = CARTESIAN_POINT ( 'NONE',  ( 21.85300000000000153, 42.34600000000000364, -6.049999999999999822 ) ) ;
#4201 = PLANE ( 'NONE',  #1124 ) ;
#4202 = ORIENTED_EDGE ( 'NONE', *, *, #351, .T. ) ;
#4203 = ADVANCED_FACE ( 'NONE', ( #3347 ), #1095, .T. ) ;
#4204 = VERTEX_POINT ( 'NONE', #7617 ) ;
#4205 = LINE ( 'NONE', #3073, #2766 ) ;
#4206 = DIRECTION ( 'NONE',  ( -0.3546542341205450866, 0.9349975263177811025, 0.000000000000000000 ) ) ;
#4207 = ORIENTED_EDGE ( 'NONE', *, *, #2981, .T. ) ;
#4208 = LINE ( 'NONE', #3589, #3496 ) ;
#4209 = DIRECTION ( 'NONE',  ( -0.9479294890922633776, 0.3184802720880534621, 0.000000000000000000 ) ) ;
#4210 = LINE ( 'NONE', #2, #6774 ) ;
#4211 = ADVANCED_FACE ( 'NONE', ( #7075 ), #5730, .T. ) ;
#4212 = ORIENTED_EDGE ( 'NONE', *, *, #4415, .F. ) ;
#4213 = LINE ( 'NONE', #6693, #3128 ) ;
#4214 = DIRECTION ( 'NONE',  ( -1.000000000000000000, 0.000000000000000000, 0.000000000000000000 ) ) ;
#4215 = ORIENTED_EDGE ( 'NONE', *, *, #2164, .T. ) ;
#4216 = DIRECTION ( 'NONE',  ( -0.8159686014103543217, 0.5780962216728547931, 0.000000000000000000 ) ) ;
#4217 = EDGE_LOOP ( 'NONE', ( #457, #1955, #3798, #4956 ) ) ;
#4218 = DIRECTION ( 'NONE',  ( 0.000000000000000000, -0.000000000000000000, 1.000000000000000000 ) ) ;
#4219 = EDGE_CURVE ( 'NONE', #4850, #1054, #3427, .T. ) ;
#4220 = EDGE_CURVE ( 'NONE', #2223, #7355, #4087, .T. ) ;
#4221 = EDGE_CURVE ( 'NONE', #7187, #7757, #6477, .T. ) ;
#4222 = DIRECTION ( 'NONE',  ( -1.000000000000000000, 0.000000000000000000, 0.000000000000000000 ) ) ;
#4223 = LINE ( 'NONE', #7127, #4648 ) ;
#4224 = ORIENTED_EDGE ( 'NONE', *, *, #2615, .T. ) ;
#4225 = DIRECTION ( 'NONE',  ( 0.9347798654531827012, -0.3552275371410975047, 0.000000000000000000 ) ) ;
#4226 = CARTESIAN_POINT ( 'NONE',  ( 24.94700000000000273, 35.62599999999999767, -6.349999999999999645 ) ) ;
#4227 = LINE ( 'NONE', #7255, #132 ) ;
#4228 = DIRECTION ( 'NONE',  ( -0.06895514854063367061, 0.9976197609759638318, 0.000000000000000000 ) ) ;
#4229 = ORIENTED_EDGE ( 'NONE', *, *, #3250, .T. ) ;
#4230 = VERTEX_POINT ( 'NONE', #5884 ) ;
#4231 = CARTESIAN_POINT ( 'NONE',  ( 23.71188888888888968, 32.39977777777777845, -6.049999999999999822 ) ) ;
#4232 = ORIENTED_EDGE ( 'NONE', *, *, #3070, .T. ) ;
#4233 = DIRECTION ( 'NONE',  ( -1.000000000000000000, 0.000000000000000000, 0.000000000000000000 ) ) ;
#4234 = LINE ( 'NONE', #4199, #771 ) ;
#4235 = ADVANCED_FACE ( 'NONE', ( #5306 ), #7704, .T. ) ;
#4236 = CARTESIAN_POINT ( 'NONE',  ( 23.58899999999999864, 38.66400000000000148, -6.049999999999999822 ) ) ;
#4237 = DIRECTION ( 'NONE',  ( -1.000000000000000000, 0.000000000000000000, -0.000000000000000000 ) ) ;
#4238 = EDGE_LOOP ( 'NONE', ( #665, #2119, #2887, #5320 ) ) ;
#4239 = ORIENTED_EDGE ( 'NONE', *, *, #3793, .F. ) ;
#4240 = DIRECTION ( 'NONE',  ( 1.000000000000000000, 0.000000000000000000, 0.000000000000000000 ) ) ;
#4241 = DIRECTION ( 'NONE',  ( -1.000000000000000000, 0.000000000000000000, 0.000000000000000000 ) ) ;
#4242 = ORIENTED_EDGE ( 'NONE', *, *, #7633, .T. ) ;
#4243 = DIRECTION ( 'NONE',  ( 1.000000000000000000, 0.000000000000000000, 0.000000000000000000 ) ) ;
#4244 = LINE ( 'NONE', #6642, #1644 ) ;
#4245 = CARTESIAN_POINT ( 'NONE',  ( 1.588777777777773181, 39.39355555555555810, -6.049999999999999822 ) ) ;
#4246 = EDGE_CURVE ( 'NONE', #5182, #6726, #6681, .T. ) ;
#4247 = AXIS2_PLACEMENT_3D ( 'NONE', #4605, #1664, #5270 ) ;
#4248 = ORIENTED_EDGE ( 'NONE', *, *, #4650, .T. ) ;
#4249 = LINE ( 'NONE', #7242, #5529 ) ;
#4250 = PLANE ( 'NONE',  #2370 ) ;
#4251 = ORIENTED_EDGE ( 'NONE', *, *, #996, .F. ) ;
#4252 = LINE ( 'NONE', #7210, #809 ) ;
#4253 = ORIENTED_EDGE ( 'NONE', *, *, #4838, .F. ) ;
#4254 = VECTOR ( 'NONE', #4642, 1000.000000000000000 ) ;
#4255 = DIRECTION ( 'NONE',  ( -0.8675398104777614083, -0.4973677484881882105, 0.000000000000000000 ) ) ;
#4256 = VECTOR ( 'NONE', #1798, 1000.000000000000000 ) ;
#4257 = EDGE_CURVE ( 'NONE', #5970, #7613, #1174, .T. ) ;
#4258 = VECTOR ( 'NONE', #4591, 1000.000000000000227 ) ;
#4259 = VECTOR ( 'NONE', #6190, 1000.000000000000000 ) ;
#4260 = EDGE_CURVE ( 'NONE', #78, #2451, #3583, .T. ) ;
#4261 = CARTESIAN_POINT ( 'NONE',  ( 12.04833333333333201, 41.75488888888889250, -6.349999999999999645 ) ) ;
#4262 = VERTEX_POINT ( 'NONE', #5959 ) ;
#4263 = CARTESIAN_POINT ( 'NONE',  ( 4.266666666666662167, 37.01899999999999835, -6.049999999999999822 ) ) ;
#4264 = LINE ( 'NONE', #6546, #3411 ) ;
#4265 = CARTESIAN_POINT ( 'NONE',  ( 4.660999999999999588, 40.13400000000000034, -6.349999999999999645 ) ) ;
#4266 = LINE ( 'NONE', #4157, #4771 ) ;
#4267 = AXIS2_PLACEMENT_3D ( 'NONE', #7313, #2522, #1423 ) ;
#4268 = EDGE_CURVE ( 'NONE', #6442, #7767, #1770, .T. ) ;
#4269 = AXIS2_PLACEMENT_3D ( 'NONE', #3391, #4060, #3355 ) ;
#4270 = AXIS2_PLACEMENT_3D ( 'NONE', #5685, #302, #2818 ) ;
#4271 = EDGE_LOOP ( 'NONE', ( #1849, #2377, #5576, #2901 ) ) ;
#4273 = ORIENTED_EDGE ( 'NONE', *, *, #1543, .F. ) ;
#4272 = EDGE_CURVE ( 'NONE', #1224, #535, #1848, .T. ) ;
#4274 = VECTOR ( 'NONE', #5218, 1000.000000000000000 ) ;
#4275 = EDGE_CURVE ( 'NONE', #4194, #3364, #4118, .T. ) ;
#4276 = DIRECTION ( 'NONE',  ( -0.5844634448142485006, -0.8114200402232261133, 0.000000000000000000 ) ) ;
#4277 = VERTEX_POINT ( 'NONE', #1136 ) ;
#4278 = DIRECTION ( 'NONE',  ( 0.000000000000000000, 0.000000000000000000, 1.000000000000000000 ) ) ;
#4279 = DIRECTION ( 'NONE',  ( 0.9998803915264489195, -0.01546617732069639067, 0.000000000000000000 ) ) ;
#4280 = CARTESIAN_POINT ( 'NONE',  ( 13.37988888888888539, 37.67622222222222206, -6.049999999999999822 ) ) ;
#4281 = DIRECTION ( 'NONE',  ( 0.4652436449242668415, -0.8851826652491465719, 0.000000000000000000 ) ) ;
#4282 = VECTOR ( 'NONE', #2064, 1000.000000000000000 ) ;
#4283 = VECTOR ( 'NONE', #6539, 1000.000000000000114 ) ;
#4284 = VECTOR ( 'NONE', #5794, 1000.000000000000000 ) ;
#4285 = ORIENTED_EDGE ( 'NONE', *, *, #2450, .F. ) ;
#4286 = ORIENTED_EDGE ( 'NONE', *, *, #7518, .T. ) ;
#4287 = FACE_OUTER_BOUND ( 'NONE', #3467, .T. ) ;
#4288 = CARTESIAN_POINT ( 'NONE',  ( 22.06883333333333752, 36.64488888888888596, -6.349999999999999645 ) ) ;
#4289 = ORIENTED_EDGE ( 'NONE', *, *, #4033, .T. ) ;
#4290 = CARTESIAN_POINT ( 'NONE',  ( 25.62950000000000017, 38.37700000000000244, -6.349999999999999645 ) ) ;
#4291 = DIRECTION ( 'NONE',  ( 0.000000000000000000, 0.000000000000000000, -1.000000000000000000 ) ) ;
#4292 = FACE_BOUND ( 'NONE', #3389, .T. ) ;
#4293 = ORIENTED_EDGE ( 'NONE', *, *, #3464, .T. ) ;
#4294 = ORIENTED_EDGE ( 'NONE', *, *, #6859, .F. ) ;
#4295 = DIRECTION ( 'NONE',  ( 0.000000000000000000, 0.000000000000000000, -1.000000000000000000 ) ) ;
#4296 = CARTESIAN_POINT ( 'NONE',  ( 20.87261111111111234, 31.03283333333333260, -6.049999999999999822 ) ) ;
#4297 = EDGE_LOOP ( 'NONE', ( #3297, #1457, #3348, #4375 ) ) ;
#4298 = LINE ( 'NONE', #7174, #2690 ) ;
#4299 = VERTEX_POINT ( 'NONE', #2354 ) ;
#4300 = CARTESIAN_POINT ( 'NONE',  ( 15.67500000000000071, 20.39999999999999858, 3.650000000000000355 ) ) ;
#4301 = EDGE_CURVE ( 'NONE', #6860, #429, #7193, .T. ) ;
#4302 = DIRECTION ( 'NONE',  ( -0.5613140120455589743, 0.8276029119579739746, 0.000000000000000000 ) ) ;
#4303 = ORIENTED_EDGE ( 'NONE', *, *, #5567, .T. ) ;
#4304 = CARTESIAN_POINT ( 'NONE',  ( 7.698805555555556346, 38.49444444444444713, -6.049999999999999822 ) ) ;
#4305 = CARTESIAN_POINT ( 'NONE',  ( 13.37988888888888539, 37.67622222222222206, -6.049999999999999822 ) ) ;
#4306 = LINE ( 'NONE', #6107, #1011 ) ;
#4307 = CARTESIAN_POINT ( 'NONE',  ( 17.20655555555555338, 31.34977777777777419, -6.049999999999999822 ) ) ;
#4308 = ORIENTED_EDGE ( 'NONE', *, *, #6748, .T. ) ;
#4309 = EDGE_CURVE ( 'NONE', #6035, #893, #7229, .T. ) ;
#4310 = ORIENTED_EDGE ( 'NONE', *, *, #3592, .F. ) ;
#4311 = FACE_OUTER_BOUND ( 'NONE', #5456, .T. ) ;
#4312 = EDGE_LOOP ( 'NONE', ( #573, #4144, #1284, #6918 ) ) ;
#4313 = CARTESIAN_POINT ( 'NONE',  ( 9.064000000000000057, 39.35000000000000142, -6.349999999999999645 ) ) ;
#4314 = CARTESIAN_POINT ( 'NONE',  ( 22.46900000000000119, 40.23199999999999932, -6.049999999999999822 ) ) ;
#4315 = CARTESIAN_POINT ( 'NONE',  ( 2.092777777777776294, 38.12422222222222956, -6.349999999999999645 ) ) ;
#4316 = CARTESIAN_POINT ( 'NONE',  ( 4.314111111111111008, 31.67177777777777692, -6.049999999999999822 ) ) ;
#4317 = VECTOR ( 'NONE', #402, 1000.000000000000000 ) ;
#4318 = EDGE_CURVE ( 'NONE', #7246, #2436, #4910, .T. ) ;
#4319 = EDGE_CURVE ( 'NONE', #3837, #5150, #3697, .T. ) ;
#4320 = VERTEX_POINT ( 'NONE', #1811 ) ;
#4321 = ADVANCED_FACE ( 'NONE', ( #7265 ), #4201, .F. ) ;
#4322 = EDGE_CURVE ( 'NONE', #5067, #3298, #664, .T. ) ;
#4323 = CARTESIAN_POINT ( 'NONE',  ( 6.914999999999999147, 35.68200000000000216, -6.049999999999999822 ) ) ;
#4324 = LINE ( 'NONE', #228, #1746 ) ;
#4325 = ORIENTED_EDGE ( 'NONE', *, *, #7037, .T. ) ;
#4326 = PLANE ( 'NONE',  #1363 ) ;
#4327 = FACE_OUTER_BOUND ( 'NONE', #4891, .T. ) ;
#4328 = LINE ( 'NONE', #4871, #3267 ) ;
#4329 = ORIENTED_EDGE ( 'NONE', *, *, #6248, .F. ) ;
#4330 = EDGE_LOOP ( 'NONE', ( #2701, #981, #1407, #3383 ) ) ;
#4331 = ORIENTED_EDGE ( 'NONE', *, *, #6763, .F. ) ;
#4332 = LINE ( 'NONE', #6132, #489 ) ;
#4333 = LINE ( 'NONE', #758, #5631 ) ;
#4334 = EDGE_LOOP ( 'NONE', ( #7052, #5108, #7769, #6095 ) ) ;
#4335 = CARTESIAN_POINT ( 'NONE',  ( 11.21300000000000097, 37.78199999999999648, -6.049999999999999822 ) ) ;
#4336 = ORIENTED_EDGE ( 'NONE', *, *, #2021, .T. ) ;
#4337 = EDGE_CURVE ( 'NONE', #3610, #3513, #5997, .T. ) ;
#4338 = LINE ( 'NONE', #7445, #1138 ) ;
#4339 = CARTESIAN_POINT ( 'NONE',  ( 0.9369999999999993889, 32.75600000000000023, -6.049999999999999822 ) ) ;
#4340 = ORIENTED_EDGE ( 'NONE', *, *, #1403, .T. ) ;
#4341 = CARTESIAN_POINT ( 'NONE',  ( 2.968944444444440833, 30.39038888888888934, -6.049999999999999822 ) ) ;
#4342 = DIRECTION ( 'NONE',  ( -1.000000000000000000, 0.000000000000000000, 0.000000000000000000 ) ) ;
#4343 = DIRECTION ( 'NONE',  ( -0.8488310846185890268, 0.5286641559489634323, 0.000000000000000000 ) ) ;
#4344 = DIRECTION ( 'NONE',  ( 0.8911833252450080955, 0.4536433409687065654, 0.000000000000000000 ) ) ;
#4345 = EDGE_CURVE ( 'NONE', #1307, #3815, #622, .T. ) ;
#4346 = VERTEX_POINT ( 'NONE', #2437 ) ;
#4347 = ORIENTED_EDGE ( 'NONE', *, *, #529, .T. ) ;
#4348 = PLANE ( 'NONE',  #1512 ) ;
#4349 = EDGE_LOOP ( 'NONE', ( #2977, #6328, #1466, #521 ) ) ;
#4350 = CARTESIAN_POINT ( 'NONE',  ( 1.556499999999999773, 30.95349999999999824, -6.349999999999999645 ) ) ;
#4351 = PLANE ( 'NONE',  #2775 ) ;
#4352 = CARTESIAN_POINT ( 'NONE',  ( 2.171722222222217002, 36.00516666666667476, -6.049999999999999822 ) ) ;
#4353 = DIRECTION ( 'NONE',  ( -0.9908301680443000192, 0.1351132047333061525, 0.000000000000000000 ) ) ;
#4354 = EDGE_CURVE ( 'NONE', #7668, #4682, #103, .T. ) ;
#4355 = ORIENTED_EDGE ( 'NONE', *, *, #6478, .T. ) ;
#4356 = DIRECTION ( 'NONE',  ( 0.8732911522331028298, 0.4871986898908693964, 0.000000000000000000 ) ) ;
#4357 = LINE ( 'NONE', #829, #5144 ) ;
#4358 = DIRECTION ( 'NONE',  ( -0.8499819867244200466, -0.5268117521885855581, 0.000000000000000000 ) ) ;
#4359 = ORIENTED_EDGE ( 'NONE', *, *, #4661, .F. ) ;
#4360 = DIRECTION ( 'NONE',  ( 0.5844634448142485006, 0.8114200402232261133, -0.000000000000000000 ) ) ;
#4361 = EDGE_CURVE ( 'NONE', #1175, #3120, #2950, .T. ) ;
#4362 = DIRECTION ( 'NONE',  ( 0.5563470260645753118, -0.8309500505981708418, 0.000000000000000000 ) ) ;
#4363 = ADVANCED_FACE ( 'NONE', ( #2472 ), #4862, .T. ) ;
#4364 = CARTESIAN_POINT ( 'NONE',  ( 25.27055555555555344, 29.32288888888889034, -6.349999999999999645 ) ) ;
#4365 = ADVANCED_FACE ( 'NONE', ( #1293 ), #6081, .T. ) ;
#4366 = ORIENTED_EDGE ( 'NONE', *, *, #6456, .F. ) ;
#4367 = ORIENTED_EDGE ( 'NONE', *, *, #3765, .F. ) ;
#4368 = CARTESIAN_POINT ( 'NONE',  ( 22.14699999999999847, 35.51400000000000290, -6.049999999999999822 ) ) ;
#4369 = LINE ( 'NONE', #3241, #1240 ) ;
#4370 = VERTEX_POINT ( 'NONE', #2590 ) ;
#4371 = CARTESIAN_POINT ( 'NONE',  ( 29.00699999999999790, 35.51400000000000290, -6.049999999999999822 ) ) ;
#4372 = EDGE_CURVE ( 'NONE', #5345, #4034, #223, .T. ) ;
#4373 = CARTESIAN_POINT ( 'NONE',  ( 22.06883333333333752, 36.64488888888888596, -6.049999999999999822 ) ) ;
#4374 = EDGE_CURVE ( 'NONE', #3946, #3628, #4948, .T. ) ;
#4375 = ORIENTED_EDGE ( 'NONE', *, *, #1940, .T. ) ;
#4376 = LINE ( 'NONE', #7326, #3917 ) ;
#4377 = AXIS2_PLACEMENT_3D ( 'NONE', #113, #4720, #551 ) ;
#4378 = ADVANCED_FACE ( 'NONE', ( #6796 ), #1456, .T. ) ;
#4379 = CARTESIAN_POINT ( 'NONE',  ( 2.505875000000000075, 30.47487500000000082, -6.049999999999999822 ) ) ;
#4380 = VECTOR ( 'NONE', #1223, 999.9999999999998863 ) ;
#4381 = VECTOR ( 'NONE', #5956, 999.9999999999998863 ) ;
#4382 = ORIENTED_EDGE ( 'NONE', *, *, #5671, .T. ) ;
#4383 = LINE ( 'NONE', #1408, #2886 ) ;
#4384 = CARTESIAN_POINT ( 'NONE',  ( 10.12099999999999866, 42.50000000000000000, -6.349999999999999645 ) ) ;
#4385 = PLANE ( 'NONE',  #3789 ) ;
#4386 = EDGE_CURVE ( 'NONE', #6171, #1685, #790, .T. ) ;
#4387 = AXIS2_PLACEMENT_3D ( 'NONE', #2674, #1968, #4358 ) ;
#4388 = ORIENTED_EDGE ( 'NONE', *, *, #366, .F. ) ;
#4389 = VECTOR ( 'NONE', #2804, 1000.000000000000000 ) ;
#4390 = ORIENTED_EDGE ( 'NONE', *, *, #2869, .T. ) ;
#4391 = DIRECTION ( 'NONE',  ( -0.4704027917136174297, 0.8824518193918776676, 0.000000000000000000 ) ) ;
#4392 = EDGE_LOOP ( 'NONE', ( #4797, #6345, #5234, #3801 ) ) ;
#4393 = VECTOR ( 'NONE', #3951, 1000.000000000000114 ) ;
#4394 = CARTESIAN_POINT ( 'NONE',  ( 15.41300000000000203, 30.36200000000000188, -6.049999999999999822 ) ) ;
#4395 = LINE ( 'NONE', #3772, #6660 ) ;
#4396 = AXIS2_PLACEMENT_3D ( 'NONE', #3990, #5716, #963 ) ;
#4397 = LINE ( 'NONE', #5574, #2389 ) ;
#4398 = VECTOR ( 'NONE', #3304, 999.9999999999998863 ) ;
#4399 = CARTESIAN_POINT ( 'NONE',  ( 9.309000000000001052, 29.03200000000000358, -6.049999999999999822 ) ) ;
#4400 = ORIENTED_EDGE ( 'NONE', *, *, #3950, .F. ) ;
#4401 = VECTOR ( 'NONE', #7017, 1000.000000000000000 ) ;
#4402 = VECTOR ( 'NONE', #552, 1000.000000000000000 ) ;
#4403 = CARTESIAN_POINT ( 'NONE',  ( 9.469999999999998863, 39.35000000000000142, -6.049999999999999822 ) ) ;
#4404 = DIRECTION ( 'NONE',  ( 0.000000000000000000, 0.000000000000000000, -1.000000000000000000 ) ) ;
#4405 = PLANE ( 'NONE',  #3763 ) ;
#4406 = EDGE_CURVE ( 'NONE', #3964, #5882, #3732, .T. ) ;
#4407 = ORIENTED_EDGE ( 'NONE', *, *, #4895, .F. ) ;
#4408 = DIRECTION ( 'NONE',  ( -0.9930546649253050306, -0.1176538672126437035, 0.000000000000000000 ) ) ;
#4409 = LINE ( 'NONE', #6805, #1269 ) ;
#4410 = FACE_OUTER_BOUND ( 'NONE', #2907, .T. ) ;
#4411 = VECTOR ( 'NONE', #293, 1000.000000000000000 ) ;
#4412 = AXIS2_PLACEMENT_3D ( 'NONE', #662, #2352, #618 ) ;
#4413 = VERTEX_POINT ( 'NONE', #2623 ) ;
#4414 = VERTEX_POINT ( 'NONE', #152 ) ;
#4415 = EDGE_CURVE ( 'NONE', #6040, #2223, #7377, .T. ) ;
#4416 = ORIENTED_EDGE ( 'NONE', *, *, #4695, .F. ) ;
#4417 = VECTOR ( 'NONE', #6854, 1000.000000000000227 ) ;
#4418 = PLANE ( 'NONE',  #4514 ) ;
#4419 = PLANE ( 'NONE',  #870 ) ;
#4420 = EDGE_CURVE ( 'NONE', #5669, #5147, #7425, .T. ) ;
#4421 = ORIENTED_EDGE ( 'NONE', *, *, #4678, .F. ) ;
#4422 = DIRECTION ( 'NONE',  ( -0.9576998477009485145, 0.2877690075626285204, 0.000000000000000000 ) ) ;
#4423 = DIRECTION ( 'NONE',  ( 0.8777925869545517568, -0.4790408899954529121, 0.000000000000000000 ) ) ;
#4424 = VERTEX_POINT ( 'NONE', #737 ) ;
#4425 = DIRECTION ( 'NONE',  ( 0.9837606729707109032, -0.1794852036135962670, 0.000000000000000000 ) ) ;
#4426 = ADVANCED_FACE ( 'NONE', ( #6116 ), #3226, .T. ) ;
#4427 = EDGE_CURVE ( 'NONE', #535, #731, #1997, .T. ) ;
#4428 = CARTESIAN_POINT ( 'NONE',  ( 2.171722222222217002, 36.00516666666667476, -6.049999999999999822 ) ) ;
#4429 = ORIENTED_EDGE ( 'NONE', *, *, #4178, .F. ) ;
#4430 = DIRECTION ( 'NONE',  ( 0.08721398895021767461, 0.9961896004934960303, 0.000000000000000000 ) ) ;
#4431 = CARTESIAN_POINT ( 'NONE',  ( 2.873666666666665037, 33.64772222222222808, -6.049999999999999822 ) ) ;
#4432 = LINE ( 'NONE', #1480, #5404 ) ;
#4433 = VERTEX_POINT ( 'NONE', #4399 ) ;
#4434 = PLANE ( 'NONE',  #6144 ) ;
#4435 = EDGE_CURVE ( 'NONE', #1840, #7021, #900, .T. ) ;
#4436 = ORIENTED_EDGE ( 'NONE', *, *, #6672, .T. ) ;
#4437 = LINE ( 'NONE', #4313, #3881 ) ;
#4438 = FACE_OUTER_BOUND ( 'NONE', #5014, .T. ) ;
#4439 = CARTESIAN_POINT ( 'NONE',  ( 0.9542083333333302164, 32.38509722222222109, -6.049999999999999822 ) ) ;
#4440 = CARTESIAN_POINT ( 'NONE',  ( 20.58133333333333326, 33.15538888888888636, -6.049999999999999822 ) ) ;
#4441 = EDGE_LOOP ( 'NONE', ( #728, #4913, #174, #5940 ) ) ;
#4442 = DIRECTION ( 'NONE',  ( 0.9625332012399422377, -0.2711638554652681110, 0.000000000000000000 ) ) ;
#4443 = DIRECTION ( 'NONE',  ( 0.4338156187729012014, -0.9010016697590992329, 0.000000000000000000 ) ) ;
#4444 = CARTESIAN_POINT ( 'NONE',  ( 7.856888888888887479, 38.25177777777778232, -6.049999999999999822 ) ) ;
#4445 = ORIENTED_EDGE ( 'NONE', *, *, #3940, .F. ) ;
#4446 = CARTESIAN_POINT ( 'NONE',  ( 3.880111111111111288, 32.27533333333333587, -6.349999999999999645 ) ) ;
#4447 = FACE_OUTER_BOUND ( 'NONE', #6977, .T. ) ;
#4448 = PLANE ( 'NONE',  #4143 ) ;
#4449 = ORIENTED_EDGE ( 'NONE', *, *, #1294, .F. ) ;
#4450 = ORIENTED_EDGE ( 'NONE', *, *, #3848, .F. ) ;
#4451 = EDGE_CURVE ( 'NONE', #5285, #2210, #6832, .T. ) ;
#4452 = VECTOR ( 'NONE', #2217, 1000.000000000000114 ) ;
#4453 = VERTEX_POINT ( 'NONE', #2081 ) ;
#4454 = PLANE ( 'NONE',  #3393 ) ;
#4455 = DIRECTION ( 'NONE',  ( 0.000000000000000000, 0.000000000000000000, -1.000000000000000000 ) ) ;
#4456 = ORIENTED_EDGE ( 'NONE', *, *, #2449, .F. ) ;
#4457 = DIRECTION ( 'NONE',  ( 0.2877690075626285204, 0.9576998477009485145, 0.000000000000000000 ) ) ;
#4458 = DIRECTION ( 'NONE',  ( 0.000000000000000000, 0.000000000000000000, -1.000000000000000000 ) ) ;
#4459 = VERTEX_POINT ( 'NONE', #1489 ) ;
#4460 = CARTESIAN_POINT ( 'NONE',  ( 20.87261111111111234, 31.03283333333333260, -6.349999999999999645 ) ) ;
#4461 = EDGE_CURVE ( 'NONE', #5285, #696, #3856, .T. ) ;
#4462 = DIRECTION ( 'NONE',  ( -0.8671464062733538203, 0.4980533205262340224, 0.000000000000000000 ) ) ;
#4463 = EDGE_CURVE ( 'NONE', #1647, #5568, #856, .T. ) ;
#4464 = ORIENTED_EDGE ( 'NONE', *, *, #857, .T. ) ;
#4465 = EDGE_CURVE ( 'NONE', #6815, #4299, #1331, .T. ) ;
#4466 = CARTESIAN_POINT ( 'NONE',  ( 0.9863888888888895368, 33.43849999999999767, -6.349999999999999645 ) ) ;
#4467 = EDGE_CURVE ( 'NONE', #580, #5201, #2670, .T. ) ;
#4468 = DIRECTION ( 'NONE',  ( 1.000000000000000000, 0.000000000000000000, 0.000000000000000000 ) ) ;
#4469 = EDGE_LOOP ( 'NONE', ( #6230, #1414, #3679, #3807 ) ) ;
#4470 = ORIENTED_EDGE ( 'NONE', *, *, #2883, .F. ) ;
#4471 = CARTESIAN_POINT ( 'NONE',  ( 9.309000000000001052, 29.74599999999999866, -6.049999999999999822 ) ) ;
#4472 = ORIENTED_EDGE ( 'NONE', *, *, #4054, .T. ) ;
#4473 = CARTESIAN_POINT ( 'NONE',  ( 26.82300000000000040, 36.87899999999999778, -6.349999999999999645 ) ) ;
#4474 = PLANE ( 'NONE',  #3407 ) ;
#4475 = PLANE ( 'NONE',  #5776 ) ;
#4476 = DIRECTION ( 'NONE',  ( 0.000000000000000000, 0.000000000000000000, -1.000000000000000000 ) ) ;
#4477 = VERTEX_POINT ( 'NONE', #6867 ) ;
#4478 = DIRECTION ( 'NONE',  ( 0.4533827115596139046, -0.8913159467096121169, 0.000000000000000000 ) ) ;
#4479 = DIRECTION ( 'NONE',  ( 0.000000000000000000, -1.000000000000000000, 0.000000000000000000 ) ) ;
#4480 = LINE ( 'NONE', #2631, #7778 ) ;
#4481 = ORIENTED_EDGE ( 'NONE', *, *, #5732, .T. ) ;
#4482 = CARTESIAN_POINT ( 'NONE',  ( 23.71188888888888968, 32.39977777777777845, -6.049999999999999822 ) ) ;
#4483 = DIRECTION ( 'NONE',  ( 0.6638642315068273847, 0.7478531153414080812, 0.000000000000000000 ) ) ;
#4484 = PLANE ( 'NONE',  #7279 ) ;
#4485 = EDGE_LOOP ( 'NONE', ( #2206, #3923, #2856, #806 ) ) ;
#4486 = VERTEX_POINT ( 'NONE', #3889 ) ;
#4487 = CARTESIAN_POINT ( 'NONE',  ( 22.46900000000000119, 40.23199999999999932, -6.349999999999999645 ) ) ;
#4488 = CARTESIAN_POINT ( 'NONE',  ( 6.914999999999999147, 37.25000000000000000, -6.049999999999999822 ) ) ;
#4489 = ORIENTED_EDGE ( 'NONE', *, *, #3292, .T. ) ;
#4490 = LINE ( 'NONE', #804, #2656 ) ;
#4491 = LINE ( 'NONE', #6884, #4525 ) ;
#4492 = CARTESIAN_POINT ( 'NONE',  ( 11.72225000000000072, 38.48899999999999721, -6.049999999999999822 ) ) ;
#4493 = DIRECTION ( 'NONE',  ( 0.04634595137211794391, -0.9989254490658515673, 0.000000000000000000 ) ) ;
#4494 = ORIENTED_EDGE ( 'NONE', *, *, #5087, .F. ) ;
#4495 = EDGE_CURVE ( 'NONE', #6157, #7668, #6164, .T. ) ;
#4496 = CARTESIAN_POINT ( 'NONE',  ( 3.246999999999999886, 34.73349999999999937, -6.049999999999999822 ) ) ;
#4497 = CARTESIAN_POINT ( 'NONE',  ( 19.96300000000000097, 36.17822222222222450, -6.349999999999999645 ) ) ;
#4498 = VECTOR ( 'NONE', #631, 1000.000000000000000 ) ;
#4499 = AXIS2_PLACEMENT_3D ( 'NONE', #6108, #3762, #2501 ) ;
#4500 = VECTOR ( 'NONE', #149, 1000.000000000000000 ) ;
#4501 = EDGE_LOOP ( 'NONE', ( #1161, #2666, #4692, #1547 ) ) ;
#4502 = CARTESIAN_POINT ( 'NONE',  ( 6.914999999999999147, 37.25000000000000000, -6.049999999999999822 ) ) ;
#4503 = EDGE_LOOP ( 'NONE', ( #6135, #3371, #6554, #1018 ) ) ;
#4504 = EDGE_CURVE ( 'NONE', #158, #295, #7658, .T. ) ;
#4505 = DIRECTION ( 'NONE',  ( -0.8754030856171132191, 0.4833936674099456599, 0.000000000000000000 ) ) ;
#4506 = CARTESIAN_POINT ( 'NONE',  ( 28.41900000000000048, 29.46950000000000003, -6.349999999999999645 ) ) ;
#4507 = CARTESIAN_POINT ( 'NONE',  ( 0.9863888888888895368, 33.43849999999999767, -6.049999999999999822 ) ) ;
#4508 = DIRECTION ( 'NONE',  ( -0.5661021000582791007, 0.8243351334922018880, 0.000000000000000000 ) ) ;
#4509 = VECTOR ( 'NONE', #5380, 1000.000000000000000 ) ;
#4510 = VECTOR ( 'NONE', #798, 1000.000000000000114 ) ;
#4511 = ORIENTED_EDGE ( 'NONE', *, *, #1706, .F. ) ;
#4512 = EDGE_CURVE ( 'NONE', #6942, #3691, #1533, .T. ) ;
#4513 = EDGE_CURVE ( 'NONE', #6157, #5262, #7536, .T. ) ;
#4514 = AXIS2_PLACEMENT_3D ( 'NONE', #5667, #3868, #284 ) ;
#4515 = ORIENTED_EDGE ( 'NONE', *, *, #2830, .F. ) ;
#4517 = CARTESIAN_POINT ( 'NONE',  ( 2.389111111111109853, 37.39622222222222092, -6.049999999999999822 ) ) ;
#4516 = AXIS2_PLACEMENT_3D ( 'NONE', #5919, #538, #2982 ) ;
#4518 = LINE ( 'NONE', #1060, #2136 ) ;
#4519 = VECTOR ( 'NONE', #1575, 1000.000000000000000 ) ;
#4520 = ORIENTED_EDGE ( 'NONE', *, *, #325, .F. ) ;
#4521 = CARTESIAN_POINT ( 'NONE',  ( 3.775694444444441800, 32.26833333333333087, -6.049999999999999822 ) ) ;
#4522 = CARTESIAN_POINT ( 'NONE',  ( 27.32155555555555893, 30.78511111111111020, -6.049999999999999822 ) ) ;
#4523 = CARTESIAN_POINT ( 'NONE',  ( 25.00922222222222047, 37.99822222222222479, -6.349999999999999645 ) ) ;
#4524 = VECTOR ( 'NONE', #4074, 1000.000000000000000 ) ;
#4525 = VECTOR ( 'NONE', #6934, 1000.000000000000000 ) ;
#4526 = VERTEX_POINT ( 'NONE', #7607 ) ;
#4527 = VECTOR ( 'NONE', #5985, 999.9999999999998863 ) ;
#4528 = VERTEX_POINT ( 'NONE', #5095 ) ;
#4529 = LINE ( 'NONE', #2289, #6016 ) ;
#4530 = DIRECTION ( 'NONE',  ( 0.3812531617251601057, -0.9244706737774697203, 0.000000000000000000 ) ) ;
#4531 = AXIS2_PLACEMENT_3D ( 'NONE', #2117, #2859, #3342 ) ;
#4532 = VERTEX_POINT ( 'NONE', #4669 ) ;
#4533 = LINE ( 'NONE', #840, #7128 ) ;
#4534 = AXIS2_PLACEMENT_3D ( 'NONE', #3289, #1354, #2538 ) ;
#4535 = CARTESIAN_POINT ( 'NONE',  ( 1.091874999999999929, 31.72787500000000094, -6.049999999999999822 ) ) ;
#4536 = VECTOR ( 'NONE', #4483, 1000.000000000000000 ) ;
#4537 = LINE ( 'NONE', #319, #4393 ) ;
#4538 = VECTOR ( 'NONE', #7001, 1000.000000000000000 ) ;
#4539 = VECTOR ( 'NONE', #5443, 1000.000000000000000 ) ;
#4540 = SURFACE_STYLE_USAGE ( .BOTH. , #6302 ) ;
#4541 = EDGE_LOOP ( 'NONE', ( #1550, #6196, #3165, #1975 ) ) ;
#4542 = LINE ( 'NONE', #6938, #1658 ) ;
#4543 = DIRECTION ( 'NONE',  ( -0.9988393617140044478, -0.04816564637540221572, 0.000000000000000000 ) ) ;
#4544 = EDGE_CURVE ( 'NONE', #3190, #6268, #968, .T. ) ;
#4545 = ORIENTED_EDGE ( 'NONE', *, *, #2161, .T. ) ;
#4546 = DIRECTION ( 'NONE',  ( 0.2171114641103575604, 0.9761468189528953454, 0.000000000000000000 ) ) ;
#4547 = ORIENTED_EDGE ( 'NONE', *, *, #3452, .F. ) ;
#4548 = LINE ( 'NONE', #6430, #871 ) ;
#4549 = LINE ( 'NONE', #5683, #141 ) ;
#4550 = DIRECTION ( 'NONE',  ( 0.5829284066107893736, 0.8125235213618163810, 0.000000000000000000 ) ) ;
#4551 = DIRECTION ( 'NONE',  ( 0.000000000000000000, 0.000000000000000000, -1.000000000000000000 ) ) ;
#4552 = ADVANCED_BREP_SHAPE_REPRESENTATION ( '\X2\593490e8\X0\', ( #2056, #3545 ), #6174 ) ;
#4553 = ORIENTED_EDGE ( 'NONE', *, *, #2831, .T. ) ;
#4554 = EDGE_CURVE ( 'NONE', #4486, #196, #2785, .T. ) ;
#4555 = ORIENTED_EDGE ( 'NONE', *, *, #4650, .F. ) ;
#4556 = DIRECTION ( 'NONE',  ( 0.000000000000000000, 0.000000000000000000, -1.000000000000000000 ) ) ;
#4557 = LINE ( 'NONE', #6985, #4142 ) ;
#4558 = ORIENTED_EDGE ( 'NONE', *, *, #5504, .T. ) ;
#4559 = DIRECTION ( 'NONE',  ( 0.1351132047333061525, 0.9908301680443000192, 0.000000000000000000 ) ) ;
#4560 = FACE_BOUND ( 'NONE', #5140, .T. ) ;
#4561 = DIRECTION ( 'NONE',  ( -0.5563470260645753118, 0.8309500505981708418, 0.000000000000000000 ) ) ;
#4562 = EDGE_CURVE ( 'NONE', #7624, #215, #5760, .T. ) ;
#4563 = EDGE_CURVE ( 'NONE', #3998, #5723, #4586, .T. ) ;
#4564 = ADVANCED_FACE ( 'NONE', ( #5130 ), #2739, .T. ) ;
#4565 = ORIENTED_EDGE ( 'NONE', *, *, #2450, .T. ) ;
#4566 = VERTEX_POINT ( 'NONE', #6981 ) ;
#4567 = CARTESIAN_POINT ( 'NONE',  ( 2.505875000000000075, 30.47487500000000082, -6.049999999999999822 ) ) ;
#4568 = DIRECTION ( 'NONE',  ( -0.7941992772748541762, 0.6076573935830118511, 0.000000000000000000 ) ) ;
#4569 = ORIENTED_EDGE ( 'NONE', *, *, #1832, .T. ) ;
#4570 = CARTESIAN_POINT ( 'NONE',  ( 26.01566666666666805, 40.18844444444444264, -6.049999999999999822 ) ) ;
#4571 = DIRECTION ( 'NONE',  ( 0.000000000000000000, 0.000000000000000000, -1.000000000000000000 ) ) ;
#4572 = DIRECTION ( 'NONE',  ( -0.000000000000000000, -0.000000000000000000, 1.000000000000000000 ) ) ;
#4573 = EDGE_CURVE ( 'NONE', #7630, #7085, #5721, .T. ) ;
#4574 = DIRECTION ( 'NONE',  ( 0.1489577118023100444, -0.9888435670492172758, 0.000000000000000000 ) ) ;
#4575 = VECTOR ( 'NONE', #6778, 1000.000000000000000 ) ;
#4576 = PLANE ( 'NONE',  #2811 ) ;
#4577 = VERTEX_POINT ( 'NONE', #6389 ) ;
#4578 = CARTESIAN_POINT ( 'NONE',  ( 13.69022222222222140, 38.11488888888889193, -6.049999999999999822 ) ) ;
#4579 = CARTESIAN_POINT ( 'NONE',  ( 20.00499999999999901, 35.51400000000000290, -6.349999999999999645 ) ) ;
#4580 = VERTEX_POINT ( 'NONE', #1017 ) ;
#4581 = DIRECTION ( 'NONE',  ( 0.5051792015689371418, 0.8630144693469345984, 0.000000000000000000 ) ) ;
#4582 = VERTEX_POINT ( 'NONE', #4623 ) ;
#4583 = DIRECTION ( 'NONE',  ( -0.8586856658664606678, -0.5125026119303909278, 0.000000000000000000 ) ) ;
#4584 = DIRECTION ( 'NONE',  ( 1.000000000000000000, 0.000000000000000000, -0.000000000000000000 ) ) ;
#4585 = LINE ( 'NONE', #2899, #373 ) ;
#4586 = LINE ( 'NONE', #3930, #5889 ) ;
#4587 = ADVANCED_FACE ( 'NONE', ( #5210 ), #450, .T. ) ;
#4588 = ORIENTED_EDGE ( 'NONE', *, *, #5849, .T. ) ;
#4589 = ORIENTED_EDGE ( 'NONE', *, *, #7483, .T. ) ;
#4590 = CARTESIAN_POINT ( 'NONE',  ( 9.309000000000001052, 29.74599999999999866, -6.349999999999999645 ) ) ;
#4591 = DIRECTION ( 'NONE',  ( -0.8794327153308374445, -0.4760232128854959832, 0.000000000000000000 ) ) ;
#4592 = ORIENTED_EDGE ( 'NONE', *, *, #7138, .T. ) ;
#4593 = CARTESIAN_POINT ( 'NONE',  ( 15.00000000000000000, 16.79999999999999716, 1.575000000000000844 ) ) ;
#4594 = CARTESIAN_POINT ( 'NONE',  ( 10.40041666666666487, 37.60194444444444883, -6.049999999999999822 ) ) ;
#4595 = ORIENTED_EDGE ( 'NONE', *, *, #2903, .F. ) ;
#4596 = FACE_OUTER_BOUND ( 'NONE', #2058, .T. ) ;
#4597 = ADVANCED_FACE ( 'NONE', ( #6946 ), #5174, .F. ) ;
#4598 = ORIENTED_EDGE ( 'NONE', *, *, #1230, .F. ) ;
#4599 = EDGE_CURVE ( 'NONE', #4856, #5882, #2227, .T. ) ;
#4600 = ORIENTED_EDGE ( 'NONE', *, *, #6899, .T. ) ;
#4601 = LINE ( 'NONE', #6994, #4024 ) ;
#4602 = EDGE_CURVE ( 'NONE', #5736, #5676, #7018, .T. ) ;
#4603 = CARTESIAN_POINT ( 'NONE',  ( 20.41333333333333400, 33.59405555555555623, -6.049999999999999822 ) ) ;
#4604 = ORIENTED_EDGE ( 'NONE', *, *, #4465, .T. ) ;
#4605 = CARTESIAN_POINT ( 'NONE',  ( 12.43800000000000061, 39.35000000000000142, -6.049999999999999822 ) ) ;
#4606 = DIRECTION ( 'NONE',  ( 0.000000000000000000, 1.000000000000000000, 0.000000000000000000 ) ) ;
#4607 = CARTESIAN_POINT ( 'NONE',  ( 14.44699999999999918, 40.91800000000000637, -6.049999999999999822 ) ) ;
#4608 = ADVANCED_FACE ( 'NONE', ( #3451 ), #5837, .T. ) ;
#4609 = DIRECTION ( 'NONE',  ( 0.5295713105194665982, -0.8482654225386618840, 0.000000000000000000 ) ) ;
#4610 = EDGE_CURVE ( 'NONE', #3195, #7411, #7648, .T. ) ;
#4611 = ADVANCED_FACE ( 'NONE', ( #1683 ), #1085, .T. ) ;
#4612 = CARTESIAN_POINT ( 'NONE',  ( 3.993666666666666032, 35.85972222222222427, -6.049999999999999822 ) ) ;
#4613 = ORIENTED_EDGE ( 'NONE', *, *, #2414, .F. ) ;
#4614 = CARTESIAN_POINT ( 'NONE',  ( 20.38299999999999912, 33.69400000000000261, -6.049999999999999822 ) ) ;
#4615 = LINE ( 'NONE', #2773, #4031 ) ;
#4616 = EDGE_CURVE ( 'NONE', #1314, #7762, #6910, .T. ) ;
#4617 = VERTEX_POINT ( 'NONE', #3059 ) ;
#4618 = DIRECTION ( 'NONE',  ( 0.000000000000000000, -1.000000000000000000, -0.000000000000000000 ) ) ;
#4619 = ORIENTED_EDGE ( 'NONE', *, *, #4120, .F. ) ;
#4620 = CARTESIAN_POINT ( 'NONE',  ( 11.96550000000000047, 41.55149999999999721, -6.349999999999999645 ) ) ;
#4621 = CARTESIAN_POINT ( 'NONE',  ( 12.13349999999999973, 41.95438888888888584, -6.049999999999999822 ) ) ;
#4622 = DIRECTION ( 'NONE',  ( -0.3325524881290378709, -0.9430847483864777114, 0.000000000000000000 ) ) ;
#4623 = CARTESIAN_POINT ( 'NONE',  ( 9.064000000000000057, 39.35000000000000142, -6.049999999999999822 ) ) ;
#4624 = VERTEX_POINT ( 'NONE', #4192 ) ;
#4625 = VECTOR ( 'NONE', #5068, 1000.000000000000114 ) ;
#4626 = VERTEX_POINT ( 'NONE', #7731 ) ;
#4627 = DIRECTION ( 'NONE',  ( 0.000000000000000000, 1.000000000000000000, 0.000000000000000000 ) ) ;
#4628 = DIRECTION ( 'NONE',  ( 0.000000000000000000, 0.000000000000000000, -1.000000000000000000 ) ) ;
#4629 = EDGE_LOOP ( 'NONE', ( #3462, #2593, #5055, #6950 ) ) ;
#4630 = CARTESIAN_POINT ( 'NONE',  ( 1.202999999999999403, 40.41400000000000858, -6.049999999999999822 ) ) ;
#4631 = PLANE ( 'NONE',  #133 ) ;
#4632 = AXIS2_PLACEMENT_3D ( 'NONE', #3784, #6836, #6871 ) ;
#4633 = ORIENTED_EDGE ( 'NONE', *, *, #3567, .F. ) ;
#4634 = VECTOR ( 'NONE', #7374, 1000.000000000000000 ) ;
#4635 = DIRECTION ( 'NONE',  ( -0.8142778541685913307, -0.5804753019815696025, 0.000000000000000000 ) ) ;
#4636 = ORIENTED_EDGE ( 'NONE', *, *, #4374, .F. ) ;
#4637 = AXIS2_PLACEMENT_3D ( 'NONE', #6493, #3525, #650 ) ;
#4638 = VECTOR ( 'NONE', #3313, 1000.000000000000000 ) ;
#4639 = EDGE_CURVE ( 'NONE', #7553, #1079, #4266, .T. ) ;
#4640 = ORIENTED_EDGE ( 'NONE', *, *, #2653, .F. ) ;
#4641 = CARTESIAN_POINT ( 'NONE',  ( 24.33099999999999952, 41.29950000000000188, -6.049999999999999822 ) ) ;
#4642 = DIRECTION ( 'NONE',  ( 0.000000000000000000, 0.000000000000000000, -1.000000000000000000 ) ) ;
#4643 = ORIENTED_EDGE ( 'NONE', *, *, #2142, .F. ) ;
#4644 = DIRECTION ( 'NONE',  ( 0.8824518193918776676, 0.4704027917136173742, 0.000000000000000000 ) ) ;
#4645 = DIRECTION ( 'NONE',  ( 0.000000000000000000, 0.000000000000000000, -1.000000000000000000 ) ) ;
#4646 = LINE ( 'NONE', #7119, #2128 ) ;
#4647 = VECTOR ( 'NONE', #3802, 1000.000000000000000 ) ;
#4648 = VECTOR ( 'NONE', #5401, 1000.000000000000000 ) ;
#4649 = VECTOR ( 'NONE', #1932, 1000.000000000000114 ) ;
#4650 = EDGE_CURVE ( 'NONE', #5434, #970, #5915, .T. ) ;
#4651 = AXIS2_PLACEMENT_3D ( 'NONE', #1682, #5209, #4622 ) ;
#4652 = AXIS2_PLACEMENT_3D ( 'NONE', #6173, #6755, #3235 ) ;
#4653 = DIRECTION ( 'NONE',  ( 0.000000000000000000, 0.000000000000000000, -1.000000000000000000 ) ) ;
#4654 = VERTEX_POINT ( 'NONE', #4816 ) ;
#4655 = LINE ( 'NONE', #7124, #3291 ) ;
#4656 = LINE ( 'NONE', #7055, #638 ) ;
#4657 = EDGE_CURVE ( 'NONE', #2919, #4528, #7099, .T. ) ;
#4658 = AXIS2_PLACEMENT_3D ( 'NONE', #5053, #178, #7452 ) ;
#4659 = EDGE_CURVE ( 'NONE', #6853, #5591, #534, .T. ) ;
#4660 = VECTOR ( 'NONE', #221, 1000.000000000000000 ) ;
#4661 = EDGE_CURVE ( 'NONE', #5852, #5468, #5331, .T. ) ;
#4662 = EDGE_LOOP ( 'NONE', ( #3656, #3968, #1829, #4947 ) ) ;
#4663 = AXIS2_PLACEMENT_3D ( 'NONE', #5983, #6585, #1198 ) ;
#4664 = PLANE ( 'NONE',  #4637 ) ;
#4665 = ORIENTED_EDGE ( 'NONE', *, *, #6563, .F. ) ;
#4666 = DIRECTION ( 'NONE',  ( 0.5932705453769596682, 0.8050031428436318359, 0.000000000000000000 ) ) ;
#4667 = CARTESIAN_POINT ( 'NONE',  ( 3.209666666666661783, 32.36088888888888704, -6.049999999999999822 ) ) ;
#4668 = PLANE ( 'NONE',  #6280 ) ;
#4669 = CARTESIAN_POINT ( 'NONE',  ( 7.545000000000000817, 29.03200000000000358, -6.049999999999999822 ) ) ;
#4670 = ORIENTED_EDGE ( 'NONE', *, *, #7542, .F. ) ;
#4671 = ORIENTED_EDGE ( 'NONE', *, *, #2735, .F. ) ;
#4672 = ORIENTED_EDGE ( 'NONE', *, *, #1677, .F. ) ;
#4673 = FACE_OUTER_BOUND ( 'NONE', #3148, .T. ) ;
#4674 = CARTESIAN_POINT ( 'NONE',  ( 24.64600000000000080, 31.81799999999999784, -6.049999999999999822 ) ) ;
#4675 = ORIENTED_EDGE ( 'NONE', *, *, #5793, .F. ) ;
#4676 = DIRECTION ( 'NONE',  ( -0.8431505479529863845, -0.5376775553122696838, 0.000000000000000000 ) ) ;
#4677 = LINE ( 'NONE', #1207, #2528 ) ;
#4678 = EDGE_CURVE ( 'NONE', #6779, #3171, #4779, .T. ) ;
#4679 = ORIENTED_EDGE ( 'NONE', *, *, #7061, .T. ) ;
#4680 = PLANE ( 'NONE',  #3907 ) ;
#4681 = ORIENTED_EDGE ( 'NONE', *, *, #6569, .T. ) ;
#4682 = VERTEX_POINT ( 'NONE', #2342 ) ;
#4683 = CARTESIAN_POINT ( 'NONE',  ( 1.588777777777773181, 39.39355555555555810, -6.049999999999999822 ) ) ;
#4684 = CARTESIAN_POINT ( 'NONE',  ( 2.389111111111109853, 37.39622222222222092, -6.349999999999999645 ) ) ;
#4685 = ORIENTED_EDGE ( 'NONE', *, *, #3708, .T. ) ;
#4686 = DIRECTION ( 'NONE',  ( 0.5613368710960505714, 0.8275874075577128730, 0.000000000000000000 ) ) ;
#4687 = DIRECTION ( 'NONE',  ( 0.000000000000000000, -0.000000000000000000, 1.000000000000000000 ) ) ;
#4688 = CARTESIAN_POINT ( 'NONE',  ( 29.00699999999999790, 33.69400000000000261, -6.049999999999999822 ) ) ;
#4689 = EDGE_CURVE ( 'NONE', #3364, #6083, #3573, .T. ) ;
#4690 = ORIENTED_EDGE ( 'NONE', *, *, #4940, .T. ) ;
#4691 = DIRECTION ( 'NONE',  ( 0.000000000000000000, 0.000000000000000000, -1.000000000000000000 ) ) ;
#4692 = ORIENTED_EDGE ( 'NONE', *, *, #3592, .T. ) ;
#4693 = CARTESIAN_POINT ( 'NONE',  ( 26.01566666666666805, 40.18844444444444264, -6.049999999999999822 ) ) ;
#4694 = CARTESIAN_POINT ( 'NONE',  ( 28.41900000000000048, 29.46950000000000003, -6.049999999999999822 ) ) ;
#4695 = EDGE_CURVE ( 'NONE', #4617, #1416, #1283, .T. ) ;
#4697 = EDGE_LOOP ( 'NONE', ( #1599, #7643, #2288, #3792 ) ) ;
#4696 = EDGE_CURVE ( 'NONE', #6495, #5852, #3688, .T. ) ;
#4698 = ADVANCED_FACE ( 'NONE', ( #1801 ), #1713, .T. ) ;
#4699 = DIRECTION ( 'NONE',  ( 0.000000000000000000, 0.000000000000000000, -1.000000000000000000 ) ) ;
#4700 = ORIENTED_EDGE ( 'NONE', *, *, #5649, .T. ) ;
#4701 = FACE_OUTER_BOUND ( 'NONE', #5188, .T. ) ;
#4702 = CARTESIAN_POINT ( 'NONE',  ( 9.803666666666664753, 38.65311111111110876, -6.049999999999999822 ) ) ;
#4703 = FACE_OUTER_BOUND ( 'NONE', #7379, .T. ) ;
#4704 = CARTESIAN_POINT ( 'NONE',  ( 9.469999999999998863, 39.35000000000000142, -6.049999999999999822 ) ) ;
#4705 = ORIENTED_EDGE ( 'NONE', *, *, #849, .T. ) ;
#4706 = VERTEX_POINT ( 'NONE', #3015 ) ;
#4707 = ORIENTED_EDGE ( 'NONE', *, *, #6851, .F. ) ;
#4708 = LINE ( 'NONE', #7774, #6644 ) ;
#4709 = ORIENTED_EDGE ( 'NONE', *, *, #980, .F. ) ;
#4710 = DIRECTION ( 'NONE',  ( 1.000000000000000000, 0.000000000000000000, 0.000000000000000000 ) ) ;
#4711 = PLANE ( 'NONE',  #3530 ) ;
#4712 = EDGE_LOOP ( 'NONE', ( #4407, #7616, #4481, #2848 ) ) ;
#4713 = CARTESIAN_POINT ( 'NONE',  ( -6.000000000000000000, 55.50000000000000000, -6.349999999999999645 ) ) ;
#4714 = EDGE_CURVE ( 'NONE', #1696, #158, #6071, .T. ) ;
#4715 = ORIENTED_EDGE ( 'NONE', *, *, #2483, .T. ) ;
#4716 = ORIENTED_EDGE ( 'NONE', *, *, #181, .F. ) ;
#4717 = DIRECTION ( 'NONE',  ( 0.000000000000000000, 0.000000000000000000, -1.000000000000000000 ) ) ;
#4718 = CARTESIAN_POINT ( 'NONE',  ( 12.43800000000000061, 39.35000000000000142, -6.049999999999999822 ) ) ;
#4719 = ORIENTED_EDGE ( 'NONE', *, *, #3865, .F. ) ;
#4720 = DIRECTION ( 'NONE',  ( 0.9994208730666340745, 0.03402820122673307079, 0.000000000000000000 ) ) ;
#4721 = CARTESIAN_POINT ( 'NONE',  ( 23.04688888888889053, 33.02511111111110864, -6.049999999999999822 ) ) ;
#4722 = CARTESIAN_POINT ( 'NONE',  ( 7.222999999999999865, 39.35000000000000142, -6.049999999999999822 ) ) ;
#4723 = ORIENTED_EDGE ( 'NONE', *, *, #175, .F. ) ;
#4724 = CARTESIAN_POINT ( 'NONE',  ( 23.71188888888888968, 32.39977777777777845, -6.349999999999999645 ) ) ;
#4725 = CARTESIAN_POINT ( 'NONE',  ( 27.11700000000000088, 40.82000000000000028, -6.349999999999999645 ) ) ;
#4726 = ORIENTED_EDGE ( 'NONE', *, *, #849, .F. ) ;
#4727 = CARTESIAN_POINT ( 'NONE',  ( 9.989750000000000796, 38.30349999999999966, -6.349999999999999645 ) ) ;
#4728 = EDGE_CURVE ( 'NONE', #6544, #1274, #2900, .T. ) ;
#4729 = DIRECTION ( 'NONE',  ( 0.000000000000000000, 0.000000000000000000, -1.000000000000000000 ) ) ;
#4730 = VERTEX_POINT ( 'NONE', #605 ) ;
#4731 = LINE ( 'NONE', #5982, #2000 ) ;
#4732 = PLANE ( 'NONE',  #3536 ) ;
#4733 = LINE ( 'NONE', #6070, #4153 ) ;
#4734 = DIRECTION ( 'NONE',  ( 0.000000000000000000, 0.000000000000000000, -1.000000000000000000 ) ) ;
#4735 = ORIENTED_EDGE ( 'NONE', *, *, #3218, .F. ) ;
#4736 = ORIENTED_EDGE ( 'NONE', *, *, #6986, .F. ) ;
#4737 = EDGE_CURVE ( 'NONE', #1241, #6224, #5408, .T. ) ;
#4738 = ORIENTED_EDGE ( 'NONE', *, *, #4301, .T. ) ;
#4739 = PLANE ( 'NONE',  #879 ) ;
#4740 = ORIENTED_EDGE ( 'NONE', *, *, #4573, .T. ) ;
#4741 = LINE ( 'NONE', #4787, #5381 ) ;
#4742 = DIRECTION ( 'NONE',  ( -0.5144957554275214617, 0.8574929257125472049, 0.000000000000000000 ) ) ;
#4743 = ORIENTED_EDGE ( 'NONE', *, *, #2505, .F. ) ;
#4744 = DIRECTION ( 'NONE',  ( -0.5631518963649577714, 0.8263533999570352728, 0.000000000000000000 ) ) ;
#4745 = VECTOR ( 'NONE', #4408, 999.9999999999998863 ) ;
#4746 = EDGE_CURVE ( 'NONE', #6902, #1221, #4108, .T. ) ;
#4747 = ORIENTED_EDGE ( 'NONE', *, *, #192, .F. ) ;
#4748 = EDGE_CURVE ( 'NONE', #3344, #6606, #3532, .T. ) ;
#4749 = ORIENTED_EDGE ( 'NONE', *, *, #4874, .T. ) ;
#4751 = DIRECTION ( 'NONE',  ( 0.000000000000000000, 0.000000000000000000, -1.000000000000000000 ) ) ;
#4750 = VECTOR ( 'NONE', #5481, 999.9999999999998863 ) ;
#4752 = CARTESIAN_POINT ( 'NONE',  ( 3.688000000000000611, 32.26599999999999824, -6.049999999999999822 ) ) ;
#4753 = AXIS2_PLACEMENT_3D ( 'NONE', #1197, #4225, #1836 ) ;
#4754 = ORIENTED_EDGE ( 'NONE', *, *, #131, .F. ) ;
#4755 = CARTESIAN_POINT ( 'NONE',  ( 11.80683333333333174, 41.13305555555556481, -6.049999999999999822 ) ) ;
#4756 = CARTESIAN_POINT ( 'NONE',  ( 10.18866666666666632, 37.95311111111111302, -6.049999999999999822 ) ) ;
#4757 = PLANE ( 'NONE',  #3007 ) ;
#4758 = VECTOR ( 'NONE', #1070, 1000.000000000000227 ) ;
#4759 = AXIS2_PLACEMENT_3D ( 'NONE', #4245, #3043, #4920 ) ;
#4760 = ORIENTED_EDGE ( 'NONE', *, *, #3060, .F. ) ;
#4761 = CARTESIAN_POINT ( 'NONE',  ( 4.464999999999999858, 32.35000000000000142, -6.349999999999999645 ) ) ;
#4762 = LINE ( 'NONE', #3631, #7535 ) ;
#4763 = AXIS2_PLACEMENT_3D ( 'NONE', #5001, #3718, #6101 ) ;
#4764 = DIRECTION ( 'NONE',  ( -0.000000000000000000, -0.000000000000000000, -1.000000000000000000 ) ) ;
#4765 = VECTOR ( 'NONE', #821, 1000.000000000000000 ) ;
#4766 = VECTOR ( 'NONE', #427, 1000.000000000000227 ) ;
#4767 = ORIENTED_EDGE ( 'NONE', *, *, #2214, .F. ) ;
#4768 = DIRECTION ( 'NONE',  ( 0.5843798190563860295, -0.8114802690636571114, 0.000000000000000000 ) ) ;
#4769 = VECTOR ( 'NONE', #1084, 1000.000000000000000 ) ;
#4770 = VECTOR ( 'NONE', #7626, 1000.000000000000000 ) ;
#4771 = VECTOR ( 'NONE', #1753, 1000.000000000000000 ) ;
#4772 = DIRECTION ( 'NONE',  ( -0.000000000000000000, 0.000000000000000000, -1.000000000000000000 ) ) ;
#4773 = VERTEX_POINT ( 'NONE', #3648 ) ;
#4774 = LINE ( 'NONE', #6618, #4011 ) ;
#4775 = AXIS2_PLACEMENT_3D ( 'NONE', #5009, #6823, #4935 ) ;
#4776 = DIRECTION ( 'NONE',  ( 0.000000000000000000, 0.000000000000000000, -1.000000000000000000 ) ) ;
#4777 = VECTOR ( 'NONE', #6712, 1000.000000000000227 ) ;
#4778 = CARTESIAN_POINT ( 'NONE',  ( 25.27055555555555344, 29.32288888888889034, -6.049999999999999822 ) ) ;
#4779 = LINE ( 'NONE', #5362, #6129 ) ;
#4780 = EDGE_CURVE ( 'NONE', #5298, #1729, #6034, .T. ) ;
#4781 = ORIENTED_EDGE ( 'NONE', *, *, #185, .T. ) ;
#4782 = VERTEX_POINT ( 'NONE', #2464 ) ;
#4783 = VECTOR ( 'NONE', #653, 1000.000000000000227 ) ;
#4784 = ORIENTED_EDGE ( 'NONE', *, *, #5935, .F. ) ;
#4785 = DIRECTION ( 'NONE',  ( 0.000000000000000000, 0.000000000000000000, -1.000000000000000000 ) ) ;
#4786 = EDGE_LOOP ( 'NONE', ( #7042, #4743, #6992, #2582 ) ) ;
#4787 = CARTESIAN_POINT ( 'NONE',  ( 28.85144444444444645, 30.05750000000000099, -6.049999999999999822 ) ) ;
#4788 = DIRECTION ( 'NONE',  ( 0.5719868298173171883, 0.8202628033231394999, 0.000000000000000000 ) ) ;
#4789 = LINE ( 'NONE', #4315, #6784 ) ;
#4790 = DIRECTION ( 'NONE',  ( 0.000000000000000000, 0.000000000000000000, -1.000000000000000000 ) ) ;
#4791 = ADVANCED_FACE ( 'NONE', ( #4854 ), #7694, .F. ) ;
#4792 = EDGE_LOOP ( 'NONE', ( #5585, #3233, #1858, #4589 ) ) ;
#4793 = VERTEX_POINT ( 'NONE', #4307 ) ;
#4794 = FACE_OUTER_BOUND ( 'NONE', #6109, .T. ) ;
#4795 = CARTESIAN_POINT ( 'NONE',  ( 17.20655555555555338, 31.34977777777777419, -6.349999999999999645 ) ) ;
#4796 = EDGE_CURVE ( 'NONE', #3652, #2634, #3724, .T. ) ;
#4797 = ORIENTED_EDGE ( 'NONE', *, *, #4406, .F. ) ;
#4798 = LINE ( 'NONE', #4175, #4498 ) ;
#4799 = EDGE_CURVE ( 'NONE', #836, #2537, #1954, .T. ) ;
#4800 = CARTESIAN_POINT ( 'NONE',  ( 3.013666666666665606, 34.18555555555555259, -6.049999999999999822 ) ) ;
#4801 = ADVANCED_FACE ( 'NONE', ( #5526 ), #7299, .F. ) ;
#4802 = DIRECTION ( 'NONE',  ( 0.000000000000000000, 0.000000000000000000, -1.000000000000000000 ) ) ;
#4803 = ORIENTED_EDGE ( 'NONE', *, *, #7148, .T. ) ;
#4804 = CARTESIAN_POINT ( 'NONE',  ( 20.58133333333333326, 33.15538888888888636, -6.349999999999999645 ) ) ;
#4805 = CARTESIAN_POINT ( 'NONE',  ( 15.00000000000000000, 21.10000000000000142, 4.325000000000000178 ) ) ;
#4806 = CARTESIAN_POINT ( 'NONE',  ( 25.43699999999999761, 39.84000000000001052, -6.049999999999999822 ) ) ;
#4807 = VERTEX_POINT ( 'NONE', #144 ) ;
#4808 = LINE ( 'NONE', #1830, #514 ) ;
#4809 = MECHANICAL_DESIGN_GEOMETRIC_PRESENTATION_REPRESENTATION (  '', ( #7204 ), #1053 ) ;
#4810 = DIRECTION ( 'NONE',  ( 0.2283563084635086560, 0.9735776273029895789, 0.000000000000000000 ) ) ;
#4811 = DIRECTION ( 'NONE',  ( 0.000000000000000000, 0.000000000000000000, -1.000000000000000000 ) ) ;
#4812 = EDGE_LOOP ( 'NONE', ( #5012, #3247, #2168, #3293, #5961, #2998, #5096, #4784, #4450, #6088, #4760, #5821, #379, #3752, #333, #1546, #2190, #5040, #4767, #2149, #3725, #6691, #1640, #4675, #4829, #7466, #6295, #6749, #2602, #2278, #3064, #1526, #153, #6038, #6406, #6405, #204, #6435, #6067, #6982, #6710, #6426, #2699, #997, #2326, #1327, #3675, #4470, #2770, #2857, #1135, #3746, #5542, #3353, #4099, #1400, #3116, #6690, #1158, #6564 ) ) ;
#4813 = DIRECTION ( 'NONE',  ( 0.000000000000000000, 0.000000000000000000, -1.000000000000000000 ) ) ;
#4814 = DIRECTION ( 'NONE',  ( 0.000000000000000000, 1.000000000000000000, 0.000000000000000000 ) ) ;
#4815 = LINE ( 'NONE', #57, #2400 ) ;
#4816 = CARTESIAN_POINT ( 'NONE',  ( 24.38505555555555304, 37.60855555555555441, -6.049999999999999822 ) ) ;
#4817 = VERTEX_POINT ( 'NONE', #6739 ) ;
#4818 = AXIS2_PLACEMENT_3D ( 'NONE', #4806, #3562, #5939 ) ;
#4819 = EDGE_LOOP ( 'NONE', ( #5486, #1709, #4081, #7383 ) ) ;
#4820 = VERTEX_POINT ( 'NONE', #3096 ) ;
#4821 = DIRECTION ( 'NONE',  ( 0.000000000000000000, -1.000000000000000000, -0.000000000000000000 ) ) ;
#4822 = EDGE_CURVE ( 'NONE', #6479, #7329, #1322, .T. ) ;
#4823 = EDGE_LOOP ( 'NONE', ( #6598, #4329, #7057, #2506 ) ) ;
#4824 = PLANE ( 'NONE',  #6504 ) ;
#4825 = LINE ( 'NONE', #6079, #1649 ) ;
#4826 = VERTEX_POINT ( 'NONE', #2545 ) ;
#4827 = DIRECTION ( 'NONE',  ( 0.000000000000000000, 0.000000000000000000, -1.000000000000000000 ) ) ;
#4828 = ORIENTED_EDGE ( 'NONE', *, *, #430, .T. ) ;
#4829 = ORIENTED_EDGE ( 'NONE', *, *, #4847, .F. ) ;
#4830 = FACE_OUTER_BOUND ( 'NONE', #4097, .T. ) ;
#4831 = LINE ( 'NONE', #1897, #1375 ) ;
#4832 = EDGE_CURVE ( 'NONE', #3039, #422, #94, .T. ) ;
#4833 = ORIENTED_EDGE ( 'NONE', *, *, #3607, .T. ) ;
#4834 = DIRECTION ( 'NONE',  ( 0.000000000000000000, 0.000000000000000000, -1.000000000000000000 ) ) ;
#4835 = CARTESIAN_POINT ( 'NONE',  ( 13.85530555555555488, 38.33888888888888857, -6.049999999999999822 ) ) ;
#4836 = FACE_BOUND ( 'NONE', #3335, .T. ) ;
#4837 = EDGE_LOOP ( 'NONE', ( #4053, #3026, #1850, #3200 ) ) ;
#4838 = EDGE_CURVE ( 'NONE', #6929, #5345, #4897, .T. ) ;
#4839 = ORIENTED_EDGE ( 'NONE', *, *, #6619, .F. ) ;
#4840 = DIRECTION ( 'NONE',  ( -1.000000000000000000, 0.000000000000000000, 0.000000000000000000 ) ) ;
#4841 = DIRECTION ( 'NONE',  ( -0.8431236524208980398, -0.5377197287885621124, 0.000000000000000000 ) ) ;
#4842 = EDGE_CURVE ( 'NONE', #1477, #3310, #3084, .T. ) ;
#4843 = ORIENTED_EDGE ( 'NONE', *, *, #4102, .F. ) ;
#4844 = FACE_OUTER_BOUND ( 'NONE', #4823, .T. ) ;
#4845 = VERTEX_POINT ( 'NONE', #7717 ) ;
#4846 = CARTESIAN_POINT ( 'NONE',  ( 2.714999999999999858, 36.60600000000000165, -6.049999999999999822 ) ) ;
#4847 = EDGE_CURVE ( 'NONE', #6815, #1879, #7281, .T. ) ;
#4848 = ADVANCED_FACE ( 'NONE', ( #6059 ), #80, .T. ) ;
#4849 = DIRECTION ( 'NONE',  ( -0.9908983035580876120, -0.1346125997286436171, 0.000000000000000000 ) ) ;
#4850 = VERTEX_POINT ( 'NONE', #6572 ) ;
#4851 = LINE ( 'NONE', #2498, #3891 ) ;
#4852 = DIRECTION ( 'NONE',  ( 0.1591964303618612631, 0.9872469278554585337, 0.000000000000000000 ) ) ;
#4853 = FACE_OUTER_BOUND ( 'NONE', #6683, .T. ) ;
#4854 = FACE_OUTER_BOUND ( 'NONE', #1140, .T. ) ;
#4855 = ORIENTED_EDGE ( 'NONE', *, *, #4220, .T. ) ;
#4856 = VERTEX_POINT ( 'NONE', #2962 ) ;
#4857 = DIRECTION ( 'NONE',  ( 0.4448156770586414455, -0.8956221376467100592, -0.000000000000000000 ) ) ;
#4858 = ORIENTED_EDGE ( 'NONE', *, *, #3931, .T. ) ;
#4859 = DIRECTION ( 'NONE',  ( -0.9266990762595439524, -0.3758042336905053071, 0.000000000000000000 ) ) ;
#4860 = FACE_OUTER_BOUND ( 'NONE', #296, .T. ) ;
#4861 = ORIENTED_EDGE ( 'NONE', *, *, #4573, .F. ) ;
#4862 = PLANE ( 'NONE',  #1005 ) ;
#4863 = VERTEX_POINT ( 'NONE', #3677 ) ;
#4864 = ORIENTED_EDGE ( 'NONE', *, *, #3620, .T. ) ;
#4865 = CARTESIAN_POINT ( 'NONE',  ( 16.72899999999999920, 28.61200000000000188, -6.349999999999999645 ) ) ;
#4866 = CARTESIAN_POINT ( 'NONE',  ( 4.031000000000000583, 37.61400000000001143, -6.349999999999999645 ) ) ;
#4867 = ORIENTED_EDGE ( 'NONE', *, *, #7684, .F. ) ;
#4868 = CARTESIAN_POINT ( 'NONE',  ( 14.44699999999999918, 39.35000000000000142, -6.349999999999999645 ) ) ;
#4869 = CARTESIAN_POINT ( 'NONE',  ( 12.37500000000000000, 33.04999999999999716, -6.049999999999999822 ) ) ;
#4870 = VECTOR ( 'NONE', #1498, 1000.000000000000000 ) ;
#4871 = CARTESIAN_POINT ( 'NONE',  ( 15.67500000000000071, 20.39999999999999858, 5.000000000000000000 ) ) ;
#4872 = ORIENTED_EDGE ( 'NONE', *, *, #6808, .F. ) ;
#4873 = PRODUCT ( '\X2\593490e8\X0\', '\X2\593490e8\X0\', '', ( #1110 ) ) ;
#4874 = EDGE_CURVE ( 'NONE', #3563, #5259, #6096, .T. ) ;
#4875 = AXIS2_PLACEMENT_3D ( 'NONE', #2394, #1808, #4710 ) ;
#4876 = ORIENTED_EDGE ( 'NONE', *, *, #7302, .T. ) ;
#4877 = CARTESIAN_POINT ( 'NONE',  ( 15.67500000000000071, 20.39999999999999858, 6.425000000000000711 ) ) ;
#4878 = LINE ( 'NONE', #7755, #990 ) ;
#4879 = ORIENTED_EDGE ( 'NONE', *, *, #4657, .F. ) ;
#4880 = CARTESIAN_POINT ( 'NONE',  ( 1.381111111111106737, 39.93488888888889221, -6.349999999999999645 ) ) ;
#4881 = ORIENTED_EDGE ( 'NONE', *, *, #755, .F. ) ;
#4882 = VECTOR ( 'NONE', #2477, 1000.000000000000227 ) ;
#4883 = LINE ( 'NONE', #807, #7295 ) ;
#4884 = VECTOR ( 'NONE', #2877, 1000.000000000000000 ) ;
#4885 = ADVANCED_FACE ( 'NONE', ( #7754, #1908 ), #2999, .F. ) ;
#4886 = VECTOR ( 'NONE', #1432, 1000.000000000000114 ) ;
#4887 = VECTOR ( 'NONE', #4785, 1000.000000000000000 ) ;
#4888 = VECTOR ( 'NONE', #6558, 1000.000000000000227 ) ;
#4889 = CARTESIAN_POINT ( 'NONE',  ( 4.385277777777778496, 32.01011111111110807, -6.049999999999999822 ) ) ;
#4890 = EDGE_CURVE ( 'NONE', #7668, #1779, #5389, .T. ) ;
#4891 = EDGE_LOOP ( 'NONE', ( #791, #550, #3715, #477 ) ) ;
#4892 = DIRECTION ( 'NONE',  ( 0.000000000000000000, 0.000000000000000000, -1.000000000000000000 ) ) ;
#4893 = EDGE_CURVE ( 'NONE', #6450, #4204, #7207, .T. ) ;
#4894 = DIRECTION ( 'NONE',  ( 0.8566790672027050357, 0.5158497608962353542, 0.000000000000000000 ) ) ;
#4895 = EDGE_CURVE ( 'NONE', #2912, #2274, #591, .T. ) ;
#4896 = FACE_OUTER_BOUND ( 'NONE', #5686, .T. ) ;
#4897 = LINE ( 'NONE', #1921, #5148 ) ;
#4898 = AXIS2_PLACEMENT_3D ( 'NONE', #509, #4240, #4751 ) ;
#4899 = VECTOR ( 'NONE', #6027, 1000.000000000000000 ) ;
#4900 = AXIS2_PLACEMENT_3D ( 'NONE', #5186, #5143, #7549 ) ;
#4901 = VERTEX_POINT ( 'NONE', #4877 ) ;
#4902 = VECTOR ( 'NONE', #5606, 1000.000000000000000 ) ;
#4903 = ORIENTED_EDGE ( 'NONE', *, *, #1827, .T. ) ;
#4904 = VECTOR ( 'NONE', #6401, 1000.000000000000000 ) ;
#4905 = DIRECTION ( 'NONE',  ( 1.000000000000000000, 0.000000000000000000, 0.000000000000000000 ) ) ;
#4906 = VERTEX_POINT ( 'NONE', #1186 ) ;
#4907 = DIRECTION ( 'NONE',  ( -0.5274509776062389355, 0.8495854672852065637, 0.000000000000000000 ) ) ;
#4908 = DIRECTION ( 'NONE',  ( 1.000000000000000000, 0.000000000000000000, 0.000000000000000000 ) ) ;
#4909 = DIRECTION ( 'NONE',  ( 0.000000000000000000, 0.000000000000000000, -1.000000000000000000 ) ) ;
#4910 = LINE ( 'NONE', #1210, #6897 ) ;
#4911 = VECTOR ( 'NONE', #3988, 1000.000000000000000 ) ;
#4912 = VECTOR ( 'NONE', #814, 1000.000000000000114 ) ;
#4913 = ORIENTED_EDGE ( 'NONE', *, *, #5226, .F. ) ;
#4914 = EDGE_LOOP ( 'NONE', ( #3498, #1611, #6298, #616 ) ) ;
#4915 = LINE ( 'NONE', #6801, #5024 ) ;
#4916 = DIRECTION ( 'NONE',  ( 0.5696727477405604256, 0.8218716204382043866, 0.000000000000000000 ) ) ;
#4917 = VERTEX_POINT ( 'NONE', #1788 ) ;
#4918 = LINE ( 'NONE', #4957, #232 ) ;
#4919 = CARTESIAN_POINT ( 'NONE',  ( 3.424916666666662834, 32.28972222222222399, -6.349999999999999645 ) ) ;
#4920 = DIRECTION ( 'NONE',  ( -0.3658007952314686895, 0.9306931708184095209, 0.000000000000000000 ) ) ;
#4921 = ORIENTED_EDGE ( 'NONE', *, *, #1896, .F. ) ;
#4922 = VERTEX_POINT ( 'NONE', #10 ) ;
#4923 = CARTESIAN_POINT ( 'NONE',  ( 0.9369999999999993889, 32.75600000000000023, -6.349999999999999645 ) ) ;
#4924 = CARTESIAN_POINT ( 'NONE',  ( 12.13349999999999973, 41.95438888888888584, -6.349999999999999645 ) ) ;
#4925 = ORIENTED_EDGE ( 'NONE', *, *, #4616, .F. ) ;
#4926 = CARTESIAN_POINT ( 'NONE',  ( 12.90000000000000036, 20.39999999999999858, 3.650000000000000355 ) ) ;
#4927 = ORIENTED_EDGE ( 'NONE', *, *, #6799, .T. ) ;
#4928 = EDGE_CURVE ( 'NONE', #7021, #1560, #7172, .T. ) ;
#4929 = PLANE ( 'NONE',  #3535 ) ;
#4930 = LINE ( 'NONE', #2422, #2563 ) ;
#4931 = ORIENTED_EDGE ( 'NONE', *, *, #4451, .T. ) ;
#4932 = EDGE_CURVE ( 'NONE', #4960, #627, #2331, .T. ) ;
#4933 = FACE_OUTER_BOUND ( 'NONE', #2792, .T. ) ;
#4934 = LINE ( 'NONE', #3132, #4035 ) ;
#4935 = DIRECTION ( 'NONE',  ( 0.000000000000000000, -0.000000000000000000, 1.000000000000000000 ) ) ;
#4936 = DIRECTION ( 'NONE',  ( 0.000000000000000000, -0.000000000000000000, -1.000000000000000000 ) ) ;
#4937 = VERTEX_POINT ( 'NONE', #5432 ) ;
#4938 = VECTOR ( 'NONE', #5400, 1000.000000000000000 ) ;
#4939 = EDGE_CURVE ( 'NONE', #3634, #1630, #4249, .T. ) ;
#4940 = EDGE_CURVE ( 'NONE', #2436, #5349, #4213, .T. ) ;
#4941 = ORIENTED_EDGE ( 'NONE', *, *, #279, .F. ) ;
#4942 = CARTESIAN_POINT ( 'NONE',  ( 24.21199999999999974, 29.79850000000000065, -6.049999999999999822 ) ) ;
#4943 = ORIENTED_EDGE ( 'NONE', *, *, #1088, .F. ) ;
#4944 = EDGE_CURVE ( 'NONE', #3885, #3534, #6014, .T. ) ;
#4945 = DIRECTION ( 'NONE',  ( 0.000000000000000000, 0.000000000000000000, -1.000000000000000000 ) ) ;
#4946 = CARTESIAN_POINT ( 'NONE',  ( 36.00000000000000711, 15.50000000000000000, -6.349999999999999645 ) ) ;
#4947 = ORIENTED_EDGE ( 'NONE', *, *, #6663, .T. ) ;
#4948 = LINE ( 'NONE', #7342, #3396 ) ;
#4949 = AXIS2_PLACEMENT_3D ( 'NONE', #6187, #6936, #6340 ) ;
#4950 = ORIENTED_EDGE ( 'NONE', *, *, #1587, .F. ) ;
#4951 = ADVANCED_FACE ( 'NONE', ( #47 ), #1310, .T. ) ;
#4952 = EDGE_CURVE ( 'NONE', #3350, #3998, #5469, .T. ) ;
#4953 = CARTESIAN_POINT ( 'NONE',  ( 9.690305555555553951, 41.20305555555556509, -6.049999999999999822 ) ) ;
#4954 = CARTESIAN_POINT ( 'NONE',  ( 0.9863888888888895368, 33.43849999999999767, -6.349999999999999645 ) ) ;
#4955 = DIRECTION ( 'NONE',  ( 0.000000000000000000, 0.000000000000000000, -1.000000000000000000 ) ) ;
#4956 = ORIENTED_EDGE ( 'NONE', *, *, #2150, .T. ) ;
#4957 = CARTESIAN_POINT ( 'NONE',  ( 12.37500000000000000, 28.94800000000000040, -6.049999999999999822 ) ) ;
#4958 = LINE ( 'NONE', #5032, #5903 ) ;
#4959 = LINE ( 'NONE', #1465, #4638 ) ;
#4960 = VERTEX_POINT ( 'NONE', #1739 ) ;
#4961 = ORIENTED_EDGE ( 'NONE', *, *, #5187, .T. ) ;
#4962 = CARTESIAN_POINT ( 'NONE',  ( 3.993666666666666032, 35.85972222222222427, -6.049999999999999822 ) ) ;
#4963 = DIRECTION ( 'NONE',  ( -0.8911833252450080955, -0.4536433409687065099, 0.000000000000000000 ) ) ;
#4964 = ORIENTED_EDGE ( 'NONE', *, *, #768, .F. ) ;
#4965 = CARTESIAN_POINT ( 'NONE',  ( 2.092777777777776294, 38.12422222222222956, -6.049999999999999822 ) ) ;
#4966 = DIRECTION ( 'NONE',  ( 0.4790408899954529121, 0.8777925869545517568, 0.000000000000000000 ) ) ;
#4967 = ORIENTED_EDGE ( 'NONE', *, *, #6233, .F. ) ;
#4968 = DIRECTION ( 'NONE',  ( 0.000000000000000000, -1.000000000000000000, 0.000000000000000000 ) ) ;
#4969 = ORIENTED_EDGE ( 'NONE', *, *, #6672, .F. ) ;
#4970 = FACE_OUTER_BOUND ( 'NONE', #4485, .T. ) ;
#4971 = DIRECTION ( 'NONE',  ( -0.4790408899954529121, -0.8777925869545517568, 0.000000000000000000 ) ) ;
#4972 = DIRECTION ( 'NONE',  ( -0.04912095919979386771, 0.9987928370624671315, 0.000000000000000000 ) ) ;
#4973 = ORIENTED_EDGE ( 'NONE', *, *, #955, .F. ) ;
#4974 = ADVANCED_FACE ( 'NONE', ( #6535 ), #1154, .T. ) ;
#4975 = VERTEX_POINT ( 'NONE', #4924 ) ;
#4976 = DIRECTION ( 'NONE',  ( -0.9349975263177811025, -0.3546542341205450866, 0.000000000000000000 ) ) ;
#4977 = ORIENTED_EDGE ( 'NONE', *, *, #3363, .F. ) ;
#4978 = CARTESIAN_POINT ( 'NONE',  ( 24.38505555555555304, 37.60855555555555441, -6.349999999999999645 ) ) ;
#4979 = CARTESIAN_POINT ( 'NONE',  ( 9.989750000000000796, 38.30349999999999966, -6.049999999999999822 ) ) ;
#4980 = CARTESIAN_POINT ( 'NONE',  ( 9.309000000000001052, 29.03200000000000358, -6.349999999999999645 ) ) ;
#4981 = CARTESIAN_POINT ( 'NONE',  ( 17.52194444444444343, 29.11949999999999861, -6.049999999999999822 ) ) ;
#4982 = ORIENTED_EDGE ( 'NONE', *, *, #5504, .F. ) ;
#4983 = EDGE_CURVE ( 'NONE', #5410, #5182, #5471, .T. ) ;
#4984 = DIRECTION ( 'NONE',  ( 0.5844259463834344803, 0.8114470489155942712, 0.000000000000000000 ) ) ;
#4985 = PLANE ( 'NONE',  #2261 ) ;
#4986 = DIRECTION ( 'NONE',  ( 0.000000000000000000, 0.000000000000000000, -1.000000000000000000 ) ) ;
#4987 = EDGE_LOOP ( 'NONE', ( #3429, #1941, #5341, #2664 ) ) ;
#4988 = DIRECTION ( 'NONE',  ( 0.000000000000000000, 0.000000000000000000, -1.000000000000000000 ) ) ;
#4989 = LINE ( 'NONE', #2712, #6534 ) ;
#4990 = DIRECTION ( 'NONE',  ( 0.5379298369960954229, -0.8429896146865357709, -0.000000000000000000 ) ) ;
#4991 = ADVANCED_FACE ( 'NONE', ( #7209 ), #4250, .T. ) ;
#4992 = EDGE_CURVE ( 'NONE', #3476, #7071, #11, .T. ) ;
#4993 = ORIENTED_EDGE ( 'NONE', *, *, #560, .T. ) ;
#4994 = VERTEX_POINT ( 'NONE', #2534 ) ;
#4995 = FACE_OUTER_BOUND ( 'NONE', #2473, .T. ) ;
#4996 = FACE_OUTER_BOUND ( 'NONE', #4503, .T. ) ;
#4997 = ORIENTED_EDGE ( 'NONE', *, *, #4169, .F. ) ;
#4998 = LINE ( 'NONE', #2025, #1902 ) ;
#4999 = CARTESIAN_POINT ( 'NONE',  ( 20.48799999999999955, 33.38250000000000028, -6.049999999999999822 ) ) ;
#5000 = ORIENTED_EDGE ( 'NONE', *, *, #2172, .F. ) ;
#5001 = CARTESIAN_POINT ( 'NONE',  ( 15.00000000000000000, 16.79999999999999716, 4.325000000000000178 ) ) ;
#5002 = VECTOR ( 'NONE', #2920, 1000.000000000000114 ) ;
#5003 = CARTESIAN_POINT ( 'NONE',  ( 29.00699999999999790, 33.69400000000000261, -6.349999999999999645 ) ) ;
#5004 = VECTOR ( 'NONE', #58, 1000.000000000000000 ) ;
#5005 = VECTOR ( 'NONE', #4813, 1000.000000000000000 ) ;
#5006 = ORIENTED_EDGE ( 'NONE', *, *, #949, .T. ) ;
#5007 = LINE ( 'NONE', #137, #4259 ) ;
#5008 = CARTESIAN_POINT ( 'NONE',  ( 1.727222222222217107, 35.38799999999999812, -6.049999999999999822 ) ) ;
#5009 = CARTESIAN_POINT ( 'NONE',  ( 9.309000000000001052, 29.74599999999999866, -6.049999999999999822 ) ) ;
#5010 = VECTOR ( 'NONE', #3205, 1000.000000000000000 ) ;
#5011 = VECTOR ( 'NONE', #2565, 1000.000000000000114 ) ;
#5012 = ORIENTED_EDGE ( 'NONE', *, *, #156, .F. ) ;
#5013 = DIRECTION ( 'NONE',  ( 0.000000000000000000, -1.000000000000000000, -0.000000000000000000 ) ) ;
#5014 = EDGE_LOOP ( 'NONE', ( #3029, #3182, #5811, #337 ) ) ;
#5015 = VECTOR ( 'NONE', #5111, 1000.000000000000114 ) ;
#5016 = DIRECTION ( 'NONE',  ( 0.7768830510235128495, -0.6296449198019450355, 0.000000000000000000 ) ) ;
#5017 = CARTESIAN_POINT ( 'NONE',  ( 1.799652777777776436, 30.75643055555555350, -6.049999999999999822 ) ) ;
#5018 = VECTOR ( 'NONE', #4581, 1000.000000000000227 ) ;
#5019 = DIRECTION ( 'NONE',  ( -0.9982849814095011709, -0.05854140323080749692, 0.000000000000000000 ) ) ;
#5020 = VECTOR ( 'NONE', #340, 1000.000000000000000 ) ;
#5021 = DIRECTION ( 'NONE',  ( -0.1351132047333061525, -0.9908301680443000192, 0.000000000000000000 ) ) ;
#5022 = EDGE_CURVE ( 'NONE', #5619, #4204, #4878, .T. ) ;
#5023 = VERTEX_POINT ( 'NONE', #1860 ) ;
#5024 = VECTOR ( 'NONE', #1934, 1000.000000000000000 ) ;
#5025 = AXIS2_PLACEMENT_3D ( 'NONE', #1769, #4167, #2986 ) ;
#5026 = VECTOR ( 'NONE', #5324, 1000.000000000000000 ) ;
#5027 = LINE ( 'NONE', #7428, #5764 ) ;
#5028 = DIRECTION ( 'NONE',  ( 0.000000000000000000, 0.000000000000000000, -1.000000000000000000 ) ) ;
#5029 = CARTESIAN_POINT ( 'NONE',  ( 3.505319444444443988, 30.34343055555555679, -6.049999999999999822 ) ) ;
#5030 = EDGE_LOOP ( 'NONE', ( #2698, #3447, #2746, #6560 ) ) ;
#5031 = DIRECTION ( 'NONE',  ( 0.000000000000000000, 0.000000000000000000, -1.000000000000000000 ) ) ;
#5032 = CARTESIAN_POINT ( 'NONE',  ( 22.45422222222222430, 30.87805555555555515, -6.049999999999999822 ) ) ;
#5033 = LINE ( 'NONE', #199, #6890 ) ;
#5034 = EDGE_CURVE ( 'NONE', #1881, #2070, #5938, .T. ) ;
#5035 = AXIS2_PLACEMENT_3D ( 'NONE', #561, #1159, #4768 ) ;
#5036 = AXIS2_PLACEMENT_3D ( 'NONE', #908, #7352, #7468 ) ;
#5037 = ORIENTED_EDGE ( 'NONE', *, *, #4079, .T. ) ;
#5038 = EDGE_CURVE ( 'NONE', #295, #158, #5378, .T. ) ;
#5039 = EDGE_CURVE ( 'NONE', #3261, #6385, #5507, .T. ) ;
#5040 = ORIENTED_EDGE ( 'NONE', *, *, #7327, .F. ) ;
#5041 = VECTOR ( 'NONE', #3878, 999.9999999999998863 ) ;
#5042 = CARTESIAN_POINT ( 'NONE',  ( 24.83966666666666612, 39.46977777777777874, -6.049999999999999822 ) ) ;
#5043 = EDGE_CURVE ( 'NONE', #446, #6929, #2486, .T. ) ;
#5044 = LINE ( 'NONE', #5553, #6636 ) ;
#5045 = ORIENTED_EDGE ( 'NONE', *, *, #1191, .T. ) ;
#5046 = LINE ( 'NONE', #7442, #4282 ) ;
#5047 = DIRECTION ( 'NONE',  ( -0.9872469278554586447, 0.1591964303618612631, 0.000000000000000000 ) ) ;
#5048 = ORIENTED_EDGE ( 'NONE', *, *, #7063, .F. ) ;
#5049 = DIRECTION ( 'NONE',  ( -0.9977604251956867509, -0.06688896705228999928, 0.000000000000000000 ) ) ;
#5050 = PRESENTATION_STYLE_ASSIGNMENT (( #4540 ) ) ;
#5051 = ORIENTED_EDGE ( 'NONE', *, *, #4599, .F. ) ;
#5052 = DIRECTION ( 'NONE',  ( 0.7567851500574370727, -0.6536637030251430946, 0.000000000000000000 ) ) ;
#5053 = CARTESIAN_POINT ( 'NONE',  ( 4.464999999999999858, 32.35000000000000142, -6.049999999999999822 ) ) ;
#5054 = EDGE_CURVE ( 'NONE', #6083, #2086, #6608, .T. ) ;
#5055 = ORIENTED_EDGE ( 'NONE', *, *, #3273, .T. ) ;
#5056 = PLANE ( 'NONE',  #5519 ) ;
#5057 = EDGE_LOOP ( 'NONE', ( #4861, #5615, #4679, #869 ) ) ;
#5058 = CARTESIAN_POINT ( 'NONE',  ( 19.92100000000000293, 37.03222222222222371, -6.049999999999999822 ) ) ;
#5059 = DIRECTION ( 'NONE',  ( 0.8436614877321090278, 0.5368754921931568891, 0.000000000000000000 ) ) ;
#5060 = CARTESIAN_POINT ( 'NONE',  ( 15.41300000000000203, 30.36200000000000188, -6.049999999999999822 ) ) ;
#5061 = CARTESIAN_POINT ( 'NONE',  ( 1.091874999999999929, 31.72787500000000094, -6.349999999999999645 ) ) ;
#5062 = VECTOR ( 'NONE', #2099, 1000.000000000000000 ) ;
#5063 = ORIENTED_EDGE ( 'NONE', *, *, #1343, .T. ) ;
#5064 = PLANE ( 'NONE',  #7177 ) ;
#5065 = FACE_OUTER_BOUND ( 'NONE', #3023, .T. ) ;
#5066 = FACE_OUTER_BOUND ( 'NONE', #2892, .T. ) ;
#5067 = VERTEX_POINT ( 'NONE', #123 ) ;
#5068 = DIRECTION ( 'NONE',  ( 0.03402820122673307079, -0.9994208730666340745, 0.000000000000000000 ) ) ;
#5069 = LINE ( 'NONE', #7501, #2898 ) ;
#5070 = CARTESIAN_POINT ( 'NONE',  ( 6.914999999999999147, 37.25000000000000000, -6.349999999999999645 ) ) ;
#5071 = ORIENTED_EDGE ( 'NONE', *, *, #4345, .T. ) ;
#5072 = VECTOR ( 'NONE', #1911, 1000.000000000000000 ) ;
#5073 = EDGE_CURVE ( 'NONE', #298, #2365, #592, .T. ) ;
#5074 = ORIENTED_EDGE ( 'NONE', *, *, #5149, .F. ) ;
#5075 = LINE ( 'NONE', #4923, #6393 ) ;
#5076 = DIRECTION ( 'NONE',  ( 0.000000000000000000, 0.000000000000000000, -1.000000000000000000 ) ) ;
#5077 = ORIENTED_EDGE ( 'NONE', *, *, #6965, .T. ) ;
#5078 = CARTESIAN_POINT ( 'NONE',  ( 12.37499999999999822, 33.04999999999999716, -6.349999999999999645 ) ) ;
#5079 = LINE ( 'NONE', #7477, #3024 ) ;
#5080 = CARTESIAN_POINT ( 'NONE',  ( 7.856888888888887479, 38.25177777777778232, -6.349999999999999645 ) ) ;
#5081 = EDGE_CURVE ( 'NONE', #148, #7745, #2963, .T. ) ;
#5082 = CARTESIAN_POINT ( 'NONE',  ( 11.21300000000000097, 37.78199999999999648, -6.049999999999999822 ) ) ;
#5083 = EDGE_LOOP ( 'NONE', ( #733, #49, #5930, #4545 ) ) ;
#5084 = LINE ( 'NONE', #960, #6036 ) ;
#5085 = LINE ( 'NONE', #3217, #2032 ) ;
#5086 = EDGE_CURVE ( 'NONE', #7716, #6171, #5433, .T. ) ;
#5087 = EDGE_CURVE ( 'NONE', #4110, #7261, #4762, .T. ) ;
#5088 = EDGE_LOOP ( 'NONE', ( #4595, #5164, #5906, #1969 ) ) ;
#5089 = ORIENTED_EDGE ( 'NONE', *, *, #2969, .F. ) ;
#5090 = CARTESIAN_POINT ( 'NONE',  ( 9.309000000000001052, 29.03200000000000358, -6.349999999999999645 ) ) ;
#5091 = ORIENTED_EDGE ( 'NONE', *, *, #1015, .F. ) ;
#5092 = DIRECTION ( 'NONE',  ( -0.9977604251956867509, -0.06688896705228999928, 0.000000000000000000 ) ) ;
#5093 = LINE ( 'NONE', #4073, #6926 ) ;
#5094 = FACE_OUTER_BOUND ( 'NONE', #5623, .T. ) ;
#5095 = CARTESIAN_POINT ( 'NONE',  ( 1.134555555555552431, 34.10466666666666669, -6.349999999999999645 ) ) ;
#5096 = ORIENTED_EDGE ( 'NONE', *, *, #3811, .F. ) ;
#5097 = CARTESIAN_POINT ( 'NONE',  ( 7.222999999999999865, 40.91800000000000637, -6.049999999999999822 ) ) ;
#5098 = CARTESIAN_POINT ( 'NONE',  ( 6.800000000000000711, 21.10000000000000142, -3.874999999999999112 ) ) ;
#5099 = LINE ( 'NONE', #6920, #7649 ) ;
#5100 = ORIENTED_EDGE ( 'NONE', *, *, #5515, .T. ) ;
#5101 = CARTESIAN_POINT ( 'NONE',  ( 15.37100000000000044, 35.51400000000000290, -6.049999999999999822 ) ) ;
#5102 = DIRECTION ( 'NONE',  ( 0.8422638986149283413, 0.5390654181915044418, 0.000000000000000000 ) ) ;
#5103 = DIRECTION ( 'NONE',  ( 0.000000000000000000, 0.000000000000000000, -1.000000000000000000 ) ) ;
#5104 = EDGE_LOOP ( 'NONE', ( #681, #2786, #7235, #594 ) ) ;
#5105 = ORIENTED_EDGE ( 'NONE', *, *, #4220, .F. ) ;
#5106 = LINE ( 'NONE', #2756, #6516 ) ;
#5107 = FACE_OUTER_BOUND ( 'NONE', #6013, .T. ) ;
#5108 = ORIENTED_EDGE ( 'NONE', *, *, #4842, .F. ) ;
#5109 = CARTESIAN_POINT ( 'NONE',  ( 1.005833333333331581, 32.04238888888888681, -6.349999999999999645 ) ) ;
#5110 = LINE ( 'NONE', #2134, #1129 ) ;
#5111 = DIRECTION ( 'NONE',  ( 0.6062459425552467751, 0.7952772203045302968, -0.000000000000000000 ) ) ;
#5112 = ADVANCED_FACE ( 'NONE', ( #680 ), #7173, .T. ) ;
#5113 = LINE ( 'NONE', #1441, #2185 ) ;
#5114 = VERTEX_POINT ( 'NONE', #5390 ) ;
#5115 = DIRECTION ( 'NONE',  ( 0.000000000000000000, 0.000000000000000000, -1.000000000000000000 ) ) ;
#5116 = FACE_OUTER_BOUND ( 'NONE', #6461, .T. ) ;
#5117 = VECTOR ( 'NONE', #6209, 1000.000000000000000 ) ;
#5118 = EDGE_CURVE ( 'NONE', #4654, #6346, #48, .T. ) ;
#5119 = AXIS2_PLACEMENT_3D ( 'NONE', #4704, #727, #4936 ) ;
#5120 = AXIS2_PLACEMENT_3D ( 'NONE', #6041, #2434, #540 ) ;
#5121 = EDGE_CURVE ( 'NONE', #2291, #2912, #6060, .T. ) ;
#5123 = ORIENTED_EDGE ( 'NONE', *, *, #6228, .T. ) ;
#5122 = ADVANCED_FACE ( 'NONE', ( #6694 ), #1909, .T. ) ;
#5124 = EDGE_CURVE ( 'NONE', #678, #7418, #2093, .T. ) ;
#5125 = DIRECTION ( 'NONE',  ( -1.000000000000000000, 0.000000000000000000, 0.000000000000000000 ) ) ;
#5126 = ORIENTED_EDGE ( 'NONE', *, *, #3305, .F. ) ;
#5127 = DIRECTION ( 'NONE',  ( 0.000000000000000000, 0.000000000000000000, -1.000000000000000000 ) ) ;
#5128 = DIRECTION ( 'NONE',  ( 0.000000000000000000, 0.000000000000000000, -1.000000000000000000 ) ) ;
#5129 = LINE ( 'NONE', #1120, #3778 ) ;
#5130 = FACE_OUTER_BOUND ( 'NONE', #528, .T. ) ;
#5131 = VECTOR ( 'NONE', #4206, 999.9999999999998863 ) ;
#5132 = VECTOR ( 'NONE', #44, 1000.000000000000000 ) ;
#5133 = ORIENTED_EDGE ( 'NONE', *, *, #5935, .T. ) ;
#5134 = AXIS2_PLACEMENT_3D ( 'NONE', #2764, #4609, #3981 ) ;
#5135 = ORIENTED_EDGE ( 'NONE', *, *, #269, .F. ) ;
#5137 = LINE ( 'NONE', #7544, #7705 ) ;
#5136 = VECTOR ( 'NONE', #7140, 1000.000000000000000 ) ;
#5138 = CARTESIAN_POINT ( 'NONE',  ( 17.52194444444444343, 29.11949999999999861, -6.349999999999999645 ) ) ;
#5139 = VECTOR ( 'NONE', #5804, 1000.000000000000000 ) ;
#5140 = EDGE_LOOP ( 'NONE', ( #6367, #6155 ) ) ;
#5141 = CARTESIAN_POINT ( 'NONE',  ( 11.93788888888888700, 38.75888888888889028, -6.049999999999999822 ) ) ;
#5142 = CARTESIAN_POINT ( 'NONE',  ( 12.90000000000000036, 20.39999999999999858, 5.000000000000000000 ) ) ;
#5143 = DIRECTION ( 'NONE',  ( 0.000000000000000000, 0.000000000000000000, 1.000000000000000000 ) ) ;
#5144 = VECTOR ( 'NONE', #5028, 1000.000000000000000 ) ;
#5145 = CLOSED_SHELL ( 'NONE', ( #957, #3847, #4885, #772, #2212, #808, #38, #6500, #7240, #2723, #82, #1047, #6911, #1782, #1493, #3173, #2959, #6293, #2976, #3090, #1590, #6177, #1956, #6206, #3550, #1096, #499, #4951, #3119, #1295, #135, #676, #4123, #5885, #5991, #88, #3507, #285, #2715, #1208, #519, #87, #6188, #992, #2948, #7400, #225, #2675, #7724, #2650, #236, #407, #1674, #1974, #7250, #6877, #4608, #3274, #6193, #4378, #2098, #3539, #5979, #5122, #7048, #5278, #3320, #6037, #467, #2453, #5690, #6424, #2243, #741, #811, #5327, #6444, #6858, #5807, #5701, #6967, #5986, #1872, #701, #3078, #5559, #3044, #4041, #2781, #1673, #3178, #554, #7102, #7208, #7203, #4321, #1567, #637, #7737, #1137, #6344, #3455, #6142, #1155, #2576, #6373, #6912, #7597, #6996, #2810, #5239, #7194, #5211, #1351, #3653, #6787, #5112, #4426, #6326, #4564, #4080, #234, #581, #2491, #6082, #4848, #3228, #3032, #6239, #1323, #7248, #767, #428, #6427, #1626, #6225, #2347, #910, #2685, #1297, #6716, #3558, #6045, #4203, #7782, #1576, #782, #4587, #2924, #1589, #5977, #6090, #4698, #3561, #3911, #1667, #282, #5178, #6579, #1192, #2681, #3022, #6707, #5636, #5527, #4211, #1923, #4611, #5926, #7343, #6092, #4235, #1778, #4991, #7003, #72, #520, #1445, #1315, #1447, #6527, #917, #3805, #320, #2539, #3272, #3504, #3605, #7335, #4133, #7002, #7152, #3486, #6888, #3983, #1176, #3497, #451, #6009, #1973, #5516, #4597, #2592, #4791, #4801, #1675, #7164, #1723, #6856, #6580, #2633, #3444, #2726, #4974, #7091, #2988, #3556, #1078, #5430, #6338, #4365, #1003, #5367, #3008, #3214, #6825, #7448, #4179, #1107, #4363, #5800, #1219, #1440, #2074, #7126, #41, #7095, #5627, #2297, #7565, #1341, #139, #4136, #6134 ) ) ;
#5146 = VECTOR ( 'NONE', #4729, 1000.000000000000000 ) ;
#5147 = VERTEX_POINT ( 'NONE', #802 ) ;
#5148 = VECTOR ( 'NONE', #6705, 1000.000000000000000 ) ;
#5149 = EDGE_CURVE ( 'NONE', #6117, #1647, #3168, .T. ) ;
#5150 = VERTEX_POINT ( 'NONE', #1391 ) ;
#5151 = DIRECTION ( 'NONE',  ( 0.8675398104777615194, 0.4973677484881882105, 0.000000000000000000 ) ) ;
#5152 = LINE ( 'NONE', #6331, #5258 ) ;
#5153 = ORIENTED_EDGE ( 'NONE', *, *, #6542, .T. ) ;
#5154 = FACE_OUTER_BOUND ( 'NONE', #4012, .T. ) ;
#5155 = VECTOR ( 'NONE', #5795, 1000.000000000000000 ) ;
#5156 = CARTESIAN_POINT ( 'NONE',  ( 26.85838888888888931, 39.10188888888888670, -6.349999999999999645 ) ) ;
#5157 = VECTOR ( 'NONE', #749, 1000.000000000000000 ) ;
#5158 = LINE ( 'NONE', #5197, #6646 ) ;
#5159 = LINE ( 'NONE', #954, #1511 ) ;
#5160 = AXIS2_PLACEMENT_3D ( 'NONE', #2672, #7463, #2083 ) ;
#5161 = VECTOR ( 'NONE', #4776, 1000.000000000000000 ) ;
#5162 = EDGE_CURVE ( 'NONE', #4370, #4773, #1433, .T. ) ;
#5163 = CARTESIAN_POINT ( 'NONE',  ( 25.84922222222222388, 31.27977777777778101, -6.049999999999999822 ) ) ;
#5164 = ORIENTED_EDGE ( 'NONE', *, *, #5492, .F. ) ;
#5165 = DIRECTION ( 'NONE',  ( 0.000000000000000000, 1.000000000000000000, 0.000000000000000000 ) ) ;
#5166 = DIRECTION ( 'NONE',  ( 0.000000000000000000, -1.000000000000000000, 0.000000000000000000 ) ) ;
#5167 = EDGE_CURVE ( 'NONE', #5179, #5633, #3797, .T. ) ;
#5168 = ORIENTED_EDGE ( 'NONE', *, *, #4337, .T. ) ;
#5169 = LINE ( 'NONE', #6901, #3394 ) ;
#5170 = EDGE_LOOP ( 'NONE', ( #1707, #4709, #129, #614 ) ) ;
#5171 = CARTESIAN_POINT ( 'NONE',  ( 20.44833333333333414, 33.49022222222222211, -6.049999999999999822 ) ) ;
#5172 = CARTESIAN_POINT ( 'NONE',  ( 13.09600000000000009, 37.25000000000000000, -6.349999999999999645 ) ) ;
#5173 = DIRECTION ( 'NONE',  ( 0.9120881995711189738, 0.4099940441068806174, 0.000000000000000000 ) ) ;
#5174 = PLANE ( 'NONE',  #4125 ) ;
#5175 = EDGE_CURVE ( 'NONE', #1692, #2274, #4369, .T. ) ;
#5176 = ORIENTED_EDGE ( 'NONE', *, *, #1794, .T. ) ;
#5177 = EDGE_CURVE ( 'NONE', #7411, #6399, #4333, .T. ) ;
#5178 = ADVANCED_FACE ( 'NONE', ( #6767 ), #5622, .T. ) ;
#5179 = VERTEX_POINT ( 'NONE', #7439 ) ;
#5180 = CARTESIAN_POINT ( 'NONE',  ( 21.85300000000000153, 42.34600000000000364, -6.349999999999999645 ) ) ;
#5181 = CARTESIAN_POINT ( 'NONE',  ( 1.091874999999999929, 31.72787500000000094, -6.049999999999999822 ) ) ;
#5182 = VERTEX_POINT ( 'NONE', #2022 ) ;
#5183 = DIRECTION ( 'NONE',  ( 1.000000000000000000, 0.000000000000000000, 0.000000000000000000 ) ) ;
#5184 = FACE_OUTER_BOUND ( 'NONE', #2654, .T. ) ;
#5185 = ORIENTED_EDGE ( 'NONE', *, *, #2737, .T. ) ;
#5186 = CARTESIAN_POINT ( 'NONE',  ( -6.000000000000000000, 55.50000000000000000, -6.349999999999999645 ) ) ;
#5187 = EDGE_CURVE ( 'NONE', #4730, #2503, #2646, .T. ) ;
#5188 = EDGE_LOOP ( 'NONE', ( #5292, #3341, #5923, #5077 ) ) ;
#5189 = EDGE_CURVE ( 'NONE', #2431, #3885, #3321, .T. ) ;
#5190 = VERTEX_POINT ( 'NONE', #1507 ) ;
#5191 = LINE ( 'NONE', #7589, #6529 ) ;
#5192 = EDGE_CURVE ( 'NONE', #6217, #2460, #5587, .T. ) ;
#5193 = CARTESIAN_POINT ( 'NONE',  ( -6.000000000000000000, 15.50000000000000000, -6.349999999999999645 ) ) ;
#5194 = ORIENTED_EDGE ( 'NONE', *, *, #5229, .F. ) ;
#5195 = DIRECTION ( 'NONE',  ( -0.04634595137211794391, 0.9989254490658515673, 0.000000000000000000 ) ) ;
#5196 = FACE_OUTER_BOUND ( 'NONE', #3593, .T. ) ;
#5197 = CARTESIAN_POINT ( 'NONE',  ( 11.88499999999999623, 41.34422222222222132, -6.049999999999999822 ) ) ;
#5198 = LINE ( 'NONE', #6969, #2776 ) ;
#5199 = VECTOR ( 'NONE', #210, 1000.000000000000227 ) ;
#5200 = CARTESIAN_POINT ( 'NONE',  ( 23.19999999999999929, 21.10000000000000142, 12.52500000000000036 ) ) ;
#5201 = VERTEX_POINT ( 'NONE', #2684 ) ;
#5202 = DIRECTION ( 'NONE',  ( -0.3691563512679105763, 0.9293673053849931254, 0.000000000000000000 ) ) ;
#5203 = DIRECTION ( 'NONE',  ( 0.000000000000000000, -0.000000000000000000, 1.000000000000000000 ) ) ;
#5204 = ORIENTED_EDGE ( 'NONE', *, *, #6568, .T. ) ;
#5205 = CARTESIAN_POINT ( 'NONE',  ( 6.914999999999999147, 35.68200000000000216, -6.049999999999999822 ) ) ;
#5206 = ORIENTED_EDGE ( 'NONE', *, *, #3875, .F. ) ;
#5207 = CARTESIAN_POINT ( 'NONE',  ( 26.21944444444444144, 36.48466666666666924, -6.349999999999999645 ) ) ;
#5208 = DIRECTION ( 'NONE',  ( 0.8159686014103542107, -0.5780962216728547931, 0.000000000000000000 ) ) ;
#5209 = DIRECTION ( 'NONE',  ( -0.9430847483864778225, 0.3325524881290379264, 0.000000000000000000 ) ) ;
#5210 = FACE_OUTER_BOUND ( 'NONE', #1071, .T. ) ;
#5211 = ADVANCED_FACE ( 'NONE', ( #4996 ), #4419, .T. ) ;
#5212 = ORIENTED_EDGE ( 'NONE', *, *, #2550, .F. ) ;
#5213 = ORIENTED_EDGE ( 'NONE', *, *, #4822, .F. ) ;
#5214 = LINE ( 'NONE', #6951, #7041 ) ;
#5215 = LINE ( 'NONE', #2709, #5263 ) ;
#5216 = ORIENTED_EDGE ( 'NONE', *, *, #4033, .F. ) ;
#5217 = CARTESIAN_POINT ( 'NONE',  ( 11.96550000000000047, 41.55149999999999721, -6.049999999999999822 ) ) ;
#5218 = DIRECTION ( 'NONE',  ( 0.000000000000000000, 0.000000000000000000, -1.000000000000000000 ) ) ;
#5219 = VERTEX_POINT ( 'NONE', #242 ) ;
#5220 = CARTESIAN_POINT ( 'NONE',  ( 1.727222222222217107, 35.38799999999999812, -6.349999999999999645 ) ) ;
#5221 = EDGE_CURVE ( 'NONE', #3870, #7504, #5044, .T. ) ;
#5222 = ORIENTED_EDGE ( 'NONE', *, *, #5593, .F. ) ;
#5223 = ORIENTED_EDGE ( 'NONE', *, *, #969, .T. ) ;
#5224 = DIRECTION ( 'NONE',  ( -0.5932705453769596682, -0.8050031428436318359, 0.000000000000000000 ) ) ;
#5225 = CARTESIAN_POINT ( 'NONE',  ( 28.50300000000000722, 37.92200000000000415, -6.349999999999999645 ) ) ;
#5226 = EDGE_CURVE ( 'NONE', #7418, #1061, #6845, .T. ) ;
#5227 = ORIENTED_EDGE ( 'NONE', *, *, #2295, .F. ) ;
#5228 = PLANE ( 'NONE',  #474 ) ;
#5229 = EDGE_CURVE ( 'NONE', #6224, #1314, #315, .T. ) ;
#5230 = FACE_OUTER_BOUND ( 'NONE', #6043, .T. ) ;
#5231 = EDGE_CURVE ( 'NONE', #1861, #5723, #7474, .T. ) ;
#5232 = LINE ( 'NONE', #5896, #6140 ) ;
#5233 = CARTESIAN_POINT ( 'NONE',  ( 6.800000000000000711, 21.10000000000000142, -3.874999999999999112 ) ) ;
#5234 = ORIENTED_EDGE ( 'NONE', *, *, #6379, .T. ) ;
#5235 = CARTESIAN_POINT ( 'NONE',  ( 2.092777777777776294, 38.12422222222222956, -6.049999999999999822 ) ) ;
#5236 = ORIENTED_EDGE ( 'NONE', *, *, #568, .T. ) ;
#5237 = CARTESIAN_POINT ( 'NONE',  ( 11.80683333333333174, 41.13305555555556481, -6.349999999999999645 ) ) ;
#5238 = CARTESIAN_POINT ( 'NONE',  ( 12.22100000000000009, 42.14999999999999858, -6.349999999999999645 ) ) ;
#5239 = ADVANCED_FACE ( 'NONE', ( #3282 ), #2718, .T. ) ;
#5240 = ORIENTED_EDGE ( 'NONE', *, *, #1152, .T. ) ;
#5241 = FACE_OUTER_BOUND ( 'NONE', #694, .T. ) ;
#5242 = AXIS2_PLACEMENT_3D ( 'NONE', #7117, #5426, #4834 ) ;
#5243 = VERTEX_POINT ( 'NONE', #6729 ) ;
#5244 = FACE_OUTER_BOUND ( 'NONE', #3110, .T. ) ;
#5245 = CARTESIAN_POINT ( 'NONE',  ( 15.67500000000000071, 20.39999999999999858, 5.000000000000000000 ) ) ;
#5246 = DIRECTION ( 'NONE',  ( -0.02949535821462537927, 0.9995649172734060173, 0.000000000000000000 ) ) ;
#5247 = CARTESIAN_POINT ( 'NONE',  ( 4.251500000000000057, 31.33500000000000085, -6.049999999999999822 ) ) ;
#5248 = VERTEX_POINT ( 'NONE', #3749 ) ;
#5249 = ORIENTED_EDGE ( 'NONE', *, *, #5796, .T. ) ;
#5250 = VECTOR ( 'NONE', #6687, 1000.000000000000000 ) ;
#5251 = ORIENTED_EDGE ( 'NONE', *, *, #462, .T. ) ;
#5252 = CARTESIAN_POINT ( 'NONE',  ( 4.660999999999999588, 40.13400000000000034, -6.349999999999999645 ) ) ;
#5253 = FACE_OUTER_BOUND ( 'NONE', #4151, .T. ) ;
#5254 = EDGE_CURVE ( 'NONE', #7556, #1982, #510, .T. ) ;
#5255 = ORIENTED_EDGE ( 'NONE', *, *, #181, .T. ) ;
#5256 = DIRECTION ( 'NONE',  ( -0.3286548021612612502, 0.9444501156844348211, 0.000000000000000000 ) ) ;
#5257 = LINE ( 'NONE', #4003, #5787 ) ;
#5258 = VECTOR ( 'NONE', #2835, 999.9999999999998863 ) ;
#5259 = VERTEX_POINT ( 'NONE', #5225 ) ;
#5260 = VECTOR ( 'NONE', #4859, 1000.000000000000000 ) ;
#5261 = FACE_OUTER_BOUND ( 'NONE', #7677, .T. ) ;
#5262 = VERTEX_POINT ( 'NONE', #7590 ) ;
#5263 = VECTOR ( 'NONE', #7498, 1000.000000000000227 ) ;
#5264 = AXIS2_PLACEMENT_3D ( 'NONE', #4341, #4430, #6736 ) ;
#5265 = ORIENTED_EDGE ( 'NONE', *, *, #4301, .F. ) ;
#5266 = LINE ( 'NONE', #5819, #2382 ) ;
#5267 = CARTESIAN_POINT ( 'NONE',  ( 8.532000000000000028, 37.25000000000000000, -6.349999999999999645 ) ) ;
#5268 = EDGE_CURVE ( 'NONE', #298, #7187, #2209, .T. ) ;
#5269 = EDGE_LOOP ( 'NONE', ( #4964, #2993, #4340, #1916 ) ) ;
#5270 = DIRECTION ( 'NONE',  ( -0.6520281218439690774, -0.7581947825754448145, 0.000000000000000000 ) ) ;
#5271 = DIRECTION ( 'NONE',  ( 0.000000000000000000, -0.000000000000000000, 1.000000000000000000 ) ) ;
#5272 = DIRECTION ( 'NONE',  ( 0.000000000000000000, 0.000000000000000000, -1.000000000000000000 ) ) ;
#5273 = VECTOR ( 'NONE', #3622, 1000.000000000000114 ) ;
#5274 = VECTOR ( 'NONE', #3979, 1000.000000000000000 ) ;
#5275 = VECTOR ( 'NONE', #5872, 1000.000000000000000 ) ;
#5276 = ORIENTED_EDGE ( 'NONE', *, *, #2399, .F. ) ;
#5277 = ORIENTED_EDGE ( 'NONE', *, *, #4939, .T. ) ;
#5278 = ADVANCED_FACE ( 'NONE', ( #3502 ), #3431, .T. ) ;
#5279 = EDGE_CURVE ( 'NONE', #346, #3328, #948, .T. ) ;
#5280 = EDGE_CURVE ( 'NONE', #1560, #5468, #5152, .T. ) ;
#5281 = VECTOR ( 'NONE', #3818, 1000.000000000000000 ) ;
#5282 = ORIENTED_EDGE ( 'NONE', *, *, #7138, .F. ) ;
#5283 = VECTOR ( 'NONE', #2269, 1000.000000000000000 ) ;
#5284 = LINE ( 'NONE', #6419, #928 ) ;
#5285 = VERTEX_POINT ( 'NONE', #7555 ) ;
#5286 = SHAPE_DEFINITION_REPRESENTATION ( #7023, #4552 ) ;
#5287 = CARTESIAN_POINT ( 'NONE',  ( 4.385277777777778496, 32.01011111111110807, -6.049999999999999822 ) ) ;
#5288 = AXIS2_PLACEMENT_3D ( 'NONE', #7176, #7213, #1793 ) ;
#5289 = VECTOR ( 'NONE', #3329, 1000.000000000000000 ) ;
#5290 = ORIENTED_EDGE ( 'NONE', *, *, #368, .T. ) ;
#5291 = CARTESIAN_POINT ( 'NONE',  ( 25.43699999999999761, 39.84000000000001052, -6.049999999999999822 ) ) ;
#5292 = ORIENTED_EDGE ( 'NONE', *, *, #2334, .F. ) ;
#5293 = EDGE_CURVE ( 'NONE', #1167, #1221, #7506, .T. ) ;
#5294 = PLANE ( 'NONE',  #3005 ) ;
#5295 = DIRECTION ( 'NONE',  ( 0.000000000000000000, 0.000000000000000000, -1.000000000000000000 ) ) ;
#5296 = DIRECTION ( 'NONE',  ( 0.000000000000000000, 0.000000000000000000, -1.000000000000000000 ) ) ;
#5297 = CARTESIAN_POINT ( 'NONE',  ( 9.309000000000001052, 33.04999999999999716, -6.049999999999999822 ) ) ;
#5298 = VERTEX_POINT ( 'NONE', #5892 ) ;
#5299 = VERTEX_POINT ( 'NONE', #395 ) ;
#5300 = ORIENTED_EDGE ( 'NONE', *, *, #5673, .F. ) ;
#5301 = DIRECTION ( 'NONE',  ( 0.4765026868108281355, -0.8791730145210678860, 0.000000000000000000 ) ) ;
#5302 = VERTEX_POINT ( 'NONE', #4057 ) ;
#5303 = CARTESIAN_POINT ( 'NONE',  ( 24.21199999999999974, 29.79850000000000065, -6.349999999999999645 ) ) ;
#5304 = DIRECTION ( 'NONE',  ( 0.2997725894827078519, 0.9540106889311208427, 0.000000000000000000 ) ) ;
#5305 = EDGE_LOOP ( 'NONE', ( #1803, #97, #1835, #2440 ) ) ;
#5306 = FACE_OUTER_BOUND ( 'NONE', #2359, .T. ) ;
#5307 = VECTOR ( 'NONE', #6182, 1000.000000000000114 ) ;
#5308 = ORIENTED_EDGE ( 'NONE', *, *, #3164, .T. ) ;
#5309 = VERTEX_POINT ( 'NONE', #7623 ) ;
#5310 = DIRECTION ( 'NONE',  ( 0.3771843854586257594, 0.9261381858913920739, 0.000000000000000000 ) ) ;
#5311 = LINE ( 'NONE', #7157, #3259 ) ;
#5312 = ORIENTED_EDGE ( 'NONE', *, *, #7529, .T. ) ;
#5313 = CARTESIAN_POINT ( 'NONE',  ( 12.37500000000000000, 31.31400000000000006, -6.049999999999999822 ) ) ;
#5314 = CARTESIAN_POINT ( 'NONE',  ( 12.37500000000000000, 33.04999999999999716, -6.049999999999999822 ) ) ;
#5315 = CARTESIAN_POINT ( 'NONE',  ( 3.799999999999998934, 38.22299999999999898, -6.049999999999999822 ) ) ;
#5316 = EDGE_CURVE ( 'NONE', #3870, #3328, #2241, .T. ) ;
#5317 = VECTOR ( 'NONE', #7291, 1000.000000000000000 ) ;
#5318 = ORIENTED_EDGE ( 'NONE', *, *, #2653, .T. ) ;
#5319 = CARTESIAN_POINT ( 'NONE',  ( 9.803666666666664753, 38.65311111111110876, -6.349999999999999645 ) ) ;
#5320 = ORIENTED_EDGE ( 'NONE', *, *, #1492, .T. ) ;
#5321 = AXIS2_PLACEMENT_3D ( 'NONE', #4098, #7005, #354 ) ;
#5322 = DIRECTION ( 'NONE',  ( -0.3552275371410975602, -0.9347798654531825902, 0.000000000000000000 ) ) ;
#5323 = EDGE_CURVE ( 'NONE', #4320, #3603, #6449, .T. ) ;
#5324 = DIRECTION ( 'NONE',  ( 0.000000000000000000, 0.000000000000000000, -1.000000000000000000 ) ) ;
#5325 = ORIENTED_EDGE ( 'NONE', *, *, #3070, .F. ) ;
#5326 = DIRECTION ( 'NONE',  ( -0.8732096109060311084, -0.4873448218882989180, 0.000000000000000000 ) ) ;
#5327 = ADVANCED_FACE ( 'NONE', ( #5107 ), #3469, .T. ) ;
#5328 = DIRECTION ( 'NONE',  ( -0.2904207250249843386, 0.9568990555309176971, 0.000000000000000000 ) ) ;
#5329 = EDGE_CURVE ( 'NONE', #311, #6181, #2290, .T. ) ;
#5330 = DIRECTION ( 'NONE',  ( 0.9083911110503840591, 0.4181215007203631928, 0.000000000000000000 ) ) ;
#5331 = LINE ( 'NONE', #1200, #128 ) ;
#5332 = VERTEX_POINT ( 'NONE', #2131 ) ;
#5333 = ORIENTED_EDGE ( 'NONE', *, *, #5399, .T. ) ;
#5334 = EDGE_LOOP ( 'NONE', ( #1205, #2484, #5844, #7654 ) ) ;
#5335 = CARTESIAN_POINT ( 'NONE',  ( 18.08350000000000080, 31.80750000000000099, -6.049999999999999822 ) ) ;
#5336 = ORIENTED_EDGE ( 'NONE', *, *, #1717, .F. ) ;
#5337 = DIRECTION ( 'NONE',  ( 0.000000000000000000, 0.000000000000000000, 1.000000000000000000 ) ) ;
#5338 = PLANE ( 'NONE',  #6916 ) ;
#5339 = ORIENTED_EDGE ( 'NONE', *, *, #281, .F. ) ;
#5340 = CARTESIAN_POINT ( 'NONE',  ( 12.37500000000000000, 33.04999999999999716, -6.349999999999999645 ) ) ;
#5341 = ORIENTED_EDGE ( 'NONE', *, *, #6947, .T. ) ;
#5342 = VERTEX_POINT ( 'NONE', #2872 ) ;
#5343 = CARTESIAN_POINT ( 'NONE',  ( 6.452999999999999403, 28.62599999999999767, -6.049999999999999822 ) ) ;
#5344 = DIRECTION ( 'NONE',  ( 0.8431236524208980398, 0.5377197287885621124, 0.000000000000000000 ) ) ;
#5345 = VERTEX_POINT ( 'NONE', #5267 ) ;
#5346 = FACE_OUTER_BOUND ( 'NONE', #2060, .T. ) ;
#5347 = CARTESIAN_POINT ( 'NONE',  ( 17.52194444444444343, 29.11949999999999861, -6.049999999999999822 ) ) ;
#5348 = CARTESIAN_POINT ( 'NONE',  ( 17.10000000000000142, 16.80000000000000071, 3.650000000000000355 ) ) ;
#5349 = VERTEX_POINT ( 'NONE', #7670 ) ;
#5350 = DIRECTION ( 'NONE',  ( 0.000000000000000000, 0.000000000000000000, -1.000000000000000000 ) ) ;
#5351 = DIRECTION ( 'NONE',  ( 0.000000000000000000, -1.000000000000000000, 0.000000000000000000 ) ) ;
#5352 = CARTESIAN_POINT ( 'NONE',  ( 4.293694444444444258, 32.32433333333333536, -6.349999999999999645 ) ) ;
#5353 = ORIENTED_EDGE ( 'NONE', *, *, #4420, .T. ) ;
#5354 = EDGE_CURVE ( 'NONE', #6112, #2566, #2800, .T. ) ;
#5355 = PLANE ( 'NONE',  #1267 ) ;
#5356 = DIRECTION ( 'NONE',  ( -0.000000000000000000, 0.000000000000000000, 1.000000000000000000 ) ) ;
#5357 = ORIENTED_EDGE ( 'NONE', *, *, #5268, .F. ) ;
#5358 = EDGE_CURVE ( 'NONE', #2880, #4158, #6409, .T. ) ;
#5359 = CARTESIAN_POINT ( 'NONE',  ( 25.62950000000000017, 38.37700000000000244, -6.049999999999999822 ) ) ;
#5360 = CARTESIAN_POINT ( 'NONE',  ( 24.22366666666666646, 39.07777777777778283, -6.349999999999999645 ) ) ;
#5361 = CARTESIAN_POINT ( 'NONE',  ( 7.222999999999999865, 39.35000000000000142, -6.349999999999999645 ) ) ;
#5362 = CARTESIAN_POINT ( 'NONE',  ( 23.27322222222222337, 30.31688888888889011, -6.349999999999999645 ) ) ;
#5363 = ORIENTED_EDGE ( 'NONE', *, *, #2174, .F. ) ;
#5364 = ORIENTED_EDGE ( 'NONE', *, *, #4639, .T. ) ;
#5365 = EDGE_CURVE ( 'NONE', #7767, #1490, #7080, .T. ) ;
#5366 = EDGE_CURVE ( 'NONE', #2503, #3261, #344, .T. ) ;
#5367 = ADVANCED_FACE ( 'NONE', ( #6931 ), #1549, .T. ) ;
#5368 = VERTEX_POINT ( 'NONE', #983 ) ;
#5369 = CARTESIAN_POINT ( 'NONE',  ( 8.532000000000000028, 37.25000000000000000, -6.049999999999999822 ) ) ;
#5370 = VERTEX_POINT ( 'NONE', #3388 ) ;
#5371 = CARTESIAN_POINT ( 'NONE',  ( 2.116111111111109722, 30.59688888888888769, -6.349999999999999645 ) ) ;
#5372 = LINE ( 'NONE', #1846, #2148 ) ;
#5373 = FACE_OUTER_BOUND ( 'NONE', #3612, .T. ) ;
#5374 = CARTESIAN_POINT ( 'NONE',  ( 12.37500000000000000, 33.04999999999999716, -6.049999999999999822 ) ) ;
#5375 = VECTOR ( 'NONE', #7316, 1000.000000000000000 ) ;
#5376 = EDGE_LOOP ( 'NONE', ( #7222, #3138, #5853, #1387 ) ) ;
#5377 = ORIENTED_EDGE ( 'NONE', *, *, #568, .F. ) ;
#5379 = LINE ( 'NONE', #5928, #2388 ) ;
#5378 = CIRCLE ( 'NONE', #1624, 2.749999999999999112 ) ;
#5380 = DIRECTION ( 'NONE',  ( 0.6030552806673434851, 0.7976993973040419350, 0.000000000000000000 ) ) ;
#5381 = VECTOR ( 'NONE', #5879, 1000.000000000000000 ) ;
#5382 = EDGE_LOOP ( 'NONE', ( #5377, #8, #1947, #6220 ) ) ;
#5383 = PLANE ( 'NONE',  #4121 ) ;
#5384 = DIRECTION ( 'NONE',  ( 0.000000000000000000, 0.000000000000000000, -1.000000000000000000 ) ) ;
#5385 = DIRECTION ( 'NONE',  ( -0.8744581886233551149, 0.4851008929589396002, -0.000000000000000000 ) ) ;
#5386 = VECTOR ( 'NONE', #6880, 1000.000000000000000 ) ;
#5387 = EDGE_CURVE ( 'NONE', #2460, #3964, #2442, .T. ) ;
#5388 = VECTOR ( 'NONE', #2055, 1000.000000000000000 ) ;
#5389 = LINE ( 'NONE', #6648, #3756 ) ;
#5390 = CARTESIAN_POINT ( 'NONE',  ( 1.799652777777776436, 30.75643055555555350, -6.049999999999999822 ) ) ;
#5391 = VECTOR ( 'NONE', #3909, 1000.000000000000000 ) ;
#5392 = LINE ( 'NONE', #644, #7077 ) ;
#5393 = VECTOR ( 'NONE', #4113, 1000.000000000000114 ) ;
#5394 = VECTOR ( 'NONE', #5103, 1000.000000000000000 ) ;
#5395 = VERTEX_POINT ( 'NONE', #1300 ) ;
#5396 = CARTESIAN_POINT ( 'NONE',  ( 1.381499999999999062, 34.75450000000000017, -6.349999999999999645 ) ) ;
#5397 = AXIS2_PLACEMENT_3D ( 'NONE', #4236, #5996, #663 ) ;
#5398 = AXIS2_PLACEMENT_3D ( 'NONE', #3836, #6219, #1510 ) ;
#5399 = EDGE_CURVE ( 'NONE', #1807, #4230, #6086, .T. ) ;
#5400 = DIRECTION ( 'NONE',  ( 0.000000000000000000, 0.000000000000000000, -1.000000000000000000 ) ) ;
#5401 = DIRECTION ( 'NONE',  ( 0.000000000000000000, 0.000000000000000000, -1.000000000000000000 ) ) ;
#5402 = ORIENTED_EDGE ( 'NONE', *, *, #5365, .T. ) ;
#5403 = LINE ( 'NONE', #6584, #609 ) ;
#5404 = VECTOR ( 'NONE', #815, 1000.000000000000114 ) ;
#5405 = CARTESIAN_POINT ( 'NONE',  ( 20.53233333333333377, 33.27088888888889073, -6.049999999999999822 ) ) ;
#5406 = AXIS2_PLACEMENT_3D ( 'NONE', #6235, #3256, #5644 ) ;
#5407 = CARTESIAN_POINT ( 'NONE',  ( 27.11700000000000088, 40.82000000000000028, -6.049999999999999822 ) ) ;
#5408 = LINE ( 'NONE', #22, #607 ) ;
#5409 = EDGE_LOOP ( 'NONE', ( #859, #7303, #5133, #6651 ) ) ;
#5410 = VERTEX_POINT ( 'NONE', #4288 ) ;
#5411 = EDGE_CURVE ( 'NONE', #5332, #3563, #4173, .T. ) ;
#5412 = VECTOR ( 'NONE', #3809, 1000.000000000000000 ) ;
#5413 = ORIENTED_EDGE ( 'NONE', *, *, #5254, .T. ) ;
#5414 = CARTESIAN_POINT ( 'NONE',  ( 24.64600000000000080, 31.81799999999999784, -6.349999999999999645 ) ) ;
#5415 = ORIENTED_EDGE ( 'NONE', *, *, #1393, .T. ) ;
#5416 = CARTESIAN_POINT ( 'NONE',  ( 4.660999999999999588, 40.13400000000000034, -6.049999999999999822 ) ) ;
#5417 = CARTESIAN_POINT ( 'NONE',  ( 23.71188888888888968, 32.39977777777777845, -6.049999999999999822 ) ) ;
#5418 = DIRECTION ( 'NONE',  ( -0.8202628033231394999, 0.5719868298173171883, 0.000000000000000000 ) ) ;
#5419 = CARTESIAN_POINT ( 'NONE',  ( 15.67500000000000071, 16.80000000000000071, 6.425000000000000711 ) ) ;
#5420 = ORIENTED_EDGE ( 'NONE', *, *, #1352, .F. ) ;
#5421 = EDGE_CURVE ( 'NONE', #3239, #2827, #7198, .T. ) ;
#5422 = ORIENTED_EDGE ( 'NONE', *, *, #3405, .T. ) ;
#5423 = PLANE ( 'NONE',  #5651 ) ;
#5424 = CARTESIAN_POINT ( 'NONE',  ( 12.22100000000000009, 42.14999999999999858, -6.049999999999999822 ) ) ;
#5425 = ORIENTED_EDGE ( 'NONE', *, *, #470, .F. ) ;
#5426 = DIRECTION ( 'NONE',  ( 1.000000000000000000, 0.000000000000000000, 0.000000000000000000 ) ) ;
#5427 = PLANE ( 'NONE',  #2262 ) ;
#5428 = CARTESIAN_POINT ( 'NONE',  ( 17.52194444444444343, 29.11949999999999861, -6.349999999999999645 ) ) ;
#5429 = EDGE_CURVE ( 'NONE', #1301, #2671, #3587, .T. ) ;
#5430 = ADVANCED_FACE ( 'NONE', ( #5929 ), #2358, .T. ) ;
#5431 = ORIENTED_EDGE ( 'NONE', *, *, #7540, .F. ) ;
#5432 = CARTESIAN_POINT ( 'NONE',  ( 20.44833333333333414, 33.49022222222222211, -6.349999999999999645 ) ) ;
#5433 = LINE ( 'NONE', #3678, #2141 ) ;
#5434 = VERTEX_POINT ( 'NONE', #4752 ) ;
#5435 = DIRECTION ( 'NONE',  ( -0.3414604030052200145, 0.9398961608494380560, 0.000000000000000000 ) ) ;
#5436 = ORIENTED_EDGE ( 'NONE', *, *, #1097, .T. ) ;
#5437 = CARTESIAN_POINT ( 'NONE',  ( 3.573666666666668323, 38.84600000000000364, -6.049999999999999822 ) ) ;
#5438 = CARTESIAN_POINT ( 'NONE',  ( 2.389111111111109853, 37.39622222222222092, -6.049999999999999822 ) ) ;
#5439 = VECTOR ( 'NONE', #810, 1000.000000000000114 ) ;
#5440 = CARTESIAN_POINT ( 'NONE',  ( 17.10000000000000142, 20.39999999999999858, 3.650000000000000355 ) ) ;
#5441 = ORIENTED_EDGE ( 'NONE', *, *, #7461, .T. ) ;
#5442 = CARTESIAN_POINT ( 'NONE',  ( 7.856888888888887479, 38.25177777777778232, -6.049999999999999822 ) ) ;
#5443 = DIRECTION ( 'NONE',  ( 1.000000000000000000, 0.000000000000000000, 0.000000000000000000 ) ) ;
#5444 = CARTESIAN_POINT ( 'NONE',  ( 28.19811111111111046, 29.15800000000000480, -6.349999999999999645 ) ) ;
#5445 = CARTESIAN_POINT ( 'NONE',  ( 19.87900000000000134, 38.07600000000000051, -6.049999999999999822 ) ) ;
#5446 = VECTOR ( 'NONE', #6018, 1000.000000000000114 ) ;
#5447 = ORIENTED_EDGE ( 'NONE', *, *, #3080, .T. ) ;
#5448 = ORIENTED_EDGE ( 'NONE', *, *, #430, .F. ) ;
#5449 = DIRECTION ( 'NONE',  ( -0.8865077266630938535, -0.4627137890387891805, 0.000000000000000000 ) ) ;
#5450 = ORIENTED_EDGE ( 'NONE', *, *, #4513, .T. ) ;
#5451 = PLANE ( 'NONE',  #1745 ) ;
#5452 = CARTESIAN_POINT ( 'NONE',  ( 20.00499999999999901, 35.51400000000000290, -6.349999999999999645 ) ) ;
#5453 = CARTESIAN_POINT ( 'NONE',  ( 25.59411111111111126, 36.06700000000000017, -6.049999999999999822 ) ) ;
#5454 = DIRECTION ( 'NONE',  ( 0.000000000000000000, 0.000000000000000000, -1.000000000000000000 ) ) ;
#5455 = EDGE_CURVE ( 'NONE', #7116, #6112, #5311, .T. ) ;
#5456 = EDGE_LOOP ( 'NONE', ( #2184, #7239, #4336, #1151 ) ) ;
#5457 = ORIENTED_EDGE ( 'NONE', *, *, #2882, .T. ) ;
#5458 = LINE ( 'NONE', #1142, #1009 ) ;
#5459 = LINE ( 'NONE', #3549, #238 ) ;
#5460 = ORIENTED_EDGE ( 'NONE', *, *, #3292, .F. ) ;
#5461 = FACE_OUTER_BOUND ( 'NONE', #357, .T. ) ;
#5462 = DIRECTION ( 'NONE',  ( 0.4936943036324172862, -0.8696355182264018380, -0.000000000000000000 ) ) ;
#5463 = CARTESIAN_POINT ( 'NONE',  ( 1.091874999999999929, 31.72787500000000094, -6.349999999999999645 ) ) ;
#5464 = EDGE_CURVE ( 'NONE', #6686, #4706, #5963, .T. ) ;
#5465 = ORIENTED_EDGE ( 'NONE', *, *, #4111, .F. ) ;
#5466 = EDGE_CURVE ( 'NONE', #3176, #2024, #37, .T. ) ;
#5467 = EDGE_CURVE ( 'NONE', #2827, #2634, #584, .T. ) ;
#5468 = VERTEX_POINT ( 'NONE', #2992 ) ;
#5469 = LINE ( 'NONE', #4724, #1371 ) ;
#5470 = EDGE_CURVE ( 'NONE', #6058, #6238, #7115, .T. ) ;
#5471 = LINE ( 'NONE', #3560, #7768 ) ;
#5472 = ORIENTED_EDGE ( 'NONE', *, *, #6233, .T. ) ;
#5473 = DIRECTION ( 'NONE',  ( -0.3917904157621945882, -0.9200544930148901734, 0.000000000000000000 ) ) ;
#5474 = EDGE_LOOP ( 'NONE', ( #1758, #5091, #5282, #6743 ) ) ;
#5475 = LINE ( 'NONE', #86, #3528 ) ;
#5476 = PLANE ( 'NONE',  #3942 ) ;
#5477 = EDGE_LOOP ( 'NONE', ( #6974, #7029, #3579, #328 ) ) ;
#5478 = CARTESIAN_POINT ( 'NONE',  ( 12.04833333333333201, 41.75488888888889250, -6.049999999999999822 ) ) ;
#5479 = PLANE ( 'NONE',  #6797 ) ;
#5480 = CARTESIAN_POINT ( 'NONE',  ( 2.922666666666668078, 32.64555555555555344, -6.049999999999999822 ) ) ;
#5481 = DIRECTION ( 'NONE',  ( 0.6392615198566296009, 0.7689894077492823721, -0.000000000000000000 ) ) ;
#5482 = EDGE_LOOP ( 'NONE', ( #2955, #4726, #4286, #6820 ) ) ;
#5483 = EDGE_CURVE ( 'NONE', #5147, #1502, #4831, .T. ) ;
#5484 = ORIENTED_EDGE ( 'NONE', *, *, #3948, .T. ) ;
#5485 = CARTESIAN_POINT ( 'NONE',  ( 0.9369999999999993889, 32.75600000000000023, -6.049999999999999822 ) ) ;
#5486 = ORIENTED_EDGE ( 'NONE', *, *, #7723, .F. ) ;
#5487 = DIRECTION ( 'NONE',  ( 0.8431505479529863845, 0.5376775553122696838, 0.000000000000000000 ) ) ;
#5488 = CARTESIAN_POINT ( 'NONE',  ( 24.22366666666666646, 39.07777777777778283, -6.049999999999999822 ) ) ;
#5489 = CARTESIAN_POINT ( 'NONE',  ( 4.266666666666662167, 37.01899999999999835, -6.349999999999999645 ) ) ;
#5490 = DIRECTION ( 'NONE',  ( 0.000000000000000000, 0.000000000000000000, -1.000000000000000000 ) ) ;
#5491 = ORIENTED_EDGE ( 'NONE', *, *, #4420, .F. ) ;
#5492 = EDGE_CURVE ( 'NONE', #3588, #7252, #7790, .T. ) ;
#5493 = VERTEX_POINT ( 'NONE', #4795 ) ;
#5494 = DIRECTION ( 'NONE',  ( 0.9282521614499533724, 0.3719515086183811658, 0.000000000000000000 ) ) ;
#5495 = CARTESIAN_POINT ( 'NONE',  ( 20.44833333333333414, 33.49022222222222211, -6.349999999999999645 ) ) ;
#5496 = ORIENTED_EDGE ( 'NONE', *, *, #4354, .F. ) ;
#5497 = PLANE ( 'NONE',  #5242 ) ;
#5498 = LINE ( 'NONE', #1217, #5 ) ;
#5499 = VECTOR ( 'NONE', #707, 1000.000000000000114 ) ;
#5500 = DIRECTION ( 'NONE',  ( 0.000000000000000000, 0.000000000000000000, 1.000000000000000000 ) ) ;
#5501 = ORIENTED_EDGE ( 'NONE', *, *, #6818, .T. ) ;
#5502 = VECTOR ( 'NONE', #2311, 1000.000000000000000 ) ;
#5503 = AXIS2_PLACEMENT_3D ( 'NONE', #4521, #338, #7030 ) ;
#5504 = EDGE_CURVE ( 'NONE', #422, #2196, #6600, .T. ) ;
#5505 = VERTEX_POINT ( 'NONE', #1731 ) ;
#5506 = LINE ( 'NONE', #164, #3016 ) ;
#5507 = LINE ( 'NONE', #717, #6381 ) ;
#5508 = VERTEX_POINT ( 'NONE', #1817 ) ;
#5509 = CARTESIAN_POINT ( 'NONE',  ( 14.32499999999999929, 20.39999999999999858, 6.425000000000000711 ) ) ;
#5510 = ORIENTED_EDGE ( 'NONE', *, *, #23, .F. ) ;
#5511 = VECTOR ( 'NONE', #549, 1000.000000000000000 ) ;
#5512 = LINE ( 'NONE', #3753, #2530 ) ;
#5513 = AXIS2_PLACEMENT_3D ( 'NONE', #4152, #1162, #55 ) ;
#5514 = EDGE_CURVE ( 'NONE', #4320, #7066, #1214, .T. ) ;
#5515 = EDGE_CURVE ( 'NONE', #83, #6181, #1852, .T. ) ;
#5516 = ADVANCED_FACE ( 'NONE', ( #6638 ), #1259, .F. ) ;
#5517 = VECTOR ( 'NONE', #7396, 1000.000000000000000 ) ;
#5518 = EDGE_CURVE ( 'NONE', #7329, #4994, #5459, .T. ) ;
#5519 = AXIS2_PLACEMENT_3D ( 'NONE', #98, #7305, #6709 ) ;
#5520 = VECTOR ( 'NONE', #6631, 1000.000000000000000 ) ;
#5521 = CARTESIAN_POINT ( 'NONE',  ( 29.00699999999999790, 35.51400000000000290, -6.049999999999999822 ) ) ;
#5522 = ORIENTED_EDGE ( 'NONE', *, *, #142, .T. ) ;
#5523 = DIRECTION ( 'NONE',  ( -0.3581699193805624737, 0.9336564190594534018, 0.000000000000000000 ) ) ;
#5524 = CARTESIAN_POINT ( 'NONE',  ( 13.23463888888888995, 37.46155555555555594, -6.349999999999999645 ) ) ;
#5525 = PLANE ( 'NONE',  #7044 ) ;
#5526 = FACE_OUTER_BOUND ( 'NONE', #6392, .T. ) ;
#5527 = ADVANCED_FACE ( 'NONE', ( #3737 ), #6120, .T. ) ;
#5528 = VECTOR ( 'NONE', #5738, 999.9999999999998863 ) ;
#5529 = VECTOR ( 'NONE', #4295, 1000.000000000000000 ) ;
#5530 = ORIENTED_EDGE ( 'NONE', *, *, #6851, .T. ) ;
#5531 = VECTOR ( 'NONE', #766, 999.9999999999998863 ) ;
#5532 = VERTEX_POINT ( 'NONE', #1377 ) ;
#5533 = VECTOR ( 'NONE', #5957, 1000.000000000000000 ) ;
#5534 = CARTESIAN_POINT ( 'NONE',  ( 16.72899999999999920, 28.61200000000000188, -6.049999999999999822 ) ) ;
#5535 = ORIENTED_EDGE ( 'NONE', *, *, #5429, .F. ) ;
#5536 = CARTESIAN_POINT ( 'NONE',  ( 3.880111111111111288, 32.27533333333333587, -6.049999999999999822 ) ) ;
#5537 = DIRECTION ( 'NONE',  ( 0.8827467590792439367, 0.4698490814454055475, 0.000000000000000000 ) ) ;
#5538 = CARTESIAN_POINT ( 'NONE',  ( 14.13899999999999935, 34.61800000000000210, -6.349999999999999645 ) ) ;
#5539 = CARTESIAN_POINT ( 'NONE',  ( 6.800000000000000711, 21.10000000000000142, 12.52500000000000036 ) ) ;
#5540 = AXIS2_PLACEMENT_3D ( 'NONE', #5233, #2097, #1553 ) ;
#5541 = VECTOR ( 'NONE', #448, 1000.000000000000000 ) ;
#5542 = ORIENTED_EDGE ( 'NONE', *, *, #1057, .F. ) ;
#5543 = CARTESIAN_POINT ( 'NONE',  ( 22.65099999999999980, 33.69400000000000261, -6.049999999999999822 ) ) ;
#5544 = PLANE ( 'NONE',  #5642 ) ;
#5545 = PLANE ( 'NONE',  #4632 ) ;
#5546 = ORIENTED_EDGE ( 'NONE', *, *, #6553, .T. ) ;
#5547 = DIRECTION ( 'NONE',  ( 0.000000000000000000, 0.000000000000000000, -1.000000000000000000 ) ) ;
#5548 = CARTESIAN_POINT ( 'NONE',  ( 28.41900000000000048, 29.46950000000000003, -6.349999999999999645 ) ) ;
#5549 = LINE ( 'NONE', #7502, #111 ) ;
#5550 = ORIENTED_EDGE ( 'NONE', *, *, #7586, .T. ) ;
#5551 = EDGE_LOOP ( 'NONE', ( #4665, #303, #2961, #3711 ) ) ;
#5552 = DIRECTION ( 'NONE',  ( 0.000000000000000000, 0.000000000000000000, -1.000000000000000000 ) ) ;
#5553 = CARTESIAN_POINT ( 'NONE',  ( 14.44699999999999918, 39.35000000000000142, -6.049999999999999822 ) ) ;
#5554 = ORIENTED_EDGE ( 'NONE', *, *, #6762, .T. ) ;
#5555 = CARTESIAN_POINT ( 'NONE',  ( 8.019249999999999545, 38.00600000000000023, -6.049999999999999822 ) ) ;
#5556 = FACE_OUTER_BOUND ( 'NONE', #5305, .T. ) ;
#5557 = ORIENTED_EDGE ( 'NONE', *, *, #5741, .F. ) ;
#5558 = LINE ( 'NONE', #2067, #7539 ) ;
#5559 = ADVANCED_FACE ( 'NONE', ( #7465 ), #5545, .T. ) ;
#5560 = DIRECTION ( 'NONE',  ( -0.8724868013634567987, -0.4886376791105694894, 0.000000000000000000 ) ) ;
#5561 = ORIENTED_EDGE ( 'NONE', *, *, #3940, .T. ) ;
#5562 = DIRECTION ( 'NONE',  ( 0.8376922784813052303, 0.5461425148922204320, 0.000000000000000000 ) ) ;
#5563 = LINE ( 'NONE', #177, #6166 ) ;
#5564 = PLANE ( 'NONE',  #4658 ) ;
#5565 = EDGE_CURVE ( 'NONE', #5952, #1211, #2005, .T. ) ;
#5566 = ORIENTED_EDGE ( 'NONE', *, *, #5421, .T. ) ;
#5568 = VERTEX_POINT ( 'NONE', #1461 ) ;
#5567 = EDGE_CURVE ( 'NONE', #4174, #6853, #6752, .T. ) ;
#5569 = EDGE_CURVE ( 'NONE', #1840, #6495, #3860, .T. ) ;
#5570 = CARTESIAN_POINT ( 'NONE',  ( 3.505319444444443988, 30.34343055555555679, -6.349999999999999645 ) ) ;
#5571 = ORIENTED_EDGE ( 'NONE', *, *, #5663, .T. ) ;
#5572 = CARTESIAN_POINT ( 'NONE',  ( 12.90000000000000036, 20.39999999999999858, 3.650000000000000355 ) ) ;
#5573 = CARTESIAN_POINT ( 'NONE',  ( 2.714999999999999858, 36.60600000000000165, -6.049999999999999822 ) ) ;
#5574 = CARTESIAN_POINT ( 'NONE',  ( 19.16150000000000020, 30.09950000000000259, -6.049999999999999822 ) ) ;
#5575 = DIRECTION ( 'NONE',  ( -1.000000000000000000, -0.000000000000000000, -0.000000000000000000 ) ) ;
#5576 = ORIENTED_EDGE ( 'NONE', *, *, #7685, .T. ) ;
#5577 = CARTESIAN_POINT ( 'NONE',  ( 0.9863888888888895368, 33.43849999999999767, -6.049999999999999822 ) ) ;
#5578 = CARTESIAN_POINT ( 'NONE',  ( 3.775694444444441800, 32.26833333333333087, -6.049999999999999822 ) ) ;
#5579 = DIRECTION ( 'NONE',  ( 0.8378909730347408047, 0.5458376290682928067, 0.000000000000000000 ) ) ;
#5580 = ORIENTED_EDGE ( 'NONE', *, *, #7770, .T. ) ;
#5581 = CARTESIAN_POINT ( 'NONE',  ( 3.042249999999999233, 32.47950000000000159, -6.349999999999999645 ) ) ;
#5582 = CARTESIAN_POINT ( 'NONE',  ( 2.850916666666664767, 32.85905555555555679, -6.049999999999999822 ) ) ;
#5583 = FACE_OUTER_BOUND ( 'NONE', #475, .T. ) ;
#5584 = VERTEX_POINT ( 'NONE', #2085 ) ;
#5585 = ORIENTED_EDGE ( 'NONE', *, *, #1152, .F. ) ;
#5586 = FACE_OUTER_BOUND ( 'NONE', #4217, .T. ) ;
#5587 = LINE ( 'NONE', #7397, #4134 ) ;
#5588 = VERTEX_POINT ( 'NONE', #705 ) ;
#5589 = FACE_OUTER_BOUND ( 'NONE', #4987, .T. ) ;
#5590 = CARTESIAN_POINT ( 'NONE',  ( 7.222999999999999865, 40.91800000000000637, -6.049999999999999822 ) ) ;
#5591 = VERTEX_POINT ( 'NONE', #274 ) ;
#5592 = CARTESIAN_POINT ( 'NONE',  ( 19.79500000000000171, 40.73288888888888692, -6.349999999999999645 ) ) ;
#5593 = EDGE_CURVE ( 'NONE', #2082, #1220, #3232, .T. ) ;
#5594 = CARTESIAN_POINT ( 'NONE',  ( 29.06300000000000239, 30.33399999999999963, -6.349999999999999645 ) ) ;
#5595 = EDGE_LOOP ( 'NONE', ( #5364, #7350, #4520, #3986 ) ) ;
#5596 = CARTESIAN_POINT ( 'NONE',  ( 9.690305555555553951, 41.20305555555556509, -6.349999999999999645 ) ) ;
#5597 = CARTESIAN_POINT ( 'NONE',  ( 19.92100000000000293, 37.03222222222222371, -6.049999999999999822 ) ) ;
#5598 = CARTESIAN_POINT ( 'NONE',  ( 19.92100000000000293, 37.03222222222222371, -6.049999999999999822 ) ) ;
#5599 = ORIENTED_EDGE ( 'NONE', *, *, #5043, .T. ) ;
#5600 = EDGE_CURVE ( 'NONE', #4262, #2627, #4324, .T. ) ;
#5601 = VERTEX_POINT ( 'NONE', #7430 ) ;
#5602 = LINE ( 'NONE', #3851, #1385 ) ;
#5603 = ORIENTED_EDGE ( 'NONE', *, *, #2741, .T. ) ;
#5604 = CARTESIAN_POINT ( 'NONE',  ( 11.88499999999999623, 41.34422222222222132, -6.049999999999999822 ) ) ;
#5605 = CARTESIAN_POINT ( 'NONE',  ( 9.772555555555557660, 41.47955555555555662, -6.049999999999999822 ) ) ;
#5606 = DIRECTION ( 'NONE',  ( 0.000000000000000000, -1.000000000000000000, 0.000000000000000000 ) ) ;
#5607 = DIRECTION ( 'NONE',  ( -0.8263533999570352728, -0.5631518963649577714, 0.000000000000000000 ) ) ;
#5608 = EDGE_CURVE ( 'NONE', #5505, #2350, #5656, .T. ) ;
#5609 = EDGE_CURVE ( 'NONE', #3963, #580, #4480, .T. ) ;
#5610 = VERTEX_POINT ( 'NONE', #5029 ) ;
#5611 = EDGE_CURVE ( 'NONE', #3963, #385, #1336, .T. ) ;
#5612 = CARTESIAN_POINT ( 'NONE',  ( 26.10900000000000531, 42.23400000000000176, -6.049999999999999822 ) ) ;
#5613 = CARTESIAN_POINT ( 'NONE',  ( 20.41333333333333400, 33.59405555555555623, -6.349999999999999645 ) ) ;
#5614 = DIRECTION ( 'NONE',  ( 0.000000000000000000, 0.000000000000000000, -1.000000000000000000 ) ) ;
#5615 = ORIENTED_EDGE ( 'NONE', *, *, #7759, .F. ) ;
#5616 = LINE ( 'NONE', #5658, #1491 ) ;
#5617 = DIRECTION ( 'NONE',  ( 0.000000000000000000, 0.000000000000000000, -1.000000000000000000 ) ) ;
#5618 = LINE ( 'NONE', #1501, #2006 ) ;
#5619 = VERTEX_POINT ( 'NONE', #3266 ) ;
#5620 = ORIENTED_EDGE ( 'NONE', *, *, #5081, .F. ) ;
#5621 = CARTESIAN_POINT ( 'NONE',  ( 9.309000000000001052, 29.74599999999999866, -6.349999999999999645 ) ) ;
#5622 = PLANE ( 'NONE',  #2502 ) ;
#5623 = EDGE_LOOP ( 'NONE', ( #4044, #4045, #7499, #6803, #5000, #1247, #2949, #7783, #6872, #1027, #5814, #6682, #915, #7635 ) ) ;
#5624 = LINE ( 'NONE', #6847, #6494 ) ;
#5625 = PLANE ( 'NONE',  #5398 ) ;
#5626 = ORIENTED_EDGE ( 'NONE', *, *, #417, .T. ) ;
#5627 = ADVANCED_FACE ( 'NONE', ( #3899 ), #7349, .T. ) ;
#5628 = PLANE ( 'NONE',  #138 ) ;
#5629 = VECTOR ( 'NONE', #3862, 1000.000000000000000 ) ;
#5630 = DIRECTION ( 'NONE',  ( 0.4698490814454055475, -0.8827467590792438257, -0.000000000000000000 ) ) ;
#5631 = VECTOR ( 'NONE', #165, 1000.000000000000000 ) ;
#5632 = VECTOR ( 'NONE', #5127, 1000.000000000000000 ) ;
#5633 = VERTEX_POINT ( 'NONE', #794 ) ;
#5634 = CARTESIAN_POINT ( 'NONE',  ( 14.13899999999999935, 34.61800000000000210, -6.049999999999999822 ) ) ;
#5635 = CARTESIAN_POINT ( 'NONE',  ( 1.556499999999999773, 30.95349999999999824, -6.049999999999999822 ) ) ;
#5636 = ADVANCED_FACE ( 'NONE', ( #5066 ), #4405, .T. ) ;
#5637 = VECTOR ( 'NONE', #3602, 1000.000000000000000 ) ;
#5638 = VECTOR ( 'NONE', #310, 1000.000000000000114 ) ;
#5639 = EDGE_LOOP ( 'NONE', ( #7591, #2298, #783, #5204 ) ) ;
#5640 = LINE ( 'NONE', #2665, #2383 ) ;
#5641 = ORIENTED_EDGE ( 'NONE', *, *, #1924, .F. ) ;
#5642 = AXIS2_PLACEMENT_3D ( 'NONE', #3153, #5494, #6718 ) ;
#5643 = CARTESIAN_POINT ( 'NONE',  ( 19.96300000000000097, 36.17822222222222450, -6.049999999999999822 ) ) ;
#5644 = DIRECTION ( 'NONE',  ( 0.000000000000000000, -0.000000000000000000, 1.000000000000000000 ) ) ;
#5645 = VECTOR ( 'NONE', #2328, 1000.000000000000000 ) ;
#5646 = CARTESIAN_POINT ( 'NONE',  ( 9.690305555555553951, 41.20305555555556509, -6.049999999999999822 ) ) ;
#5647 = VECTOR ( 'NONE', #5924, 1000.000000000000227 ) ;
#5648 = DIRECTION ( 'NONE',  ( 0.000000000000000000, 0.000000000000000000, -1.000000000000000000 ) ) ;
#5649 = EDGE_CURVE ( 'NONE', #4937, #4845, #110, .T. ) ;
#5650 = ORIENTED_EDGE ( 'NONE', *, *, #996, .T. ) ;
#5651 = AXIS2_PLACEMENT_3D ( 'NONE', #36, #7233, #1851 ) ;
#5652 = VECTOR ( 'NONE', #2513, 1000.000000000000000 ) ;
#5653 = AXIS2_PLACEMENT_3D ( 'NONE', #1768, #5922, #7263 ) ;
#5654 = CARTESIAN_POINT ( 'NONE',  ( 2.116111111111109722, 30.59688888888888769, -6.049999999999999822 ) ) ;
#5655 = CARTESIAN_POINT ( 'NONE',  ( 27.97411111111111026, 28.83483333333333221, -6.049999999999999822 ) ) ;
#5656 = LINE ( 'NONE', #6243, #6138 ) ;
#5657 = VERTEX_POINT ( 'NONE', #2523 ) ;
#5658 = CARTESIAN_POINT ( 'NONE',  ( 17.20655555555555338, 31.34977777777777419, -6.049999999999999822 ) ) ;
#5659 = DIRECTION ( 'NONE',  ( -0.5161329872660541662, 0.8565084584846895943, 0.000000000000000000 ) ) ;
#5660 = CARTESIAN_POINT ( 'NONE',  ( 3.013666666666665606, 34.18555555555555259, -6.349999999999999645 ) ) ;
#5661 = VECTOR ( 'NONE', #2421, 1000.000000000000000 ) ;
#5662 = AXIS2_PLACEMENT_3D ( 'NONE', #6465, #5757, #5128 ) ;
#5663 = EDGE_CURVE ( 'NONE', #4906, #902, #2597, .T. ) ;
#5664 = ORIENTED_EDGE ( 'NONE', *, *, #648, .T. ) ;
#5665 = ORIENTED_EDGE ( 'NONE', *, *, #5466, .F. ) ;
#5666 = VECTOR ( 'NONE', #5745, 1000.000000000000000 ) ;
#5667 = CARTESIAN_POINT ( 'NONE',  ( 13.85530555555555488, 38.33888888888888857, -6.049999999999999822 ) ) ;
#5668 = DIRECTION ( 'NONE',  ( 0.2987493565993306621, 0.9543316100452117201, 0.000000000000000000 ) ) ;
#5669 = VERTEX_POINT ( 'NONE', #6802 ) ;
#5670 = FACE_OUTER_BOUND ( 'NONE', #5104, .T. ) ;
#5671 = EDGE_CURVE ( 'NONE', #7546, #4171, #1424, .T. ) ;
#5672 = DIRECTION ( 'NONE',  ( -1.000000000000000000, 0.000000000000000000, 0.000000000000000000 ) ) ;
#5673 = EDGE_CURVE ( 'NONE', #28, #3176, #7545, .T. ) ;
#5674 = DIRECTION ( 'NONE',  ( -0.9953943807462918292, -0.09586462735913688082, 0.000000000000000000 ) ) ;
#5675 = CARTESIAN_POINT ( 'NONE',  ( 9.989750000000000796, 38.30349999999999966, -6.049999999999999822 ) ) ;
#5676 = VERTEX_POINT ( 'NONE', #3935 ) ;
#5677 = CARTESIAN_POINT ( 'NONE',  ( 10.62500000000000000, 37.25000000000000000, -6.049999999999999822 ) ) ;
#5678 = CARTESIAN_POINT ( 'NONE',  ( 22.14699999999999847, 35.51400000000000290, -6.349999999999999645 ) ) ;
#5679 = VERTEX_POINT ( 'NONE', #3966 ) ;
#5680 = CARTESIAN_POINT ( 'NONE',  ( 7.545000000000000817, 34.61800000000000210, -6.349999999999999645 ) ) ;
#5681 = ORIENTED_EDGE ( 'NONE', *, *, #3811, .T. ) ;
#5682 = LINE ( 'NONE', #932, #4128 ) ;
#5683 = CARTESIAN_POINT ( 'NONE',  ( 27.97411111111111026, 28.83483333333333221, -6.349999999999999645 ) ) ;
#5684 = CARTESIAN_POINT ( 'NONE',  ( 21.85300000000000153, 42.34600000000000364, -6.049999999999999822 ) ) ;
#5685 = CARTESIAN_POINT ( 'NONE',  ( 15.00000000000000000, 21.10000000000000142, 4.325000000000000178 ) ) ;
#5686 = EDGE_LOOP ( 'NONE', ( #4197, #3893, #406, #6011, #4967, #7362, #2100, #850, #3676, #6316, #5827, #3726 ) ) ;
#5687 = LINE ( 'NONE', #4403, #2151 ) ;
#5688 = DIRECTION ( 'NONE',  ( -0.8791730145210678860, -0.4765026868108280800, 0.000000000000000000 ) ) ;
#5689 = CARTESIAN_POINT ( 'NONE',  ( 18.94722222222222285, 32.24111111111110972, -6.349999999999999645 ) ) ;
#5690 = ADVANCED_FACE ( 'NONE', ( #1023 ), #6952, .T. ) ;
#5691 = EDGE_LOOP ( 'NONE', ( #5135, #453, #5993, #2609 ) ) ;
#5692 = FACE_OUTER_BOUND ( 'NONE', #559, .T. ) ;
#5693 = VECTOR ( 'NONE', #6099, 1000.000000000000227 ) ;
#5694 = DIRECTION ( 'NONE',  ( 0.8414890274326330966, 0.5402742051129975076, 0.000000000000000000 ) ) ;
#5695 = PLANE ( 'NONE',  #6012 ) ;
#5696 = EDGE_CURVE ( 'NONE', #1153, #4577, #5099, .T. ) ;
#5697 = ORIENTED_EDGE ( 'NONE', *, *, #2412, .T. ) ;
#5698 = EDGE_LOOP ( 'NONE', ( #5336, #3100, #950, #416 ) ) ;
#5699 = LINE ( 'NONE', #314, #7022 ) ;
#5700 = DIRECTION ( 'NONE',  ( 0.000000000000000000, 1.000000000000000000, 0.000000000000000000 ) ) ;
#5701 = ADVANCED_FACE ( 'NONE', ( #5253 ), #7027, .T. ) ;
#5702 = ORIENTED_EDGE ( 'NONE', *, *, #6025, .F. ) ;
#5703 = CARTESIAN_POINT ( 'NONE',  ( 20.48799999999999955, 33.38250000000000028, -6.349999999999999645 ) ) ;
#5704 = CARTESIAN_POINT ( 'NONE',  ( 27.97411111111111026, 28.83483333333333221, -6.049999999999999822 ) ) ;
#5705 = DIRECTION ( 'NONE',  ( -1.000000000000000000, 0.000000000000000000, 0.000000000000000000 ) ) ;
#5706 = EDGE_CURVE ( 'NONE', #5190, #446, #4557, .T. ) ;
#5707 = EDGE_CURVE ( 'NONE', #3062, #1301, #3458, .T. ) ;
#5708 = EDGE_CURVE ( 'NONE', #2086, #6846, #7070, .T. ) ;
#5709 = EDGE_CURVE ( 'NONE', #2188, #78, #905, .T. ) ;
#5710 = DIRECTION ( 'NONE',  ( 0.8619205374735987579, 0.5070433779088556747, 0.000000000000000000 ) ) ;
#5711 = ORIENTED_EDGE ( 'NONE', *, *, #4895, .T. ) ;
#5712 = DIRECTION ( 'NONE',  ( 0.2904207250249843386, -0.9568990555309176971, 0.000000000000000000 ) ) ;
#5713 = CARTESIAN_POINT ( 'NONE',  ( 24.21199999999999974, 29.79850000000000065, -6.049999999999999822 ) ) ;
#5714 = ORIENTED_EDGE ( 'NONE', *, *, #7483, .F. ) ;
#5715 = VERTEX_POINT ( 'NONE', #2745 ) ;
#5716 = DIRECTION ( 'NONE',  ( 0.000000000000000000, 0.000000000000000000, 1.000000000000000000 ) ) ;
#5717 = ORIENTED_EDGE ( 'NONE', *, *, #1596, .T. ) ;
#5718 = CARTESIAN_POINT ( 'NONE',  ( 25.59411111111111126, 36.06700000000000017, -6.349999999999999645 ) ) ;
#5719 = PLANE ( 'NONE',  #647 ) ;
#5720 = DIRECTION ( 'NONE',  ( 0.000000000000000000, 0.000000000000000000, -1.000000000000000000 ) ) ;
#5721 = LINE ( 'NONE', #3962, #498 ) ;
#5722 = EDGE_CURVE ( 'NONE', #7791, #3820, #6356, .T. ) ;
#5723 = VERTEX_POINT ( 'NONE', #973 ) ;
#5724 = VERTEX_POINT ( 'NONE', #5138 ) ;
#5725 = LINE ( 'NONE', #5180, #3276 ) ;
#5726 = LINE ( 'NONE', #2860, #4258 ) ;
#5727 = ORIENTED_EDGE ( 'NONE', *, *, #4748, .F. ) ;
#5728 = CARTESIAN_POINT ( 'NONE',  ( 25.84922222222222388, 31.27977777777778101, -6.349999999999999645 ) ) ;
#5729 = FACE_OUTER_BOUND ( 'NONE', #5639, .T. ) ;
#5730 = PLANE ( 'NONE',  #1388 ) ;
#5731 = ORIENTED_EDGE ( 'NONE', *, *, #7647, .T. ) ;
#5732 = EDGE_CURVE ( 'NONE', #2291, #1692, #1538, .T. ) ;
#5733 = VERTEX_POINT ( 'NONE', #3375 ) ;
#5734 = CARTESIAN_POINT ( 'NONE',  ( 15.41300000000000203, 30.36200000000000188, -6.349999999999999645 ) ) ;
#5735 = DIRECTION ( 'NONE',  ( 0.000000000000000000, 0.000000000000000000, -1.000000000000000000 ) ) ;
#5736 = VERTEX_POINT ( 'NONE', #939 ) ;
#5737 = CARTESIAN_POINT ( 'NONE',  ( 7.222999999999999865, 39.35000000000000142, -6.049999999999999822 ) ) ;
#5738 = DIRECTION ( 'NONE',  ( 0.02949535821462538621, -0.9995649172734061283, 0.000000000000000000 ) ) ;
#5739 = LINE ( 'NONE', #6105, #7146 ) ;
#5740 = DIRECTION ( 'NONE',  ( -0.000000000000000000, -1.000000000000000000, -0.000000000000000000 ) ) ;
#5741 = EDGE_CURVE ( 'NONE', #5370, #346, #5768, .T. ) ;
#5742 = DIRECTION ( 'NONE',  ( 0.000000000000000000, 0.000000000000000000, -1.000000000000000000 ) ) ;
#5743 = ORIENTED_EDGE ( 'NONE', *, *, #4890, .F. ) ;
#5744 = EDGE_CURVE ( 'NONE', #3734, #4626, #4518, .T. ) ;
#5745 = DIRECTION ( 'NONE',  ( 0.4448156770586414455, -0.8956221376467100592, -0.000000000000000000 ) ) ;
#5746 = EDGE_CURVE ( 'NONE', #3122, #6942, #384, .T. ) ;
#5747 = CARTESIAN_POINT ( 'NONE',  ( 27.46699999999999875, 39.44800000000000040, -6.049999999999999822 ) ) ;
#5748 = VECTOR ( 'NONE', #3354, 1000.000000000000000 ) ;
#5749 = EDGE_CURVE ( 'NONE', #5493, #3076, #5726, .T. ) ;
#5750 = AXIS2_PLACEMENT_3D ( 'NONE', #4139, #557, #2417 ) ;
#5751 = AXIS2_PLACEMENT_3D ( 'NONE', #1133, #1206, #617 ) ;
#5752 = ORIENTED_EDGE ( 'NONE', *, *, #4181, .F. ) ;
#5753 = DIRECTION ( 'NONE',  ( -1.000000000000000000, -0.000000000000000000, -0.000000000000000000 ) ) ;
#5754 = ORIENTED_EDGE ( 'NONE', *, *, #3222, .F. ) ;
#5755 = DIRECTION ( 'NONE',  ( 0.000000000000000000, 0.000000000000000000, -1.000000000000000000 ) ) ;
#5756 = EDGE_CURVE ( 'NONE', #4820, #3964, #2791, .T. ) ;
#5757 = DIRECTION ( 'NONE',  ( 1.000000000000000000, -0.000000000000000000, 0.000000000000000000 ) ) ;
#5758 = EDGE_CURVE ( 'NONE', #6176, #508, #2823, .T. ) ;
#5759 = CARTESIAN_POINT ( 'NONE',  ( 2.092777777777776294, 38.12422222222222956, -6.049999999999999822 ) ) ;
#5760 = LINE ( 'NONE', #3339, #5139 ) ;
#5761 = VECTOR ( 'NONE', #7271, 1000.000000000000000 ) ;
#5762 = VECTOR ( 'NONE', #6643, 1000.000000000000114 ) ;
#5763 = ORIENTED_EDGE ( 'NONE', *, *, #1150, .F. ) ;
#5764 = VECTOR ( 'NONE', #2595, 1000.000000000000114 ) ;
#5765 = ORIENTED_EDGE ( 'NONE', *, *, #4714, .F. ) ;
#5767 = LINE ( 'NONE', #383, #3826 ) ;
#5766 = VECTOR ( 'NONE', #6472, 1000.000000000000000 ) ;
#5768 = LINE ( 'NONE', #6438, #2013 ) ;
#5769 = VECTOR ( 'NONE', #3104, 1000.000000000000000 ) ;
#5770 = ORIENTED_EDGE ( 'NONE', *, *, #6417, .T. ) ;
#5771 = CARTESIAN_POINT ( 'NONE',  ( 26.24588888888889215, 38.74488888888889448, -6.049999999999999822 ) ) ;
#5772 = DIRECTION ( 'NONE',  ( -0.5163772714785889173, 0.8563612050416155030, 0.000000000000000000 ) ) ;
#5773 = ORIENTED_EDGE ( 'NONE', *, *, #5470, .T. ) ;
#5774 = CARTESIAN_POINT ( 'NONE',  ( 21.94749999999999801, 38.91599999999999682, -6.049999999999999822 ) ) ;
#5775 = VECTOR ( 'NONE', #6051, 1000.000000000000227 ) ;
#5776 = AXIS2_PLACEMENT_3D ( 'NONE', #6866, #1488, #3888 ) ;
#5777 = VECTOR ( 'NONE', #7558, 1000.000000000000000 ) ;
#5778 = ORIENTED_EDGE ( 'NONE', *, *, #2691, .F. ) ;
#5779 = AXIS2_PLACEMENT_3D ( 'NONE', #4075, #3485, #4508 ) ;
#5780 = ORIENTED_EDGE ( 'NONE', *, *, #5830, .T. ) ;
#5781 = DIRECTION ( 'NONE',  ( 0.4973677484881882105, -0.8675398104777615194, 0.000000000000000000 ) ) ;
#5782 = CARTESIAN_POINT ( 'NONE',  ( 9.469999999999998863, 39.35000000000000142, -6.049999999999999822 ) ) ;
#5783 = ORIENTED_EDGE ( 'NONE', *, *, #7723, .T. ) ;
#5784 = CARTESIAN_POINT ( 'NONE',  ( 26.57566666666666677, 40.51511111111111063, -6.349999999999999645 ) ) ;
#5785 = VECTOR ( 'NONE', #7332, 1000.000000000000000 ) ;
#5786 = CARTESIAN_POINT ( 'NONE',  ( 9.690305555555553951, 41.20305555555556509, -6.049999999999999822 ) ) ;
#5787 = VECTOR ( 'NONE', #1026, 1000.000000000000227 ) ;
#5788 = DIRECTION ( 'NONE',  ( 0.000000000000000000, 0.000000000000000000, -1.000000000000000000 ) ) ;
#5789 = PLANE ( 'NONE',  #5540 ) ;
#5790 = VECTOR ( 'NONE', #56, 1000.000000000000000 ) ;
#5791 = LINE ( 'NONE', #5826, #4452 ) ;
#5792 = ORIENTED_EDGE ( 'NONE', *, *, #2844, .F. ) ;
#5793 = EDGE_CURVE ( 'NONE', #1879, #6940, #5215, .T. ) ;
#5794 = DIRECTION ( 'NONE',  ( 0.000000000000000000, 0.000000000000000000, -1.000000000000000000 ) ) ;
#5795 = DIRECTION ( 'NONE',  ( -1.000000000000000000, 0.000000000000000000, 0.000000000000000000 ) ) ;
#5796 = EDGE_CURVE ( 'NONE', #1298, #1477, #7612, .T. ) ;
#5797 = ORIENTED_EDGE ( 'NONE', *, *, #7402, .F. ) ;
#5798 = FACE_OUTER_BOUND ( 'NONE', #3670, .T. ) ;
#5799 = ORIENTED_EDGE ( 'NONE', *, *, #6291, .F. ) ;
#5800 = ADVANCED_FACE ( 'NONE', ( #7260 ), #4739, .T. ) ;
#5801 = CARTESIAN_POINT ( 'NONE',  ( 22.45422222222222430, 30.87805555555555515, -6.349999999999999645 ) ) ;
#5802 = DIRECTION ( 'NONE',  ( 0.5876724044410941428, 0.8090989711144261909, 0.000000000000000000 ) ) ;
#5803 = LINE ( 'NONE', #449, #3521 ) ;
#5804 = DIRECTION ( 'NONE',  ( 0.000000000000000000, -1.000000000000000000, 0.000000000000000000 ) ) ;
#5805 = ORIENTED_EDGE ( 'NONE', *, *, #2307, .T. ) ;
#5806 = EDGE_CURVE ( 'NONE', #2407, #4922, #3538, .T. ) ;
#5807 = ADVANCED_FACE ( 'NONE', ( #4082 ), #7188, .T. ) ;
#5808 = ORIENTED_EDGE ( 'NONE', *, *, #3690, .T. ) ;
#5809 = DIRECTION ( 'NONE',  ( 1.000000000000000000, 0.000000000000000000, 0.000000000000000000 ) ) ;
#5810 = DIRECTION ( 'NONE',  ( -0.5613368710960505714, -0.8275874075577128730, 0.000000000000000000 ) ) ;
#5811 = ORIENTED_EDGE ( 'NONE', *, *, #2626, .F. ) ;
#5812 = DIRECTION ( 'NONE',  ( -1.000000000000000000, 0.000000000000000000, 0.000000000000000000 ) ) ;
#5813 = DIRECTION ( 'NONE',  ( 0.000000000000000000, 0.000000000000000000, -1.000000000000000000 ) ) ;
#5814 = ORIENTED_EDGE ( 'NONE', *, *, #2160, .F. ) ;
#5815 = LINE ( 'NONE', #6403, #1637 ) ;
#5816 = ORIENTED_EDGE ( 'NONE', *, *, #4512, .T. ) ;
#5817 = VECTOR ( 'NONE', #7449, 1000.000000000000000 ) ;
#5818 = VERTEX_POINT ( 'NONE', #2392 ) ;
#5819 = CARTESIAN_POINT ( 'NONE',  ( 23.75699999999999790, 37.20799999999999841, -6.349999999999999645 ) ) ;
#5820 = CARTESIAN_POINT ( 'NONE',  ( 22.45422222222222430, 30.87805555555555515, -6.049999999999999822 ) ) ;
#5821 = ORIENTED_EDGE ( 'NONE', *, *, #472, .F. ) ;
#5822 = PLANE ( 'NONE',  #2742 ) ;
#5823 = CARTESIAN_POINT ( 'NONE',  ( 4.293694444444444258, 32.32433333333333536, -6.049999999999999822 ) ) ;
#5824 = LINE ( 'NONE', #4688, #3766 ) ;
#5825 = PLANE ( 'NONE',  #5134 ) ;
#5826 = CARTESIAN_POINT ( 'NONE',  ( 9.630416666666665293, 39.00194444444444741, -6.349999999999999645 ) ) ;
#5827 = ORIENTED_EDGE ( 'NONE', *, *, #1596, .F. ) ;
#5828 = LINE ( 'NONE', #3441, #5041 ) ;
#5829 = LINE ( 'NONE', #4579, #5155 ) ;
#5830 = EDGE_CURVE ( 'NONE', #5818, #4793, #6591, .T. ) ;
#5831 = ORIENTED_EDGE ( 'NONE', *, *, #216, .F. ) ;
#5832 = DIRECTION ( 'NONE',  ( -0.000000000000000000, 0.000000000000000000, -1.000000000000000000 ) ) ;
#5833 = ORIENTED_EDGE ( 'NONE', *, *, #5149, .T. ) ;
#5834 = LINE ( 'NONE', #3367, #2873 ) ;
#5835 = PLANE ( 'NONE',  #7049 ) ;
#5836 = LINE ( 'NONE', #1016, #4401 ) ;
#5837 = PLANE ( 'NONE',  #6909 ) ;
#5838 = ORIENTED_EDGE ( 'NONE', *, *, #2073, .F. ) ;
#5839 = ORIENTED_EDGE ( 'NONE', *, *, #2172, .T. ) ;
#5840 = EDGE_CURVE ( 'NONE', #2537, #3597, #1204, .T. ) ;
#5841 = ORIENTED_EDGE ( 'NONE', *, *, #7103, .F. ) ;
#5842 = LINE ( 'NONE', #4046, #2031 ) ;
#5843 = DIRECTION ( 'NONE',  ( 0.8488310846185890268, -0.5286641559489634323, 0.000000000000000000 ) ) ;
#5844 = ORIENTED_EDGE ( 'NONE', *, *, #2017, .T. ) ;
#5845 = CARTESIAN_POINT ( 'NONE',  ( 14.32499999999999929, 20.39999999999999858, 6.425000000000000711 ) ) ;
#5846 = CARTESIAN_POINT ( 'NONE',  ( 9.610000000000001208, 40.91800000000000637, -6.349999999999999645 ) ) ;
#5847 = ORIENTED_EDGE ( 'NONE', *, *, #2787, .F. ) ;
#5848 = LINE ( 'NONE', #7583, #626 ) ;
#5849 = EDGE_CURVE ( 'NONE', #1910, #446, #4708, .T. ) ;
#5850 = EDGE_CURVE ( 'NONE', #2914, #6471, #497, .T. ) ;
#5851 = EDGE_CURVE ( 'NONE', #4532, #2090, #61, .T. ) ;
#5852 = VERTEX_POINT ( 'NONE', #2944 ) ;
#5853 = ORIENTED_EDGE ( 'NONE', *, *, #518, .T. ) ;
#5854 = CARTESIAN_POINT ( 'NONE',  ( 21.87283333333333601, 41.19955555555555549, -6.349999999999999645 ) ) ;
#5855 = CARTESIAN_POINT ( 'NONE',  ( 7.545000000000000817, 34.61800000000000210, -6.049999999999999822 ) ) ;
#5856 = ORIENTED_EDGE ( 'NONE', *, *, #5708, .T. ) ;
#5857 = CARTESIAN_POINT ( 'NONE',  ( 20.00811111111110918, 30.57199999999999918, -6.049999999999999822 ) ) ;
#5858 = LINE ( 'NONE', #2213, #5645 ) ;
#5859 = DIRECTION ( 'NONE',  ( 0.000000000000000000, -1.000000000000000000, 0.000000000000000000 ) ) ;
#5860 = ORIENTED_EDGE ( 'NONE', *, *, #4451, .F. ) ;
#5861 = LINE ( 'NONE', #2769, #3575 ) ;
#5862 = ORIENTED_EDGE ( 'NONE', *, *, #2449, .T. ) ;
#5863 = LINE ( 'NONE', #1227, #894 ) ;
#5864 = CARTESIAN_POINT ( 'NONE',  ( 14.32499999999999929, 16.79999999999999716, 2.225000000000000089 ) ) ;
#5865 = ORIENTED_EDGE ( 'NONE', *, *, #4939, .F. ) ;
#5866 = LINE ( 'NONE', #6543, #3905 ) ;
#5867 = VECTOR ( 'NONE', #2802, 1000.000000000000000 ) ;
#5868 = ORIENTED_EDGE ( 'NONE', *, *, #3850, .F. ) ;
#5869 = CARTESIAN_POINT ( 'NONE',  ( 2.873666666666665037, 33.64772222222222808, -6.349999999999999645 ) ) ;
#5870 = LINE ( 'NONE', #2426, #5909 ) ;
#5871 = DIRECTION ( 'NONE',  ( 0.5575941640844650493, 0.8301136959350488009, -0.000000000000000000 ) ) ;
#5872 = DIRECTION ( 'NONE',  ( 0.000000000000000000, 0.000000000000000000, -1.000000000000000000 ) ) ;
#5873 = ORIENTED_EDGE ( 'NONE', *, *, #1614, .F. ) ;
#5874 = ORIENTED_EDGE ( 'NONE', *, *, #5177, .F. ) ;
#5875 = AXIS2_PLACEMENT_3D ( 'NONE', #2267, #1486, #3886 ) ;
#5876 = ORIENTED_EDGE ( 'NONE', *, *, #2933, .T. ) ;
#5877 = CARTESIAN_POINT ( 'NONE',  ( 24.93299999999999983, 41.62577777777777754, -6.049999999999999822 ) ) ;
#5878 = ORIENTED_EDGE ( 'NONE', *, *, #1771, .T. ) ;
#5879 = DIRECTION ( 'NONE',  ( 0.000000000000000000, 0.000000000000000000, -1.000000000000000000 ) ) ;
#5880 = CARTESIAN_POINT ( 'NONE',  ( 3.424916666666662834, 32.28972222222222399, -6.049999999999999822 ) ) ;
#5881 = VECTOR ( 'NONE', #6562, 1000.000000000000000 ) ;
#5882 = VERTEX_POINT ( 'NONE', #2467 ) ;
#5883 = VECTOR ( 'NONE', #5385, 1000.000000000000227 ) ;
#5884 = CARTESIAN_POINT ( 'NONE',  ( 27.74699999999999989, 28.50000000000000000, -6.349999999999999645 ) ) ;
#5885 = ADVANCED_FACE ( 'NONE', ( #7738 ), #7698, .T. ) ;
#5886 = EDGE_LOOP ( 'NONE', ( #2928, #2175, #5770, #3300 ) ) ;
#5887 = AXIS2_PLACEMENT_3D ( 'NONE', #2248, #7560, #7511 ) ;
#5888 = AXIS2_PLACEMENT_3D ( 'NONE', #2432, #4821, #2908 ) ;
#5889 = VECTOR ( 'NONE', #1566, 1000.000000000000000 ) ;
#5890 = EDGE_LOOP ( 'NONE', ( #3861, #4366, #6375, #1257 ) ) ;
#5891 = CARTESIAN_POINT ( 'NONE',  ( 11.96550000000000047, 41.55149999999999721, -6.049999999999999822 ) ) ;
#5892 = CARTESIAN_POINT ( 'NONE',  ( 19.87900000000000134, 38.07600000000000051, -6.049999999999999822 ) ) ;
#5893 = ORIENTED_EDGE ( 'NONE', *, *, #1634, .T. ) ;
#5894 = PLANE ( 'NONE',  #1737 ) ;
#5895 = CARTESIAN_POINT ( 'NONE',  ( 7.545000000000000817, 29.03200000000000358, -6.049999999999999822 ) ) ;
#5896 = CARTESIAN_POINT ( 'NONE',  ( 26.10900000000000531, 42.23400000000000176, -6.049999999999999822 ) ) ;
#5897 = VECTOR ( 'NONE', #6751, 1000.000000000000000 ) ;
#5898 = EDGE_CURVE ( 'NONE', #4994, #3689, #3578, .T. ) ;
#5899 = VECTOR ( 'NONE', #6770, 1000.000000000000000 ) ;
#5900 = VECTOR ( 'NONE', #3118, 1000.000000000000114 ) ;
#5901 = AXIS2_PLACEMENT_3D ( 'NONE', #2271, #2226, #5246 ) ;
#5902 = EDGE_CURVE ( 'NONE', #4624, #5345, #574, .T. ) ;
#5903 = VECTOR ( 'NONE', #1427, 1000.000000000000000 ) ;
#5904 = EDGE_CURVE ( 'NONE', #5568, #1431, #5992, .T. ) ;
#5905 = DIRECTION ( 'NONE',  ( 0.8499819867244200466, 0.5268117521885855581, 0.000000000000000000 ) ) ;
#5906 = ORIENTED_EDGE ( 'NONE', *, *, #1481, .T. ) ;
#5907 = CARTESIAN_POINT ( 'NONE',  ( 4.385277777777778496, 32.01011111111110807, -6.349999999999999645 ) ) ;
#5908 = VECTOR ( 'NONE', #6698, 1000.000000000000227 ) ;
#5909 = VECTOR ( 'NONE', #1119, 1000.000000000000000 ) ;
#5910 = LINE ( 'NONE', #2893, #5637 ) ;
#5911 = ORIENTED_EDGE ( 'NONE', *, *, #2969, .T. ) ;
#5912 = CARTESIAN_POINT ( 'NONE',  ( 9.942888888888886001, 42.00688888888888783, -6.049999999999999822 ) ) ;
#5913 = LINE ( 'NONE', #7182, #4539 ) ;
#5914 = CARTESIAN_POINT ( 'NONE',  ( 13.53175000000000061, 37.89399999999999835, -6.349999999999999645 ) ) ;
#5915 = LINE ( 'NONE', #1238, #2495 ) ;
#5916 = VERTEX_POINT ( 'NONE', #5414 ) ;
#5917 = ORIENTED_EDGE ( 'NONE', *, *, #7378, .T. ) ;
#5918 = ORIENTED_EDGE ( 'NONE', *, *, #1818, .F. ) ;
#5919 = CARTESIAN_POINT ( 'NONE',  ( 25.84922222222222388, 31.27977777777778101, -6.049999999999999822 ) ) ;
#5920 = ORIENTED_EDGE ( 'NONE', *, *, #4838, .T. ) ;
#5921 = DIRECTION ( 'NONE',  ( 1.000000000000000000, 0.000000000000000000, -0.000000000000000000 ) ) ;
#5922 = DIRECTION ( 'NONE',  ( -0.8282219673494648493, 0.5604001898641558510, 0.000000000000000000 ) ) ;
#5923 = ORIENTED_EDGE ( 'NONE', *, *, #1587, .T. ) ;
#5924 = DIRECTION ( 'NONE',  ( -0.3313276296659668496, -0.9435157665984876818, 0.000000000000000000 ) ) ;
#5925 = ORIENTED_EDGE ( 'NONE', *, *, #6762, .F. ) ;
#5926 = ADVANCED_FACE ( 'NONE', ( #27 ), #1090, .T. ) ;
#5927 = ORIENTED_EDGE ( 'NONE', *, *, #7304, .F. ) ;
#5928 = CARTESIAN_POINT ( 'NONE',  ( 15.67500000000000071, 20.39999999999999858, 6.425000000000000711 ) ) ;
#5929 = FACE_OUTER_BOUND ( 'NONE', #4469, .T. ) ;
#5930 = ORIENTED_EDGE ( 'NONE', *, *, #4728, .T. ) ;
#5931 = LINE ( 'NONE', #4868, #5250 ) ;
#5932 = DIRECTION ( 'NONE',  ( 0.8429896146865357709, 0.5379298369960955339, 0.000000000000000000 ) ) ;
#5933 = DIRECTION ( 'NONE',  ( 0.000000000000000000, 0.000000000000000000, -1.000000000000000000 ) ) ;
#5934 = AXIS2_PLACEMENT_3D ( 'NONE', #5440, #1867, #1194 ) ;
#5935 = EDGE_CURVE ( 'NONE', #7076, #1241, #7224, .T. ) ;
#5936 = ORIENTED_EDGE ( 'NONE', *, *, #1896, .T. ) ;
#5937 = CARTESIAN_POINT ( 'NONE',  ( 24.33099999999999952, 41.29950000000000188, -6.049999999999999822 ) ) ;
#5938 = LINE ( 'NONE', #1187, #4149 ) ;
#5939 = DIRECTION ( 'NONE',  ( -0.8566790672027050357, -0.5158497608962353542, 0.000000000000000000 ) ) ;
#5940 = ORIENTED_EDGE ( 'NONE', *, *, #666, .T. ) ;
#5941 = CARTESIAN_POINT ( 'NONE',  ( 1.799652777777776436, 30.75643055555555350, -6.349999999999999645 ) ) ;
#5942 = EDGE_CURVE ( 'NONE', #4682, #2755, #6039, .T. ) ;
#5943 = EDGE_CURVE ( 'NONE', #5633, #2203, #659, .T. ) ;
#5944 = EDGE_CURVE ( 'NONE', #677, #6971, #3490, .T. ) ;
#5945 = PLANE ( 'NONE',  #496 ) ;
#5946 = ORIENTED_EDGE ( 'NONE', *, *, #3035, .F. ) ;
#5947 = PLANE ( 'NONE',  #2754 ) ;
#5948 = CARTESIAN_POINT ( 'NONE',  ( 20.38299999999999912, 33.69400000000000261, -6.049999999999999822 ) ) ;
#5949 = CARTESIAN_POINT ( 'NONE',  ( -6.000000000000000000, 55.50000000000000000, 15.00000000000000000 ) ) ;
#5950 = CARTESIAN_POINT ( 'NONE',  ( 18.33277777777777473, 29.61533333333333218, -6.349999999999999645 ) ) ;
#5951 = ORIENTED_EDGE ( 'NONE', *, *, #2252, .F. ) ;
#5952 = VERTEX_POINT ( 'NONE', #5485 ) ;
#5953 = ORIENTED_EDGE ( 'NONE', *, *, #5849, .F. ) ;
#5954 = CARTESIAN_POINT ( 'NONE',  ( 9.772555555555557660, 41.47955555555555662, -6.349999999999999645 ) ) ;
#5955 = ORIENTED_EDGE ( 'NONE', *, *, #3745, .T. ) ;
#5956 = DIRECTION ( 'NONE',  ( 0.3581699193805624737, -0.9336564190594534018, 0.000000000000000000 ) ) ;
#5957 = DIRECTION ( 'NONE',  ( 0.000000000000000000, 0.000000000000000000, -1.000000000000000000 ) ) ;
#5958 = DIRECTION ( 'NONE',  ( -0.06310581901520359582, 0.9980068414627328854, 0.000000000000000000 ) ) ;
#5959 = CARTESIAN_POINT ( 'NONE',  ( 3.424916666666662834, 32.28972222222222399, -6.049999999999999822 ) ) ;
#5960 = EDGE_LOOP ( 'NONE', ( #4640, #7621, #3201, #1309 ) ) ;
#5961 = ORIENTED_EDGE ( 'NONE', *, *, #3126, .F. ) ;
#5962 = PLANE ( 'NONE',  #4898 ) ;
#5963 = LINE ( 'NONE', #5424, #5881 ) ;
#5964 = ORIENTED_EDGE ( 'NONE', *, *, #1481, .F. ) ;
#5965 = DIRECTION ( 'NONE',  ( 0.2058404136755504488, 0.9785855732116013339, 0.000000000000000000 ) ) ;
#5966 = CARTESIAN_POINT ( 'NONE',  ( 0.000000000000000000, 0.000000000000000000, -6.049999999999999822 ) ) ;
#5967 = FACE_OUTER_BOUND ( 'NONE', #6325, .T. ) ;
#5968 = EDGE_CURVE ( 'NONE', #6511, #2052, #1927, .T. ) ;
#5969 = EDGE_LOOP ( 'NONE', ( #3614, #747, #2951, #1775 ) ) ;
#5970 = VERTEX_POINT ( 'NONE', #2507 ) ;
#5971 = DIRECTION ( 'NONE',  ( 0.000000000000000000, -0.000000000000000000, 1.000000000000000000 ) ) ;
#5972 = CARTESIAN_POINT ( 'NONE',  ( 2.873666666666665037, 33.64772222222222808, -6.349999999999999645 ) ) ;
#5973 = LINE ( 'NONE', #1862, #5693 ) ;
#5974 = ORIENTED_EDGE ( 'NONE', *, *, #1634, .F. ) ;
#5975 = DIRECTION ( 'NONE',  ( 1.000000000000000000, 0.000000000000000000, 0.000000000000000000 ) ) ;
#5976 = LINE ( 'NONE', #3004, #5661 ) ;
#5977 = ADVANCED_FACE ( 'NONE', ( #1365 ), #7372, .T. ) ;
#5978 = DIRECTION ( 'NONE',  ( -0.000000000000000000, -1.000000000000000000, -0.000000000000000000 ) ) ;
#5979 = ADVANCED_FACE ( 'NONE', ( #3220 ), #4348, .T. ) ;
#5980 = CARTESIAN_POINT ( 'NONE',  ( 12.43800000000000061, 39.35000000000000142, -6.349999999999999645 ) ) ;
#5981 = ORIENTED_EDGE ( 'NONE', *, *, #1478, .F. ) ;
#5982 = CARTESIAN_POINT ( 'NONE',  ( 27.40477777777777746, 37.25000000000000000, -6.049999999999999822 ) ) ;
#5983 = CARTESIAN_POINT ( 'NONE',  ( 0.000000000000000000, 0.000000000000000000, -6.049999999999999822 ) ) ;
#5984 = CARTESIAN_POINT ( 'NONE',  ( 19.79772222222221956, 32.65061111111111103, -6.349999999999999645 ) ) ;
#5985 = DIRECTION ( 'NONE',  ( -0.9083911110503841702, -0.4181215007203632483, 0.000000000000000000 ) ) ;
#5986 = ADVANCED_FACE ( 'NONE', ( #4311 ), #5056, .T. ) ;
#5987 = ORIENTED_EDGE ( 'NONE', *, *, #2127, .F. ) ;
#5988 = ORIENTED_EDGE ( 'NONE', *, *, #6656, .F. ) ;
#5990 = ORIENTED_EDGE ( 'NONE', *, *, #5744, .T. ) ;
#5989 = EDGE_CURVE ( 'NONE', #463, #3728, #6197, .T. ) ;
#5991 = ADVANCED_FACE ( 'NONE', ( #3692 ), #6076, .T. ) ;
#5992 = LINE ( 'NONE', #4196, #6395 ) ;
#5993 = ORIENTED_EDGE ( 'NONE', *, *, #1869, .T. ) ;
#5994 = LINE ( 'NONE', #1845, #1880 ) ;
#5995 = DIRECTION ( 'NONE',  ( 0.8639579049904341224, 0.5035640360515631908, 0.000000000000000000 ) ) ;
#5996 = DIRECTION ( 'NONE',  ( -0.5461425148922205430, 0.8376922784813053413, 0.000000000000000000 ) ) ;
#5997 = LINE ( 'NONE', #543, #5520 ) ;
#5998 = AXIS2_PLACEMENT_3D ( 'NONE', #2994, #2408, #3077 ) ;
#5999 = ORIENTED_EDGE ( 'NONE', *, *, #2787, .T. ) ;
#6000 = ORIENTED_EDGE ( 'NONE', *, *, #4435, .T. ) ;
#6002 = PLANE ( 'NONE',  #3021 ) ;
#6001 = VECTOR ( 'NONE', #2485, 1000.000000000000000 ) ;
#6003 = CARTESIAN_POINT ( 'NONE',  ( 24.38505555555555304, 37.60855555555555441, -6.049999999999999822 ) ) ;
#6004 = AXIS2_PLACEMENT_3D ( 'NONE', #6496, #3056, #5326 ) ;
#6005 = ORIENTED_EDGE ( 'NONE', *, *, #5673, .T. ) ;
#6006 = CARTESIAN_POINT ( 'NONE',  ( 3.573666666666666103, 35.29155555555555424, -6.049999999999999822 ) ) ;
#6007 = LINE ( 'NONE', #7160, #4402 ) ;
#6008 = DIRECTION ( 'NONE',  ( 0.000000000000000000, 0.000000000000000000, -1.000000000000000000 ) ) ;
#6009 = ADVANCED_FACE ( 'NONE', ( #1882 ), #4434, .F. ) ;
#6010 = AXIS2_PLACEMENT_3D ( 'NONE', #5820, #7040, #433 ) ;
#6011 = ORIENTED_EDGE ( 'NONE', *, *, #6824, .F. ) ;
#6012 = AXIS2_PLACEMENT_3D ( 'NONE', #233, #2124, #2679 ) ;
#6013 = EDGE_LOOP ( 'NONE', ( #5048, #7706, #6488, #4202 ) ) ;
#6014 = LINE ( 'NONE', #641, #7512 ) ;
#6015 = CARTESIAN_POINT ( 'NONE',  ( 4.115000000000000213, 30.33399999999999963, -6.049999999999999822 ) ) ;
#6016 = VECTOR ( 'NONE', #982, 1000.000000000000114 ) ;
#6017 = VERTEX_POINT ( 'NONE', #732 ) ;
#6018 = DIRECTION ( 'NONE',  ( -0.2171114641103575882, -0.9761468189528954564, 0.000000000000000000 ) ) ;
#6019 = AXIS2_PLACEMENT_3D ( 'NONE', #4036, #3957, #1528 ) ;
#6020 = VECTOR ( 'NONE', #3618, 1000.000000000000000 ) ;
#6021 = ORIENTED_EDGE ( 'NONE', *, *, #3845, .F. ) ;
#6022 = LINE ( 'NONE', #6612, #4283 ) ;
#6023 = VECTOR ( 'NONE', #3188, 1000.000000000000114 ) ;
#6024 = VECTOR ( 'NONE', #114, 1000.000000000000114 ) ;
#6025 = EDGE_CURVE ( 'NONE', #5147, #7470, #1958, .T. ) ;
#6026 = CARTESIAN_POINT ( 'NONE',  ( 8.185888888888889880, 37.75711111111111506, -6.049999999999999822 ) ) ;
#6027 = DIRECTION ( 'NONE',  ( 0.000000000000000000, 0.000000000000000000, -1.000000000000000000 ) ) ;
#6028 = VERTEX_POINT ( 'NONE', #183 ) ;
#6029 = FACE_OUTER_BOUND ( 'NONE', #7711, .T. ) ;
#6030 = VECTOR ( 'NONE', #1228, 1000.000000000000000 ) ;
#6031 = LINE ( 'NONE', #7097, #2662 ) ;
#6032 = AXIS2_PLACEMENT_3D ( 'NONE', #5488, #898, #187 ) ;
#6033 = DIRECTION ( 'NONE',  ( -0.9010016697590992329, -0.4338156187729012014, 0.000000000000000000 ) ) ;
#6034 = LINE ( 'NONE', #5445, #5004 ) ;
#6035 = VERTEX_POINT ( 'NONE', #147 ) ;
#6036 = VECTOR ( 'NONE', #3987, 1000.000000000000114 ) ;
#6037 = ADVANCED_FACE ( 'NONE', ( #2551 ), #6159, .T. ) ;
#6038 = ORIENTED_EDGE ( 'NONE', *, *, #2869, .F. ) ;
#6039 = LINE ( 'NONE', #1246, #1886 ) ;
#6040 = VERTEX_POINT ( 'NONE', #785 ) ;
#6041 = CARTESIAN_POINT ( 'NONE',  ( 29.00699999999999790, 35.51400000000000290, -6.049999999999999822 ) ) ;
#6042 = DIRECTION ( 'NONE',  ( -0.05854140323080748998, 0.9982849814095010599, 0.000000000000000000 ) ) ;
#6043 = EDGE_LOOP ( 'NONE', ( #7652, #5557, #5999, #2094 ) ) ;
#6044 = CARTESIAN_POINT ( 'NONE',  ( 2.116111111111109722, 30.59688888888888769, -6.049999999999999822 ) ) ;
#6045 = ADVANCED_FACE ( 'NONE', ( #3184 ), #2041, .T. ) ;
#6046 = EDGE_CURVE ( 'NONE', #4528, #7745, #3814, .T. ) ;
#6047 = ORIENTED_EDGE ( 'NONE', *, *, #2728, .T. ) ;
#6048 = EDGE_CURVE ( 'NONE', #5676, #6511, #1415, .T. ) ;
#6049 = EDGE_CURVE ( 'NONE', #3734, #1079, #5602, .T. ) ;
#6050 = EDGE_LOOP ( 'NONE', ( #3092, #3533, #3720, #184 ) ) ;
#6051 = DIRECTION ( 'NONE',  ( 0.3194201752935007521, -0.9476131867040840095, 0.000000000000000000 ) ) ;
#6052 = CARTESIAN_POINT ( 'NONE',  ( 26.44888888888889156, 28.89005555555555915, -6.349999999999999645 ) ) ;
#6053 = ORIENTED_EDGE ( 'NONE', *, *, #5411, .F. ) ;
#6054 = CARTESIAN_POINT ( 'NONE',  ( 1.588777777777773181, 39.39355555555555810, -6.349999999999999645 ) ) ;
#6055 = CARTESIAN_POINT ( 'NONE',  ( 10.18866666666666632, 37.95311111111111302, -6.049999999999999822 ) ) ;
#6056 = LINE ( 'NONE', #2411, #1888 ) ;
#6057 = VERTEX_POINT ( 'NONE', #6231 ) ;
#6058 = VERTEX_POINT ( 'NONE', #851 ) ;
#6059 = FACE_OUTER_BOUND ( 'NONE', #7216, .T. ) ;
#6060 = LINE ( 'NONE', #3085, #7167 ) ;
#6061 = ORIENTED_EDGE ( 'NONE', *, *, #368, .F. ) ;
#6062 = CARTESIAN_POINT ( 'NONE',  ( 27.46699999999999875, 39.44800000000000040, -6.349999999999999645 ) ) ;
#6063 = ORIENTED_EDGE ( 'NONE', *, *, #4078, .F. ) ;
#6064 = CARTESIAN_POINT ( 'NONE',  ( -6.000000000000000000, 55.50000000000000000, 15.00000000000000000 ) ) ;
#6065 = VECTOR ( 'NONE', #1627, 1000.000000000000000 ) ;
#6066 = DIRECTION ( 'NONE',  ( 0.3926206795052031850, 0.9197004958272407826, 0.000000000000000000 ) ) ;
#6067 = ORIENTED_EDGE ( 'NONE', *, *, #4272, .F. ) ;
#6068 = PLANE ( 'NONE',  #5264 ) ;
#6069 = CARTESIAN_POINT ( 'NONE',  ( 1.826000000000000512, 38.78999999999999915, -6.349999999999999645 ) ) ;
#6070 = CARTESIAN_POINT ( 'NONE',  ( 10.18866666666666632, 37.95311111111111302, -6.349999999999999645 ) ) ;
#6071 = LINE ( 'NONE', #3609, #1399 ) ;
#6072 = EDGE_CURVE ( 'NONE', #3045, #3414, #5640, .T. ) ;
#6073 = VECTOR ( 'NONE', #1946, 1000.000000000000000 ) ;
#6074 = ORIENTED_EDGE ( 'NONE', *, *, #7702, .F. ) ;
#6075 = ORIENTED_EDGE ( 'NONE', *, *, #940, .F. ) ;
#6076 = PLANE ( 'NONE',  #2512 ) ;
#6077 = ORIENTED_EDGE ( 'NONE', *, *, #611, .T. ) ;
#6078 = DIRECTION ( 'NONE',  ( 0.9977604251956867509, 0.06688896705228999928, 0.000000000000000000 ) ) ;
#6079 = CARTESIAN_POINT ( 'NONE',  ( 3.351999999999996760, 39.48299999999999699, -6.049999999999999822 ) ) ;
#6080 = PLANE ( 'NONE',  #2268 ) ;
#6081 = PLANE ( 'NONE',  #119 ) ;
#6082 = ADVANCED_FACE ( 'NONE', ( #1561 ), #327, .T. ) ;
#6083 = VERTEX_POINT ( 'NONE', #2222 ) ;
#6084 = ORIENTED_EDGE ( 'NONE', *, *, #7631, .F. ) ;
#6085 = CARTESIAN_POINT ( 'NONE',  ( 10.18866666666666632, 37.95311111111111302, -6.049999999999999822 ) ) ;
#6086 = LINE ( 'NONE', #6052, #3636 ) ;
#6087 = PRODUCT_DEFINITION ( 'UNKNOWN', '', #7054, #692 ) ;
#6088 = ORIENTED_EDGE ( 'NONE', *, *, #657, .F. ) ;
#6089 = DIRECTION ( 'NONE',  ( 0.000000000000000000, 0.000000000000000000, -1.000000000000000000 ) ) ;
#6090 = ADVANCED_FACE ( 'NONE', ( #6976 ), #2849, .T. ) ;
#6091 = CARTESIAN_POINT ( 'NONE',  ( 3.042249999999999233, 32.47950000000000159, -6.049999999999999822 ) ) ;
#6092 = ADVANCED_FACE ( 'NONE', ( #7013 ), #6347, .T. ) ;
#6093 = CARTESIAN_POINT ( 'NONE',  ( 4.151944444444440663, 30.66611111111111398, -6.349999999999999645 ) ) ;
#6094 = ORIENTED_EDGE ( 'NONE', *, *, #7205, .F. ) ;
#6095 = ORIENTED_EDGE ( 'NONE', *, *, #3700, .T. ) ;
#6096 = LINE ( 'NONE', #2366, #2122 ) ;
#6097 = DIRECTION ( 'NONE',  ( -0.5481189900483386390, -0.8364003663009653700, 0.000000000000000000 ) ) ;
#6098 = ORIENTED_EDGE ( 'NONE', *, *, #6605, .T. ) ;
#6099 = DIRECTION ( 'NONE',  ( 0.3771843854586257594, 0.9261381858913920739, 0.000000000000000000 ) ) ;
#6100 = ORIENTED_EDGE ( 'NONE', *, *, #2373, .T. ) ;
#6101 = DIRECTION ( 'NONE',  ( 0.000000000000000000, 0.000000000000000000, 1.000000000000000000 ) ) ;
#6102 = EDGE_CURVE ( 'NONE', #5508, #1863, #3334, .T. ) ;
#6103 = CARTESIAN_POINT ( 'NONE',  ( 18.94722222222222285, 32.24111111111110972, -6.049999999999999822 ) ) ;
#6104 = ORIENTED_EDGE ( 'NONE', *, *, #6621, .T. ) ;
#6105 = CARTESIAN_POINT ( 'NONE',  ( 21.87283333333333601, 41.19955555555555549, -6.049999999999999822 ) ) ;
#6106 = CARTESIAN_POINT ( 'NONE',  ( 11.21300000000000097, 37.78200000000000358, -6.349999999999999645 ) ) ;
#6107 = CARTESIAN_POINT ( 'NONE',  ( 6.914999999999999147, 37.25000000000000000, -6.349999999999999645 ) ) ;
#6108 = CARTESIAN_POINT ( 'NONE',  ( 9.630416666666665293, 39.00194444444444741, -6.049999999999999822 ) ) ;
#6109 = EDGE_LOOP ( 'NONE', ( #5425, #3020, #6730, #4803 ) ) ;
#6110 = ORIENTED_EDGE ( 'NONE', *, *, #7495, .T. ) ;
#6111 = DIRECTION ( 'NONE',  ( -0.8114200402232261133, 0.5844634448142485006, 0.000000000000000000 ) ) ;
#6112 = VERTEX_POINT ( 'NONE', #2779 ) ;
#6113 = CARTESIAN_POINT ( 'NONE',  ( 14.13899999999999935, 28.94800000000000040, -6.049999999999999822 ) ) ;
#6114 = FACE_OUTER_BOUND ( 'NONE', #3366, .T. ) ;
#6115 = ORIENTED_EDGE ( 'NONE', *, *, #5124, .T. ) ;
#6116 = FACE_OUTER_BOUND ( 'NONE', #7100, .T. ) ;
#6117 = VERTEX_POINT ( 'NONE', #4502 ) ;
#6118 = DIRECTION ( 'NONE',  ( -1.000000000000000000, -0.000000000000000000, -0.000000000000000000 ) ) ;
#6119 = LINE ( 'NONE', #5578, #371 ) ;
#6120 = PLANE ( 'NONE',  #6510 ) ;
#6121 = EDGE_CURVE ( 'NONE', #852, #658, #5169, .T. ) ;
#6122 = VERTEX_POINT ( 'NONE', #5090 ) ;
#6123 = LINE ( 'NONE', #832, #5375 ) ;
#6124 = CARTESIAN_POINT ( 'NONE',  ( 15.37100000000000044, 33.69400000000000261, -6.049999999999999822 ) ) ;
#6125 = AXIS2_PLACEMENT_3D ( 'NONE', #6883, #6218, #2572 ) ;
#6126 = DIRECTION ( 'NONE',  ( 0.000000000000000000, 0.000000000000000000, -1.000000000000000000 ) ) ;
#6127 = ORIENTED_EDGE ( 'NONE', *, *, #4427, .T. ) ;
#6128 = VERTEX_POINT ( 'NONE', #2732 ) ;
#6129 = VECTOR ( 'NONE', #7220, 1000.000000000000114 ) ;
#6130 = VECTOR ( 'NONE', #4945, 1000.000000000000000 ) ;
#6131 = EDGE_LOOP ( 'NONE', ( #5873, #5620, #6868, #7014 ) ) ;
#6132 = CARTESIAN_POINT ( 'NONE',  ( 22.46900000000000119, 40.23199999999999932, -6.049999999999999822 ) ) ;
#6133 = CARTESIAN_POINT ( 'NONE',  ( 1.202999999999999403, 41.75800000000000267, -6.349999999999999645 ) ) ;
#6134 = ADVANCED_FACE ( 'NONE', ( #3925 ), #2700, .F. ) ;
#6135 = ORIENTED_EDGE ( 'NONE', *, *, #3882, .F. ) ;
#6136 = LINE ( 'NONE', #3170, #6253 ) ;
#6137 = EDGE_LOOP ( 'NONE', ( #6254, #3758, #4961, #4048 ) ) ;
#6138 = VECTOR ( 'NONE', #863, 1000.000000000000000 ) ;
#6139 = DIRECTION ( 'NONE',  ( -0.5051792015689371418, -0.8630144693469345984, 0.000000000000000000 ) ) ;
#6140 = VECTOR ( 'NONE', #7559, 1000.000000000000000 ) ;
#6141 = EDGE_CURVE ( 'NONE', #1180, #367, #6308, .T. ) ;
#6142 = ADVANCED_FACE ( 'NONE', ( #1007 ), #2154, .T. ) ;
#6143 = AXIS2_PLACEMENT_3D ( 'NONE', #2840, #903, #2558 ) ;
#6144 = AXIS2_PLACEMENT_3D ( 'NONE', #3768, #6111, #4276 ) ;
#6145 = VECTOR ( 'NONE', #6714, 1000.000000000000114 ) ;
#6146 = CARTESIAN_POINT ( 'NONE',  ( 2.826999999999999957, 33.11999999999999744, -6.049999999999999822 ) ) ;
#6147 = VERTEX_POINT ( 'NONE', #3413 ) ;
#6148 = CARTESIAN_POINT ( 'NONE',  ( 19.79500000000000171, 40.73288888888888692, -6.049999999999999822 ) ) ;
#6149 = DIRECTION ( 'NONE',  ( -0.3286548021612612502, 0.9444501156844348211, 0.000000000000000000 ) ) ;
#6150 = FACE_OUTER_BOUND ( 'NONE', #3061, .T. ) ;
#6151 = CARTESIAN_POINT ( 'NONE',  ( 12.17647222222221970, 39.04588888888888931, -6.049999999999999822 ) ) ;
#6152 = VECTOR ( 'NONE', #4909, 1000.000000000000000 ) ;
#6153 = VECTOR ( 'NONE', #1981, 1000.000000000000000 ) ;
#6154 = VECTOR ( 'NONE', #4228, 1000.000000000000000 ) ;
#6155 = ORIENTED_EDGE ( 'NONE', *, *, #5038, .T. ) ;
#6156 = AXIS2_PLACEMENT_3D ( 'NONE', #5480, #569, #1875 ) ;
#6157 = VERTEX_POINT ( 'NONE', #7454 ) ;
#6158 = VECTOR ( 'NONE', #5059, 1000.000000000000000 ) ;
#6159 = PLANE ( 'NONE',  #7786 ) ;
#6160 = VERTEX_POINT ( 'NONE', #6862 ) ;
#6161 = CARTESIAN_POINT ( 'NONE',  ( 23.75699999999999790, 37.20799999999999841, -6.049999999999999822 ) ) ;
#6162 = CARTESIAN_POINT ( 'NONE',  ( 36.00000000000000711, 55.50000000000000000, 15.00000000000000000 ) ) ;
#6163 = CARTESIAN_POINT ( 'NONE',  ( 0.000000000000000000, 0.000000000000000000, -6.049999999999999822 ) ) ;
#6164 = LINE ( 'NONE', #6277, #4398 ) ;
#6165 = VECTOR ( 'NONE', #400, 1000.000000000000000 ) ;
#6166 = VECTOR ( 'NONE', #3686, 1000.000000000000000 ) ;
#6167 = VERTEX_POINT ( 'NONE', #7567 ) ;
#6168 = CARTESIAN_POINT ( 'NONE',  ( 2.505875000000000075, 30.47487500000000082, -6.349999999999999645 ) ) ;
#6169 = CARTESIAN_POINT ( 'NONE',  ( 9.803666666666664753, 38.65311111111110876, -6.049999999999999822 ) ) ;
#6170 = CARTESIAN_POINT ( 'NONE',  ( 27.97411111111111026, 28.83483333333333221, -6.049999999999999822 ) ) ;
#6171 = VERTEX_POINT ( 'NONE', #369 ) ;
#6172 = CARTESIAN_POINT ( 'NONE',  ( 12.37500000000000000, 33.04999999999999716, -6.049999999999999822 ) ) ;
#6173 = CARTESIAN_POINT ( 'NONE',  ( 4.506999999999999673, 36.43800000000000239, -6.049999999999999822 ) ) ;
#6174 =( GEOMETRIC_REPRESENTATION_CONTEXT ( 3 ) GLOBAL_UNCERTAINTY_ASSIGNED_CONTEXT ( ( #1877 ) ) GLOBAL_UNIT_ASSIGNED_CONTEXT ( ( #2299, #1671, #525 ) ) REPRESENTATION_CONTEXT ( 'NONE', 'WORKASPACE' ) );
#6175 = FACE_OUTER_BOUND ( 'NONE', #6960, .T. ) ;
#6176 = VERTEX_POINT ( 'NONE', #1483 ) ;
#6177 = ADVANCED_FACE ( 'NONE', ( #7488 ), #2813, .T. ) ;
#6178 = ORIENTED_EDGE ( 'NONE', *, *, #7631, .T. ) ;
#6179 = CARTESIAN_POINT ( 'NONE',  ( 20.53233333333333377, 33.27088888888889073, -6.349999999999999645 ) ) ;
#6180 = DIRECTION ( 'NONE',  ( 0.8315726196255307512, 0.5554160407200465777, 0.000000000000000000 ) ) ;
#6181 = VERTEX_POINT ( 'NONE', #5680 ) ;
#6182 = DIRECTION ( 'NONE',  ( -0.2997725894827079074, -0.9540106889311208427, 0.000000000000000000 ) ) ;
#6183 = CARTESIAN_POINT ( 'NONE',  ( 13.53175000000000061, 37.89399999999999835, -6.049999999999999822 ) ) ;
#6184 = EDGE_LOOP ( 'NONE', ( #5535, #7598, #5251, #2439 ) ) ;
#6185 = DIRECTION ( 'NONE',  ( 0.9543316100452117201, -0.2987493565993306621, 0.000000000000000000 ) ) ;
#6186 = EDGE_CURVE ( 'NONE', #5715, #670, #2108, .T. ) ;
#6187 = CARTESIAN_POINT ( 'NONE',  ( 18.33277777777777473, 29.61533333333333218, -6.049999999999999822 ) ) ;
#6188 = ADVANCED_FACE ( 'NONE', ( #5798 ), #445, .T. ) ;
#6189 = ORIENTED_EDGE ( 'NONE', *, *, #5054, .T. ) ;
#6190 = DIRECTION ( 'NONE',  ( 0.000000000000000000, 0.000000000000000000, -1.000000000000000000 ) ) ;
#6191 = EDGE_CURVE ( 'NONE', #4782, #5349, #1045, .T. ) ;
#6192 = CARTESIAN_POINT ( 'NONE',  ( 12.90000000000000036, 16.80000000000000071, 3.650000000000000355 ) ) ;
#6193 = ADVANCED_FACE ( 'NONE', ( #895 ), #4664, .T. ) ;
#6194 = PLANE ( 'NONE',  #892 ) ;
#6195 = VECTOR ( 'NONE', #4493, 1000.000000000000227 ) ;
#6196 = ORIENTED_EDGE ( 'NONE', *, *, #1460, .F. ) ;
#6197 = LINE ( 'NONE', #1451, #1755 ) ;
#6198 = ORIENTED_EDGE ( 'NONE', *, *, #4799, .T. ) ;
#6199 = CARTESIAN_POINT ( 'NONE',  ( 26.82300000000000040, 36.87899999999999778, -6.049999999999999822 ) ) ;
#6200 = DIRECTION ( 'NONE',  ( -0.4698490814454055475, 0.8827467590792439367, 0.000000000000000000 ) ) ;
#6201 = DIRECTION ( 'NONE',  ( 0.000000000000000000, 0.000000000000000000, -1.000000000000000000 ) ) ;
#6202 = CARTESIAN_POINT ( 'NONE',  ( 15.41300000000000203, 30.36200000000000188, -6.049999999999999822 ) ) ;
#6203 = ORIENTED_EDGE ( 'NONE', *, *, #1965, .T. ) ;
#6204 = PLANE ( 'NONE',  #4160 ) ;
#6205 = LINE ( 'NONE', #5613, #7034 ) ;
#6206 = ADVANCED_FACE ( 'NONE', ( #5241 ), #7642, .T. ) ;
#6207 = CARTESIAN_POINT ( 'NONE',  ( 0.9369999999999993889, 32.75600000000000023, -6.049999999999999822 ) ) ;
#6208 = ORIENTED_EDGE ( 'NONE', *, *, #818, .F. ) ;
#6209 = DIRECTION ( 'NONE',  ( -1.000000000000000000, 0.000000000000000000, 0.000000000000000000 ) ) ;
#6210 = LINE ( 'NONE', #6722, #4536 ) ;
#6211 = CARTESIAN_POINT ( 'NONE',  ( 27.32155555555555893, 30.78511111111111020, -6.349999999999999645 ) ) ;
#6212 = ORIENTED_EDGE ( 'NONE', *, *, #4842, .T. ) ;
#6213 = ORIENTED_EDGE ( 'NONE', *, *, #7304, .T. ) ;
#6214 = EDGE_LOOP ( 'NONE', ( #1679, #7441, #5862, #3082 ) ) ;
#6215 = DIRECTION ( 'NONE',  ( -0.000000000000000000, -0.000000000000000000, 1.000000000000000000 ) ) ;
#6216 = DIRECTION ( 'NONE',  ( 0.1489577118023100444, -0.9888435670492172758, 0.000000000000000000 ) ) ;
#6217 = VERTEX_POINT ( 'NONE', #2423 ) ;
#6218 = DIRECTION ( 'NONE',  ( 0.1346125997286436171, -0.9908983035580876120, 0.000000000000000000 ) ) ;
#6219 = DIRECTION ( 'NONE',  ( 0.7991505443142367104, 0.6011309404133673429, 0.000000000000000000 ) ) ;
#6220 = ORIENTED_EDGE ( 'NONE', *, *, #1917, .T. ) ;
#6221 = EDGE_CURVE ( 'NONE', #7504, #419, #5910, .T. ) ;
#6222 = LINE ( 'NONE', #843, #4019 ) ;
#6223 = LINE ( 'NONE', #4428, #5817 ) ;
#6224 = VERTEX_POINT ( 'NONE', #2970 ) ;
#6225 = ADVANCED_FACE ( 'NONE', ( #2265 ), #1708, .T. ) ;
#6226 = CARTESIAN_POINT ( 'NONE',  ( 25.43699999999999761, 39.84000000000001052, -6.049999999999999822 ) ) ;
#6227 = DIRECTION ( 'NONE',  ( -1.000000000000000000, 0.000000000000000000, 0.000000000000000000 ) ) ;
#6228 = EDGE_CURVE ( 'NONE', #4577, #2024, #4150, .T. ) ;
#6229 = ORIENTED_EDGE ( 'NONE', *, *, #5118, .F. ) ;
#6230 = ORIENTED_EDGE ( 'NONE', *, *, #4544, .F. ) ;
#6231 = CARTESIAN_POINT ( 'NONE',  ( 18.94722222222222285, 32.24111111111110972, -6.049999999999999822 ) ) ;
#6232 = ORIENTED_EDGE ( 'NONE', *, *, #7386, .F. ) ;
#6233 = EDGE_CURVE ( 'NONE', #1881, #2431, #7760, .T. ) ;
#6234 = DIRECTION ( 'NONE',  ( 0.6392615198566296009, 0.7689894077492823721, -0.000000000000000000 ) ) ;
#6235 = CARTESIAN_POINT ( 'NONE',  ( 12.37500000000000000, 31.31400000000000006, -6.049999999999999822 ) ) ;
#6236 = LINE ( 'NONE', #5060, #635 ) ;
#6237 = DIRECTION ( 'NONE',  ( 0.000000000000000000, -1.000000000000000000, 0.000000000000000000 ) ) ;
#6238 = VERTEX_POINT ( 'NONE', #527 ) ;
#6239 = ADVANCED_FACE ( 'NONE', ( #6462 ), #1834, .T. ) ;
#6240 = EDGE_CURVE ( 'NONE', #4580, #4110, #5866, .T. ) ;
#6241 = PLANE ( 'NONE',  #5160 ) ;
#6242 = FACE_OUTER_BOUND ( 'NONE', #3619, .T. ) ;
#6243 = CARTESIAN_POINT ( 'NONE',  ( 4.660999999999999588, 28.62599999999999767, -6.349999999999999645 ) ) ;
#6244 = ORIENTED_EDGE ( 'NONE', *, *, #4023, .T. ) ;
#6245 = LINE ( 'NONE', #276, #3372 ) ;
#6246 = CARTESIAN_POINT ( 'NONE',  ( 16.72899999999999920, 28.61200000000000188, -6.349999999999999645 ) ) ;
#6247 = DIRECTION ( 'NONE',  ( 0.3658007952314686895, -0.9306931708184095209, 0.000000000000000000 ) ) ;
#6248 = EDGE_CURVE ( 'NONE', #5342, #4807, #6615, .T. ) ;
#6249 = ORIENTED_EDGE ( 'NONE', *, *, #7103, .T. ) ;
#6250 = EDGE_LOOP ( 'NONE', ( #5951, #224, #1226, #5571 ) ) ;
#6251 = CARTESIAN_POINT ( 'NONE',  ( 12.90000000000000036, 16.80000000000000071, 5.000000000000000000 ) ) ;
#6252 = CARTESIAN_POINT ( 'NONE',  ( 26.85838888888888931, 39.10188888888888670, -6.049999999999999822 ) ) ;
#6253 = VECTOR ( 'NONE', #7360, 1000.000000000000000 ) ;
#6254 = ORIENTED_EDGE ( 'NONE', *, *, #3314, .F. ) ;
#6255 = CARTESIAN_POINT ( 'NONE',  ( 23.58899999999999864, 38.66400000000000148, -6.049999999999999822 ) ) ;
#6256 = PLANE ( 'NONE',  #1255 ) ;
#6257 = CYLINDRICAL_SURFACE ( 'NONE', #4763, 2.749999999999999112 ) ;
#6258 = AXIS2_PLACEMENT_3D ( 'NONE', #6744, #4907, #2510 ) ;
#6259 =( NAMED_UNIT ( * ) PLANE_ANGLE_UNIT ( ) SI_UNIT ( $, .RADIAN. ) );
#6260 = VECTOR ( 'NONE', #2757, 1000.000000000000000 ) ;
#6261 = VECTOR ( 'NONE', #6349, 1000.000000000000000 ) ;
#6262 = VERTEX_POINT ( 'NONE', #1232 ) ;
#6263 = CARTESIAN_POINT ( 'NONE',  ( 19.75300000000000011, 42.34600000000000364, -6.349999999999999645 ) ) ;
#6264 = DIRECTION ( 'NONE',  ( -0.6706870154666204620, -0.7417404716506152962, 0.000000000000000000 ) ) ;
#6265 = VECTOR ( 'NONE', #4857, 1000.000000000000000 ) ;
#6266 = VECTOR ( 'NONE', #6247, 1000.000000000000000 ) ;
#6267 = EDGE_CURVE ( 'NONE', #5733, #2188, #7093, .T. ) ;
#6268 = VERTEX_POINT ( 'NONE', #7726 ) ;
#6269 = DIRECTION ( 'NONE',  ( 0.000000000000000000, 0.000000000000000000, -1.000000000000000000 ) ) ;
#6270 = ORIENTED_EDGE ( 'NONE', *, *, #7231, .T. ) ;
#6271 = VECTOR ( 'NONE', #2198, 1000.000000000000000 ) ;
#6272 = LINE ( 'NONE', #7060, #353 ) ;
#6273 = PLANE ( 'NONE',  #5662 ) ;
#6274 = AXIS2_PLACEMENT_3D ( 'NONE', #5966, #7751, #4176 ) ;
#6275 = LINE ( 'NONE', #6312, #4902 ) ;
#6276 = VECTOR ( 'NONE', #6352, 1000.000000000000114 ) ;
#6277 = CARTESIAN_POINT ( 'NONE',  ( 10.12099999999999866, 42.50000000000000000, -6.049999999999999822 ) ) ;
#6278 = ORIENTED_EDGE ( 'NONE', *, *, #6186, .T. ) ;
#6279 = EDGE_CURVE ( 'NONE', #5299, #6902, #2376, .T. ) ;
#6280 = AXIS2_PLACEMENT_3D ( 'NONE', #5759, #2310, #6945 ) ;
#6281 = AXIS2_PLACEMENT_3D ( 'NONE', #4667, #3449, #5208 ) ;
#6282 = CARTESIAN_POINT ( 'NONE',  ( 12.43800000000000061, 39.35000000000000142, -6.049999999999999822 ) ) ;
#6283 = DIRECTION ( 'NONE',  ( 0.000000000000000000, -1.000000000000000000, 0.000000000000000000 ) ) ;
#6284 = DIRECTION ( 'NONE',  ( 0.5844634448142485006, 0.8114200402232261133, -0.000000000000000000 ) ) ;
#6285 = ORIENTED_EDGE ( 'NONE', *, *, #3745, .F. ) ;
#6286 = CARTESIAN_POINT ( 'NONE',  ( 2.826999999999999957, 33.11999999999999744, -6.349999999999999645 ) ) ;
#6287 = LINE ( 'NONE', #6246, #7541 ) ;
#6288 = LINE ( 'NONE', #909, #5394 ) ;
#6289 = EDGE_CURVE ( 'NONE', #2627, #69, #1748, .T. ) ;
#6290 = VECTOR ( 'NONE', #3682, 1000.000000000000000 ) ;
#6291 = EDGE_CURVE ( 'NONE', #6348, #3991, #4223, .T. ) ;
#6292 = VECTOR ( 'NONE', #1681, 1000.000000000000114 ) ;
#6293 = ADVANCED_FACE ( 'NONE', ( #3568 ), #5945, .T. ) ;
#6294 = ORIENTED_EDGE ( 'NONE', *, *, #3080, .F. ) ;
#6295 = ORIENTED_EDGE ( 'NONE', *, *, #5086, .F. ) ;
#6296 = CARTESIAN_POINT ( 'NONE',  ( 4.151944444444440663, 30.66611111111111398, -6.049999999999999822 ) ) ;
#6297 = CARTESIAN_POINT ( 'NONE',  ( 25.59411111111111126, 36.06700000000000017, -6.049999999999999822 ) ) ;
#6298 = ORIENTED_EDGE ( 'NONE', *, *, #6958, .T. ) ;
#6299 = DIRECTION ( 'NONE',  ( 0.000000000000000000, 1.000000000000000000, 0.000000000000000000 ) ) ;
#6300 = PLANE ( 'NONE',  #2140 ) ;
#6301 = CARTESIAN_POINT ( 'NONE',  ( 23.19999999999999929, 21.10000000000000142, -3.874999999999999112 ) ) ;
#6302 = SURFACE_SIDE_STYLE ('',( #3876 ) ) ;
#6303 = EDGE_CURVE ( 'NONE', #6551, #2531, #1796, .T. ) ;
#6304 = VERTEX_POINT ( 'NONE', #5980 ) ;
#6305 = LINE ( 'NONE', #6972, #7178 ) ;
#6306 = DIRECTION ( 'NONE',  ( -0.8090989711144263019, 0.5876724044410941428, 0.000000000000000000 ) ) ;
#6307 = EDGE_LOOP ( 'NONE', ( #7736, #280, #7323, #7641 ) ) ;
#6308 = LINE ( 'NONE', #7526, #7408 ) ;
#6309 = VERTEX_POINT ( 'NONE', #598 ) ;
#6310 = CARTESIAN_POINT ( 'NONE',  ( 22.00233333333333263, 37.77888888888888630, -6.049999999999999822 ) ) ;
#6311 = FACE_OUTER_BOUND ( 'NONE', #3278, .T. ) ;
#6312 = CARTESIAN_POINT ( 'NONE',  ( 15.67500000000000071, 20.39999999999999858, 2.225000000000000089 ) ) ;
#6313 = CARTESIAN_POINT ( 'NONE',  ( 10.12099999999999866, 42.50000000000000000, -6.049999999999999822 ) ) ;
#6314 = EDGE_CURVE ( 'NONE', #4917, #5715, #17, .T. ) ;
#6315 = VECTOR ( 'NONE', #2494, 1000.000000000000000 ) ;
#6316 = ORIENTED_EDGE ( 'NONE', *, *, #2438, .F. ) ;
#6317 = EDGE_LOOP ( 'NONE', ( #4921, #1234, #3420, #3489 ) ) ;
#6318 = CARTESIAN_POINT ( 'NONE',  ( 19.87900000000000134, 38.07600000000000051, -6.349999999999999645 ) ) ;
#6319 = CARTESIAN_POINT ( 'NONE',  ( 26.01566666666666805, 40.18844444444444264, -6.049999999999999822 ) ) ;
#6320 = ORIENTED_EDGE ( 'NONE', *, *, #2414, .T. ) ;
#6321 = CARTESIAN_POINT ( 'NONE',  ( 26.82300000000000040, 36.87899999999999778, -6.049999999999999822 ) ) ;
#6322 = CARTESIAN_POINT ( 'NONE',  ( 23.19999999999999929, 15.50000000000000000, -3.874999999999999112 ) ) ;
#6323 = DIRECTION ( 'NONE',  ( 0.000000000000000000, 0.000000000000000000, 1.000000000000000000 ) ) ;
#6324 = EDGE_CURVE ( 'NONE', #2586, #4817, #7401, .T. ) ;
#6325 = EDGE_LOOP ( 'NONE', ( #1802, #7134, #4212, #7574 ) ) ;
#6326 = ADVANCED_FACE ( 'NONE', ( #5556 ), #7361, .T. ) ;
#6327 = EDGE_CURVE ( 'NONE', #1076, #6128, #3244, .T. ) ;
#6328 = ORIENTED_EDGE ( 'NONE', *, *, #7575, .F. ) ;
#6329 = CARTESIAN_POINT ( 'NONE',  ( 1.381499999999999062, 34.75450000000000017, -6.049999999999999822 ) ) ;
#6330 = EDGE_CURVE ( 'NONE', #2001, #7365, #6814, .T. ) ;
#6331 = CARTESIAN_POINT ( 'NONE',  ( 20.63499999999999801, 33.03600000000000136, -6.349999999999999645 ) ) ;
#6332 = EDGE_LOOP ( 'NONE', ( #2014, #2561, #163, #3203 ) ) ;
#6333 = FACE_OUTER_BOUND ( 'NONE', #3284, .T. ) ;
#6334 = CARTESIAN_POINT ( 'NONE',  ( 4.197444444444437650, 30.99977777777777632, -6.049999999999999822 ) ) ;
#6335 = DIRECTION ( 'NONE',  ( 0.3682454495809788231, -0.9297286103282520475, 0.000000000000000000 ) ) ;
#6336 = EDGE_CURVE ( 'NONE', #7566, #1314, #2065, .T. ) ;
#6337 = FACE_OUTER_BOUND ( 'NONE', #1819, .T. ) ;
#6338 = ADVANCED_FACE ( 'NONE', ( #3800 ), #5625, .T. ) ;
#6339 = EDGE_CURVE ( 'NONE', #3794, #1704, #3054, .T. ) ;
#6340 = DIRECTION ( 'NONE',  ( -0.8634407058267803414, -0.5044503419776334985, 0.000000000000000000 ) ) ;
#6341 = ORIENTED_EDGE ( 'NONE', *, *, #6569, .F. ) ;
#6342 = LINE ( 'NONE', #7519, #3795 ) ;
#6343 = CARTESIAN_POINT ( 'NONE',  ( 7.545000000000000817, 34.61800000000000210, -6.049999999999999822 ) ) ;
#6344 = ADVANCED_FACE ( 'NONE', ( #168 ), #245, .T. ) ;
#6345 = ORIENTED_EDGE ( 'NONE', *, *, #5756, .F. ) ;
#6346 = VERTEX_POINT ( 'NONE', #2651 ) ;
#6347 = PLANE ( 'NONE',  #6776 ) ;
#6348 = VERTEX_POINT ( 'NONE', #7443 ) ;
#6349 = DIRECTION ( 'NONE',  ( 0.8431505479529863845, 0.5376775553122696838, 0.000000000000000000 ) ) ;
#6350 = PLANE ( 'NONE',  #640 ) ;
#6351 = CARTESIAN_POINT ( 'NONE',  ( 11.52955555555555556, 38.23622222222222433, -6.049999999999999822 ) ) ;
#6352 = DIRECTION ( 'NONE',  ( -0.8431236524208980398, -0.5377197287885621124, 0.000000000000000000 ) ) ;
#6353 = ORIENTED_EDGE ( 'NONE', *, *, #6514, .F. ) ;
#6354 = ORIENTED_EDGE ( 'NONE', *, *, #470, .T. ) ;
#6355 = CARTESIAN_POINT ( 'NONE',  ( 1.381499999999999062, 34.75450000000000017, -6.049999999999999822 ) ) ;
#6356 = LINE ( 'NONE', #6319, #3144 ) ;
#6357 = VERTEX_POINT ( 'NONE', #7510 ) ;
#6358 = DIRECTION ( 'NONE',  ( 0.000000000000000000, 0.000000000000000000, -1.000000000000000000 ) ) ;
#6359 = PLANE ( 'NONE',  #7290 ) ;
#6360 = ORIENTED_EDGE ( 'NONE', *, *, #4661, .T. ) ;
#6361 = FACE_OUTER_BOUND ( 'NONE', #7680, .T. ) ;
#6362 = ORIENTED_EDGE ( 'NONE', *, *, #7784, .T. ) ;
#6363 = EDGE_CURVE ( 'NONE', #6606, #5410, #6848, .T. ) ;
#6364 = EDGE_LOOP ( 'NONE', ( #2557, #7267, #7543, #4117 ) ) ;
#6365 = CARTESIAN_POINT ( 'NONE',  ( 14.76900000000000013, 35.68200000000000216, -6.049999999999999822 ) ) ;
#6366 = DIRECTION ( 'NONE',  ( -0.8371596136254164655, -0.5469586650877226175, 0.000000000000000000 ) ) ;
#6367 = ORIENTED_EDGE ( 'NONE', *, *, #4504, .T. ) ;
#6368 = DIRECTION ( 'NONE',  ( -0.3905498468561595660, 0.9205817818752608517, 0.000000000000000000 ) ) ;
#6369 = PLANE ( 'NONE',  #4269 ) ;
#6370 = LINE ( 'NONE', #5315, #3640 ) ;
#6371 = LINE ( 'NONE', #3916, #4538 ) ;
#6372 = ORIENTED_EDGE ( 'NONE', *, *, #712, .T. ) ;
#6373 = ADVANCED_FACE ( 'NONE', ( #3208 ), #6256, .T. ) ;
#6374 = CARTESIAN_POINT ( 'NONE',  ( 15.37100000000000044, 33.69400000000000261, -6.049999999999999822 ) ) ;
#6375 = ORIENTED_EDGE ( 'NONE', *, *, #6330, .T. ) ;
#6376 = CARTESIAN_POINT ( 'NONE',  ( 24.93299999999999983, 41.62577777777777754, -6.349999999999999645 ) ) ;
#6377 = FACE_OUTER_BOUND ( 'NONE', #718, .T. ) ;
#6378 = VECTOR ( 'NONE', #7072, 1000.000000000000000 ) ;
#6379 = EDGE_CURVE ( 'NONE', #4820, #4856, #1397, .T. ) ;
#6380 = EDGE_CURVE ( 'NONE', #6262, #623, #878, .T. ) ;
#6381 = VECTOR ( 'NONE', #1311, 1000.000000000000000 ) ;
#6382 = AXIS2_PLACEMENT_3D ( 'NONE', #5912, #1118, #4072 ) ;
#6383 = ORIENTED_EDGE ( 'NONE', *, *, #7004, .F. ) ;
#6384 = DIRECTION ( 'NONE',  ( 0.000000000000000000, -0.000000000000000000, 1.000000000000000000 ) ) ;
#6385 = VERTEX_POINT ( 'NONE', #289 ) ;
#6386 = CARTESIAN_POINT ( 'NONE',  ( 26.82300000000000040, 36.87899999999999778, -6.049999999999999822 ) ) ;
#6387 = DIRECTION ( 'NONE',  ( -0.000000000000000000, 0.000000000000000000, -1.000000000000000000 ) ) ;
#6388 = PLANE ( 'NONE',  #5901 ) ;
#6389 = CARTESIAN_POINT ( 'NONE',  ( 3.799999999999998934, 38.22299999999999898, -6.049999999999999822 ) ) ;
#6390 = VECTOR ( 'NONE', #4955, 1000.000000000000000 ) ;
#6391 = VECTOR ( 'NONE', #1871, 1000.000000000000227 ) ;
#6392 = EDGE_LOOP ( 'NONE', ( #6963, #1272, #6878, #5413 ) ) ;
#6393 = VECTOR ( 'NONE', #7321, 1000.000000000000227 ) ;
#6394 = ORIENTED_EDGE ( 'NONE', *, *, #4799, .F. ) ;
#6396 = DIRECTION ( 'NONE',  ( 0.000000000000000000, 0.000000000000000000, -1.000000000000000000 ) ) ;
#6395 = VECTOR ( 'NONE', #3025, 1000.000000000000000 ) ;
#6397 = CARTESIAN_POINT ( 'NONE',  ( 20.00811111111110918, 30.57199999999999918, -6.349999999999999645 ) ) ;
#6398 = VECTOR ( 'NONE', #1370, 1000.000000000000114 ) ;
#6399 = VERTEX_POINT ( 'NONE', #2688 ) ;
#6400 = FACE_OUTER_BOUND ( 'NONE', #6050, .T. ) ;
#6401 = DIRECTION ( 'NONE',  ( 0.000000000000000000, 0.000000000000000000, -1.000000000000000000 ) ) ;
#6402 = ORIENTED_EDGE ( 'NONE', *, *, #7440, .T. ) ;
#6403 = CARTESIAN_POINT ( 'NONE',  ( 2.826999999999999957, 33.11999999999999744, -6.349999999999999645 ) ) ;
#6404 = VECTOR ( 'NONE', #1182, 1000.000000000000000 ) ;
#6405 = ORIENTED_EDGE ( 'NONE', *, *, #5732, .F. ) ;
#6406 = ORIENTED_EDGE ( 'NONE', *, *, #6525, .F. ) ;
#6407 = ORIENTED_EDGE ( 'NONE', *, *, #3803, .F. ) ;
#6408 = PLANE ( 'NONE',  #2638 ) ;
#6409 = LINE ( 'NONE', #4684, #1503 ) ;
#6410 = ORIENTED_EDGE ( 'NONE', *, *, #175, .T. ) ;
#6411 = DIRECTION ( 'NONE',  ( 0.000000000000000000, -0.000000000000000000, 1.000000000000000000 ) ) ;
#6412 = VECTOR ( 'NONE', #443, 1000.000000000000000 ) ;
#6413 = LINE ( 'NONE', #5786, #3277 ) ;
#6414 = AXIS2_PLACEMENT_3D ( 'NONE', #2668, #3887, #6865 ) ;
#6415 = CARTESIAN_POINT ( 'NONE',  ( 9.690305555555553951, 41.20305555555556509, -6.349999999999999645 ) ) ;
#6416 = LINE ( 'NONE', #6301, #624 ) ;
#6417 = EDGE_CURVE ( 'NONE', #4793, #7444, #5079, .T. ) ;
#6418 = VECTOR ( 'NONE', #5115, 1000.000000000000000 ) ;
#6419 = CARTESIAN_POINT ( 'NONE',  ( 24.83966666666666612, 39.46977777777777874, -6.049999999999999822 ) ) ;
#6420 = ORIENTED_EDGE ( 'NONE', *, *, #2788, .F. ) ;
#6421 = DIRECTION ( 'NONE',  ( 0.000000000000000000, 0.000000000000000000, -1.000000000000000000 ) ) ;
#6422 = DIRECTION ( 'NONE',  ( -0.3812531617251601057, 0.9244706737774697203, 0.000000000000000000 ) ) ;
#6423 = EDGE_CURVE ( 'NONE', #1394, #3946, #4491, .T. ) ;
#6424 = ADVANCED_FACE ( 'NONE', ( #3914 ), #6300, .T. ) ;
#6426 = ORIENTED_EDGE ( 'NONE', *, *, #3464, .F. ) ;
#6425 = EDGE_CURVE ( 'NONE', #2203, #800, #5110, .T. ) ;
#6427 = ADVANCED_FACE ( 'NONE', ( #3949 ), #6369, .T. ) ;
#6428 = DIRECTION ( 'NONE',  ( 1.000000000000000000, 0.000000000000000000, 0.000000000000000000 ) ) ;
#6429 = ORIENTED_EDGE ( 'NONE', *, *, #7772, .F. ) ;
#6430 = CARTESIAN_POINT ( 'NONE',  ( 13.69022222222222140, 38.11488888888889193, -6.349999999999999645 ) ) ;
#6431 = CARTESIAN_POINT ( 'NONE',  ( 1.799652777777776436, 30.75643055555555350, -6.049999999999999822 ) ) ;
#6432 = DIRECTION ( 'NONE',  ( -0.000000000000000000, -1.000000000000000000, -0.000000000000000000 ) ) ;
#6433 = CARTESIAN_POINT ( 'NONE',  ( 1.212333333333331709, 31.44155555555555637, -6.049999999999999822 ) ) ;
#6434 = ORIENTED_EDGE ( 'NONE', *, *, #3409, .F. ) ;
#6435 = ORIENTED_EDGE ( 'NONE', *, *, #4427, .F. ) ;
#6436 = ORIENTED_EDGE ( 'NONE', *, *, #6327, .T. ) ;
#6437 = DIRECTION ( 'NONE',  ( 0.9121596183804780988, -0.4098351261129048462, 0.000000000000000000 ) ) ;
#6438 = CARTESIAN_POINT ( 'NONE',  ( 12.66199999999999903, 39.35000000000000142, -6.049999999999999822 ) ) ;
#6439 = ORIENTED_EDGE ( 'NONE', *, *, #511, .T. ) ;
#6440 = CARTESIAN_POINT ( 'NONE',  ( 4.151944444444440663, 30.66611111111111398, -6.349999999999999645 ) ) ;
#6441 = DIRECTION ( 'NONE',  ( -0.3184802720880535176, -0.9479294890922633776, 0.000000000000000000 ) ) ;
#6442 = VERTEX_POINT ( 'NONE', #1621 ) ;
#6443 = PLANE ( 'NONE',  #3651 ) ;
#6444 = ADVANCED_FACE ( 'NONE', ( #6452 ), #4131, .T. ) ;
#6445 = ORIENTED_EDGE ( 'NONE', *, *, #3967, .T. ) ;
#6446 = EDGE_CURVE ( 'NONE', #4532, #4433, #3472, .T. ) ;
#6447 = ORIENTED_EDGE ( 'NONE', *, *, #1806, .F. ) ;
#6448 = PLANE ( 'NONE',  #1264 ) ;
#6449 = LINE ( 'NONE', #4091, #4758 ) ;
#6450 = VERTEX_POINT ( 'NONE', #7593 ) ;
#6451 = DIRECTION ( 'NONE',  ( -0.000000000000000000, -0.000000000000000000, -1.000000000000000000 ) ) ;
#6452 = FACE_OUTER_BOUND ( 'NONE', #454, .T. ) ;
#6453 = FACE_OUTER_BOUND ( 'NONE', #24, .T. ) ;
#6454 = VECTOR ( 'NONE', #2296, 1000.000000000000000 ) ;
#6455 = ORIENTED_EDGE ( 'NONE', *, *, #6336, .T. ) ;
#6456 = EDGE_CURVE ( 'NONE', #2001, #4845, #2876, .T. ) ;
#6457 = CARTESIAN_POINT ( 'NONE',  ( 19.16150000000000020, 30.09950000000000259, -6.049999999999999822 ) ) ;
#6458 = ORIENTED_EDGE ( 'NONE', *, *, #2692, .F. ) ;
#6459 = LINE ( 'NONE', #1558, #770 ) ;
#6460 = EDGE_CURVE ( 'NONE', #3603, #3588, #2803, .T. ) ;
#6461 = EDGE_LOOP ( 'NONE', ( #2047, #985, #1792, #6270 ) ) ;
#6462 = FACE_OUTER_BOUND ( 'NONE', #493, .T. ) ;
#6463 = ORIENTED_EDGE ( 'NONE', *, *, #5039, .T. ) ;
#6464 = CARTESIAN_POINT ( 'NONE',  ( 11.96550000000000047, 41.55149999999999721, -6.049999999999999822 ) ) ;
#6465 = CARTESIAN_POINT ( 'NONE',  ( 9.309000000000001052, 31.31400000000000006, -6.049999999999999822 ) ) ;
#6466 = LINE ( 'NONE', #1645, #1127 ) ;
#6467 = CARTESIAN_POINT ( 'NONE',  ( 16.31638888888888772, 30.86794444444444352, -6.049999999999999822 ) ) ;
#6468 = VERTEX_POINT ( 'NONE', #7045 ) ;
#6469 = ORIENTED_EDGE ( 'NONE', *, *, #392, .T. ) ;
#6470 = EDGE_CURVE ( 'NONE', #7757, #5309, #5858, .T. ) ;
#6471 = VERTEX_POINT ( 'NONE', #4721 ) ;
#6472 = DIRECTION ( 'NONE',  ( -0.7285000934998204780, 0.6850457019577255169, 0.000000000000000000 ) ) ;
#6473 = ORIENTED_EDGE ( 'NONE', *, *, #1229, .T. ) ;
#6474 = CARTESIAN_POINT ( 'NONE',  ( 3.573666666666668323, 38.84600000000000364, -6.049999999999999822 ) ) ;
#6475 = FACE_OUTER_BOUND ( 'NONE', #1380, .T. ) ;
#6476 = ORIENTED_EDGE ( 'NONE', *, *, #5749, .T. ) ;
#6477 = LINE ( 'NONE', #7111, #491 ) ;
#6478 = EDGE_CURVE ( 'NONE', #5818, #508, #1073, .T. ) ;
#6479 = VERTEX_POINT ( 'NONE', #6999 ) ;
#6480 = EDGE_CURVE ( 'NONE', #5532, #1881, #2760, .T. ) ;
#6481 = EDGE_LOOP ( 'NONE', ( #1883, #3956, #600, #316 ) ) ;
#6482 = DIRECTION ( 'NONE',  ( 0.000000000000000000, 0.000000000000000000, -1.000000000000000000 ) ) ;
#6483 = CARTESIAN_POINT ( 'NONE',  ( 26.21944444444444144, 36.48466666666666924, -6.049999999999999822 ) ) ;
#6484 = VERTEX_POINT ( 'NONE', #348 ) ;
#6485 = DIRECTION ( 'NONE',  ( 0.9384009429603009655, 0.3455483616676803260, 0.000000000000000000 ) ) ;
#6486 = CARTESIAN_POINT ( 'NONE',  ( 14.32499999999999929, 16.80000000000000071, 3.650000000000000355 ) ) ;
#6487 = CARTESIAN_POINT ( 'NONE',  ( 12.04833333333333201, 41.75488888888889250, -6.049999999999999822 ) ) ;
#6488 = ORIENTED_EDGE ( 'NONE', *, *, #2788, .T. ) ;
#6489 = FACE_OUTER_BOUND ( 'NONE', #536, .T. ) ;
#6490 = ORIENTED_EDGE ( 'NONE', *, *, #1578, .T. ) ;
#6491 = DIRECTION ( 'NONE',  ( 0.000000000000000000, 0.000000000000000000, 1.000000000000000000 ) ) ;
#6492 = CARTESIAN_POINT ( 'NONE',  ( 3.134999999999999787, 40.13400000000000034, -6.049999999999999822 ) ) ;
#6493 = CARTESIAN_POINT ( 'NONE',  ( 16.72899999999999920, 28.61200000000000188, -6.049999999999999822 ) ) ;
#6494 = VECTOR ( 'NONE', #1471, 1000.000000000000000 ) ;
#6495 = VERTEX_POINT ( 'NONE', #3434 ) ;
#6496 = CARTESIAN_POINT ( 'NONE',  ( 19.16150000000000020, 30.09950000000000259, -6.049999999999999822 ) ) ;
#6497 = DIRECTION ( 'NONE',  ( 0.000000000000000000, -1.000000000000000000, 0.000000000000000000 ) ) ;
#6498 = DIRECTION ( 'NONE',  ( -0.4099940441068806174, 0.9120881995711189738, 0.000000000000000000 ) ) ;
#6499 = DIRECTION ( 'NONE',  ( -1.000000000000000000, -0.000000000000000000, -0.000000000000000000 ) ) ;
#6500 = ADVANCED_FACE ( 'NONE', ( #5196 ), #2180, .T. ) ;
#6501 = EDGE_LOOP ( 'NONE', ( #6063, #1450, #1345, #5037 ) ) ;
#6502 = VECTOR ( 'NONE', #3594, 1000.000000000000227 ) ;
#6503 = ORIENTED_EDGE ( 'NONE', *, *, #2345, .T. ) ;
#6504 = AXIS2_PLACEMENT_3D ( 'NONE', #7190, #5337, #5921 ) ;
#6505 = VERTEX_POINT ( 'NONE', #7118 ) ;
#6506 = CARTESIAN_POINT ( 'NONE',  ( 14.32499999999999929, 20.39999999999999858, 6.425000000000000711 ) ) ;
#6507 = EDGE_LOOP ( 'NONE', ( #7206, #3209, #2923, #4088 ) ) ;
#6508 = CARTESIAN_POINT ( 'NONE',  ( 23.09900000000000020, 40.60261111111110921, -6.349999999999999645 ) ) ;
#6509 = CARTESIAN_POINT ( 'NONE',  ( 12.04833333333333201, 41.75488888888889250, -6.049999999999999822 ) ) ;
#6510 = AXIS2_PLACEMENT_3D ( 'NONE', #4444, #745, #3154 ) ;
#6511 = VERTEX_POINT ( 'NONE', #6966 ) ;
#6512 = VECTOR ( 'NONE', #6821, 1000.000000000000000 ) ;
#6513 = CARTESIAN_POINT ( 'NONE',  ( 4.251500000000000057, 31.33500000000000085, -6.049999999999999822 ) ) ;
#6514 = EDGE_CURVE ( 'NONE', #3428, #4055, #4017, .T. ) ;
#6515 = ORIENTED_EDGE ( 'NONE', *, *, #1339, .F. ) ;
#6516 = VECTOR ( 'NONE', #6930, 1000.000000000000000 ) ;
#6517 = AXIS2_PLACEMENT_3D ( 'NONE', #4674, #2167, #5843 ) ;
#6518 = AXIS2_PLACEMENT_3D ( 'NONE', #2046, #4353, #5021 ) ;
#6519 = ORIENTED_EDGE ( 'NONE', *, *, #3524, .T. ) ;
#6520 = CARTESIAN_POINT ( 'NONE',  ( 14.02699999999999925, 38.56600000000000250, -6.049999999999999822 ) ) ;
#6521 = CARTESIAN_POINT ( 'NONE',  ( 11.93788888888888700, 38.75888888888889028, -6.049999999999999822 ) ) ;
#6522 = EDGE_CURVE ( 'NONE', #7244, #6167, #6413, .T. ) ;
#6523 = ORIENTED_EDGE ( 'NONE', *, *, #7386, .T. ) ;
#6524 = DIRECTION ( 'NONE',  ( 0.000000000000000000, 0.000000000000000000, -1.000000000000000000 ) ) ;
#6525 = EDGE_CURVE ( 'NONE', #1692, #7246, #4094, .T. ) ;
#6526 = CARTESIAN_POINT ( 'NONE',  ( 22.06883333333333752, 36.64488888888888596, -6.049999999999999822 ) ) ;
#6527 = ADVANCED_FACE ( 'NONE', ( #5230 ), #1665, .T. ) ;
#6528 = CARTESIAN_POINT ( 'NONE',  ( 11.73099999999999987, 40.91800000000000637, -6.349999999999999645 ) ) ;
#6529 = VECTOR ( 'NONE', #3944, 1000.000000000000000 ) ;
#6530 = AXIS2_PLACEMENT_3D ( 'NONE', #4191, #2939, #5330 ) ;
#6531 = VECTOR ( 'NONE', #4699, 1000.000000000000000 ) ;
#6532 = VECTOR ( 'NONE', #6587, 1000.000000000000114 ) ;
#6533 = VECTOR ( 'NONE', #5166, 1000.000000000000000 ) ;
#6534 = VECTOR ( 'NONE', #833, 1000.000000000000000 ) ;
#6535 = FACE_OUTER_BOUND ( 'NONE', #2430, .T. ) ;
#6536 = DIRECTION ( 'NONE',  ( 0.8732096109060311084, 0.4873448218882989180, 0.000000000000000000 ) ) ;
#6537 = LINE ( 'NONE', #6457, #3830 ) ;
#6538 = VERTEX_POINT ( 'NONE', #7083 ) ;
#6539 = DIRECTION ( 'NONE',  ( -0.03783101662572386364, 0.9992841508705441189, 0.000000000000000000 ) ) ;
#6540 = VECTOR ( 'NONE', #2628, 1000.000000000000114 ) ;
#6541 = VECTOR ( 'NONE', #532, 1000.000000000000000 ) ;
#6542 = EDGE_CURVE ( 'NONE', #658, #4129, #1701, .T. ) ;
#6543 = CARTESIAN_POINT ( 'NONE',  ( 14.76900000000000013, 37.25000000000000000, -6.049999999999999822 ) ) ;
#6544 = VERTEX_POINT ( 'NONE', #5314 ) ;
#6545 = DIRECTION ( 'NONE',  ( 0.9996612188171235536, 0.02602782344075461191, 0.000000000000000000 ) ) ;
#6546 = CARTESIAN_POINT ( 'NONE',  ( 12.90000000000000036, 16.80000000000000071, 3.650000000000000355 ) ) ;
#6547 = DIRECTION ( 'NONE',  ( 0.000000000000000000, -1.000000000000000000, 0.000000000000000000 ) ) ;
#6548 = CARTESIAN_POINT ( 'NONE',  ( 28.19811111111111046, 29.15800000000000480, -6.049999999999999822 ) ) ;
#6549 = ORIENTED_EDGE ( 'NONE', *, *, #7667, .T. ) ;
#6550 = ORIENTED_EDGE ( 'NONE', *, *, #2253, .T. ) ;
#6551 = VERTEX_POINT ( 'NONE', #952 ) ;
#6552 = DIRECTION ( 'NONE',  ( 0.000000000000000000, 0.000000000000000000, -1.000000000000000000 ) ) ;
#6553 = EDGE_CURVE ( 'NONE', #1061, #6675, #1734, .T. ) ;
#6554 = ORIENTED_EDGE ( 'NONE', *, *, #880, .T. ) ;
#6555 = CARTESIAN_POINT ( 'NONE',  ( 8.532000000000000028, 37.25000000000000000, -6.049999999999999822 ) ) ;
#6556 = CARTESIAN_POINT ( 'NONE',  ( 12.37500000000000000, 29.74599999999999866, -6.349999999999999645 ) ) ;
#6557 = LINE ( 'NONE', #5453, #5652 ) ;
#6558 = DIRECTION ( 'NONE',  ( -0.04816564637540220878, 0.9988393617140043368, 0.000000000000000000 ) ) ;
#6559 = ORIENTED_EDGE ( 'NONE', *, *, #920, .T. ) ;
#6560 = ORIENTED_EDGE ( 'NONE', *, *, #1706, .T. ) ;
#6561 = DIRECTION ( 'NONE',  ( 0.03402820122673307079, -0.9994208730666340745, 0.000000000000000000 ) ) ;
#6562 = DIRECTION ( 'NONE',  ( 0.000000000000000000, 0.000000000000000000, -1.000000000000000000 ) ) ;
#6563 = EDGE_CURVE ( 'NONE', #4566, #4424, #673, .T. ) ;
#6564 = ORIENTED_EDGE ( 'NONE', *, *, #816, .F. ) ;
#6565 = CARTESIAN_POINT ( 'NONE',  ( 8.356805555555554932, 37.50511111111111262, -6.049999999999999822 ) ) ;
#6566 = LINE ( 'NONE', #6055, #2652 ) ;
#6567 = LINE ( 'NONE', #5660, #5011 ) ;
#6568 = EDGE_CURVE ( 'NONE', #656, #6450, #1, .T. ) ;
#6569 = EDGE_CURVE ( 'NONE', #7230, #69, #7201, .T. ) ;
#6570 = EDGE_CURVE ( 'NONE', #4414, #2355, #2526, .T. ) ;
#6571 = ORIENTED_EDGE ( 'NONE', *, *, #7647, .F. ) ;
#6572 = CARTESIAN_POINT ( 'NONE',  ( 13.09600000000000009, 37.25000000000000000, -6.049999999999999822 ) ) ;
#6573 = CARTESIAN_POINT ( 'NONE',  ( 13.09600000000000009, 37.25000000000000000, -6.049999999999999822 ) ) ;
#6574 = EDGE_CURVE ( 'NONE', #7325, #6058, #2361, .T. ) ;
#6575 = DIRECTION ( 'NONE',  ( 0.000000000000000000, -1.000000000000000000, 0.000000000000000000 ) ) ;
#6576 = EDGE_LOOP ( 'NONE', ( #2029, #765, #5472, #1985 ) ) ;
#6577 = VECTOR ( 'NONE', #3515, 1000.000000000000000 ) ;
#6578 = PLANE ( 'NONE',  #1906 ) ;
#6579 = ADVANCED_FACE ( 'NONE', ( #3041, #1938 ), #1821, .F. ) ;
#6580 = ADVANCED_FACE ( 'NONE', ( #3112 ), #5427, .F. ) ;
#6581 = FACE_OUTER_BOUND ( 'NONE', #6576, .T. ) ;
#6582 = DIRECTION ( 'NONE',  ( -0.000000000000000000, -0.000000000000000000, -1.000000000000000000 ) ) ;
#6583 = EDGE_LOOP ( 'NONE', ( #946, #4445, #1684, #6993 ) ) ;
#6584 = CARTESIAN_POINT ( 'NONE',  ( 1.381111111111106737, 39.93488888888889221, -6.049999999999999822 ) ) ;
#6585 = DIRECTION ( 'NONE',  ( 0.000000000000000000, 0.000000000000000000, -1.000000000000000000 ) ) ;
#6586 = CARTESIAN_POINT ( 'NONE',  ( 11.35980555555555505, 38.00055555555555742, -6.049999999999999822 ) ) ;
#6587 = DIRECTION ( 'NONE',  ( 0.5784410981882466274, 0.8157241543112323523, 0.000000000000000000 ) ) ;
#6588 = ORIENTED_EDGE ( 'NONE', *, *, #3180, .T. ) ;
#6589 = ORIENTED_EDGE ( 'NONE', *, *, #2730, .F. ) ;
#6590 = VERTEX_POINT ( 'NONE', #4800 ) ;
#6591 = LINE ( 'NONE', #5335, #3639 ) ;
#6592 = ORIENTED_EDGE ( 'NONE', *, *, #2163, .F. ) ;
#6593 = LINE ( 'NONE', #3027, #7771 ) ;
#6594 = DIRECTION ( 'NONE',  ( 0.5035640360515631908, -0.8639579049904341224, 0.000000000000000000 ) ) ;
#6595 = ORIENTED_EDGE ( 'NONE', *, *, #5746, .F. ) ;
#6596 = DIRECTION ( 'NONE',  ( -0.000000000000000000, 0.000000000000000000, 1.000000000000000000 ) ) ;
#6597 = ORIENTED_EDGE ( 'NONE', *, *, #2771, .F. ) ;
#6598 = ORIENTED_EDGE ( 'NONE', *, *, #3236, .F. ) ;
#6599 = FACE_OUTER_BOUND ( 'NONE', #4077, .T. ) ;
#6600 = LINE ( 'NONE', #4718, #1114 ) ;
#6601 = VERTEX_POINT ( 'NONE', #7317 ) ;
#6602 = LINE ( 'NONE', #6006, #5499 ) ;
#6603 = LINE ( 'NONE', #6091, #7035 ) ;
#6604 = CARTESIAN_POINT ( 'NONE',  ( 7.545000000000000817, 29.03200000000000358, -6.349999999999999645 ) ) ;
#6605 = EDGE_CURVE ( 'NONE', #4055, #2942, #3706, .T. ) ;
#6606 = VERTEX_POINT ( 'NONE', #6526 ) ;
#6607 = DIRECTION ( 'NONE',  ( 0.000000000000000000, 0.000000000000000000, -1.000000000000000000 ) ) ;
#6608 = LINE ( 'NONE', #1740, #2520 ) ;
#6609 = ORIENTED_EDGE ( 'NONE', *, *, #5187, .F. ) ;
#6610 = DIRECTION ( 'NONE',  ( 0.000000000000000000, 0.000000000000000000, -1.000000000000000000 ) ) ;
#6611 = ORIENTED_EDGE ( 'NONE', *, *, #1717, .T. ) ;
#6612 = CARTESIAN_POINT ( 'NONE',  ( 21.94749999999999801, 38.91599999999999682, -6.349999999999999645 ) ) ;
#6613 = EDGE_CURVE ( 'NONE', #7716, #2836, #6603, .T. ) ;
#6614 = CARTESIAN_POINT ( 'NONE',  ( 20.48799999999999955, 33.38250000000000028, -6.049999999999999822 ) ) ;
#6615 = LINE ( 'NONE', #5291, #6531 ) ;
#6616 = EDGE_CURVE ( 'NONE', #6346, #6268, #75, .T. ) ;
#6617 = ORIENTED_EDGE ( 'NONE', *, *, #844, .T. ) ;
#6618 = CARTESIAN_POINT ( 'NONE',  ( 1.826000000000000512, 38.78999999999999915, -6.049999999999999822 ) ) ;
#6619 = EDGE_CURVE ( 'NONE', #4413, #3062, #5498, .T. ) ;
#6620 = CARTESIAN_POINT ( 'NONE',  ( 7.545000000000000817, 38.73400000000000176, -6.049999999999999822 ) ) ;
#6621 = EDGE_CURVE ( 'NONE', #3513, #911, #6007, .T. ) ;
#6622 = CARTESIAN_POINT ( 'NONE',  ( 12.17647222222221970, 39.04588888888888931, -6.049999999999999822 ) ) ;
#6623 = DIRECTION ( 'NONE',  ( 0.3484539473391050080, -0.9373259020126331054, 0.000000000000000000 ) ) ;
#6624 = ORIENTED_EDGE ( 'NONE', *, *, #4386, .F. ) ;
#6625 = EDGE_LOOP ( 'NONE', ( #7588, #6786, #1091, #3877 ) ) ;
#6626 = CARTESIAN_POINT ( 'NONE',  ( 6.452999999999999403, 41.75800000000000267, -6.049999999999999822 ) ) ;
#6627 = ORIENTED_EDGE ( 'NONE', *, *, #1694, .T. ) ;
#6628 = CARTESIAN_POINT ( 'NONE',  ( 9.064000000000000057, 39.35000000000000142, -6.049999999999999822 ) ) ;
#6629 = DIRECTION ( 'NONE',  ( 0.3917904157621945882, 0.9200544930148902845, 0.000000000000000000 ) ) ;
#6630 = PLANE ( 'NONE',  #5397 ) ;
#6631 = DIRECTION ( 'NONE',  ( 0.5458376290682928067, -0.8378909730347408047, 0.000000000000000000 ) ) ;
#6632 = AXIS2_PLACEMENT_3D ( 'NONE', #5771, #2825, #2201 ) ;
#6633 = ORIENTED_EDGE ( 'NONE', *, *, #6267, .F. ) ;
#6634 = EDGE_CURVE ( 'NONE', #2070, #3885, #3626, .T. ) ;
#6635 = ORIENTED_EDGE ( 'NONE', *, *, #1998, .F. ) ;
#6637 = LINE ( 'NONE', #5655, #5897 ) ;
#6636 = VECTOR ( 'NONE', #5700, 1000.000000000000000 ) ;
#6638 = FACE_OUTER_BOUND ( 'NONE', #6695, .T. ) ;
#6639 = VECTOR ( 'NONE', #1010, 1000.000000000000000 ) ;
#6640 = ORIENTED_EDGE ( 'NONE', *, *, #3035, .T. ) ;
#6641 = LINE ( 'NONE', #1261, #7009 ) ;
#6642 = CARTESIAN_POINT ( 'NONE',  ( 0.9863888888888895368, 33.43849999999999767, -6.049999999999999822 ) ) ;
#6643 = DIRECTION ( 'NONE',  ( 0.8531300809259897422, 0.5216982509259678880, 0.000000000000000000 ) ) ;
#6644 = VECTOR ( 'NONE', #3613, 1000.000000000000227 ) ;
#6645 = VERTEX_POINT ( 'NONE', #42 ) ;
#6646 = VECTOR ( 'NONE', #3435, 999.9999999999998863 ) ;
#6647 = ORIENTED_EDGE ( 'NONE', *, *, #5124, .F. ) ;
#6648 = CARTESIAN_POINT ( 'NONE',  ( 10.03097222222222129, 42.25772222222223462, -6.049999999999999822 ) ) ;
#6649 = DIRECTION ( 'NONE',  ( 0.000000000000000000, 1.000000000000000000, 0.000000000000000000 ) ) ;
#6650 = AXIS2_PLACEMENT_3D ( 'NONE', #6085, #704, #109 ) ;
#6651 = ORIENTED_EDGE ( 'NONE', *, *, #4737, .T. ) ;
#6652 = LINE ( 'NONE', #593, #1814 ) ;
#6653 = VECTOR ( 'NONE', #1585, 1000.000000000000000 ) ;
#6654 = VECTOR ( 'NONE', #3030, 1000.000000000000000 ) ;
#6655 = ORIENTED_EDGE ( 'NONE', *, *, #3748, .T. ) ;
#6656 = EDGE_CURVE ( 'NONE', #2552, #7421, #2445, .T. ) ;
#6657 = LINE ( 'NONE', #1275, #6290 ) ;
#6658 = VECTOR ( 'NONE', #1537, 1000.000000000000114 ) ;
#6659 = VECTOR ( 'NONE', #3338, 1000.000000000000114 ) ;
#6660 = VECTOR ( 'NONE', #6794, 1000.000000000000000 ) ;
#6661 = CARTESIAN_POINT ( 'NONE',  ( 1.588777777777773181, 39.39355555555555810, -6.049999999999999822 ) ) ;
#6662 = ORIENTED_EDGE ( 'NONE', *, *, #511, .F. ) ;
#6663 = EDGE_CURVE ( 'NONE', #7470, #5724, #1855, .T. ) ;
#6664 = DIRECTION ( 'NONE',  ( 1.000000000000000000, 0.000000000000000000, 0.000000000000000000 ) ) ;
#6665 = AXIS2_PLACEMENT_3D ( 'NONE', #4694, #6306, #926 ) ;
#6666 = DIRECTION ( 'NONE',  ( 0.9217472757418893048, 0.3877911289114354121, 0.000000000000000000 ) ) ;
#6667 = VECTOR ( 'NONE', #2929, 1000.000000000000000 ) ;
#6668 = DIRECTION ( 'NONE',  ( 0.3448007508004498622, 0.9386758984055392219, 0.000000000000000000 ) ) ;
#6669 = CARTESIAN_POINT ( 'NONE',  ( 1.134555555555552431, 34.10466666666666669, -6.049999999999999822 ) ) ;
#6670 = ORIENTED_EDGE ( 'NONE', *, *, #5167, .T. ) ;
#6671 = EDGE_CURVE ( 'NONE', #148, #5952, #4244, .T. ) ;
#6672 = EDGE_CURVE ( 'NONE', #6357, #656, #6566, .T. ) ;
#6673 = AXIS2_PLACEMENT_3D ( 'NONE', #7599, #2846, #442 ) ;
#6674 = EDGE_CURVE ( 'NONE', #6544, #2451, #2480, .T. ) ;
#6675 = VERTEX_POINT ( 'NONE', #6688 ) ;
#6676 = DIRECTION ( 'NONE',  ( 0.000000000000000000, 0.000000000000000000, -1.000000000000000000 ) ) ;
#6677 = ORIENTED_EDGE ( 'NONE', *, *, #1184, .F. ) ;
#6678 = PLANE ( 'NONE',  #5751 ) ;
#6679 = PLANE ( 'NONE',  #262 ) ;
#6680 = DIRECTION ( 'NONE',  ( -1.000000000000000000, 0.000000000000000000, 0.000000000000000000 ) ) ;
#6681 = LINE ( 'NONE', #1725, #4888 ) ;
#6682 = ORIENTED_EDGE ( 'NONE', *, *, #5796, .F. ) ;
#6683 = EDGE_LOOP ( 'NONE', ( #3643, #6624, #3105, #4604 ) ) ;
#6684 = FACE_OUTER_BOUND ( 'NONE', #2424, .T. ) ;
#6685 = DIRECTION ( 'NONE',  ( 0.000000000000000000, 0.000000000000000000, -1.000000000000000000 ) ) ;
#6686 = VERTEX_POINT ( 'NONE', #3787 ) ;
#6687 = DIRECTION ( 'NONE',  ( 0.000000000000000000, 1.000000000000000000, 0.000000000000000000 ) ) ;
#6688 = CARTESIAN_POINT ( 'NONE',  ( 26.24588888888889215, 38.74488888888889448, -6.349999999999999645 ) ) ;
#6689 = CARTESIAN_POINT ( 'NONE',  ( 13.23463888888888995, 37.46155555555555594, -6.349999999999999645 ) ) ;
#6690 = ORIENTED_EDGE ( 'NONE', *, *, #4065, .F. ) ;
#6691 = ORIENTED_EDGE ( 'NONE', *, *, #7089, .F. ) ;
#6692 = ORIENTED_EDGE ( 'NONE', *, *, #1757, .T. ) ;
#6693 = CARTESIAN_POINT ( 'NONE',  ( 4.139111111111107633, 32.30333333333333456, -6.349999999999999645 ) ) ;
#6694 = FACE_OUTER_BOUND ( 'NONE', #2239, .T. ) ;
#6695 = EDGE_LOOP ( 'NONE', ( #275, #5465, #7662, #1931 ) ) ;
#6696 = DIRECTION ( 'NONE',  ( -0.9479294890922633776, 0.3184802720880534621, 0.000000000000000000 ) ) ;
#6697 = ORIENTED_EDGE ( 'NONE', *, *, #7344, .T. ) ;
#6698 = DIRECTION ( 'NONE',  ( -0.04816564637540220878, 0.9988393617140043368, 0.000000000000000000 ) ) ;
#6699 = AXIS2_PLACEMENT_3D ( 'NONE', #3680, #682, #5473 ) ;
#6700 = CARTESIAN_POINT ( 'NONE',  ( 28.85144444444444645, 30.05750000000000099, -6.349999999999999645 ) ) ;
#6701 = EDGE_LOOP ( 'NONE', ( #434, #4416, #4864, #2719 ) ) ;
#6702 = CARTESIAN_POINT ( 'NONE',  ( 19.83699999999999974, 39.30955555555555492, -6.049999999999999822 ) ) ;
#6703 = CARTESIAN_POINT ( 'NONE',  ( 21.75499999999999901, 31.48200000000000287, -6.049999999999999822 ) ) ;
#6704 = CARTESIAN_POINT ( 'NONE',  ( 14.32499999999999929, 20.39999999999999858, 2.225000000000000089 ) ) ;
#6705 = DIRECTION ( 'NONE',  ( 0.5661021000582791007, -0.8243351334922018880, 0.000000000000000000 ) ) ;
#6706 = ORIENTED_EDGE ( 'NONE', *, *, #1088, .T. ) ;
#6707 = ADVANCED_FACE ( 'NONE', ( #4327 ), #6839, .T. ) ;
#6708 = ORIENTED_EDGE ( 'NONE', *, *, #4319, .T. ) ;
#6709 = DIRECTION ( 'NONE',  ( 0.5093360179423095380, -0.8605677316903482810, 0.000000000000000000 ) ) ;
#6710 = ORIENTED_EDGE ( 'NONE', *, *, #1285, .F. ) ;
#6711 = LINE ( 'NONE', #6161, #2750 ) ;
#6712 = DIRECTION ( 'NONE',  ( -0.8937017211875556422, -0.4486616024872203679, 0.000000000000000000 ) ) ;
#6713 = LINE ( 'NONE', #102, #6152 ) ;
#6714 = DIRECTION ( 'NONE',  ( 0.2058404136755504488, 0.9785855732116013339, 0.000000000000000000 ) ) ;
#6715 = EDGE_LOOP ( 'NONE', ( #2807, #1991, #5045, #7403 ) ) ;
#6716 = ADVANCED_FACE ( 'NONE', ( #198 ), #309, .T. ) ;
#6717 = CARTESIAN_POINT ( 'NONE',  ( 0.9369999999999993889, 32.75600000000000023, -6.349999999999999645 ) ) ;
#6718 = DIRECTION ( 'NONE',  ( -0.3719515086183811658, 0.9282521614499533724, 0.000000000000000000 ) ) ;
#6719 = CARTESIAN_POINT ( 'NONE',  ( 20.58133333333333326, 33.15538888888888636, -6.049999999999999822 ) ) ;
#6720 = ORIENTED_EDGE ( 'NONE', *, *, #5722, .F. ) ;
#6721 = DIRECTION ( 'NONE',  ( 0.7720338789093822429, 0.6355813793812192802, 0.000000000000000000 ) ) ;
#6722 = CARTESIAN_POINT ( 'NONE',  ( 3.993666666666666032, 35.85972222222222427, -6.349999999999999645 ) ) ;
#6723 = LINE ( 'NONE', #1342, #995 ) ;
#6724 = EDGE_CURVE ( 'NONE', #1685, #4299, #160, .T. ) ;
#6725 = EDGE_CURVE ( 'NONE', #3088, #54, #4958, .T. ) ;
#6726 = VERTEX_POINT ( 'NONE', #1971 ) ;
#6727 = ORIENTED_EDGE ( 'NONE', *, *, #3175, .F. ) ;
#6728 = LINE ( 'NONE', #2533, #5517 ) ;
#6729 = CARTESIAN_POINT ( 'NONE',  ( 14.02699999999999925, 38.56600000000000250, -6.049999999999999822 ) ) ;
#6730 = ORIENTED_EDGE ( 'NONE', *, *, #3848, .T. ) ;
#6731 = LINE ( 'NONE', #2456, #7212 ) ;
#6732 = ORIENTED_EDGE ( 'NONE', *, *, #7481, .F. ) ;
#6733 = CARTESIAN_POINT ( 'NONE',  ( 7.698805555555556346, 38.49444444444444713, -6.349999999999999645 ) ) ;
#6734 = DIRECTION ( 'NONE',  ( 0.5944374879056986138, 0.8041418239168773852, 0.000000000000000000 ) ) ;
#6735 = EDGE_LOOP ( 'NONE', ( #2965, #3867, #1505, #4083 ) ) ;
#6736 = DIRECTION ( 'NONE',  ( -0.9961896004934960303, 0.08721398895021767461, 0.000000000000000000 ) ) ;
#6737 = FACE_OUTER_BOUND ( 'NONE', #4392, .T. ) ;
#6738 = LINE ( 'NONE', #1988, #7169 ) ;
#6739 = CARTESIAN_POINT ( 'NONE',  ( 13.53175000000000061, 37.89399999999999835, -6.349999999999999645 ) ) ;
#6740 = EDGE_LOOP ( 'NONE', ( #3791, #545, #2007, #2619 ) ) ;
#6741 = ORIENTED_EDGE ( 'NONE', *, *, #5611, .F. ) ;
#6742 = DIRECTION ( 'NONE',  ( -0.8824518193918776676, -0.4704027917136174297, 0.000000000000000000 ) ) ;
#6743 = ORIENTED_EDGE ( 'NONE', *, *, #1925, .T. ) ;
#6744 = CARTESIAN_POINT ( 'NONE',  ( 27.40477777777777746, 37.25000000000000000, -6.049999999999999822 ) ) ;
#6745 = PLANE ( 'NONE',  #6032 ) ;
#6746 = CARTESIAN_POINT ( 'NONE',  ( 21.90433333333333366, 40.05622222222222462, -6.049999999999999822 ) ) ;
#6747 = CARTESIAN_POINT ( 'NONE',  ( 6.800000000000000711, 21.10000000000000142, 12.52500000000000036 ) ) ;
#6748 = EDGE_CURVE ( 'NONE', #4526, #5190, #3157, .T. ) ;
#6749 = ORIENTED_EDGE ( 'NONE', *, *, #2253, .F. ) ;
#6750 = FACE_OUTER_BOUND ( 'NONE', #4334, .T. ) ;
#6751 = DIRECTION ( 'NONE',  ( 0.000000000000000000, 0.000000000000000000, -1.000000000000000000 ) ) ;
#6752 = LINE ( 'NONE', #6170, #7515 ) ;
#6753 = EDGE_LOOP ( 'NONE', ( #3699, #1907, #4390, #1555 ) ) ;
#6754 = DIRECTION ( 'NONE',  ( -0.9010016697590992329, -0.4338156187729012014, 0.000000000000000000 ) ) ;
#6755 = DIRECTION ( 'NONE',  ( -0.9240620372415340178, -0.3822425294613693292, 0.000000000000000000 ) ) ;
#6756 = AXIS2_PLACEMENT_3D ( 'NONE', #4093, #6485, #1551 ) ;
#6757 = DIRECTION ( 'NONE',  ( -0.2058404136755504488, -0.9785855732116013339, 0.000000000000000000 ) ) ;
#6758 = EDGE_CURVE ( 'NONE', #7504, #298, #4989, .T. ) ;
#6759 = VERTEX_POINT ( 'NONE', #5548 ) ;
#6760 = VECTOR ( 'NONE', #2381, 1000.000000000000000 ) ;
#6761 = AXIS2_PLACEMENT_3D ( 'NONE', #5536, #6864, #6078 ) ;
#6762 = EDGE_CURVE ( 'NONE', #627, #3171, #1464, .T. ) ;
#6763 = EDGE_CURVE ( 'NONE', #215, #5657, #6874, .T. ) ;
#6764 = ORIENTED_EDGE ( 'NONE', *, *, #949, .F. ) ;
#6765 = CARTESIAN_POINT ( 'NONE',  ( 24.93299999999999983, 41.62577777777777754, -6.049999999999999822 ) ) ;
#6766 = EDGE_CURVE ( 'NONE', #1502, #5724, #6287, .T. ) ;
#6767 = FACE_OUTER_BOUND ( 'NONE', #4812, .T. ) ;
#6768 = ORIENTED_EDGE ( 'NONE', *, *, #5081, .T. ) ;
#6769 = CARTESIAN_POINT ( 'NONE',  ( 9.856750000000001677, 41.74750000000000227, -6.349999999999999645 ) ) ;
#6770 = DIRECTION ( 'NONE',  ( 0.000000000000000000, 0.000000000000000000, -1.000000000000000000 ) ) ;
#6771 = ORIENTED_EDGE ( 'NONE', *, *, #62, .T. ) ;
#6772 = VECTOR ( 'NONE', #1348, 1000.000000000000000 ) ;
#6773 = LINE ( 'NONE', #3172, #5908 ) ;
#6774 = VECTOR ( 'NONE', #3627, 1000.000000000000000 ) ;
#6775 = VECTOR ( 'NONE', #4056, 1000.000000000000000 ) ;
#6776 = AXIS2_PLACEMENT_3D ( 'NONE', #5205, #1598, #6384 ) ;
#6777 = VECTOR ( 'NONE', #1420, 1000.000000000000000 ) ;
#6778 = DIRECTION ( 'NONE',  ( 0.8929409073668823638, -0.4501738952347290601, 0.000000000000000000 ) ) ;
#6779 = VERTEX_POINT ( 'NONE', #7385 ) ;
#6780 = LINE ( 'NONE', #7330, #7272 ) ;
#6781 = CARTESIAN_POINT ( 'NONE',  ( 3.351999999999996760, 39.48299999999999699, -6.349999999999999645 ) ) ;
#6782 = DIRECTION ( 'NONE',  ( 0.8263533999570352728, 0.5631518963649577714, 0.000000000000000000 ) ) ;
#6783 = VECTOR ( 'NONE', #1895, 1000.000000000000114 ) ;
#6784 = VECTOR ( 'NONE', #2471, 1000.000000000000227 ) ;
#6785 = VECTOR ( 'NONE', #5384, 1000.000000000000000 ) ;
#6786 = ORIENTED_EDGE ( 'NONE', *, *, #5902, .F. ) ;
#6787 = ADVANCED_FACE ( 'NONE', ( #3827 ), #2564, .T. ) ;
#6788 = VECTOR ( 'NONE', #6227, 1000.000000000000000 ) ;
#6789 = ORIENTED_EDGE ( 'NONE', *, *, #2829, .F. ) ;
#6790 = AXIS2_PLACEMENT_3D ( 'NONE', #1418, #3817, #3224 ) ;
#6791 = DIRECTION ( 'NONE',  ( -0.2171114641103575882, -0.9761468189528954564, 0.000000000000000000 ) ) ;
#6792 = ORIENTED_EDGE ( 'NONE', *, *, #2413, .F. ) ;
#6793 = DIRECTION ( 'NONE',  ( 0.7992320830975105928, 0.6010225264893271913, 0.000000000000000000 ) ) ;
#6794 = DIRECTION ( 'NONE',  ( -0.000000000000000000, -0.000000000000000000, -1.000000000000000000 ) ) ;
#6795 = LINE ( 'NONE', #1455, #7163 ) ;
#6796 = FACE_OUTER_BOUND ( 'NONE', #1081, .T. ) ;
#6797 = AXIS2_PLACEMENT_3D ( 'NONE', #255, #3843, #7367 ) ;
#6798 = ORIENTED_EDGE ( 'NONE', *, *, #5464, .F. ) ;
#6799 = EDGE_CURVE ( 'NONE', #4299, #2861, #5069, .T. ) ;
#6800 = DIRECTION ( 'NONE',  ( 0.2711638554652681110, 0.9625332012399422377, 0.000000000000000000 ) ) ;
#6801 = CARTESIAN_POINT ( 'NONE',  ( 6.800000000000000711, 21.10000000000000142, -3.874999999999999112 ) ) ;
#6802 = CARTESIAN_POINT ( 'NONE',  ( 15.41300000000000203, 30.36200000000000188, -6.049999999999999822 ) ) ;
#6803 = ORIENTED_EDGE ( 'NONE', *, *, #7584, .F. ) ;
#6804 = CARTESIAN_POINT ( 'NONE',  ( 19.83699999999999974, 39.30955555555555492, -6.349999999999999645 ) ) ;
#6805 = CARTESIAN_POINT ( 'NONE',  ( 15.67500000000000071, 20.39999999999999858, 3.650000000000000355 ) ) ;
#6806 = LINE ( 'NONE', #1428, #882 ) ;
#6807 = ORIENTED_EDGE ( 'NONE', *, *, #5569, .F. ) ;
#6808 = EDGE_CURVE ( 'NONE', #1089, #2868, #231, .T. ) ;
#6809 = ORIENTED_EDGE ( 'NONE', *, *, #4319, .F. ) ;
#6810 = CARTESIAN_POINT ( 'NONE',  ( 26.57566666666666677, 40.51511111111111063, -6.049999999999999822 ) ) ;
#6811 = CARTESIAN_POINT ( 'NONE',  ( 2.116111111111109722, 30.59688888888888769, -6.049999999999999822 ) ) ;
#6812 = ORIENTED_EDGE ( 'NONE', *, *, #3635, .F. ) ;
#6813 = CARTESIAN_POINT ( 'NONE',  ( 4.001250000000000639, 32.28699999999999903, -6.049999999999999822 ) ) ;
#6814 = LINE ( 'NONE', #4999, #2890 ) ;
#6815 = VERTEX_POINT ( 'NONE', #5582 ) ;
#6816 = DIRECTION ( 'NONE',  ( 0.000000000000000000, 0.000000000000000000, -1.000000000000000000 ) ) ;
#6817 = EDGE_CURVE ( 'NONE', #819, #5368, #6210, .T. ) ;
#6818 = EDGE_CURVE ( 'NONE', #3534, #852, #2600, .T. ) ;
#6819 =( LENGTH_UNIT ( ) NAMED_UNIT ( * ) SI_UNIT ( .MILLI., .METRE. ) );
#6820 = ORIENTED_EDGE ( 'NONE', *, *, #7300, .T. ) ;
#6821 = DIRECTION ( 'NONE',  ( 0.000000000000000000, 0.000000000000000000, -1.000000000000000000 ) ) ;
#6822 = LINE ( 'NONE', #6226, #7551 ) ;
#6823 = DIRECTION ( 'NONE',  ( -0.000000000000000000, 1.000000000000000000, 0.000000000000000000 ) ) ;
#6824 = EDGE_CURVE ( 'NONE', #2431, #7141, #4409, .T. ) ;
#6825 = ADVANCED_FACE ( 'NONE', ( #4447 ), #866, .T. ) ;
#6826 = ORIENTED_EDGE ( 'NONE', *, *, #2048, .T. ) ;
#6827 = CARTESIAN_POINT ( 'NONE',  ( 2.968944444444440833, 30.39038888888888934, -6.349999999999999645 ) ) ;
#6828 = EDGE_LOOP ( 'NONE', ( #2710, #6798, #6997, #5450 ) ) ;
#6829 = PLANE ( 'NONE',  #6258 ) ;
#6830 = PLANE ( 'NONE',  #5406 ) ;
#6831 = CARTESIAN_POINT ( 'NONE',  ( 27.74699999999999989, 28.50000000000000000, -6.049999999999999822 ) ) ;
#6832 = LINE ( 'NONE', #6747, #3018 ) ;
#6833 = ORIENTED_EDGE ( 'NONE', *, *, #6046, .F. ) ;
#6834 = DIRECTION ( 'NONE',  ( 1.000000000000000000, 0.000000000000000000, 0.000000000000000000 ) ) ;
#6835 = CARTESIAN_POINT ( 'NONE',  ( 28.41900000000000048, 29.46950000000000003, -6.049999999999999822 ) ) ;
#6836 = DIRECTION ( 'NONE',  ( -0.000000000000000000, 1.000000000000000000, 0.000000000000000000 ) ) ;
#6837 = ORIENTED_EDGE ( 'NONE', *, *, #6460, .T. ) ;
#6838 = CARTESIAN_POINT ( 'NONE',  ( 11.52955555555555556, 38.23622222222222433, -6.349999999999999645 ) ) ;
#6839 = PLANE ( 'NONE',  #258 ) ;
#6840 = LINE ( 'NONE', #2010, #5388 ) ;
#6841 = EDGE_LOOP ( 'NONE', ( #2916, #6849, #7392, #756 ) ) ;
#6842 = VERTEX_POINT ( 'NONE', #3270 ) ;
#6843 = ORIENTED_EDGE ( 'NONE', *, *, #5038, .F. ) ;
#6844 = DIRECTION ( 'NONE',  ( -0.7478531153414080812, 0.6638642315068276067, 0.000000000000000000 ) ) ;
#6845 = LINE ( 'NONE', #6252, #2249 ) ;
#6846 = VERTEX_POINT ( 'NONE', #277 ) ;
#6847 = CARTESIAN_POINT ( 'NONE',  ( 9.989750000000000796, 38.30349999999999966, -6.049999999999999822 ) ) ;
#6848 = LINE ( 'NONE', #4373, #5899 ) ;
#6849 = ORIENTED_EDGE ( 'NONE', *, *, #4602, .F. ) ;
#6850 = PLANE ( 'NONE',  #4534 ) ;
#6851 = EDGE_CURVE ( 'NONE', #3513, #4526, #2678, .T. ) ;
#6852 = DIRECTION ( 'NONE',  ( 0.000000000000000000, 0.000000000000000000, -1.000000000000000000 ) ) ;
#6853 = VERTEX_POINT ( 'NONE', #4085 ) ;
#6854 = DIRECTION ( 'NONE',  ( 0.5051792015689371418, 0.8630144693469345984, 0.000000000000000000 ) ) ;
#6855 = CARTESIAN_POINT ( 'NONE',  ( 13.53175000000000061, 37.89399999999999835, -6.049999999999999822 ) ) ;
#6856 = ADVANCED_FACE ( 'NONE', ( #5729 ), #6359, .F. ) ;
#6857 = ORIENTED_EDGE ( 'NONE', *, *, #269, .T. ) ;
#6858 = ADVANCED_FACE ( 'NONE', ( #6475 ), #7548, .T. ) ;
#6860 = VERTEX_POINT ( 'NONE', #6989 ) ;
#6859 = EDGE_CURVE ( 'NONE', #5150, #4975, #7615, .T. ) ;
#6861 = EDGE_CURVE ( 'NONE', #6160, #2574, #2911, .T. ) ;
#6862 = CARTESIAN_POINT ( 'NONE',  ( 26.57566666666666677, 40.51511111111111063, -6.049999999999999822 ) ) ;
#6863 = ORIENTED_EDGE ( 'NONE', *, *, #1545, .F. ) ;
#6864 = DIRECTION ( 'NONE',  ( 0.06688896705229001316, -0.9977604251956868620, 0.000000000000000000 ) ) ;
#6865 = DIRECTION ( 'NONE',  ( 0.000000000000000000, 0.000000000000000000, 1.000000000000000000 ) ) ;
#6866 = CARTESIAN_POINT ( 'NONE',  ( 20.41333333333333400, 33.59405555555555623, -6.049999999999999822 ) ) ;
#6867 = CARTESIAN_POINT ( 'NONE',  ( 36.00000000000000711, 15.50000000000000000, 15.00000000000000000 ) ) ;
#6868 = ORIENTED_EDGE ( 'NONE', *, *, #6671, .T. ) ;
#6869 = CARTESIAN_POINT ( 'NONE',  ( 27.46699999999999875, 39.44800000000000040, -6.349999999999999645 ) ) ;
#6870 = DIRECTION ( 'NONE',  ( 0.000000000000000000, 0.000000000000000000, 1.000000000000000000 ) ) ;
#6871 = DIRECTION ( 'NONE',  ( 0.000000000000000000, -0.000000000000000000, 1.000000000000000000 ) ) ;
#6872 = ORIENTED_EDGE ( 'NONE', *, *, #5162, .F. ) ;
#6873 = LINE ( 'NONE', #2562, #3629 ) ;
#6874 = LINE ( 'NONE', #6124, #5157 ) ;
#6875 = CARTESIAN_POINT ( 'NONE',  ( 14.13899999999999935, 34.61800000000000210, -6.049999999999999822 ) ) ;
#6876 = ORIENTED_EDGE ( 'NONE', *, *, #4415, .T. ) ;
#6877 = ADVANCED_FACE ( 'NONE', ( #2121 ), #4631, .T. ) ;
#6878 = ORIENTED_EDGE ( 'NONE', *, *, #4071, .F. ) ;
#6879 = FACE_OUTER_BOUND ( 'NONE', #2547, .T. ) ;
#6880 = DIRECTION ( 'NONE',  ( 0.000000000000000000, -1.000000000000000000, 0.000000000000000000 ) ) ;
#6881 = AXIS2_PLACEMENT_3D ( 'NONE', #1820, #2360, #2956 ) ;
#6882 = ORIENTED_EDGE ( 'NONE', *, *, #360, .T. ) ;
#6883 = CARTESIAN_POINT ( 'NONE',  ( 4.293694444444444258, 32.32433333333333536, -6.049999999999999822 ) ) ;
#6884 = CARTESIAN_POINT ( 'NONE',  ( 11.72225000000000072, 38.48899999999999721, -6.049999999999999822 ) ) ;
#6885 = CARTESIAN_POINT ( 'NONE',  ( 11.35980555555555505, 38.00055555555555742, -6.349999999999999645 ) ) ;
#6886 = VECTOR ( 'NONE', #691, 1000.000000000000114 ) ;
#6887 = VECTOR ( 'NONE', #661, 1000.000000000000000 ) ;
#6888 = ADVANCED_FACE ( 'NONE', ( #2794 ), #3970, .T. ) ;
#6889 = AXIS2_PLACEMENT_3D ( 'NONE', #2177, #4568, #4014 ) ;
#6890 = VECTOR ( 'NONE', #7435, 1000.000000000000227 ) ;
#6891 = ORIENTED_EDGE ( 'NONE', *, *, #2693, .F. ) ;
#6892 = LINE ( 'NONE', #4496, #4417 ) ;
#6893 = FACE_OUTER_BOUND ( 'NONE', #2233, .T. ) ;
#6894 = VECTOR ( 'NONE', #2061, 1000.000000000000000 ) ;
#6895 = VECTOR ( 'NONE', #2199, 1000.000000000000000 ) ;
#6896 = VERTEX_POINT ( 'NONE', #976 ) ;
#6897 = VECTOR ( 'NONE', #4827, 1000.000000000000000 ) ;
#6898 = ORIENTED_EDGE ( 'NONE', *, *, #1677, .T. ) ;
#6899 = EDGE_CURVE ( 'NONE', #5302, #2552, #1691, .T. ) ;
#6900 = EDGE_LOOP ( 'NONE', ( #4253, #5778, #7651, #1959 ) ) ;
#6901 = CARTESIAN_POINT ( 'NONE',  ( 14.32499999999999929, 16.80000000000000071, 2.225000000000000089 ) ) ;
#6902 = VERTEX_POINT ( 'NONE', #3938 ) ;
#6903 = AXIS2_PLACEMENT_3D ( 'NONE', #6169, #2559, #3192 ) ;
#6904 = CARTESIAN_POINT ( 'NONE',  ( 22.14699999999999847, 35.51400000000000290, -6.049999999999999822 ) ) ;
#6905 = AXIS2_PLACEMENT_3D ( 'NONE', #1173, #3582, #5958 ) ;
#6906 = LINE ( 'NONE', #4506, #4032 ) ;
#6907 = VECTOR ( 'NONE', #4811, 1000.000000000000000 ) ;
#6908 = CARTESIAN_POINT ( 'NONE',  ( 2.389111111111109853, 37.39622222222222092, -6.049999999999999822 ) ) ;
#6909 = AXIS2_PLACEMENT_3D ( 'NONE', #6467, #7493, #2854 ) ;
#6910 = LINE ( 'NONE', #7133, #3500 ) ;
#6911 = ADVANCED_FACE ( 'NONE', ( #4560, #5184 ), #4050, .F. ) ;
#6912 = ADVANCED_FACE ( 'NONE', ( #1093 ), #7031, .T. ) ;
#6913 = EDGE_LOOP ( 'NONE', ( #4670, #5974, #5878, #2578 ) ) ;
#6914 = EDGE_CURVE ( 'NONE', #6147, #6304, #5257, .T. ) ;
#6915 = VECTOR ( 'NONE', #6264, 1000.000000000000000 ) ;
#6916 = AXIS2_PLACEMENT_3D ( 'NONE', #5417, #4116, #2985 ) ;
#6917 = EDGE_CURVE ( 'NONE', #4262, #7230, #3346, .T. ) ;
#6918 = ORIENTED_EDGE ( 'NONE', *, *, #3210, .T. ) ;
#6919 = LINE ( 'NONE', #1570, #6658 ) ;
#6920 = CARTESIAN_POINT ( 'NONE',  ( 4.031000000000000583, 37.61400000000001143, -6.049999999999999822 ) ) ;
#6921 = ORIENTED_EDGE ( 'NONE', *, *, #7686, .F. ) ;
#6922 = DIRECTION ( 'NONE',  ( 0.000000000000000000, -0.000000000000000000, 1.000000000000000000 ) ) ;
#6923 = DIRECTION ( 'NONE',  ( 0.9540106889311208427, -0.2997725894827078519, 0.000000000000000000 ) ) ;
#6924 = LINE ( 'NONE', #7388, #3775 ) ;
#6925 = VECTOR ( 'NONE', #4425, 1000.000000000000000 ) ;
#6926 = VECTOR ( 'NONE', #7570, 999.9999999999998863 ) ;
#6927 = EDGE_CURVE ( 'NONE', #419, #2365, #3461, .T. ) ;
#6928 = ORIENTED_EDGE ( 'NONE', *, *, #4512, .F. ) ;
#6929 = VERTEX_POINT ( 'NONE', #1064 ) ;
#6930 = DIRECTION ( 'NONE',  ( 1.000000000000000000, -0.000000000000000000, -0.000000000000000000 ) ) ;
#6931 = FACE_OUTER_BOUND ( 'NONE', #1364, .T. ) ;
#6932 = VERTEX_POINT ( 'NONE', #5846 ) ;
#6933 = LINE ( 'NONE', #513, #1106 ) ;
#6934 = DIRECTION ( 'NONE',  ( 0.000000000000000000, 0.000000000000000000, -1.000000000000000000 ) ) ;
#6935 = CARTESIAN_POINT ( 'NONE',  ( 7.222999999999999865, 40.91800000000000637, -6.049999999999999822 ) ) ;
#6936 = DIRECTION ( 'NONE',  ( -0.5044503419776334985, 0.8634407058267803414, 0.000000000000000000 ) ) ;
#6937 = ORIENTED_EDGE ( 'NONE', *, *, #5944, .F. ) ;
#6938 = CARTESIAN_POINT ( 'NONE',  ( 14.13899999999999935, 28.94800000000000040, -6.049999999999999822 ) ) ;
#6939 = CARTESIAN_POINT ( 'NONE',  ( 19.16150000000000020, 30.09950000000000259, -6.049999999999999822 ) ) ;
#6940 = VERTEX_POINT ( 'NONE', #459 ) ;
#6941 = CARTESIAN_POINT ( 'NONE',  ( 1.202999999999999403, 41.75800000000000267, -6.049999999999999822 ) ) ;
#6942 = VERTEX_POINT ( 'NONE', #6322 ) ;
#6943 = CARTESIAN_POINT ( 'NONE',  ( 24.64600000000000080, 31.81799999999999784, -6.049999999999999822 ) ) ;
#6944 = CARTESIAN_POINT ( 'NONE',  ( 20.44833333333333414, 33.49022222222222211, -6.049999999999999822 ) ) ;
#6945 = DIRECTION ( 'NONE',  ( -0.3770139782586552357, 0.9262075686354447335, 0.000000000000000000 ) ) ;
#6946 = FACE_OUTER_BOUND ( 'NONE', #3624, .T. ) ;
#6947 = EDGE_CURVE ( 'NONE', #136, #179, #2863, .T. ) ;
#6948 = VECTOR ( 'NONE', #4462, 1000.000000000000000 ) ;
#6949 = VERTEX_POINT ( 'NONE', #2283 ) ;
#6950 = ORIENTED_EDGE ( 'NONE', *, *, #5944, .T. ) ;
#6951 = CARTESIAN_POINT ( 'NONE',  ( 24.21199999999999974, 29.79850000000000065, -6.049999999999999822 ) ) ;
#6952 = PLANE ( 'NONE',  #3650 ) ;
#6953 = ORIENTED_EDGE ( 'NONE', *, *, #7479, .F. ) ;
#6954 = CARTESIAN_POINT ( 'NONE',  ( 24.38505555555555304, 37.60855555555555441, -6.049999999999999822 ) ) ;
#6955 = VECTOR ( 'NONE', #7051, 1000.000000000000000 ) ;
#6956 = DIRECTION ( 'NONE',  ( 0.8794327153308373335, 0.4760232128854959832, 0.000000000000000000 ) ) ;
#6957 = CARTESIAN_POINT ( 'NONE',  ( 27.11700000000000088, 40.82000000000000028, -6.049999999999999822 ) ) ;
#6958 = EDGE_CURVE ( 'NONE', #5610, #3169, #4677, .T. ) ;
#6959 = ORIENTED_EDGE ( 'NONE', *, *, #595, .F. ) ;
#6960 = EDGE_LOOP ( 'NONE', ( #6458, #714, #6127, #6519 ) ) ;
#6961 = DIRECTION ( 'NONE',  ( -0.9837606729707109032, 0.1794852036135962670, 0.000000000000000000 ) ) ;
#6962 = CARTESIAN_POINT ( 'NONE',  ( 12.66199999999999903, 39.35000000000000142, -6.349999999999999645 ) ) ;
#6963 = ORIENTED_EDGE ( 'NONE', *, *, #2142, .T. ) ;
#6964 = FACE_OUTER_BOUND ( 'NONE', #1926, .T. ) ;
#6965 = EDGE_CURVE ( 'NONE', #3837, #6017, #2947, .T. ) ;
#6966 = CARTESIAN_POINT ( 'NONE',  ( 3.505319444444443988, 30.34343055555555679, -6.349999999999999645 ) ) ;
#6967 = ADVANCED_FACE ( 'NONE', ( #3695 ), #5338, .T. ) ;
#6968 = DIRECTION ( 'NONE',  ( -0.3414604030052200145, 0.9398961608494380560, 0.000000000000000000 ) ) ;
#6969 = CARTESIAN_POINT ( 'NONE',  ( 20.00811111111110918, 30.57199999999999918, -6.049999999999999822 ) ) ;
#6970 = DIRECTION ( 'NONE',  ( -0.8157241543112324633, 0.5784410981882465164, 0.000000000000000000 ) ) ;
#6971 = VERTEX_POINT ( 'NONE', #5452 ) ;
#6972 = CARTESIAN_POINT ( 'NONE',  ( 1.727222222222217107, 35.38799999999999812, -6.049999999999999822 ) ) ;
#6973 = LINE ( 'NONE', #1594, #4911 ) ;
#6974 = ORIENTED_EDGE ( 'NONE', *, *, #5192, .F. ) ;
#6975 = EDGE_LOOP ( 'NONE', ( #2109, #3738, #630, #4112 ) ) ;
#6976 = FACE_OUTER_BOUND ( 'NONE', #51, .T. ) ;
#6977 = EDGE_LOOP ( 'NONE', ( #2740, #5792, #585, #4749 ) ) ;
#6978 = DIRECTION ( 'NONE',  ( 0.5973994486956345495, 0.8019438251512084337, 0.000000000000000000 ) ) ;
#6979 = LINE ( 'NONE', #3960, #5283 ) ;
#6980 = CARTESIAN_POINT ( 'NONE',  ( 25.27055555555555344, 29.32288888888889034, -6.049999999999999822 ) ) ;
#6981 = CARTESIAN_POINT ( 'NONE',  ( 27.40477777777777746, 37.25000000000000000, -6.349999999999999645 ) ) ;
#6982 = ORIENTED_EDGE ( 'NONE', *, *, #7390, .F. ) ;
#6983 = ORIENTED_EDGE ( 'NONE', *, *, #185, .F. ) ;
#6984 = LINE ( 'NONE', #3421, #6271 ) ;
#6985 = CARTESIAN_POINT ( 'NONE',  ( 8.185888888888889880, 37.75711111111111506, -6.049999999999999822 ) ) ;
#6986 = EDGE_CURVE ( 'NONE', #6606, #3359, #5372, .T. ) ;
#6987 = ORIENTED_EDGE ( 'NONE', *, *, #3850, .T. ) ;
#6988 = LINE ( 'NONE', #6440, #7761 ) ;
#6989 = CARTESIAN_POINT ( 'NONE',  ( 4.660999999999999588, 40.13400000000000034, -6.049999999999999822 ) ) ;
#6990 = ORIENTED_EDGE ( 'NONE', *, *, #4544, .T. ) ;
#6991 = DIRECTION ( 'NONE',  ( 0.5804753019815696025, -0.8142778541685913307, 0.000000000000000000 ) ) ;
#6992 = ORIENTED_EDGE ( 'NONE', *, *, #2068, .F. ) ;
#6993 = ORIENTED_EDGE ( 'NONE', *, *, #2878, .T. ) ;
#6994 = CARTESIAN_POINT ( 'NONE',  ( 17.52194444444444343, 29.11949999999999861, -6.049999999999999822 ) ) ;
#6995 = DIRECTION ( 'NONE',  ( 1.000000000000000000, 0.000000000000000000, 0.000000000000000000 ) ) ;
#6996 = ADVANCED_FACE ( 'NONE', ( #3542 ), #6679, .T. ) ;
#6997 = ORIENTED_EDGE ( 'NONE', *, *, #713, .T. ) ;
#6998 = DIRECTION ( 'NONE',  ( 0.000000000000000000, 1.000000000000000000, 0.000000000000000000 ) ) ;
#6999 = CARTESIAN_POINT ( 'NONE',  ( 9.856750000000001677, 41.74750000000000227, -6.049999999999999822 ) ) ;
#7000 = CARTESIAN_POINT ( 'NONE',  ( 14.32499999999999929, 16.80000000000000071, 6.425000000000000711 ) ) ;
#7001 = DIRECTION ( 'NONE',  ( 0.000000000000000000, 0.000000000000000000, -1.000000000000000000 ) ) ;
#7002 = ADVANCED_FACE ( 'NONE', ( #577 ), #2470, .T. ) ;
#7003 = ADVANCED_FACE ( 'NONE', ( #4860 ), #1291, .T. ) ;
#7004 = EDGE_CURVE ( 'NONE', #7365, #6468, #3616, .T. ) ;
#7005 = DIRECTION ( 'NONE',  ( 1.000000000000000000, 0.000000000000000000, 0.000000000000000000 ) ) ;
#7006 = VERTEX_POINT ( 'NONE', #6556 ) ;
#7007 = DIRECTION ( 'NONE',  ( 0.9837606729707109032, -0.1794852036135962670, 0.000000000000000000 ) ) ;
#7008 = DIRECTION ( 'NONE',  ( -0.9863939238321435266, 0.1643989873053584572, 0.000000000000000000 ) ) ;
#7009 = VECTOR ( 'NONE', #3671, 999.9999999999998863 ) ;
#7010 = AXIS2_PLACEMENT_3D ( 'NONE', #286, #7322, #1944 ) ;
#7011 = VECTOR ( 'NONE', #1530, 1000.000000000000000 ) ;
#7012 = EDGE_LOOP ( 'NONE', ( #1720, #6633, #3769, #2798 ) ) ;
#7013 = FACE_OUTER_BOUND ( 'NONE', #492, .T. ) ;
#7014 = ORIENTED_EDGE ( 'NONE', *, *, #5565, .T. ) ;
#7015 = CARTESIAN_POINT ( 'NONE',  ( 1.381499999999999062, 34.75450000000000017, -6.349999999999999645 ) ) ;
#7016 = DIRECTION ( 'NONE',  ( 0.000000000000000000, 0.000000000000000000, -1.000000000000000000 ) ) ;
#7017 = DIRECTION ( 'NONE',  ( 1.000000000000000000, 0.000000000000000000, 0.000000000000000000 ) ) ;
#7018 = LINE ( 'NONE', #1646, #7393 ) ;
#7019 = VECTOR ( 'NONE', #157, 1000.000000000000000 ) ;
#7020 = VECTOR ( 'NONE', #5859, 1000.000000000000000 ) ;
#7021 = VERTEX_POINT ( 'NONE', #3581 ) ;
#7022 = VECTOR ( 'NONE', #2130, 1000.000000000000114 ) ;
#7023 = PRODUCT_DEFINITION_SHAPE ( 'NONE', 'NONE',  #6087 ) ;
#7024 = VERTEX_POINT ( 'NONE', #541 ) ;
#7026 = CARTESIAN_POINT ( 'NONE',  ( 12.37500000000000000, 29.74599999999999866, -6.349999999999999645 ) ) ;
#7025 = VECTOR ( 'NONE', #2076, 1000.000000000000000 ) ;
#7027 = PLANE ( 'NONE',  #6517 ) ;
#7028 = AXIS2_PLACEMENT_3D ( 'NONE', #4981, #1963, #826 ) ;
#7029 = ORIENTED_EDGE ( 'NONE', *, *, #170, .F. ) ;
#7030 = DIRECTION ( 'NONE',  ( 0.9996462072819705114, 0.02659812524918895096, 0.000000000000000000 ) ) ;
#7031 = PLANE ( 'NONE',  #3665 ) ;
#7032 = ORIENTED_EDGE ( 'NONE', *, *, #6917, .T. ) ;
#7033 = CARTESIAN_POINT ( 'NONE',  ( 3.799999999999998934, 38.22299999999999898, -6.049999999999999822 ) ) ;
#7034 = VECTOR ( 'NONE', #2630, 1000.000000000000227 ) ;
#7035 = VECTOR ( 'NONE', #1147, 1000.000000000000000 ) ;
#7036 = ORIENTED_EDGE ( 'NONE', *, *, #1726, .F. ) ;
#7037 = EDGE_CURVE ( 'NONE', #4459, #2586, #2395, .T. ) ;
#7038 = ORIENTED_EDGE ( 'NONE', *, *, #3931, .F. ) ;
#7039 = FACE_OUTER_BOUND ( 'NONE', #6715, .T. ) ;
#7040 = DIRECTION ( 'NONE',  ( 0.5652314402940159521, 0.8249323723209995851, 0.000000000000000000 ) ) ;
#7041 = VECTOR ( 'NONE', #6437, 1000.000000000000114 ) ;
#7042 = ORIENTED_EDGE ( 'NONE', *, *, #6425, .T. ) ;
#7043 = PLANE ( 'NONE',  #4247 ) ;
#7044 = AXIS2_PLACEMENT_3D ( 'NONE', #7414, #2039, #3844 ) ;
#7045 = CARTESIAN_POINT ( 'NONE',  ( 20.53233333333333377, 33.27088888888889073, -6.349999999999999645 ) ) ;
#7046 = AXIS2_PLACEMENT_3D ( 'NONE', #2170, #6923, #5304 ) ;
#7047 = CARTESIAN_POINT ( 'NONE',  ( 23.71966666666666868, 40.95844444444444576, -6.049999999999999822 ) ) ;
#7048 = ADVANCED_FACE ( 'NONE', ( #3661 ), #30, .T. ) ;
#7049 = AXIS2_PLACEMENT_3D ( 'NONE', #4621, #1531, #3928 ) ;
#7050 = ORIENTED_EDGE ( 'NONE', *, *, #5483, .T. ) ;
#7051 = DIRECTION ( 'NONE',  ( 0.6638642315068273847, 0.7478531153414080812, 0.000000000000000000 ) ) ;
#7052 = ORIENTED_EDGE ( 'NONE', *, *, #3109, .F. ) ;
#7053 = DIRECTION ( 'NONE',  ( -0.9444501156844348211, -0.3286548021612611947, 0.000000000000000000 ) ) ;
#7054 = PRODUCT_DEFINITION_FORMATION_WITH_SPECIFIED_SOURCE ( 'ANY', '', #4873, .NOT_KNOWN. ) ;
#7055 = CARTESIAN_POINT ( 'NONE',  ( 4.115000000000000213, 30.33399999999999963, -6.349999999999999645 ) ) ;
#7056 = EDGE_CURVE ( 'NONE', #6304, #1982, #2319, .T. ) ;
#7057 = ORIENTED_EDGE ( 'NONE', *, *, #7584, .T. ) ;
#7058 = DIRECTION ( 'NONE',  ( -0.2519091263185653795, -0.9677508936071396173, 0.000000000000000000 ) ) ;
#7059 = ORIENTED_EDGE ( 'NONE', *, *, #5316, .F. ) ;
#7060 = CARTESIAN_POINT ( 'NONE',  ( 13.85530555555555488, 38.33888888888888857, -6.049999999999999822 ) ) ;
#7061 = EDGE_CURVE ( 'NONE', #702, #5219, #4825, .T. ) ;
#7062 = CARTESIAN_POINT ( 'NONE',  ( 13.69022222222222140, 38.11488888888889193, -6.349999999999999645 ) ) ;
#7063 = EDGE_CURVE ( 'NONE', #1964, #403, #1134, .T. ) ;
#7064 = DIRECTION ( 'NONE',  ( 0.8713079436099465669, 0.4907366578952566116, 0.000000000000000000 ) ) ;
#7065 = CARTESIAN_POINT ( 'NONE',  ( 24.22366666666666646, 39.07777777777778283, -6.049999999999999822 ) ) ;
#7066 = VERTEX_POINT ( 'NONE', #3066 ) ;
#7067 = ORIENTED_EDGE ( 'NONE', *, *, #312, .T. ) ;
#7068 = ORIENTED_EDGE ( 'NONE', *, *, #5455, .F. ) ;
#7069 = LINE ( 'NONE', #89, #672 ) ;
#7070 = LINE ( 'NONE', #6397, #1004 ) ;
#7071 = VERTEX_POINT ( 'NONE', #698 ) ;
#7072 = DIRECTION ( 'NONE',  ( 0.000000000000000000, 0.000000000000000000, -1.000000000000000000 ) ) ;
#7073 = CARTESIAN_POINT ( 'NONE',  ( 17.20655555555555338, 31.34977777777777419, -6.049999999999999822 ) ) ;
#7074 = ORIENTED_EDGE ( 'NONE', *, *, #5329, .T. ) ;
#7075 = FACE_OUTER_BOUND ( 'NONE', #283, .T. ) ;
#7076 = VERTEX_POINT ( 'NONE', #65 ) ;
#7077 = VECTOR ( 'NONE', #1225, 1000.000000000000114 ) ;
#7078 = ORIENTED_EDGE ( 'NONE', *, *, #5968, .T. ) ;
#7079 = DIRECTION ( 'NONE',  ( 0.6011309404133673429, -0.7991505443142367104, 0.000000000000000000 ) ) ;
#7080 = LINE ( 'NONE', #1698, #619 ) ;
#7081 = ORIENTED_EDGE ( 'NONE', *, *, #2932, .T. ) ;
#7082 = CARTESIAN_POINT ( 'NONE',  ( 23.58899999999999864, 38.66400000000000148, -6.349999999999999645 ) ) ;
#7083 = CARTESIAN_POINT ( 'NONE',  ( 2.171722222222217002, 36.00516666666667476, -6.049999999999999822 ) ) ;
#7084 = DIRECTION ( 'NONE',  ( -0.2711638554652681110, -0.9625332012399422377, 0.000000000000000000 ) ) ;
#7085 = VERTEX_POINT ( 'NONE', #7701 ) ;
#7086 = ORIENTED_EDGE ( 'NONE', *, *, #2737, .F. ) ;
#7087 = CARTESIAN_POINT ( 'NONE',  ( 23.09900000000000020, 40.60261111111110921, -6.049999999999999822 ) ) ;
#7088 = ORIENTED_EDGE ( 'NONE', *, *, #4386, .T. ) ;
#7089 = EDGE_CURVE ( 'NONE', #6590, #4917, #4234, .T. ) ;
#7090 = FACE_OUTER_BOUND ( 'NONE', #46, .T. ) ;
#7091 = ADVANCED_FACE ( 'NONE', ( #1249 ), #4711, .T. ) ;
#7092 = ORIENTED_EDGE ( 'NONE', *, *, #4714, .T. ) ;
#7093 = LINE ( 'NONE', #2336, #5026 ) ;
#7094 = ORIENTED_EDGE ( 'NONE', *, *, #6330, .F. ) ;
#7095 = ADVANCED_FACE ( 'NONE', ( #150 ), #6745, .T. ) ;
#7096 = CARTESIAN_POINT ( 'NONE',  ( 19.75300000000000011, 42.34600000000000364, -6.049999999999999822 ) ) ;
#7097 = CARTESIAN_POINT ( 'NONE',  ( 14.76900000000000013, 35.68200000000000216, -6.349999999999999645 ) ) ;
#7098 = LINE ( 'NONE', #5914, #2139 ) ;
#7099 = LINE ( 'NONE', #6669, #377 ) ;
#7100 = EDGE_LOOP ( 'NONE', ( #2695, #6589, #1462, #7354 ) ) ;
#7101 = ORIENTED_EDGE ( 'NONE', *, *, #4246, .F. ) ;
#7102 = ADVANCED_FACE ( 'NONE', ( #735 ), #1995, .T. ) ;
#7103 = EDGE_CURVE ( 'NONE', #1076, #6842, #1961, .T. ) ;
#7104 = EDGE_CURVE ( 'NONE', #3195, #3555, #2554, .T. ) ;
#7105 = EDGE_LOOP ( 'NONE', ( #7287, #5754, #4715, #4164 ) ) ;
#7106 = DIRECTION ( 'NONE',  ( -1.000000000000000000, 0.000000000000000000, 0.000000000000000000 ) ) ;
#7107 = ORIENTED_EDGE ( 'NONE', *, *, #6748, .F. ) ;
#7108 = CARTESIAN_POINT ( 'NONE',  ( 21.90433333333333366, 40.05622222222222462, -6.349999999999999645 ) ) ;
#7109 = CARTESIAN_POINT ( 'NONE',  ( 26.85838888888888931, 39.10188888888888670, -6.049999999999999822 ) ) ;
#7110 = ORIENTED_EDGE ( 'NONE', *, *, #6799, .F. ) ;
#7111 = CARTESIAN_POINT ( 'NONE',  ( 11.80683333333333174, 41.13305555555556481, -6.049999999999999822 ) ) ;
#7112 = ORIENTED_EDGE ( 'NONE', *, *, #5565, .F. ) ;
#7113 = ORIENTED_EDGE ( 'NONE', *, *, #4463, .F. ) ;
#7114 = PLANE ( 'NONE',  #634 ) ;
#7115 = LINE ( 'NONE', #7710, #4509 ) ;
#7116 = VERTEX_POINT ( 'NONE', #4946 ) ;
#7117 = CARTESIAN_POINT ( 'NONE',  ( 7.545000000000000817, 34.61800000000000210, -6.049999999999999822 ) ) ;
#7118 = CARTESIAN_POINT ( 'NONE',  ( 4.266666666666662167, 37.01899999999999835, -6.049999999999999822 ) ) ;
#7119 = CARTESIAN_POINT ( 'NONE',  ( 15.00000000000000000, 16.79999999999999716, 1.575000000000000844 ) ) ;
#7120 = EDGE_LOOP ( 'NONE', ( #5308, #2132, #1716, #959, #7503, #3432, #6588, #6362, #1732, #5783, #1484, #106, #1957, #1324, #3423, #3547, #2419, #2129, #3831, #6611, #4700, #5697, #6473, #2960, #3410, #3002, #7687, #3824, #6476, #7462, #4188, #571, #5484, #7494, #6189, #5856, #7223, #896, #1030, #1244, #1562, #5290, #5333, #5318, #1353, #4051, #7345, #831, #1676, #590, #6098, #2644, #1362, #2457, #608, #1950 ) ) ;
#7121 = DIRECTION ( 'NONE',  ( -0.7285000934998204780, 0.6850457019577255169, 0.000000000000000000 ) ) ;
#7122 = LINE ( 'NONE', #4027, #6454 ) ;
#7123 = EDGE_LOOP ( 'NONE', ( #4867, #5222, #923, #2155 ) ) ;
#7124 = CARTESIAN_POINT ( 'NONE',  ( 6.914999999999999147, 37.25000000000000000, -6.049999999999999822 ) ) ;
#7125 = FACE_OUTER_BOUND ( 'NONE', #363, .T. ) ;
#7126 = ADVANCED_FACE ( 'NONE', ( #101 ), #4351, .T. ) ;
#7127 = CARTESIAN_POINT ( 'NONE',  ( 25.27055555555555344, 29.32288888888889034, -6.049999999999999822 ) ) ;
#7128 = VECTOR ( 'NONE', #6299, 1000.000000000000000 ) ;
#7129 = ORIENTED_EDGE ( 'NONE', *, *, #5280, .F. ) ;
#7130 = FACE_OUTER_BOUND ( 'NONE', #2725, .T. ) ;
#7131 = LINE ( 'NONE', #3571, #1784 ) ;
#7132 = FACE_OUTER_BOUND ( 'NONE', #5595, .T. ) ;
#7133 = CARTESIAN_POINT ( 'NONE',  ( 1.202999999999999403, 40.41400000000000858, -6.349999999999999645 ) ) ;
#7134 = ORIENTED_EDGE ( 'NONE', *, *, #294, .F. ) ;
#7135 = VECTOR ( 'NONE', #4344, 1000.000000000000000 ) ;
#7136 = VERTEX_POINT ( 'NONE', #6162 ) ;
#7137 = VECTOR ( 'NONE', #1453, 999.9999999999998863 ) ;
#7138 = EDGE_CURVE ( 'NONE', #7136, #6040, #4395, .T. ) ;
#7139 = ORIENTED_EDGE ( 'NONE', *, *, #2295, .T. ) ;
#7140 = DIRECTION ( 'NONE',  ( -0.000000000000000000, -0.000000000000000000, 1.000000000000000000 ) ) ;
#7141 = VERTEX_POINT ( 'NONE', #7308 ) ;
#7142 = CARTESIAN_POINT ( 'NONE',  ( 22.45422222222222430, 30.87805555555555515, -6.049999999999999822 ) ) ;
#7143 = CARTESIAN_POINT ( 'NONE',  ( 1.212333333333331709, 31.44155555555555637, -6.049999999999999822 ) ) ;
#7144 = VECTOR ( 'NONE', #6995, 1000.000000000000000 ) ;
#7145 = ORIENTED_EDGE ( 'NONE', *, *, #3437, .T. ) ;
#7146 = VECTOR ( 'NONE', #3721, 1000.000000000000114 ) ;
#7147 = CARTESIAN_POINT ( 'NONE',  ( 12.37500000000000000, 28.94800000000000040, -6.049999999999999822 ) ) ;
#7148 = EDGE_CURVE ( 'NONE', #7076, #6896, #788, .T. ) ;
#7149 = EDGE_CURVE ( 'NONE', #6057, #5818, #3187, .T. ) ;
#7150 = ORIENTED_EDGE ( 'NONE', *, *, #1581, .F. ) ;
#7151 = VECTOR ( 'NONE', #1548, 1000.000000000000227 ) ;
#7152 = ADVANCED_FACE ( 'NONE', ( #6114 ), #3143, .T. ) ;
#7153 = VECTOR ( 'NONE', #695, 1000.000000000000227 ) ;
#7154 = VECTOR ( 'NONE', #4476, 1000.000000000000000 ) ;
#7155 = ORIENTED_EDGE ( 'NONE', *, *, #120, .F. ) ;
#7156 = LINE ( 'NONE', #6520, #7653 ) ;
#7157 = CARTESIAN_POINT ( 'NONE',  ( -6.000000000000000000, 15.50000000000000000, -6.349999999999999645 ) ) ;
#7158 = VERTEX_POINT ( 'NONE', #5573 ) ;
#7159 = LINE ( 'NONE', #4290, #7387 ) ;
#7160 = CARTESIAN_POINT ( 'NONE',  ( 7.856888888888887479, 38.25177777777778232, -6.049999999999999822 ) ) ;
#7161 = LINE ( 'NONE', #1183, #3512 ) ;
#7162 = AXIS2_PLACEMENT_3D ( 'NONE', #2050, #4443, #1335 ) ;
#7163 = VECTOR ( 'NONE', #3929, 1000.000000000000000 ) ;
#7164 = ADVANCED_FACE ( 'NONE', ( #7457 ), #266, .F. ) ;
#7165 = VECTOR ( 'NONE', #2246, 1000.000000000000000 ) ;
#7166 = EDGE_CURVE ( 'NONE', #7329, #7244, #2079, .T. ) ;
#7167 = VECTOR ( 'NONE', #7282, 1000.000000000000000 ) ;
#7168 = ORIENTED_EDGE ( 'NONE', *, *, #2398, .T. ) ;
#7169 = VECTOR ( 'NONE', #6782, 1000.000000000000114 ) ;
#7170 = ORIENTED_EDGE ( 'NONE', *, *, #120, .T. ) ;
#7171 = VECTOR ( 'NONE', #824, 1000.000000000000000 ) ;
#7172 = LINE ( 'NONE', #4804, #6502 ) ;
#7173 = PLANE ( 'NONE',  #1765 ) ;
#7174 = CARTESIAN_POINT ( 'NONE',  ( 27.32155555555555893, 30.78511111111111020, -6.049999999999999822 ) ) ;
#7175 = EDGE_LOOP ( 'NONE', ( #5990, #2238, #524, #643, #4558, #7309, #1579, #7359, #219, #4436, #3098, #4472, #5063, #6549, #254 ) ) ;
#7176 = CARTESIAN_POINT ( 'NONE',  ( 0.000000000000000000, 15.50000000000000000, 0.000000000000000000 ) ) ;
#7177 = AXIS2_PLACEMENT_3D ( 'NONE', #5097, #2116, #742 ) ;
#7178 = VECTOR ( 'NONE', #2219, 1000.000000000000000 ) ;
#7179 = DIRECTION ( 'NONE',  ( 0.000000000000000000, 0.000000000000000000, -1.000000000000000000 ) ) ;
#7180 = ORIENTED_EDGE ( 'NONE', *, *, #2771, .T. ) ;
#7181 = PLANE ( 'NONE',  #6382 ) ;
#7182 = CARTESIAN_POINT ( 'NONE',  ( 9.309000000000001052, 29.74599999999999866, -6.049999999999999822 ) ) ;
#7183 = CARTESIAN_POINT ( 'NONE',  ( 10.62500000000000000, 37.25000000000000000, -6.049999999999999822 ) ) ;
#7184 = CARTESIAN_POINT ( 'NONE',  ( 20.63499999999999801, 33.03600000000000136, -6.049999999999999822 ) ) ;
#7185 = EDGE_LOOP ( 'NONE', ( #7703, #1254, #645, #5816 ) ) ;
#7186 = ORIENTED_EDGE ( 'NONE', *, *, #3812, .F. ) ;
#7187 = VERTEX_POINT ( 'NONE', #854 ) ;
#7188 = PLANE ( 'NONE',  #4516 ) ;
#7189 = EDGE_LOOP ( 'NONE', ( #4839, #2264, #6617, #651 ) ) ;
#7190 = CARTESIAN_POINT ( 'NONE',  ( 0.000000000000000000, 0.000000000000000000, -6.049999999999999822 ) ) ;
#7191 = DIRECTION ( 'NONE',  ( -1.000000000000000000, -0.000000000000000000, -0.000000000000000000 ) ) ;
#7192 = VERTEX_POINT ( 'NONE', #7423 ) ;
#7193 = LINE ( 'NONE', #67, #6654 ) ;
#7194 = ADVANCED_FACE ( 'NONE', ( #2621 ), #4474, .T. ) ;
#7195 = ORIENTED_EDGE ( 'NONE', *, *, #4219, .F. ) ;
#7196 = ORIENTED_EDGE ( 'NONE', *, *, #7166, .T. ) ;
#7197 = DIRECTION ( 'NONE',  ( 0.000000000000000000, 0.000000000000000000, 1.000000000000000000 ) ) ;
#7198 = LINE ( 'NONE', #669, #4882 ) ;
#7199 = ORIENTED_EDGE ( 'NONE', *, *, #5358, .T. ) ;
#7200 = PLANE ( 'NONE',  #5998 ) ;
#7201 = LINE ( 'NONE', #4919, #6024 ) ;
#7202 = CARTESIAN_POINT ( 'NONE',  ( 29.00699999999999790, 33.69400000000000261, -6.049999999999999822 ) ) ;
#7203 = ADVANCED_FACE ( 'NONE', ( #4438 ), #6830, .F. ) ;
#7204 = STYLED_ITEM ( 'NONE', ( #5050 ), #2056 ) ;
#7205 = EDGE_CURVE ( 'NONE', #3036, #1696, #2033, .T. ) ;
#7206 = ORIENTED_EDGE ( 'NONE', *, *, #360, .F. ) ;
#7207 = LINE ( 'NONE', #4138, #6001 ) ;
#7208 = ADVANCED_FACE ( 'NONE', ( #1487 ), #6273, .F. ) ;
#7209 = FACE_OUTER_BOUND ( 'NONE', #6501, .T. ) ;
#7210 = CARTESIAN_POINT ( 'NONE',  ( 3.799999999999998934, 38.22299999999999898, -6.349999999999999645 ) ) ;
#7211 = VERTEX_POINT ( 'NONE', #374 ) ;
#7212 = VECTOR ( 'NONE', #3001, 1000.000000000000000 ) ;
#7213 = DIRECTION ( 'NONE',  ( 0.000000000000000000, 1.000000000000000000, 0.000000000000000000 ) ) ;
#7214 = CARTESIAN_POINT ( 'NONE',  ( 8.019249999999999545, 38.00600000000000023, -6.349999999999999645 ) ) ;
#7215 = DIRECTION ( 'NONE',  ( -1.000000000000000000, 0.000000000000000000, 0.000000000000000000 ) ) ;
#7216 = EDGE_LOOP ( 'NONE', ( #1670, #2864, #2731, #2989 ) ) ;
#7217 = DIRECTION ( 'NONE',  ( 0.6030552806673434851, 0.7976993973040419350, 0.000000000000000000 ) ) ;
#7218 = LINE ( 'NONE', #6620, #2153 ) ;
#7219 = DIRECTION ( 'NONE',  ( 0.000000000000000000, 1.000000000000000000, 0.000000000000000000 ) ) ;
#7220 = DIRECTION ( 'NONE',  ( 0.8754030856171132191, -0.4833936674099457154, 0.000000000000000000 ) ) ;
#7221 = ORIENTED_EDGE ( 'NONE', *, *, #3748, .F. ) ;
#7222 = ORIENTED_EDGE ( 'NONE', *, *, #7485, .F. ) ;
#7223 = ORIENTED_EDGE ( 'NONE', *, *, #955, .T. ) ;
#7224 = LINE ( 'NONE', #6626, #2763 ) ;
#7225 = ORIENTED_EDGE ( 'NONE', *, *, #6303, .T. ) ;
#7226 = CARTESIAN_POINT ( 'NONE',  ( 1.381111111111106737, 39.93488888888889221, -6.049999999999999822 ) ) ;
#7227 = DIRECTION ( 'NONE',  ( 0.6076573935830118511, 0.7941992772748541762, 0.000000000000000000 ) ) ;
#7228 = ORIENTED_EDGE ( 'NONE', *, *, #4268, .F. ) ;
#7229 = LINE ( 'NONE', #579, #7523 ) ;
#7230 = VERTEX_POINT ( 'NONE', #7645 ) ;
#7231 = EDGE_CURVE ( 'NONE', #7158, #4158, #6979, .T. ) ;
#7232 = ORIENTED_EDGE ( 'NONE', *, *, #4944, .T. ) ;
#7233 = DIRECTION ( 'NONE',  ( -1.000000000000000000, 0.000000000000000000, 0.000000000000000000 ) ) ;
#7234 = DIRECTION ( 'NONE',  ( 0.000000000000000000, 0.000000000000000000, -1.000000000000000000 ) ) ;
#7235 = ORIENTED_EDGE ( 'NONE', *, *, #2735, .T. ) ;
#7236 = DIRECTION ( 'NONE',  ( -0.5944374879056986138, -0.8041418239168773852, 0.000000000000000000 ) ) ;
#7237 = DIRECTION ( 'NONE',  ( -0.000000000000000000, -0.000000000000000000, -1.000000000000000000 ) ) ;
#7238 = CARTESIAN_POINT ( 'NONE',  ( 14.44699999999999918, 39.35000000000000142, -6.049999999999999822 ) ) ;
#7239 = ORIENTED_EDGE ( 'NONE', *, *, #1866, .F. ) ;
#7240 = ADVANCED_FACE ( 'NONE', ( #2111 ), #300, .T. ) ;
#7241 = ORIENTED_EDGE ( 'NONE', *, *, #2107, .T. ) ;
#7242 = CARTESIAN_POINT ( 'NONE',  ( 1.826000000000000512, 38.78999999999999915, -6.049999999999999822 ) ) ;
#7243 = DIRECTION ( 'NONE',  ( -0.8364003663009654810, 0.5481189900483387500, 0.000000000000000000 ) ) ;
#7244 = VERTEX_POINT ( 'NONE', #2157 ) ;
#7245 = DIRECTION ( 'NONE',  ( -0.8692667190321458071, -0.4943433737626998226, 0.000000000000000000 ) ) ;
#7246 = VERTEX_POINT ( 'NONE', #1013 ) ;
#7247 = CARTESIAN_POINT ( 'NONE',  ( 9.803666666666664753, 38.65311111111110876, -6.049999999999999822 ) ) ;
#7248 = ADVANCED_FACE ( 'NONE', ( #7491 ), #2783, .T. ) ;
#7249 = EDGE_CURVE ( 'NONE', #6759, #3298, #6906, .T. ) ;
#7250 = ADVANCED_FACE ( 'NONE', ( #1049 ), #6350, .T. ) ;
#7251 = DIRECTION ( 'NONE',  ( 0.000000000000000000, -0.000000000000000000, 1.000000000000000000 ) ) ;
#7252 = VERTEX_POINT ( 'NONE', #3302 ) ;
#7253 = CARTESIAN_POINT ( 'NONE',  ( 11.93788888888888700, 38.75888888888889028, -6.349999999999999645 ) ) ;
#7254 = CARTESIAN_POINT ( 'NONE',  ( 4.197444444444437650, 30.99977777777777632, -6.049999999999999822 ) ) ;
#7255 = CARTESIAN_POINT ( 'NONE',  ( 3.134999999999999787, 40.13400000000000034, -6.049999999999999822 ) ) ;
#7256 = CARTESIAN_POINT ( 'NONE',  ( 21.87283333333333601, 41.19955555555555549, -6.049999999999999822 ) ) ;
#7257 = ORIENTED_EDGE ( 'NONE', *, *, #7447, .T. ) ;
#7258 = VECTOR ( 'NONE', #6089, 1000.000000000000000 ) ;
#7259 = ORIENTED_EDGE ( 'NONE', *, *, #1831, .T. ) ;
#7260 = FACE_OUTER_BOUND ( 'NONE', #246, .T. ) ;
#7261 = VERTEX_POINT ( 'NONE', #5172 ) ;
#7262 = FACE_OUTER_BOUND ( 'NONE', #1443, .T. ) ;
#7263 = DIRECTION ( 'NONE',  ( -0.5604001898641558510, -0.8282219673494648493, 0.000000000000000000 ) ) ;
#7264 = ORIENTED_EDGE ( 'NONE', *, *, #2413, .T. ) ;
#7265 = FACE_OUTER_BOUND ( 'NONE', #4238, .T. ) ;
#7266 = VECTOR ( 'NONE', #3186, 1000.000000000000000 ) ;
#7267 = ORIENTED_EDGE ( 'NONE', *, *, #781, .F. ) ;
#7268 = VERTEX_POINT ( 'NONE', #412 ) ;
#7270 = CARTESIAN_POINT ( 'NONE',  ( 3.351999999999996760, 39.48299999999999699, -6.049999999999999822 ) ) ;
#7269 = VECTOR ( 'NONE', #2406, 1000.000000000000114 ) ;
#7271 = DIRECTION ( 'NONE',  ( 0.000000000000000000, 0.000000000000000000, -1.000000000000000000 ) ) ;
#7272 = VECTOR ( 'NONE', #6664, 1000.000000000000000 ) ;
#7273 = ORIENTED_EDGE ( 'NONE', *, *, #4554, .F. ) ;
#7274 = PLANE ( 'NONE',  #6881 ) ;
#7275 = DIRECTION ( 'NONE',  ( 0.000000000000000000, 0.000000000000000000, -1.000000000000000000 ) ) ;
#7276 = FACE_BOUND ( 'NONE', #4162, .T. ) ;
#7277 = AXIS2_PLACEMENT_3D ( 'NONE', #2349, #1169, #1805 ) ;
#7278 = VERTEX_POINT ( 'NONE', #7062 ) ;
#7279 = AXIS2_PLACEMENT_3D ( 'NONE', #6875, #7353, #1542 ) ;
#7280 = ORIENTED_EDGE ( 'NONE', *, *, #4178, .T. ) ;
#7281 = LINE ( 'NONE', #2452, #1111 ) ;
#7282 = DIRECTION ( 'NONE',  ( 0.000000000000000000, 0.000000000000000000, -1.000000000000000000 ) ) ;
#7283 = EDGE_LOOP ( 'NONE', ( #1044, #3488, #426, #3439 ) ) ;
#7284 = CARTESIAN_POINT ( 'NONE',  ( 11.73099999999999987, 40.91800000000000637, -6.349999999999999645 ) ) ;
#7285 = VECTOR ( 'NONE', #6582, 1000.000000000000000 ) ;
#7286 = AXIS2_PLACEMENT_3D ( 'NONE', #5247, #3995, #4043 ) ;
#7287 = ORIENTED_EDGE ( 'NONE', *, *, #62, .F. ) ;
#7288 = FACE_OUTER_BOUND ( 'NONE', #3071, .T. ) ;
#7289 = EDGE_CURVE ( 'NONE', #1824, #396, #4549, .T. ) ;
#7290 = AXIS2_PLACEMENT_3D ( 'NONE', #4594, #387, #5772 ) ;
#7291 = DIRECTION ( 'NONE',  ( 0.3658007952314686895, -0.9306931708184095209, 0.000000000000000000 ) ) ;
#7292 = EDGE_LOOP ( 'NONE', ( #572, #3445, #5105, #3577 ) ) ;
#7293 = LINE ( 'NONE', #176, #621 ) ;
#7294 = VECTOR ( 'NONE', #1509, 1000.000000000000000 ) ;
#7295 = VECTOR ( 'NONE', #3211, 1000.000000000000114 ) ;
#7296 = DIRECTION ( 'NONE',  ( -0.3483187467539285986, -0.9373761521714603084, 0.000000000000000000 ) ) ;
#7297 = VECTOR ( 'NONE', #4971, 1000.000000000000000 ) ;
#7298 = LINE ( 'NONE', #7730, #2147 ) ;
#7299 = PLANE ( 'NONE',  #4499 ) ;
#7300 = EDGE_CURVE ( 'NONE', #6590, #7071, #330, .T. ) ;
#7301 = ORIENTED_EDGE ( 'NONE', *, *, #3654, .T. ) ;
#7303 = ORIENTED_EDGE ( 'NONE', *, *, #7148, .F. ) ;
#7302 = EDGE_CURVE ( 'NONE', #3402, #2001, #2703, .T. ) ;
#7304 = EDGE_CURVE ( 'NONE', #385, #5201, #3337, .T. ) ;
#7305 = DIRECTION ( 'NONE',  ( -0.8605677316903482810, -0.5093360179423095380, 0.000000000000000000 ) ) ;
#7306 = ORIENTED_EDGE ( 'NONE', *, *, #4659, .F. ) ;
#7307 = CARTESIAN_POINT ( 'NONE',  ( 14.32499999999999929, 20.39999999999999858, 3.650000000000000355 ) ) ;
#7308 = CARTESIAN_POINT ( 'NONE',  ( 15.67500000000000071, 20.39999999999999858, 3.650000000000000355 ) ) ;
#7309 = ORIENTED_EDGE ( 'NONE', *, *, #1150, .T. ) ;
#7310 = CARTESIAN_POINT ( 'NONE',  ( 2.922666666666668078, 32.64555555555555344, -6.049999999999999822 ) ) ;
#7311 = ORIENTED_EDGE ( 'NONE', *, *, #998, .T. ) ;
#7312 = ORIENTED_EDGE ( 'NONE', *, *, #1442, .F. ) ;
#7313 = CARTESIAN_POINT ( 'NONE',  ( 2.826999999999999957, 33.11999999999999744, -6.049999999999999822 ) ) ;
#7314 = CARTESIAN_POINT ( 'NONE',  ( 2.505875000000000075, 30.47487500000000082, -6.049999999999999822 ) ) ;
#7315 = ORIENTED_EDGE ( 'NONE', *, *, #518, .F. ) ;
#7316 = DIRECTION ( 'NONE',  ( -0.5616870201265741214, 0.8273497999161718575, 0.000000000000000000 ) ) ;
#7317 = CARTESIAN_POINT ( 'NONE',  ( 3.775694444444441800, 32.26833333333333087, -6.349999999999999645 ) ) ;
#7318 = CARTESIAN_POINT ( 'NONE',  ( -6.000000000000000000, 55.50000000000000000, -6.349999999999999645 ) ) ;
#7319 = EDGE_LOOP ( 'NONE', ( #4239, #5831, #3280, #5808 ) ) ;
#7320 = ORIENTED_EDGE ( 'NONE', *, *, #2338, .F. ) ;
#7321 = DIRECTION ( 'NONE',  ( 0.04634595137211794391, -0.9989254490658515673, 0.000000000000000000 ) ) ;
#7322 = DIRECTION ( 'NONE',  ( 0.6296449198019451465, 0.7768830510235129605, 0.000000000000000000 ) ) ;
#7323 = ORIENTED_EDGE ( 'NONE', *, *, #716, .T. ) ;
#7324 = CARTESIAN_POINT ( 'NONE',  ( 4.031000000000000583, 37.61400000000001143, -6.049999999999999822 ) ) ;
#7325 = VERTEX_POINT ( 'NONE', #1564 ) ;
#7326 = CARTESIAN_POINT ( 'NONE',  ( 3.880111111111111288, 32.27533333333333587, -6.049999999999999822 ) ) ;
#7327 = EDGE_CURVE ( 'NONE', #5248, #6505, #5093, .T. ) ;
#7328 = DIRECTION ( 'NONE',  ( 0.4486616024872204234, -0.8937017211875556422, 0.000000000000000000 ) ) ;
#7329 = VERTEX_POINT ( 'NONE', #2225 ) ;
#7330 = CARTESIAN_POINT ( 'NONE',  ( 15.37100000000000044, 33.69400000000000261, -6.349999999999999645 ) ) ;
#7331 = CARTESIAN_POINT ( 'NONE',  ( 1.202999999999999403, 40.41400000000000858, -6.049999999999999822 ) ) ;
#7332 = DIRECTION ( 'NONE',  ( -0.8851826652491465719, -0.4652436449242668415, 0.000000000000000000 ) ) ;
#7333 = CARTESIAN_POINT ( 'NONE',  ( 19.92100000000000293, 37.03222222222222371, -6.349999999999999645 ) ) ;
#7334 = EDGE_LOOP ( 'NONE', ( #4903, #7666, #4170, #5765 ) ) ;
#7335 = ADVANCED_FACE ( 'NONE', ( #1643 ), #5835, .T. ) ;
#7336 = ORIENTED_EDGE ( 'NONE', *, *, #3839, .T. ) ;
#7337 = DIRECTION ( 'NONE',  ( 0.4098351261129048462, 0.9121596183804780988, 0.000000000000000000 ) ) ;
#7338 = EDGE_LOOP ( 'NONE', ( #5665, #5227, #512, #5123 ) ) ;
#7339 = LINE ( 'NONE', #6113, #6130 ) ;
#7340 = CARTESIAN_POINT ( 'NONE',  ( 12.37500000000000000, 29.74599999999999866, -6.049999999999999822 ) ) ;
#7341 = DIRECTION ( 'NONE',  ( 0.000000000000000000, 0.000000000000000000, -1.000000000000000000 ) ) ;
#7342 = CARTESIAN_POINT ( 'NONE',  ( 11.93788888888888700, 38.75888888888889028, -6.349999999999999645 ) ) ;
#7343 = ADVANCED_FACE ( 'NONE', ( #6311 ), #5719, .T. ) ;
#7344 = EDGE_CURVE ( 'NONE', #5114, #1175, #4040, .T. ) ;
#7345 = ORIENTED_EDGE ( 'NONE', *, *, #7249, .T. ) ;
#7346 = EDGE_CURVE ( 'NONE', #4901, #5532, #2852, .T. ) ;
#7347 = CARTESIAN_POINT ( 'NONE',  ( 15.67500000000000071, 20.39999999999999858, 2.225000000000000089 ) ) ;
#7348 = PLANE ( 'NONE',  #6903 ) ;
#7349 = PLANE ( 'NONE',  #4387 ) ;
#7350 = ORIENTED_EDGE ( 'NONE', *, *, #6049, .F. ) ;
#7351 = CARTESIAN_POINT ( 'NONE',  ( 6.452999999999999403, 41.75800000000000267, -6.349999999999999645 ) ) ;
#7352 = DIRECTION ( 'NONE',  ( 0.01546617732069639414, 0.9998803915264490305, 0.000000000000000000 ) ) ;
#7353 = DIRECTION ( 'NONE',  ( 0.000000000000000000, -1.000000000000000000, -0.000000000000000000 ) ) ;
#7354 = ORIENTED_EDGE ( 'NONE', *, *, #6339, .T. ) ;
#7355 = VERTEX_POINT ( 'NONE', #2462 ) ;
#7356 = VERTEX_POINT ( 'NONE', #567 ) ;
#7357 = DIRECTION ( 'NONE',  ( 0.000000000000000000, 0.000000000000000000, -1.000000000000000000 ) ) ;
#7358 = DIRECTION ( 'NONE',  ( -0.8692667190321458071, -0.4943433737626998226, 0.000000000000000000 ) ) ;
#7359 = ORIENTED_EDGE ( 'NONE', *, *, #7735, .T. ) ;
#7360 = DIRECTION ( 'NONE',  ( 0.000000000000000000, 0.000000000000000000, -1.000000000000000000 ) ) ;
#7361 = PLANE ( 'NONE',  #2519 ) ;
#7362 = ORIENTED_EDGE ( 'NONE', *, *, #6480, .F. ) ;
#7363 = LINE ( 'NONE', #208, #6925 ) ;
#7364 = LINE ( 'NONE', #1406, #5439 ) ;
#7365 = VERTEX_POINT ( 'NONE', #5405 ) ;
#7366 = DIRECTION ( 'NONE',  ( -0.9297286103282520475, -0.3682454495809788231, 0.000000000000000000 ) ) ;
#7367 = DIRECTION ( 'NONE',  ( -0.8637789008984307904, -0.5038710255240906877, 0.000000000000000000 ) ) ;
#7368 = CARTESIAN_POINT ( 'NONE',  ( 12.37500000000000000, 31.31400000000000006, -6.049999999999999822 ) ) ;
#7369 = EDGE_CURVE ( 'NONE', #842, #2203, #2973, .T. ) ;
#7370 = ORIENTED_EDGE ( 'NONE', *, *, #3690, .F. ) ;
#7371 = EDGE_LOOP ( 'NONE', ( #2429, #7749, #5353, #7050 ) ) ;
#7372 = PLANE ( 'NONE',  #3264 ) ;
#7373 = ORIENTED_EDGE ( 'NONE', *, *, #4832, .F. ) ;
#7374 = DIRECTION ( 'NONE',  ( 0.8566790672027050357, 0.5158497608962353542, 0.000000000000000000 ) ) ;
#7375 = CARTESIAN_POINT ( 'NONE',  ( 7.222999999999999865, 40.91800000000000637, -6.049999999999999822 ) ) ;
#7376 = LINE ( 'NONE', #4439, #5281 ) ;
#7377 = LINE ( 'NONE', #3819, #1256 ) ;
#7378 = EDGE_CURVE ( 'NONE', #1431, #4110, #6031, .T. ) ;
#7379 = EDGE_LOOP ( 'NONE', ( #7186, #464, #1736, #1653 ) ) ;
#7380 = LINE ( 'NONE', #1494, #6540 ) ;
#7381 = CARTESIAN_POINT ( 'NONE',  ( 7.545000000000000817, 29.03200000000000358, -6.049999999999999822 ) ) ;
#7382 = DIRECTION ( 'NONE',  ( 0.4099940441068806174, -0.9120881995711188628, 0.000000000000000000 ) ) ;
#7383 = ORIENTED_EDGE ( 'NONE', *, *, #33, .T. ) ;
#7384 = LINE ( 'NONE', #3786, #1868 ) ;
#7385 = CARTESIAN_POINT ( 'NONE',  ( 23.27322222222222337, 30.31688888888889011, -6.349999999999999645 ) ) ;
#7386 = EDGE_CURVE ( 'NONE', #6057, #6176, #2340, .T. ) ;
#7387 = VECTOR ( 'NONE', #7750, 1000.000000000000114 ) ;
#7388 = CARTESIAN_POINT ( 'NONE',  ( 10.62500000000000000, 37.25000000000000000, -6.349999999999999645 ) ) ;
#7389 = APPLICATION_CONTEXT ( 'automotive_design' ) ;
#7390 = EDGE_CURVE ( 'NONE', #3794, #1224, #1751, .T. ) ;
#7391 = ORIENTED_EDGE ( 'NONE', *, *, #5464, .T. ) ;
#7392 = ORIENTED_EDGE ( 'NONE', *, *, #2346, .T. ) ;
#7393 = VECTOR ( 'NONE', #1051, 1000.000000000000000 ) ;
#7394 = AXIS2_PLACEMENT_3D ( 'NONE', #7096, #6545, #3482 ) ;
#7395 = ORIENTED_EDGE ( 'NONE', *, *, #712, .F. ) ;
#7396 = DIRECTION ( 'NONE',  ( 0.5458376290682928067, -0.8378909730347408047, 0.000000000000000000 ) ) ;
#7397 = CARTESIAN_POINT ( 'NONE',  ( 0.9542083333333302164, 32.38509722222222109, -6.349999999999999645 ) ) ;
#7398 = ORIENTED_EDGE ( 'NONE', *, *, #191, .T. ) ;
#7399 = CARTESIAN_POINT ( 'NONE',  ( 14.32499999999999929, 20.39999999999999858, 5.000000000000000000 ) ) ;
#7400 = ADVANCED_FACE ( 'NONE', ( #1873 ), #4732, .T. ) ;
#7401 = LINE ( 'NONE', #6183, #1014 ) ;
#7402 = EDGE_CURVE ( 'NONE', #4129, #7587, #4264, .T. ) ;
#7403 = ORIENTED_EDGE ( 'NONE', *, *, #6574, .T. ) ;
#7404 = VECTOR ( 'NONE', #1652, 1000.000000000000000 ) ;
#7405 = CARTESIAN_POINT ( 'NONE',  ( 14.13899999999999935, 28.94800000000000040, -6.349999999999999645 ) ) ;
#7406 = VECTOR ( 'NONE', #2362, 1000.000000000000000 ) ;
#7407 = VECTOR ( 'NONE', #5552, 1000.000000000000000 ) ;
#7408 = VECTOR ( 'NONE', #5753, 1000.000000000000000 ) ;
#7409 = VECTOR ( 'NONE', #5648, 1000.000000000000000 ) ;
#7410 = LINE ( 'NONE', #5163, #3443 ) ;
#7411 = VERTEX_POINT ( 'NONE', #5360 ) ;
#7412 = CARTESIAN_POINT ( 'NONE',  ( 9.610000000000001208, 40.91800000000000637, -6.049999999999999822 ) ) ;
#7413 = DIRECTION ( 'NONE',  ( -0.3822425294613693847, 0.9240620372415341288, 0.000000000000000000 ) ) ;
#7414 = CARTESIAN_POINT ( 'NONE',  ( 0.000000000000000000, 20.39999999999999858, 0.000000000000000000 ) ) ;
#7415 = VECTOR ( 'NONE', #2045, 1000.000000000000227 ) ;
#7416 = VECTOR ( 'NONE', #7237, 1000.000000000000000 ) ;
#7417 = VECTOR ( 'NONE', #2544, 1000.000000000000000 ) ;
#7418 = VERTEX_POINT ( 'NONE', #1083 ) ;
#7419 = VECTOR ( 'NONE', #339, 1000.000000000000114 ) ;
#7420 = CARTESIAN_POINT ( 'NONE',  ( 21.87283333333333601, 41.19955555555555549, -6.049999999999999822 ) ) ;
#7421 = VERTEX_POINT ( 'NONE', #3483 ) ;
#7422 = CARTESIAN_POINT ( 'NONE',  ( 12.17647222222221970, 39.04588888888888931, -6.349999999999999645 ) ) ;
#7423 = CARTESIAN_POINT ( 'NONE',  ( 24.94700000000000273, 35.62599999999999767, -6.049999999999999822 ) ) ;
#7424 = DIRECTION ( 'NONE',  ( 0.000000000000000000, 0.000000000000000000, -1.000000000000000000 ) ) ;
#7425 = LINE ( 'NONE', #6202, #6398 ) ;
#7426 = VECTOR ( 'NONE', #887, 1000.000000000000227 ) ;
#7427 = EDGE_LOOP ( 'NONE', ( #6595, #4092, #6655, #5650 ) ) ;
#7428 = CARTESIAN_POINT ( 'NONE',  ( 13.53175000000000061, 37.89399999999999835, -6.049999999999999822 ) ) ;
#7429 = CARTESIAN_POINT ( 'NONE',  ( 1.826000000000000512, 38.78999999999999915, -6.349999999999999645 ) ) ;
#7430 = CARTESIAN_POINT ( 'NONE',  ( 21.85300000000000153, 42.34600000000000364, -6.349999999999999645 ) ) ;
#7431 = EDGE_CURVE ( 'NONE', #7697, #83, #7131, .T. ) ;
#7432 = ORIENTED_EDGE ( 'NONE', *, *, #5221, .F. ) ;
#7433 = LINE ( 'NONE', #2053, #5629 ) ;
#7434 = DIRECTION ( 'NONE',  ( -0.09127168519588475804, 0.9958260287226395890, 0.000000000000000000 ) ) ;
#7435 = DIRECTION ( 'NONE',  ( 0.5379298369960954229, -0.8429896146865357709, -0.000000000000000000 ) ) ;
#7436 = ORIENTED_EDGE ( 'NONE', *, *, #2373, .F. ) ;
#7437 = ORIENTED_EDGE ( 'NONE', *, *, #6102, .F. ) ;
#7438 = CARTESIAN_POINT ( 'NONE',  ( 20.41333333333333400, 33.59405555555555623, -6.349999999999999645 ) ) ;
#7439 = CARTESIAN_POINT ( 'NONE',  ( 9.630416666666665293, 39.00194444444444741, -6.049999999999999822 ) ) ;
#7440 = EDGE_CURVE ( 'NONE', #6181, #2090, #2897, .T. ) ;
#7441 = ORIENTED_EDGE ( 'NONE', *, *, #7770, .F. ) ;
#7442 = CARTESIAN_POINT ( 'NONE',  ( 18.33277777777777473, 29.61533333333333218, -6.049999999999999822 ) ) ;
#7443 = CARTESIAN_POINT ( 'NONE',  ( 25.27055555555555344, 29.32288888888889034, -6.049999999999999822 ) ) ;
#7444 = VERTEX_POINT ( 'NONE', #7764 ) ;
#7445 = CARTESIAN_POINT ( 'NONE',  ( 7.545000000000000817, 38.73400000000000176, -6.049999999999999822 ) ) ;
#7446 = EDGE_CURVE ( 'NONE', #3359, #5182, #1799, .T. ) ;
#7447 = EDGE_CURVE ( 'NONE', #5508, #5679, #5913, .T. ) ;
#7448 = ADVANCED_FACE ( 'NONE', ( #486 ), #4190, .T. ) ;
#7449 = DIRECTION ( 'NONE',  ( -0.5844259463834344803, -0.8114470489155943822, 0.000000000000000000 ) ) ;
#7450 = ORIENTED_EDGE ( 'NONE', *, *, #6570, .F. ) ;
#7451 = LINE ( 'NONE', #1919, #2410 ) ;
#7452 = DIRECTION ( 'NONE',  ( 0.9889610406090891814, 0.1481757745293994233, 0.000000000000000000 ) ) ;
#7453 = ORIENTED_EDGE ( 'NONE', *, *, #2967, .T. ) ;
#7454 = CARTESIAN_POINT ( 'NONE',  ( 10.12099999999999866, 42.50000000000000000, -6.049999999999999822 ) ) ;
#7455 = ORIENTED_EDGE ( 'NONE', *, *, #2301, .F. ) ;
#7456 = LINE ( 'NONE', #2667, #1242 ) ;
#7457 = FACE_OUTER_BOUND ( 'NONE', #4786, .T. ) ;
#7458 = DIRECTION ( 'NONE',  ( 0.000000000000000000, 0.000000000000000000, -1.000000000000000000 ) ) ;
#7459 = CARTESIAN_POINT ( 'NONE',  ( 1.556499999999999773, 30.95349999999999824, -6.049999999999999822 ) ) ;
#7460 = VECTOR ( 'NONE', #5630, 1000.000000000000227 ) ;
#7461 = EDGE_CURVE ( 'NONE', #5150, #6686, #603, .T. ) ;
#7462 = ORIENTED_EDGE ( 'NONE', *, *, #1874, .T. ) ;
#7463 = DIRECTION ( 'NONE',  ( 0.9991914153399189535, 0.04020591388104040320, 0.000000000000000000 ) ) ;
#7464 = PLANE ( 'NONE',  #4267 ) ;
#7465 = FACE_OUTER_BOUND ( 'NONE', #4312, .T. ) ;
#7466 = ORIENTED_EDGE ( 'NONE', *, *, #1277, .F. ) ;
#7467 = CARTESIAN_POINT ( 'NONE',  ( 24.93299999999999983, 41.62577777777777754, -6.049999999999999822 ) ) ;
#7468 = DIRECTION ( 'NONE',  ( -0.9998803915264490305, 0.01546617732069639414, 0.000000000000000000 ) ) ;
#7469 = DIRECTION ( 'NONE',  ( -0.5616870201265741214, 0.8273497999161718575, 0.000000000000000000 ) ) ;
#7470 = VERTEX_POINT ( 'NONE', #3013 ) ;
#7471 = EDGE_CURVE ( 'NONE', #179, #4230, #2308, .T. ) ;
#7472 = ORIENTED_EDGE ( 'NONE', *, *, #5492, .T. ) ;
#7473 = DIRECTION ( 'NONE',  ( -0.9976197609759638318, -0.06895514854063367061, 0.000000000000000000 ) ) ;
#7474 = LINE ( 'NONE', #3869, #2629 ) ;
#7475 = ORIENTED_EDGE ( 'NONE', *, *, #566, .T. ) ;
#7476 = LINE ( 'NONE', #3799, #769 ) ;
#7477 = CARTESIAN_POINT ( 'NONE',  ( 17.20655555555555338, 31.34977777777777419, -6.049999999999999822 ) ) ;
#7478 = CARTESIAN_POINT ( 'NONE',  ( 4.197444444444437650, 30.99977777777777632, -6.349999999999999645 ) ) ;
#7479 = EDGE_CURVE ( 'NONE', #4863, #4624, #5870, .T. ) ;
#7480 = DIRECTION ( 'NONE',  ( 0.000000000000000000, 0.000000000000000000, -1.000000000000000000 ) ) ;
#7481 = EDGE_CURVE ( 'NONE', #1177, #3610, #7218, .T. ) ;
#7482 = ORIENTED_EDGE ( 'NONE', *, *, #3733, .F. ) ;
#7483 = EDGE_CURVE ( 'NONE', #410, #2125, #3529, .T. ) ;
#7484 = DIRECTION ( 'NONE',  ( -0.8744581886233551149, 0.4851008929589396002, -0.000000000000000000 ) ) ;
#7485 = EDGE_CURVE ( 'NONE', #6949, #5588, #2938, .T. ) ;
#7486 = CARTESIAN_POINT ( 'NONE',  ( 3.209666666666661783, 32.36088888888888704, -6.349999999999999645 ) ) ;
#7487 = ORIENTED_EDGE ( 'NONE', *, *, #4054, .F. ) ;
#7488 = FACE_OUTER_BOUND ( 'NONE', #45, .T. ) ;
#7489 = ORIENTED_EDGE ( 'NONE', *, *, #2273, .F. ) ;
#7490 = CARTESIAN_POINT ( 'NONE',  ( 23.27322222222222337, 30.31688888888889011, -6.049999999999999822 ) ) ;
#7491 = FACE_OUTER_BOUND ( 'NONE', #2057, .T. ) ;
#7492 = CARTESIAN_POINT ( 'NONE',  ( 28.63677777777778033, 29.76933333333333564, -6.349999999999999645 ) ) ;
#7493 = DIRECTION ( 'NONE',  ( 0.4886376791105694894, -0.8724868013634567987, 0.000000000000000000 ) ) ;
#7494 = ORIENTED_EDGE ( 'NONE', *, *, #4689, .T. ) ;
#7495 = EDGE_CURVE ( 'NONE', #902, #7630, #4934, .T. ) ;
#7496 = CARTESIAN_POINT ( 'NONE',  ( 4.031000000000000583, 37.61400000000001143, -6.049999999999999822 ) ) ;
#7497 = FACE_OUTER_BOUND ( 'NONE', #3996, .T. ) ;
#7498 = DIRECTION ( 'NONE',  ( 0.08808661626491773311, 0.9961128189291597046, 0.000000000000000000 ) ) ;
#7499 = ORIENTED_EDGE ( 'NONE', *, *, #2583, .F. ) ;
#7500 = CARTESIAN_POINT ( 'NONE',  ( 12.90000000000000036, 20.39999999999999858, 5.000000000000000000 ) ) ;
#7501 = CARTESIAN_POINT ( 'NONE',  ( 2.850916666666664767, 32.85905555555555679, -6.349999999999999645 ) ) ;
#7502 = CARTESIAN_POINT ( 'NONE',  ( 9.630416666666665293, 39.00194444444444741, -6.049999999999999822 ) ) ;
#7503 = ORIENTED_EDGE ( 'NONE', *, *, #4246, .T. ) ;
#7504 = VERTEX_POINT ( 'NONE', #1409 ) ;
#7505 = CARTESIAN_POINT ( 'NONE',  ( 1.381111111111106737, 39.93488888888889221, -6.049999999999999822 ) ) ;
#7506 = LINE ( 'NONE', #4603, #3006 ) ;
#7507 = VECTOR ( 'NONE', #3835, 1000.000000000000227 ) ;
#7508 = EDGE_LOOP ( 'NONE', ( #6061, #5799, #812, #7336 ) ) ;
#7509 = DIRECTION ( 'NONE',  ( -0.8482654225386619951, -0.5295713105194665982, 0.000000000000000000 ) ) ;
#7510 = CARTESIAN_POINT ( 'NONE',  ( 9.989750000000000796, 38.30349999999999966, -6.049999999999999822 ) ) ;
#7511 = DIRECTION ( 'NONE',  ( -0.8315726196255307512, -0.5554160407200465777, 0.000000000000000000 ) ) ;
#7512 = VECTOR ( 'NONE', #3046, 1000.000000000000000 ) ;
#7513 = VECTOR ( 'NONE', #5487, 1000.000000000000000 ) ;
#7514 = FACE_OUTER_BOUND ( 'NONE', #2236, .T. ) ;
#7515 = VECTOR ( 'NONE', #4916, 1000.000000000000000 ) ;
#7516 = VECTOR ( 'NONE', #4572, 1000.000000000000000 ) ;
#7517 = ORIENTED_EDGE ( 'NONE', *, *, #4309, .T. ) ;
#7518 = EDGE_CURVE ( 'NONE', #6940, #6590, #3094, .T. ) ;
#7519 = CARTESIAN_POINT ( 'NONE',  ( 11.21300000000000097, 37.78199999999999648, -6.049999999999999822 ) ) ;
#7520 = CARTESIAN_POINT ( 'NONE',  ( 22.45422222222222430, 30.87805555555555515, -6.049999999999999822 ) ) ;
#7521 = VECTOR ( 'NONE', #4968, 1000.000000000000000 ) ;
#7522 = VECTOR ( 'NONE', #615, 1000.000000000000000 ) ;
#7523 = VECTOR ( 'NONE', #32, 1000.000000000000000 ) ;
#7524 = ORIENTED_EDGE ( 'NONE', *, *, #6240, .T. ) ;
#7525 = ORIENTED_EDGE ( 'NONE', *, *, #4696, .F. ) ;
#7526 = CARTESIAN_POINT ( 'NONE',  ( 14.32499999999999929, 20.39999999999999858, 2.225000000000000089 ) ) ;
#7527 = EDGE_LOOP ( 'NONE', ( #3977, #1109, #5868, #3666, #4843, #211, #5448, #1102, #1715, #4643, #1366, #2200, #1166, #4636, #5918 ) ) ;
#7528 = VECTOR ( 'NONE', #2673, 999.9999999999998863 ) ;
#7529 = EDGE_CURVE ( 'NONE', #7697, #311, #92, .T. ) ;
#7530 = LINE ( 'NONE', #5718, #3638 ) ;
#7531 = AXIS2_PLACEMENT_3D ( 'NONE', #2396, #6680, #3145 ) ;
#7532 = CARTESIAN_POINT ( 'NONE',  ( 18.08350000000000080, 31.80750000000000099, -6.049999999999999822 ) ) ;
#7533 = VECTOR ( 'NONE', #4645, 1000.000000000000000 ) ;
#7534 = LINE ( 'NONE', #487, #4524 ) ;
#7535 = VECTOR ( 'NONE', #4214, 1000.000000000000000 ) ;
#7536 = LINE ( 'NONE', #6313, #5275 ) ;
#7537 = EDGE_LOOP ( 'NONE', ( #7746, #6053, #1260, #169, #1766, #6609, #7315, #4735, #6229, #3546, #3632, #7450, #6592, #6647 ) ) ;
#7538 = APPLICATION_CONTEXT ( 'automotive_design' ) ;
#7539 = VECTOR ( 'NONE', #1438, 1000.000000000000000 ) ;
#7540 = EDGE_CURVE ( 'NONE', #2537, #3088, #2037, .T. ) ;
#7541 = VECTOR ( 'NONE', #5102, 1000.000000000000227 ) ;
#7542 = EDGE_CURVE ( 'NONE', #3691, #696, #7451, .T. ) ;
#7543 = ORIENTED_EDGE ( 'NONE', *, *, #3765, .T. ) ;
#7544 = CARTESIAN_POINT ( 'NONE',  ( 23.27322222222222337, 30.31688888888889011, -6.049999999999999822 ) ) ;
#7545 = LINE ( 'NONE', #1607, #117 ) ;
#7546 = VERTEX_POINT ( 'NONE', #3722 ) ;
#7547 = DIRECTION ( 'NONE',  ( 0.9266990762595439524, 0.3758042336905053071, 0.000000000000000000 ) ) ;
#7548 = PLANE ( 'NONE',  #4155 ) ;
#7549 = DIRECTION ( 'NONE',  ( 1.000000000000000000, 0.000000000000000000, -0.000000000000000000 ) ) ;
#7550 = VECTOR ( 'NONE', #2707, 1000.000000000000114 ) ;
#7551 = VECTOR ( 'NONE', #4894, 1000.000000000000000 ) ;
#7552 = ORIENTED_EDGE ( 'NONE', *, *, #6446, .T. ) ;
#7553 = VERTEX_POINT ( 'NONE', #6106 ) ;
#7554 = LINE ( 'NONE', #6329, #1002 ) ;
#7555 = CARTESIAN_POINT ( 'NONE',  ( 6.800000000000000711, 21.10000000000000142, 12.52500000000000036 ) ) ;
#7556 = VERTEX_POINT ( 'NONE', #3248 ) ;
#7557 = DIRECTION ( 'NONE',  ( 0.000000000000000000, -0.000000000000000000, 1.000000000000000000 ) ) ;
#7558 = DIRECTION ( 'NONE',  ( -0.8639579049904341224, -0.5035640360515631908, 0.000000000000000000 ) ) ;
#7559 = DIRECTION ( 'NONE',  ( 0.000000000000000000, 0.000000000000000000, -1.000000000000000000 ) ) ;
#7560 = DIRECTION ( 'NONE',  ( -0.5554160407200465777, 0.8315726196255307512, 0.000000000000000000 ) ) ;
#7561 = LINE ( 'NONE', #440, #6065 ) ;
#7562 = EDGE_LOOP ( 'NONE', ( #4719, #2353, #7552, #6047 ) ) ;
#7563 = PLANE ( 'NONE',  #1276 ) ;
#7564 = CARTESIAN_POINT ( 'NONE',  ( 10.18866666666666632, 37.95311111111111302, -6.049999999999999822 ) ) ;
#7565 = ADVANCED_FACE ( 'NONE', ( #3179 ), #5479, .T. ) ;
#7566 = VERTEX_POINT ( 'NONE', #7331 ) ;
#7567 = CARTESIAN_POINT ( 'NONE',  ( 9.610000000000001208, 40.91800000000000637, -6.049999999999999822 ) ) ;
#7568 = VERTEX_POINT ( 'NONE', #5524 ) ;
#7569 = LINE ( 'NONE', #2191, #239 ) ;
#7570 = DIRECTION ( 'NONE',  ( -0.3822425294613693847, 0.9240620372415341288, 0.000000000000000000 ) ) ;
#7571 = DIRECTION ( 'NONE',  ( -0.2283563084635086560, -0.9735776273029895789, 0.000000000000000000 ) ) ;
#7572 = CARTESIAN_POINT ( 'NONE',  ( 12.17647222222221970, 39.04588888888888931, -6.049999999999999822 ) ) ;
#7573 = VECTOR ( 'NONE', #5560, 1000.000000000000227 ) ;
#7574 = ORIENTED_EDGE ( 'NONE', *, *, #1015, .T. ) ;
#7575 = EDGE_CURVE ( 'NONE', #6842, #463, #1987, .T. ) ;
#7576 = EDGE_LOOP ( 'NONE', ( #2466, #90, #5780, #2943 ) ) ;
#7577 = CARTESIAN_POINT ( 'NONE',  ( 22.65099999999999980, 33.69400000000000261, -6.049999999999999822 ) ) ;
#7578 = DIRECTION ( 'NONE',  ( 0.000000000000000000, 0.000000000000000000, -1.000000000000000000 ) ) ;
#7579 = EDGE_LOOP ( 'NONE', ( #5216, #5420, #1357, #5277 ) ) ;
#7580 = FACE_OUTER_BOUND ( 'NONE', #2611, .T. ) ;
#7581 = DIRECTION ( 'NONE',  ( 0.000000000000000000, 1.000000000000000000, 0.000000000000000000 ) ) ;
#7582 = ORIENTED_EDGE ( 'NONE', *, *, #1294, .T. ) ;
#7583 = CARTESIAN_POINT ( 'NONE',  ( 26.21944444444444144, 36.48466666666666924, -6.349999999999999645 ) ) ;
#7584 = EDGE_CURVE ( 'NONE', #5342, #7791, #6822, .T. ) ;
#7585 = EDGE_CURVE ( 'NONE', #4459, #7211, #1952, .T. ) ;
#7586 = EDGE_CURVE ( 'NONE', #4171, #3426, #140, .T. ) ;
#7587 = VERTEX_POINT ( 'NONE', #6192 ) ;
#7588 = ORIENTED_EDGE ( 'NONE', *, *, #4372, .F. ) ;
#7589 = CARTESIAN_POINT ( 'NONE',  ( 9.856750000000001677, 41.74750000000000227, -6.049999999999999822 ) ) ;
#7590 = CARTESIAN_POINT ( 'NONE',  ( 10.12099999999999866, 42.50000000000000000, -6.349999999999999645 ) ) ;
#7591 = ORIENTED_EDGE ( 'NONE', *, *, #4893, .T. ) ;
#7592 = LINE ( 'NONE', #4570, #3880 ) ;
#7593 = CARTESIAN_POINT ( 'NONE',  ( 10.18866666666666632, 37.95311111111111302, -6.349999999999999645 ) ) ;
#7594 = CARTESIAN_POINT ( 'NONE',  ( 6.452999999999999403, 28.62599999999999767, -6.049999999999999822 ) ) ;
#7595 = CARTESIAN_POINT ( 'NONE',  ( 3.880111111111111288, 32.27533333333333587, -6.049999999999999822 ) ) ;
#7596 = LINE ( 'NONE', #476, #6577 ) ;
#7597 = ADVANCED_FACE ( 'NONE', ( #6737 ), #1359, .T. ) ;
#7598 = ORIENTED_EDGE ( 'NONE', *, *, #1243, .F. ) ;
#7599 = CARTESIAN_POINT ( 'NONE',  ( 2.714999999999999858, 36.60600000000000165, -6.049999999999999822 ) ) ;
#7600 = PLANE ( 'NONE',  #1772 ) ;
#7601 = ORIENTED_EDGE ( 'NONE', *, *, #522, .T. ) ;
#7602 = DIRECTION ( 'NONE',  ( 0.000000000000000000, 0.000000000000000000, -1.000000000000000000 ) ) ;
#7603 = ORIENTED_EDGE ( 'NONE', *, *, #4932, .T. ) ;
#7604 = DIRECTION ( 'NONE',  ( 0.8249323723209995851, -0.5652314402940159521, 0.000000000000000000 ) ) ;
#7605 = DIRECTION ( 'NONE',  ( 0.5696727477405604256, 0.8218716204382043866, 0.000000000000000000 ) ) ;
#7606 = DIRECTION ( 'NONE',  ( 0.2283563084635086560, 0.9735776273029895789, 0.000000000000000000 ) ) ;
#7607 = CARTESIAN_POINT ( 'NONE',  ( 8.019249999999999545, 38.00600000000000023, -6.049999999999999822 ) ) ;
#7608 = EDGE_CURVE ( 'NONE', #5262, #1779, #1281, .T. ) ;
#7609 = VERTEX_POINT ( 'NONE', #3760 ) ;
#7610 = ORIENTED_EDGE ( 'NONE', *, *, #2968, .F. ) ;
#7611 = PLANE ( 'NONE',  #4531 ) ;
#7612 = LINE ( 'NONE', #5877, #5393 ) ;
#7613 = VERTEX_POINT ( 'NONE', #777 ) ;
#7614 = LINE ( 'NONE', #4630, #2123 ) ;
#7615 = LINE ( 'NONE', #1574, #506 ) ;
#7616 = ORIENTED_EDGE ( 'NONE', *, *, #5121, .F. ) ;
#7617 = CARTESIAN_POINT ( 'NONE',  ( 10.40041666666666487, 37.60194444444444883, -6.349999999999999645 ) ) ;
#7618 = EDGE_CURVE ( 'NONE', #2529, #2671, #5563, .T. ) ;
#7619 = ORIENTED_EDGE ( 'NONE', *, *, #3744, .T. ) ;
#7620 = PRODUCT_RELATED_PRODUCT_CATEGORY ( 'part', '', ( #4873 ) ) ;
#7621 = ORIENTED_EDGE ( 'NONE', *, *, #7471, .F. ) ;
#7622 = FACE_OUTER_BOUND ( 'NONE', #7189, .T. ) ;
#7623 = CARTESIAN_POINT ( 'NONE',  ( 11.88499999999999623, 41.34422222222222132, -6.349999999999999645 ) ) ;
#7624 = VERTEX_POINT ( 'NONE', #2580 ) ;
#7625 = CARTESIAN_POINT ( 'NONE',  ( 27.74699999999999989, 28.50000000000000000, -6.349999999999999645 ) ) ;
#7626 = DIRECTION ( 'NONE',  ( -0.9908983035580876120, -0.1346125997286436171, 0.000000000000000000 ) ) ;
#7627 = LINE ( 'NONE', #7000, #7516 ) ;
#7628 = EDGE_CURVE ( 'NONE', #1630, #2676, #1320, .T. ) ;
#7629 = CARTESIAN_POINT ( 'NONE',  ( 0.9542083333333302164, 32.38509722222222109, -6.049999999999999822 ) ) ;
#7630 = VERTEX_POINT ( 'NONE', #6781 ) ;
#7631 = EDGE_CURVE ( 'NONE', #3239, #3652, #3216, .T. ) ;
#7632 = VERTEX_POINT ( 'NONE', #5008 ) ;
#7633 = EDGE_CURVE ( 'NONE', #5368, #28, #2499, .T. ) ;
#7634 = CARTESIAN_POINT ( 'NONE',  ( 27.46699999999999875, 39.44800000000000040, -6.049999999999999822 ) ) ;
#7635 = ORIENTED_EDGE ( 'NONE', *, *, #710, .F. ) ;
#7636 = LINE ( 'NONE', #3360, #5666 ) ;
#7637 = CARTESIAN_POINT ( 'NONE',  ( 6.800000000000000711, 15.50000000000000000, 12.52500000000000036 ) ) ;
#7638 = VECTOR ( 'NONE', #3506, 1000.000000000000000 ) ;
#7639 = VECTOR ( 'NONE', #1033, 999.9999999999998863 ) ;
#7640 = VECTOR ( 'NONE', #447, 1000.000000000000227 ) ;
#7641 = ORIENTED_EDGE ( 'NONE', *, *, #5851, .T. ) ;
#7642 = PLANE ( 'NONE',  #1250 ) ;
#7643 = ORIENTED_EDGE ( 'NONE', *, *, #3976, .F. ) ;
#7644 = PLANE ( 'NONE',  #5875 ) ;
#7645 = CARTESIAN_POINT ( 'NONE',  ( 3.424916666666662834, 32.28972222222222399, -6.349999999999999645 ) ) ;
#7646 = DIRECTION ( 'NONE',  ( -0.9128356160331978497, 0.4083272438881492827, 0.000000000000000000 ) ) ;
#7647 = EDGE_CURVE ( 'NONE', #7632, #4171, #6305, .T. ) ;
#7648 = LINE ( 'NONE', #7065, #1743 ) ;
#7649 = VECTOR ( 'NONE', #336, 999.9999999999998863 ) ;
#7650 = VECTOR ( 'NONE', #7084, 1000.000000000000000 ) ;
#7651 = ORIENTED_EDGE ( 'NONE', *, *, #7479, .T. ) ;
#7652 = ORIENTED_EDGE ( 'NONE', *, *, #5279, .F. ) ;
#7653 = VECTOR ( 'NONE', #7747, 1000.000000000000000 ) ;
#7654 = ORIENTED_EDGE ( 'NONE', *, *, #5741, .T. ) ;
#7656 = DIRECTION ( 'NONE',  ( 0.5144957554275214617, -0.8574929257125472049, 0.000000000000000000 ) ) ;
#7655 = VECTOR ( 'NONE', #4209, 1000.000000000000000 ) ;
#7657 = DIRECTION ( 'NONE',  ( -0.9889610406090891814, -0.1481757745293994233, 0.000000000000000000 ) ) ;
#7658 = CIRCLE ( 'NONE', #4270, 2.749999999999999112 ) ;
#7659 = VERTEX_POINT ( 'NONE', #5677 ) ;
#7660 = FACE_OUTER_BOUND ( 'NONE', #7708, .T. ) ;
#7661 = DIRECTION ( 'NONE',  ( 0.9576998477009485145, -0.2877690075626285204, 0.000000000000000000 ) ) ;
#7662 = ORIENTED_EDGE ( 'NONE', *, *, #3894, .F. ) ;
#7663 = PLANE ( 'NONE',  #2514 ) ;
#7664 = VECTOR ( 'NONE', #1838, 1000.000000000000000 ) ;
#7665 = VECTOR ( 'NONE', #2009, 1000.000000000000000 ) ;
#7666 = ORIENTED_EDGE ( 'NONE', *, *, #3781, .T. ) ;
#7667 = EDGE_CURVE ( 'NONE', #1307, #2393, #6342, .T. ) ;
#7668 = VERTEX_POINT ( 'NONE', #2101 ) ;
#7669 = LINE ( 'NONE', #4683, #751 ) ;
#7670 = CARTESIAN_POINT ( 'NONE',  ( 4.001250000000000639, 32.28699999999999903, -6.349999999999999645 ) ) ;
#7671 = ORIENTED_EDGE ( 'NONE', *, *, #7037, .F. ) ;
#7672 = CARTESIAN_POINT ( 'NONE',  ( 12.17200000000000060, 37.25000000000000000, -6.049999999999999822 ) ) ;
#7673 = VECTOR ( 'NONE', #1953, 1000.000000000000114 ) ;
#7674 = CARTESIAN_POINT ( 'NONE',  ( 12.66199999999999903, 39.35000000000000142, -6.049999999999999822 ) ) ;
#7675 = AXIS2_PLACEMENT_3D ( 'NONE', #5437, #7053, #3477 ) ;
#7676 = CARTESIAN_POINT ( 'NONE',  ( 11.35980555555555505, 38.00055555555555742, -6.049999999999999822 ) ) ;
#7677 = EDGE_LOOP ( 'NONE', ( #2356, #6789, #3162, #1890 ) ) ;
#7678 = ORIENTED_EDGE ( 'NONE', *, *, #5609, .T. ) ;
#7679 = EDGE_CURVE ( 'NONE', #5299, #1167, #322, .T. ) ;
#7680 = EDGE_LOOP ( 'NONE', ( #4881, #1098, #4781, #4195 ) ) ;
#7681 = DIRECTION ( 'NONE',  ( -0.8732911522331028298, -0.4871986898908694519, 0.000000000000000000 ) ) ;
#7682 = ORIENTED_EDGE ( 'NONE', *, *, #5850, .F. ) ;
#7683 = FACE_OUTER_BOUND ( 'NONE', #3051, .T. ) ;
#7684 = EDGE_CURVE ( 'NONE', #1220, #5676, #404, .T. ) ;
#7685 = EDGE_CURVE ( 'NONE', #4917, #3852, #6892, .T. ) ;
#7686 = EDGE_CURVE ( 'NONE', #179, #4174, #2727, .T. ) ;
#7687 = ORIENTED_EDGE ( 'NONE', *, *, #5758, .T. ) ;
#7688 = DIRECTION ( 'NONE',  ( -0.08980564358560094718, -0.9959593096006362778, 0.000000000000000000 ) ) ;
#7689 = ORIENTED_EDGE ( 'NONE', *, *, #2103, .T. ) ;
#7690 = PLANE ( 'NONE',  #6004 ) ;
#7691 = VECTOR ( 'NONE', #6575, 1000.000000000000000 ) ;
#7692 = CARTESIAN_POINT ( 'NONE',  ( 12.13349999999999973, 41.95438888888888584, -6.049999999999999822 ) ) ;
#7693 = LINE ( 'NONE', #6980, #2518 ) ;
#7694 = PLANE ( 'NONE',  #5119 ) ;
#7695 = ORIENTED_EDGE ( 'NONE', *, *, #170, .T. ) ;
#7696 = ORIENTED_EDGE ( 'NONE', *, *, #6859, .T. ) ;
#7697 = VERTEX_POINT ( 'NONE', #2696 ) ;
#7698 = PLANE ( 'NONE',  #7277 ) ;
#7699 = ORIENTED_EDGE ( 'NONE', *, *, #1430, .F. ) ;
#7700 = LINE ( 'NONE', #6555, #2625 ) ;
#7701 = CARTESIAN_POINT ( 'NONE',  ( 3.134999999999999787, 40.13400000000000034, -6.349999999999999645 ) ) ;
#7702 = EDGE_CURVE ( 'NONE', #4582, #3728, #292, .T. ) ;
#7703 = ORIENTED_EDGE ( 'NONE', *, *, #7542, .T. ) ;
#7704 = PLANE ( 'NONE',  #364 ) ;
#7705 = VECTOR ( 'NONE', #4556, 1000.000000000000000 ) ;
#7706 = ORIENTED_EDGE ( 'NONE', *, *, #3075, .F. ) ;
#7707 = VECTOR ( 'NONE', #4764, 1000.000000000000000 ) ;
#7708 = EDGE_LOOP ( 'NONE', ( #5126, #1727, #589, #1738 ) ) ;
#7709 = CARTESIAN_POINT ( 'NONE',  ( 25.62950000000000017, 38.37700000000000244, -6.049999999999999822 ) ) ;
#7710 = CARTESIAN_POINT ( 'NONE',  ( 13.85530555555555488, 38.33888888888888857, -6.349999999999999645 ) ) ;
#7711 = EDGE_LOOP ( 'NONE', ( #5300, #7489, #6503, #7139 ) ) ;
#7712 = CARTESIAN_POINT ( 'NONE',  ( 24.83966666666666612, 39.46977777777777874, -6.349999999999999645 ) ) ;
#7713 = DIRECTION ( 'NONE',  ( -0.2507670928569469826, -0.9680474498391468119, 0.000000000000000000 ) ) ;
#7714 = CARTESIAN_POINT ( 'NONE',  ( 1.202999999999999403, 41.75800000000000267, -6.049999999999999822 ) ) ;
#7715 = EDGE_CURVE ( 'NONE', #7609, #5434, #2145, .T. ) ;
#7716 = VERTEX_POINT ( 'NONE', #1557 ) ;
#7717 = CARTESIAN_POINT ( 'NONE',  ( 20.48799999999999955, 33.38250000000000028, -6.349999999999999645 ) ) ;
#7718 = DIRECTION ( 'NONE',  ( 0.000000000000000000, 0.000000000000000000, -1.000000000000000000 ) ) ;
#7719 = ORIENTED_EDGE ( 'NONE', *, *, #365, .T. ) ;
#7720 = DIRECTION ( 'NONE',  ( -0.01729727609815014458, 0.9998503909283549262, 0.000000000000000000 ) ) ;
#7721 = PLANE ( 'NONE',  #3664 ) ;
#7722 = EDGE_CURVE ( 'NONE', #7613, #7697, #4542, .T. ) ;
#7723 = EDGE_CURVE ( 'NONE', #7066, #891, #1631, .T. ) ;
#7724 = ADVANCED_FACE ( 'NONE', ( #925 ), #7563, .T. ) ;
#7725 = EDGE_CURVE ( 'NONE', #4682, #6479, #5828, .T. ) ;
#7726 = CARTESIAN_POINT ( 'NONE',  ( 23.75699999999999790, 37.20799999999999841, -6.349999999999999645 ) ) ;
#7727 = VERTEX_POINT ( 'NONE', #6376 ) ;
#7728 = PLANE ( 'NONE',  #2372 ) ;
#7729 = CARTESIAN_POINT ( 'NONE',  ( 27.74699999999999989, 28.50000000000000000, -6.049999999999999822 ) ) ;
#7730 = CARTESIAN_POINT ( 'NONE',  ( 27.11700000000000088, 40.82000000000000028, -6.049999999999999822 ) ) ;
#7731 = CARTESIAN_POINT ( 'NONE',  ( 11.52955555555555556, 38.23622222222222433, -6.049999999999999822 ) ) ;
#7732 = EDGE_CURVE ( 'NONE', #2529, #3195, #5084, .T. ) ;
#7733 = ORIENTED_EDGE ( 'NONE', *, *, #5086, .T. ) ;
#7734 = ORIENTED_EDGE ( 'NONE', *, *, #6563, .T. ) ;
#7736 = ORIENTED_EDGE ( 'NONE', *, *, #7440, .F. ) ;
#7735 = EDGE_CURVE ( 'NONE', #5179, #842, #7636, .T. ) ;
#7737 = ADVANCED_FACE ( 'NONE', ( #4029 ), #358, .T. ) ;
#7738 = FACE_OUTER_BOUND ( 'NONE', #2322, .T. ) ;
#7739 = ORIENTED_EDGE ( 'NONE', *, *, #5744, .F. ) ;
#7740 = FACE_OUTER_BOUND ( 'NONE', #6214, .T. ) ;
#7741 = CARTESIAN_POINT ( 'NONE',  ( 20.53233333333333377, 33.27088888888889073, -6.049999999999999822 ) ) ;
#7742 = EDGE_LOOP ( 'NONE', ( #4754, #720, #452, #927 ) ) ;
#7743 = DIRECTION ( 'NONE',  ( 0.8851826652491465719, 0.4652436449242668415, 0.000000000000000000 ) ) ;
#7744 = EDGE_CURVE ( 'NONE', #6309, #7278, #2186, .T. ) ;
#7745 = VERTEX_POINT ( 'NONE', #4466 ) ;
#7746 = ORIENTED_EDGE ( 'NONE', *, *, #3984, .F. ) ;
#7747 = DIRECTION ( 'NONE',  ( 0.000000000000000000, 0.000000000000000000, -1.000000000000000000 ) ) ;
#7748 = DIRECTION ( 'NONE',  ( 0.5377197287885621124, -0.8431236524208980398, 0.000000000000000000 ) ) ;
#7749 = ORIENTED_EDGE ( 'NONE', *, *, #209, .F. ) ;
#7750 = DIRECTION ( 'NONE',  ( -0.8534537345463533153, -0.5211686128201531432, 0.000000000000000000 ) ) ;
#7751 = DIRECTION ( 'NONE',  ( -0.000000000000000000, 0.000000000000000000, 1.000000000000000000 ) ) ;
#7752 = CARTESIAN_POINT ( 'NONE',  ( 3.573666666666666103, 35.29155555555555424, -6.049999999999999822 ) ) ;
#7753 = ORIENTED_EDGE ( 'NONE', *, *, #3803, .T. ) ;
#7754 = FACE_OUTER_BOUND ( 'NONE', #217, .T. ) ;
#7755 = CARTESIAN_POINT ( 'NONE',  ( 10.40041666666666487, 37.60194444444444883, -6.049999999999999822 ) ) ;
#7756 = CARTESIAN_POINT ( 'NONE',  ( 4.266666666666662167, 37.01899999999999835, -6.049999999999999822 ) ) ;
#7757 = VERTEX_POINT ( 'NONE', #5237 ) ;
#7758 = CARTESIAN_POINT ( 'NONE',  ( 25.62950000000000017, 38.37700000000000244, -6.349999999999999645 ) ) ;
#7759 = EDGE_CURVE ( 'NONE', #702, #7630, #999, .T. ) ;
#7760 = LINE ( 'NONE', #2304, #7285 ) ;
#7761 = VECTOR ( 'NONE', #4559, 1000.000000000000000 ) ;
#7762 = VERTEX_POINT ( 'NONE', #1479 ) ;
#7763 = FACE_OUTER_BOUND ( 'NONE', #5269, .T. ) ;
#7764 = CARTESIAN_POINT ( 'NONE',  ( 16.31638888888888772, 30.86794444444444352, -6.049999999999999822 ) ) ;
#7765 = LINE ( 'NONE', #3014, #7664 ) ;
#7766 = DIRECTION ( 'NONE',  ( 0.000000000000000000, 1.000000000000000000, 0.000000000000000000 ) ) ;
#7767 = VERTEX_POINT ( 'NONE', #3294 ) ;
#7768 = VECTOR ( 'NONE', #1789, 1000.000000000000227 ) ;
#7769 = ORIENTED_EDGE ( 'NONE', *, *, #2160, .T. ) ;
#7770 = EDGE_CURVE ( 'NONE', #1979, #6262, #3598, .T. ) ;
#7771 = VECTOR ( 'NONE', #4233, 1000.000000000000000 ) ;
#7772 = EDGE_CURVE ( 'NONE', #6117, #4034, #4655, .T. ) ;
#7773 = ORIENTED_EDGE ( 'NONE', *, *, #2205, .F. ) ;
#7774 = CARTESIAN_POINT ( 'NONE',  ( 8.019249999999999545, 38.00600000000000023, -6.349999999999999645 ) ) ;
#7775 = EDGE_LOOP ( 'NONE', ( #936, #3487, #3470, #7081 ) ) ;
#7776 = PLANE ( 'NONE',  #4875 ) ;
#7777 = DIRECTION ( 'NONE',  ( 0.9373761521714603084, -0.3483187467539285986, 0.000000000000000000 ) ) ;
#7778 = VECTOR ( 'NONE', #1496, 1000.000000000000227 ) ;
#7779 = PLANE ( 'NONE',  #6905 ) ;
#7780 = VECTOR ( 'NONE', #4018, 999.9999999999998863 ) ;
#7781 = CARTESIAN_POINT ( 'NONE',  ( 28.63677777777778033, 29.76933333333333564, -6.049999999999999822 ) ) ;
#7782 = ADVANCED_FACE ( 'NONE', ( #3519 ), #4100, .T. ) ;
#7783 = ORIENTED_EDGE ( 'NONE', *, *, #462, .F. ) ;
#7784 = EDGE_CURVE ( 'NONE', #1416, #5601, #5863, .T. ) ;
#7785 = VECTOR ( 'NONE', #5674, 1000.000000000000000 ) ;
#7786 = AXIS2_PLACEMENT_3D ( 'NONE', #4942, #7337, #218 ) ;
#7787 = VECTOR ( 'NONE', #3776, 1000.000000000000000 ) ;
#7788 = ORIENTED_EDGE ( 'NONE', *, *, #3305, .T. ) ;
#7789 = LINE ( 'NONE', #2953, #6783 ) ;
#7790 = LINE ( 'NONE', #2325, #5761 ) ;
#7791 = VERTEX_POINT ( 'NONE', #4693 ) ;
#7792 = DIRECTION ( 'NONE',  ( -0.8041418239168774962, 0.5944374879056987249, 0.000000000000000000 ) ) ;
ENDSEC;
END-ISO-10303-21;
