ISO-10303-21;
HEADER;
FILE_DESCRIPTION (( 'STEP AP214' ),
    '1' );
FILE_NAME ('±³°å.st',
    '2026-10-10T20:09:43',
    ( 'liupp12138@outlook.com' ),
    ( '' ),
    'SwSTEP 2.0',
    'SolidWorks 2025',
    '' );
FILE_SCHEMA (( 'AUTOMOTIVE_DESIGN' ));
ENDSEC;

DATA;
#1 = FACE_OUTER_BOUND ( 'NONE', #3121, .T. ) ;
#2 = LINE ( 'NONE', #6748, #2710 ) ;
#3 = EDGE_CURVE ( 'NONE', #1312, #575, #9358, .T. ) ;
#4 = ORIENTED_EDGE ( 'NONE', *, *, #7382, .T. ) ;
#5 = CARTESIAN_POINT ( 'NONE',  ( 16.61857463524130196, -13.03333333333333499, -6.049999999999999822 ) ) ;
#6 = VERTEX_POINT ( 'NONE', #8602 ) ;
#7 = VERTEX_POINT ( 'NONE', #3163 ) ;
#8 = ORIENTED_EDGE ( 'NONE', *, *, #9501, .T. ) ;
#9 = EDGE_CURVE ( 'NONE', #1205, #4644, #2509, .T. ) ;
#10 = CARTESIAN_POINT ( 'NONE',  ( 17.60561167227833934, -12.99326599326599485, -6.049999999999999822 ) ) ;
#11 = EDGE_CURVE ( 'NONE', #930, #8029, #1700, .T. ) ;
#12 = EDGE_CURVE ( 'NONE', #5562, #1889, #2562, .T. ) ;
#13 = FACE_OUTER_BOUND ( 'NONE', #4616, .T. ) ;
#14 = LINE ( 'NONE', #6054, #7042 ) ;
#15 = EDGE_CURVE ( 'NONE', #6258, #1356, #7847, .T. ) ;
#16 = CARTESIAN_POINT ( 'NONE',  ( 13.87676767676767753, -12.55151515151515085, -6.049999999999999822 ) ) ;
#17 = EDGE_LOOP ( 'NONE', ( #5193, #3586, #7918, #870 ) ) ;
#18 = ORIENTED_EDGE ( 'NONE', *, *, #6345, .T. ) ;
#19 = LINE ( 'NONE', #1525, #399 ) ;
#20 = ORIENTED_EDGE ( 'NONE', *, *, #5050, .T. ) ;
#21 = DIRECTION ( 'NONE',  ( 0.000000000000000000, 0.000000000000000000, -1.000000000000000000 ) ) ;
#22 = DIRECTION ( 'NONE',  ( 0.000000000000000000, 0.000000000000000000, -1.000000000000000000 ) ) ;
#23 = CARTESIAN_POINT ( 'NONE',  ( 16.61857463524130196, -13.03333333333333499, -6.049999999999999822 ) ) ;
#24 = CARTESIAN_POINT ( 'NONE',  ( -4.000000000000000000, 4.000000000000000000, -4.349999999999999645 ) ) ;
#25 = DIRECTION ( 'NONE',  ( 0.9751078617775101876, 0.2217310485694148625, 0.000000000000000000 ) ) ;
#26 = LINE ( 'NONE', #3095, #3011 ) ;
#27 = LINE ( 'NONE', #9245, #2557 ) ;
#28 = ORIENTED_EDGE ( 'NONE', *, *, #5162, .F. ) ;
#29 = VERTEX_POINT ( 'NONE', #4017 ) ;
#30 = EDGE_LOOP ( 'NONE', ( #9231, #7500, #7897, #8574 ) ) ;
#31 = DIRECTION ( 'NONE',  ( 0.000000000000000000, 0.000000000000000000, -1.000000000000000000 ) ) ;
#32 = LINE ( 'NONE', #4618, #8578 ) ;
#33 = PLANE ( 'NONE',  #1345 ) ;
#34 = DIRECTION ( 'NONE',  ( -0.000000000000000000, 1.000000000000000000, 0.000000000000000000 ) ) ;
#35 = PLANE ( 'NONE',  #6060 ) ;
#36 = ORIENTED_EDGE ( 'NONE', *, *, #6883, .T. ) ;
#37 = ORIENTED_EDGE ( 'NONE', *, *, #932, .T. ) ;
#38 = LINE ( 'NONE', #3760, #6661 ) ;
#39 = VERTEX_POINT ( 'NONE', #6381 ) ;
#40 = ORIENTED_EDGE ( 'NONE', *, *, #8416, .F. ) ;
#41 = CARTESIAN_POINT ( 'NONE',  ( 20.82626262626262559, -11.01616161616161627, -6.049999999999999822 ) ) ;
#42 = DIRECTION ( 'NONE',  ( 0.000000000000000000, 0.000000000000000000, -1.000000000000000000 ) ) ;
#43 = FACE_OUTER_BOUND ( 'NONE', #1643, .T. ) ;
#44 = EDGE_CURVE ( 'NONE', #6505, #8376, #4826, .T. ) ;
#45 = FACE_OUTER_BOUND ( 'NONE', #4222, .T. ) ;
#46 = EDGE_CURVE ( 'NONE', #8376, #2604, #1755, .T. ) ;
#47 = VERTEX_POINT ( 'NONE', #2364 ) ;
#48 = CARTESIAN_POINT ( 'NONE',  ( 16.21992143658810193, -18.38928170594837042, -6.049999999999999822 ) ) ;
#49 = AXIS2_PLACEMENT_3D ( 'NONE', #4874, #6537, #5078 ) ;
#50 = ORIENTED_EDGE ( 'NONE', *, *, #8420, .F. ) ;
#51 = ORIENTED_EDGE ( 'NONE', *, *, #5116, .F. ) ;
#52 = CIRCLE ( 'NONE', #4391, 1.100000000000000089 ) ;
#53 = ORIENTED_EDGE ( 'NONE', *, *, #2465, .T. ) ;
#54 = DIRECTION ( 'NONE',  ( -0.9050143896868533266, 0.4253809521590410370, 0.000000000000000000 ) ) ;
#55 = ADVANCED_FACE ( 'NONE', ( #6326 ), #3866, .T. ) ;
#56 = FACE_OUTER_BOUND ( 'NONE', #1431, .T. ) ;
#57 = LINE ( 'NONE', #5302, #9140 ) ;
#58 = VECTOR ( 'NONE', #9057, 1000.000000000000000 ) ;
#59 = CARTESIAN_POINT ( 'NONE',  ( 15.23389450056116701, -13.05656565656565604, -6.349999999999999645 ) ) ;
#60 = EDGE_CURVE ( 'NONE', #458, #8540, #7130, .T. ) ;
#61 = ORIENTED_EDGE ( 'NONE', *, *, #9795, .T. ) ;
#62 = EDGE_LOOP ( 'NONE', ( #6456, #3338, #1697, #5984 ) ) ;
#63 = EDGE_LOOP ( 'NONE', ( #917, #5874, #2911, #5754 ) ) ;
#64 = LINE ( 'NONE', #3282, #5072 ) ;
#65 = EDGE_LOOP ( 'NONE', ( #9021, #2372, #5487, #6606 ) ) ;
#67 = PLANE ( 'NONE',  #2471 ) ;
#66 = AXIS2_PLACEMENT_3D ( 'NONE', #9337, #7164, #9486 ) ;
#68 = DIRECTION ( 'NONE',  ( 0.000000000000000000, 0.000000000000000000, -1.000000000000000000 ) ) ;
#69 = EDGE_CURVE ( 'NONE', #7371, #2887, #5576, .T. ) ;
#70 = AXIS2_PLACEMENT_3D ( 'NONE', #789, #638, #4562 ) ;
#71 = DIRECTION ( 'NONE',  ( -1.000000000000000000, -0.000000000000000000, -0.000000000000000000 ) ) ;
#72 = FACE_OUTER_BOUND ( 'NONE', #3815, .T. ) ;
#73 = LINE ( 'NONE', #2341, #4614 ) ;
#74 = CARTESIAN_POINT ( 'NONE',  ( 7.888888888888886619, -17.32188552188552322, -6.349999999999999645 ) ) ;
#75 = DIRECTION ( 'NONE',  ( 0.000000000000000000, 0.000000000000000000, -1.000000000000000000 ) ) ;
#76 = VECTOR ( 'NONE', #3838, 1000.000000000000114 ) ;
#77 = VECTOR ( 'NONE', #8243, 1000.000000000000000 ) ;
#78 = VERTEX_POINT ( 'NONE', #4719 ) ;
#79 = VERTEX_POINT ( 'NONE', #5633 ) ;
#80 = ORIENTED_EDGE ( 'NONE', *, *, #628, .T. ) ;
#81 = DIRECTION ( 'NONE',  ( 0.3494667743589713327, -0.9369487572002729303, 0.000000000000000000 ) ) ;
#82 = CARTESIAN_POINT ( 'NONE',  ( 17.39820426487093030, -17.87856341189674581, -6.349999999999999645 ) ) ;
#83 = DIRECTION ( 'NONE',  ( 0.000000000000000000, 0.000000000000000000, -1.000000000000000000 ) ) ;
#84 = LINE ( 'NONE', #4429, #4983 ) ;
#85 = VECTOR ( 'NONE', #3648, 1000.000000000000000 ) ;
#86 = VECTOR ( 'NONE', #3985, 1000.000000000000114 ) ;
#87 = DIRECTION ( 'NONE',  ( 0.000000000000000000, 0.000000000000000000, 1.000000000000000000 ) ) ;
#88 = DIRECTION ( 'NONE',  ( 0.4453674303657227940, -0.8953478943792927414, 0.000000000000000000 ) ) ;
#89 = VECTOR ( 'NONE', #9324, 1000.000000000000114 ) ;
#90 = ORIENTED_EDGE ( 'NONE', *, *, #6759, .T. ) ;
#91 = VERTEX_POINT ( 'NONE', #7745 ) ;
#92 = CARTESIAN_POINT ( 'NONE',  ( 16.29898989898989825, -12.92727272727272769, -6.349999999999999645 ) ) ;
#93 = CARTESIAN_POINT ( 'NONE',  ( 19.12929292929293013, -18.09135802469135967, -6.349999999999999645 ) ) ;
#94 = ORIENTED_EDGE ( 'NONE', *, *, #8613, .T. ) ;
#95 = DIRECTION ( 'NONE',  ( 0.000000000000000000, 0.000000000000000000, 1.000000000000000000 ) ) ;
#96 = CARTESIAN_POINT ( 'NONE',  ( 22.92727272727272947, -11.51717171717171695, -6.049999999999999822 ) ) ;
#97 = VECTOR ( 'NONE', #3094, 1000.000000000000000 ) ;
#98 = DIRECTION ( 'NONE',  ( -0.1910116732185881960, -0.9815877651510511726, 0.000000000000000000 ) ) ;
#99 = VERTEX_POINT ( 'NONE', #6235 ) ;
#100 = CARTESIAN_POINT ( 'NONE',  ( 14.67396184062850750, -15.46419753086419746, -6.349999999999999645 ) ) ;
#101 = VECTOR ( 'NONE', #2590, 1000.000000000000114 ) ;
#102 = EDGE_LOOP ( 'NONE', ( #6164, #9481, #5490, #5519 ) ) ;
#103 = ORIENTED_EDGE ( 'NONE', *, *, #6022, .F. ) ;
#104 = ADVANCED_FACE ( 'NONE', ( #1553 ), #801, .T. ) ;
#105 = ORIENTED_EDGE ( 'NONE', *, *, #8371, .F. ) ;
#106 = DIRECTION ( 'NONE',  ( 0.7606028303162418736, -0.6492174785962883110, 0.000000000000000000 ) ) ;
#107 = AXIS2_PLACEMENT_3D ( 'NONE', #4068, #5738, #8812 ) ;
#108 = CARTESIAN_POINT ( 'NONE',  ( 7.395959595959595845, -17.58855218855218894, -6.049999999999999822 ) ) ;
#109 = CARTESIAN_POINT ( 'NONE',  ( 8.551515151515150848, -12.46868686868686815, -6.049999999999999822 ) ) ;
#110 = EDGE_CURVE ( 'NONE', #9678, #5649, #3910, .T. ) ;
#111 = VERTEX_POINT ( 'NONE', #93 ) ;
#112 = ORIENTED_EDGE ( 'NONE', *, *, #3696, .F. ) ;
#113 = DIRECTION ( 'NONE',  ( 0.9389674199351685235, -0.3440060817780590807, 0.000000000000000000 ) ) ;
#114 = ORIENTED_EDGE ( 'NONE', *, *, #5923, .T. ) ;
#115 = VECTOR ( 'NONE', #7578, 1000.000000000000000 ) ;
#116 = DIRECTION ( 'NONE',  ( -1.000000000000000000, 0.000000000000000000, -0.000000000000000000 ) ) ;
#117 = CARTESIAN_POINT ( 'NONE',  ( 11.77575757575757542, -11.58989898989898926, -6.049999999999999822 ) ) ;
#118 = CARTESIAN_POINT ( 'NONE',  ( 21.14949494949495445, -15.54141414141414224, -6.049999999999999822 ) ) ;
#119 = EDGE_CURVE ( 'NONE', #3641, #5631, #9316, .T. ) ;
#120 = CARTESIAN_POINT ( 'NONE',  ( 16.13933782267115546, -12.41436588103254657, -6.049999999999999822 ) ) ;
#121 = DIRECTION ( 'NONE',  ( 0.000000000000000000, 1.000000000000000000, 0.000000000000000000 ) ) ;
#122 = LINE ( 'NONE', #4154, #2854 ) ;
#123 = FACE_OUTER_BOUND ( 'NONE', #9370, .T. ) ;
#124 = EDGE_CURVE ( 'NONE', #6001, #7293, #1647, .T. ) ;
#125 = ORIENTED_EDGE ( 'NONE', *, *, #5958, .T. ) ;
#126 = VECTOR ( 'NONE', #4754, 1000.000000000000000 ) ;
#127 = ORIENTED_EDGE ( 'NONE', *, *, #2515, .F. ) ;
#128 = LINE ( 'NONE', #3352, #5532 ) ;
#129 = CARTESIAN_POINT ( 'NONE',  ( 10.20707070707070585, -16.10404040404040416, -6.349999999999999645 ) ) ;
#130 = CARTESIAN_POINT ( 'NONE',  ( 15.30886644219977555, -12.49483726150392826, -6.049999999999999822 ) ) ;
#131 = CARTESIAN_POINT ( 'NONE',  ( 11.57822671156004546, -18.45005611672278434, -6.349999999999999645 ) ) ;
#132 = EDGE_CURVE ( 'NONE', #8528, #4644, #9610, .T. ) ;
#133 = EDGE_CURVE ( 'NONE', #9785, #9157, #1095, .T. ) ;
#134 = PLANE ( 'NONE',  #6695 ) ;
#135 = EDGE_CURVE ( 'NONE', #6793, #6003, #7393, .T. ) ;
#136 = VECTOR ( 'NONE', #9278, 1000.000000000000227 ) ;
#137 = CARTESIAN_POINT ( 'NONE',  ( 11.12951739618406322, -18.11649831649831555, -6.049999999999999822 ) ) ;
#138 = VECTOR ( 'NONE', #8749, 1000.000000000000000 ) ;
#139 = EDGE_CURVE ( 'NONE', #5494, #9723, #8052, .T. ) ;
#140 = APPLICATION_CONTEXT ( 'automotive_design' ) ;
#141 = VERTEX_POINT ( 'NONE', #3555 ) ;
#142 = ORIENTED_EDGE ( 'NONE', *, *, #6835, .F. ) ;
#143 = FACE_OUTER_BOUND ( 'NONE', #8217, .T. ) ;
#144 = CARTESIAN_POINT ( 'NONE',  ( 16.13933782267115546, -12.41436588103254657, -6.349999999999999645 ) ) ;
#145 = ORIENTED_EDGE ( 'NONE', *, *, #8862, .F. ) ;
#146 = DIRECTION ( 'NONE',  ( 0.000000000000000000, 0.000000000000000000, -1.000000000000000000 ) ) ;
#147 = VECTOR ( 'NONE', #4511, 1000.000000000000000 ) ;
#148 = DIRECTION ( 'NONE',  ( 1.000000000000000000, 0.000000000000000000, 0.000000000000000000 ) ) ;
#149 = DIRECTION ( 'NONE',  ( 0.000000000000000000, 0.000000000000000000, -1.000000000000000000 ) ) ;
#150 = VECTOR ( 'NONE', #8915, 1000.000000000000114 ) ;
#151 = VERTEX_POINT ( 'NONE', #8151 ) ;
#152 = DIRECTION ( 'NONE',  ( 0.000000000000000000, -0.000000000000000000, 1.000000000000000000 ) ) ;
#153 = ORIENTED_EDGE ( 'NONE', *, *, #7336, .F. ) ;
#154 = ORIENTED_EDGE ( 'NONE', *, *, #2156, .T. ) ;
#155 = ORIENTED_EDGE ( 'NONE', *, *, #1172, .T. ) ;
#156 = CARTESIAN_POINT ( 'NONE',  ( 18.71986531986532043, -13.44219977553310841, -6.349999999999999645 ) ) ;
#157 = CARTESIAN_POINT ( 'NONE',  ( 20.82626262626262559, -11.01616161616161627, -6.049999999999999822 ) ) ;
#158 = CARTESIAN_POINT ( 'NONE',  ( 9.759595959595959158, -16.95151515151515653, -6.049999999999999822 ) ) ;
#159 = ORIENTED_EDGE ( 'NONE', *, *, #9927, .T. ) ;
#160 = EDGE_LOOP ( 'NONE', ( #8172, #8027, #3212, #2079 ) ) ;
#161 = ORIENTED_EDGE ( 'NONE', *, *, #4199, .F. ) ;
#162 = LINE ( 'NONE', #2863, #5223 ) ;
#163 = VERTEX_POINT ( 'NONE', #491 ) ;
#164 = LINE ( 'NONE', #8531, #2143 ) ;
#165 = DIRECTION ( 'NONE',  ( -0.9550641368112359197, 0.2963992148724569065, 0.000000000000000000 ) ) ;
#166 = CARTESIAN_POINT ( 'NONE',  ( 15.77216610549943709, -12.31537598204264938, -6.349999999999999645 ) ) ;
#167 = CARTESIAN_POINT ( 'NONE',  ( 17.53585858585858404, -18.88434343434343532, -6.049999999999999822 ) ) ;
#168 = PLANE ( 'NONE',  #3959 ) ;
#169 = LINE ( 'NONE', #3239, #1733 ) ;
#170 = EDGE_CURVE ( 'NONE', #2681, #2653, #6628, .T. ) ;
#171 = FACE_OUTER_BOUND ( 'NONE', #5812, .T. ) ;
#172 = VERTEX_POINT ( 'NONE', #9699 ) ;
#173 = EDGE_CURVE ( 'NONE', #2171, #9653, #8509, .T. ) ;
#174 = ORIENTED_EDGE ( 'NONE', *, *, #8859, .F. ) ;
#175 = DIRECTION ( 'NONE',  ( -0.8347611489186758105, 0.5506122267585168428, 0.000000000000000000 ) ) ;
#176 = CARTESIAN_POINT ( 'NONE',  ( 8.090684624017958626, -16.60852974186307662, -6.049999999999999822 ) ) ;
#177 = CARTESIAN_POINT ( 'NONE',  ( 10.22999999999999865, -36.59999999999999432, -6.349999999999999645 ) ) ;
#178 = CARTESIAN_POINT ( 'NONE',  ( 16.39618406285072894, -12.98787878787878824, -6.349999999999999645 ) ) ;
#179 = FACE_OUTER_BOUND ( 'NONE', #8136, .T. ) ;
#180 = EDGE_CURVE ( 'NONE', #6246, #2293, #2800, .T. ) ;
#181 = CARTESIAN_POINT ( 'NONE',  ( 13.87676767676767753, -12.55151515151515085, -6.349999999999999645 ) ) ;
#182 = DIRECTION ( 'NONE',  ( 0.000000000000000000, 0.000000000000000000, -1.000000000000000000 ) ) ;
#183 = EDGE_CURVE ( 'NONE', #2173, #509, #8900, .T. ) ;
#184 = ORIENTED_EDGE ( 'NONE', *, *, #7569, .T. ) ;
#185 = ORIENTED_EDGE ( 'NONE', *, *, #6277, .F. ) ;
#186 = PLANE ( 'NONE',  #2164 ) ;
#187 = DIRECTION ( 'NONE',  ( -0.5423223896129339971, -0.8401704742042039875, 0.000000000000000000 ) ) ;
#188 = ORIENTED_EDGE ( 'NONE', *, *, #6769, .F. ) ;
#189 = CARTESIAN_POINT ( 'NONE',  ( 11.57822671156004546, -18.45005611672278434, -6.349999999999999645 ) ) ;
#190 = EDGE_CURVE ( 'NONE', #4170, #786, #344, .T. ) ;
#191 = EDGE_CURVE ( 'NONE', #9739, #6001, #1804, .T. ) ;
#192 = CARTESIAN_POINT ( 'NONE',  ( 10.55555555555555536, -15.15353535353535541, -6.049999999999999822 ) ) ;
#193 = LINE ( 'NONE', #2514, #1876 ) ;
#194 = ORIENTED_EDGE ( 'NONE', *, *, #6089, .F. ) ;
#195 = DIRECTION ( 'NONE',  ( -0.9689710369548134583, 0.2471742898092630092, 0.000000000000000000 ) ) ;
#196 = VERTEX_POINT ( 'NONE', #1998 ) ;
#197 = ORIENTED_EDGE ( 'NONE', *, *, #3986, .T. ) ;
#198 = EDGE_LOOP ( 'NONE', ( #1765, #1752, #489, #3073 ) ) ;
#199 = PLANE ( 'NONE',  #8278 ) ;
#200 = DIRECTION ( 'NONE',  ( 0.4669189053371122777, 0.8843001390019074037, 0.000000000000000000 ) ) ;
#201 = AXIS2_PLACEMENT_3D ( 'NONE', #6179, #9264, #842 ) ;
#202 = CARTESIAN_POINT ( 'NONE',  ( 16.96363636363636473, -12.42424242424242387, -6.049999999999999822 ) ) ;
#203 = EDGE_LOOP ( 'NONE', ( #488, #6975, #1940, #4376 ) ) ;
#204 = EDGE_LOOP ( 'NONE', ( #9207, #7339, #6339, #3878 ) ) ;
#205 = VERTEX_POINT ( 'NONE', #295 ) ;
#206 = DIRECTION ( 'NONE',  ( 0.4685855417847786253, -0.8834181286515834230, 0.000000000000000000 ) ) ;
#207 = EDGE_LOOP ( 'NONE', ( #7605, #145, #2972, #5849 ) ) ;
#208 = PLANE ( 'NONE',  #6321 ) ;
#209 = DIRECTION ( 'NONE',  ( -0.9406998940795467945, -0.3392398993024396403, 0.000000000000000000 ) ) ;
#210 = DIRECTION ( 'NONE',  ( 0.000000000000000000, 0.000000000000000000, 1.000000000000000000 ) ) ;
#211 = DIRECTION ( 'NONE',  ( 0.000000000000000000, 0.000000000000000000, -1.000000000000000000 ) ) ;
#212 = VECTOR ( 'NONE', #9290, 1000.000000000000000 ) ;
#213 = CARTESIAN_POINT ( 'NONE',  ( 16.54747474747474811, -18.70303030303030312, -6.049999999999999822 ) ) ;
#214 = CARTESIAN_POINT ( 'NONE',  ( 10.81773288439954861, -18.62558922558922703, -6.049999999999999822 ) ) ;
#215 = DIRECTION ( 'NONE',  ( 0.4660247734821974519, -0.8847716713937366917, 0.000000000000000000 ) ) ;
#216 = ORIENTED_EDGE ( 'NONE', *, *, #9464, .T. ) ;
#217 = AXIS2_PLACEMENT_3D ( 'NONE', #2106, #1340, #5027 ) ;
#218 = ORIENTED_EDGE ( 'NONE', *, *, #9194, .F. ) ;
#219 = VECTOR ( 'NONE', #9706, 1000.000000000000000 ) ;
#220 = LINE ( 'NONE', #4102, #3446 ) ;
#221 = DIRECTION ( 'NONE',  ( -0.9920072532156767320, -0.1261808605434605046, 0.000000000000000000 ) ) ;
#222 = DIRECTION ( 'NONE',  ( 0.8916146918486598238, -0.4527949218792315933, -0.000000000000000000 ) ) ;
#223 = CARTESIAN_POINT ( 'NONE',  ( 16.29898989898989825, -12.92727272727272769, -6.049999999999999822 ) ) ;
#224 = EDGE_CURVE ( 'NONE', #4073, #1932, #1244, .T. ) ;
#225 = CARTESIAN_POINT ( 'NONE',  ( 8.117171717171714818, -17.16026936026936056, -6.049999999999999822 ) ) ;
#226 = FACE_OUTER_BOUND ( 'NONE', #7258, .T. ) ;
#227 = ADVANCED_FACE ( 'NONE', ( #4981 ), #391, .T. ) ;
#228 = VECTOR ( 'NONE', #6672, 1000.000000000000114 ) ;
#229 = CARTESIAN_POINT ( 'NONE',  ( 16.85252525252525402, -18.82828282828282696, -6.049999999999999822 ) ) ;
#230 = AXIS2_PLACEMENT_3D ( 'NONE', #1141, #2103, #9609 ) ;
#231 = DIRECTION ( 'NONE',  ( -0.7787065195114112326, 0.6273883617588263961, 0.000000000000000000 ) ) ;
#232 = ADVANCED_FACE ( 'NONE', ( #7948 ), #3365, .F. ) ;
#233 = ORIENTED_EDGE ( 'NONE', *, *, #2534, .F. ) ;
#234 = VERTEX_POINT ( 'NONE', #1142 ) ;
#235 = DIRECTION ( 'NONE',  ( 0.2437125989475458498, -0.9698474978646037803, -0.000000000000000000 ) ) ;
#236 = VECTOR ( 'NONE', #8871, 1000.000000000000000 ) ;
#237 = DIRECTION ( 'NONE',  ( 0.4134624642005632622, 0.9105211643323828374, -0.000000000000000000 ) ) ;
#238 = ORIENTED_EDGE ( 'NONE', *, *, #877, .T. ) ;
#240 = AXIS2_PLACEMENT_3D ( 'NONE', #3231, #206, #6257 ) ;
#239 = PLANE ( 'NONE',  #6974 ) ;
#241 = CARTESIAN_POINT ( 'NONE',  ( 6.854545454545455385, -17.77979797979797993, -6.049999999999999822 ) ) ;
#242 = ADVANCED_FACE ( 'NONE', ( #4172 ), #6434, .T. ) ;
#243 = EDGE_CURVE ( 'NONE', #9271, #656, #2607, .T. ) ;
#244 = DIRECTION ( 'NONE',  ( 0.4232322854113938493, -0.9060212097878551640, 0.000000000000000000 ) ) ;
#245 = EDGE_CURVE ( 'NONE', #8907, #2639, #3413, .T. ) ;
#246 = VECTOR ( 'NONE', #5747, 1000.000000000000000 ) ;
#247 = CARTESIAN_POINT ( 'NONE',  ( 15.90145903479236722, -12.26049382716049330, -6.349999999999999645 ) ) ;
#248 = EDGE_CURVE ( 'NONE', #6287, #9071, #1953, .T. ) ;
#249 = ORIENTED_EDGE ( 'NONE', *, *, #6277, .T. ) ;
#250 = DIRECTION ( 'NONE',  ( 0.000000000000000000, 0.000000000000000000, -1.000000000000000000 ) ) ;
#251 = EDGE_LOOP ( 'NONE', ( #8132, #812, #504, #5523 ) ) ;
#252 = ORIENTED_EDGE ( 'NONE', *, *, #263, .F. ) ;
#253 = ORIENTED_EDGE ( 'NONE', *, *, #9188, .T. ) ;
#254 = VECTOR ( 'NONE', #1732, 1000.000000000000000 ) ;
#255 = DIRECTION ( 'NONE',  ( 0.000000000000000000, 0.000000000000000000, -1.000000000000000000 ) ) ;
#256 =( NAMED_UNIT ( * ) PLANE_ANGLE_UNIT ( ) SI_UNIT ( $, .RADIAN. ) );
#257 = EDGE_CURVE ( 'NONE', #7549, #4385, #9655, .T. ) ;
#258 = EDGE_CURVE ( 'NONE', #5024, #2996, #1393, .T. ) ;
#259 = EDGE_CURVE ( 'NONE', #1210, #8831, #7490, .T. ) ;
#260 = LINE ( 'NONE', #8525, #8015 ) ;
#261 = LINE ( 'NONE', #109, #5290 ) ;
#262 = VECTOR ( 'NONE', #6737, 1000.000000000000000 ) ;
#263 = EDGE_CURVE ( 'NONE', #1853, #866, #2852, .T. ) ;
#264 = EDGE_CURVE ( 'NONE', #5750, #6607, #739, .T. ) ;
#265 = VERTEX_POINT ( 'NONE', #686 ) ;
#266 = ORIENTED_EDGE ( 'NONE', *, *, #9895, .F. ) ;
#267 = ORIENTED_EDGE ( 'NONE', *, *, #4538, .F. ) ;
#268 = ORIENTED_EDGE ( 'NONE', *, *, #1417, .T. ) ;
#269 = LINE ( 'NONE', #4749, #1860 ) ;
#270 = ORIENTED_EDGE ( 'NONE', *, *, #6587, .T. ) ;
#271 = DIRECTION ( 'NONE',  ( 0.000000000000000000, 0.000000000000000000, 1.000000000000000000 ) ) ;
#272 = LINE ( 'NONE', #3942, #9708 ) ;
#273 = CARTESIAN_POINT ( 'NONE',  ( 10.84601571268237841, -11.53984287317620527, -6.349999999999999645 ) ) ;
#274 = LINE ( 'NONE', #4094, #7653 ) ;
#275 = AXIS2_PLACEMENT_3D ( 'NONE', #926, #4908, #7980 ) ;
#276 = LINE ( 'NONE', #3995, #8793 ) ;
#277 = DIRECTION ( 'NONE',  ( 0.000000000000000000, 0.000000000000000000, -1.000000000000000000 ) ) ;
#278 = PLANE ( 'NONE',  #5609 ) ;
#279 = ORIENTED_EDGE ( 'NONE', *, *, #9647, .T. ) ;
#280 = VECTOR ( 'NONE', #1750, 1000.000000000000114 ) ;
#281 = ORIENTED_EDGE ( 'NONE', *, *, #2524, .F. ) ;
#282 = CARTESIAN_POINT ( 'NONE',  ( 16.61857463524130196, -13.03333333333333499, -6.049999999999999822 ) ) ;
#283 = CARTESIAN_POINT ( 'NONE',  ( 10.71470258136924691, -18.80606060606060481, -6.049999999999999822 ) ) ;
#284 = CARTESIAN_POINT ( 'NONE',  ( 12.08619528619528616, -18.83524130190797052, -6.049999999999999822 ) ) ;
#285 = SURFACE_SIDE_STYLE ('',( #7178 ) ) ;
#286 = LINE ( 'NONE', #1086, #1533 ) ;
#287 = CARTESIAN_POINT ( 'NONE',  ( 32.00000000000000000, 2.000000000000000000, -6.349999999999999645 ) ) ;
#288 = VECTOR ( 'NONE', #585, 1000.000000000000227 ) ;
#289 = DIRECTION ( 'NONE',  ( 0.000000000000000000, 0.000000000000000000, 1.000000000000000000 ) ) ;
#290 = DIRECTION ( 'NONE',  ( 0.8396308707271619154, 0.5431574365890130540, -0.000000000000000000 ) ) ;
#291 = VECTOR ( 'NONE', #4029, 1000.000000000000000 ) ;
#292 = ORIENTED_EDGE ( 'NONE', *, *, #7811, .T. ) ;
#293 = ORIENTED_EDGE ( 'NONE', *, *, #9225, .T. ) ;
#294 = CARTESIAN_POINT ( 'NONE',  ( 9.759595959595959158, -16.95151515151515653, -6.049999999999999822 ) ) ;
#295 = CARTESIAN_POINT ( 'NONE',  ( 16.16610549943883157, -12.56992143658810335, -6.349999999999999645 ) ) ;
#296 = LINE ( 'NONE', #8707, #8104 ) ;
#297 = VECTOR ( 'NONE', #3487, 999.9999999999998863 ) ;
#298 = VECTOR ( 'NONE', #4555, 1000.000000000000114 ) ;
#299 = LINE ( 'NONE', #2512, #9900 ) ;
#300 = DIRECTION ( 'NONE',  ( 0.3843985592217960545, 0.9231672371072359162, 0.000000000000000000 ) ) ;
#302 = EDGE_CURVE ( 'NONE', #8118, #6569, #5219, .T. ) ;
#301 = DIRECTION ( 'NONE',  ( 0.000000000000000000, 0.000000000000000000, -1.000000000000000000 ) ) ;
#303 = AXIS2_PLACEMENT_3D ( 'NONE', #7609, #4593, #6856 ) ;
#304 = ORIENTED_EDGE ( 'NONE', *, *, #551, .T. ) ;
#305 = VECTOR ( 'NONE', #6612, 1000.000000000000000 ) ;
#306 = LINE ( 'NONE', #8712, #862 ) ;
#307 = EDGE_CURVE ( 'NONE', #5649, #9198, #6021, .T. ) ;
#308 = EDGE_LOOP ( 'NONE', ( #8551, #5390, #7470, #1120 ) ) ;
#309 = ORIENTED_EDGE ( 'NONE', *, *, #8997, .F. ) ;
#310 = ORIENTED_EDGE ( 'NONE', *, *, #808, .T. ) ;
#311 = DIRECTION ( 'NONE',  ( 0.2223603367690682453, 0.9749645535258942841, 0.000000000000000000 ) ) ;
#312 = PLANE ( 'NONE',  #4484 ) ;
#313 = EDGE_CURVE ( 'NONE', #4675, #4170, #4467, .T. ) ;
#314 =( GEOMETRIC_REPRESENTATION_CONTEXT ( 3 ) GLOBAL_UNCERTAINTY_ASSIGNED_CONTEXT ( ( #9872 ) ) GLOBAL_UNIT_ASSIGNED_CONTEXT ( ( #1085, #2188, #7478 ) ) REPRESENTATION_CONTEXT ( 'NONE', 'WORKASPACE' ) );
#315 = CARTESIAN_POINT ( 'NONE',  ( 15.90202020202020172, -13.87373737373737370, -6.049999999999999822 ) ) ;
#316 = VERTEX_POINT ( 'NONE', #9752 ) ;
#317 = ORIENTED_EDGE ( 'NONE', *, *, #6504, .T. ) ;
#318 = EDGE_CURVE ( 'NONE', #666, #9912, #8393, .T. ) ;
#319 = VERTEX_POINT ( 'NONE', #9048 ) ;
#320 = EDGE_LOOP ( 'NONE', ( #8522, #8062, #8292, #1654 ) ) ;
#321 = EDGE_CURVE ( 'NONE', #906, #2018, #4364, .T. ) ;
#322 = PLANE ( 'NONE',  #1684 ) ;
#323 = ORIENTED_EDGE ( 'NONE', *, *, #9588, .F. ) ;
#324 = DIRECTION ( 'NONE',  ( -0.8382878711275010275, -0.5452278836601464063, 0.000000000000000000 ) ) ;
#325 = FACE_OUTER_BOUND ( 'NONE', #1972, .T. ) ;
#326 = CARTESIAN_POINT ( 'NONE',  ( 17.52031425364758732, -12.53647586980920359, -6.049999999999999822 ) ) ;
#327 = EDGE_CURVE ( 'NONE', #4502, #389, #4516, .T. ) ;
#328 = CARTESIAN_POINT ( 'NONE',  ( 10.72525252525252526, -13.40808080808080760, -6.049999999999999822 ) ) ;
#329 = FACE_OUTER_BOUND ( 'NONE', #7946, .T. ) ;
#330 = CARTESIAN_POINT ( 'NONE',  ( 10.86172839506172672, -16.56857463524130480, -6.349999999999999645 ) ) ;
#331 = ORIENTED_EDGE ( 'NONE', *, *, #7388, .T. ) ;
#332 = EDGE_LOOP ( 'NONE', ( #1274, #2315, #8083, #655 ) ) ;
#333 = CARTESIAN_POINT ( 'NONE',  ( 11.77575757575757542, -11.58989898989898926, -6.049999999999999822 ) ) ;
#334 = DIRECTION ( 'NONE',  ( 0.000000000000000000, 0.000000000000000000, -1.000000000000000000 ) ) ;
#335 = PLANE ( 'NONE',  #7629 ) ;
#336 = CARTESIAN_POINT ( 'NONE',  ( 17.49854096520763136, -13.02558922558922738, -6.049999999999999822 ) ) ;
#337 = DIRECTION ( 'NONE',  ( 0.000000000000000000, 0.000000000000000000, -1.000000000000000000 ) ) ;
#338 = DIRECTION ( 'NONE',  ( 0.9466561125653344400, -0.3222455655904186700, 0.000000000000000000 ) ) ;
#339 = DIRECTION ( 'NONE',  ( -0.9996608920534492126, -0.02604037056000569478, 0.000000000000000000 ) ) ;
#340 = CARTESIAN_POINT ( 'NONE',  ( 15.43344556677889834, -12.05824915824915777, -6.049999999999999822 ) ) ;
#341 = ORIENTED_EDGE ( 'NONE', *, *, #2642, .F. ) ;
#342 = ORIENTED_EDGE ( 'NONE', *, *, #7951, .F. ) ;
#343 = CARTESIAN_POINT ( 'NONE',  ( 10.32671156004489532, -18.82895622895622978, -6.049999999999999822 ) ) ;
#344 = LINE ( 'NONE', #1906, #1818 ) ;
#345 = LINE ( 'NONE', #4828, #5052 ) ;
#346 = LINE ( 'NONE', #3415, #2181 ) ;
#347 = CARTESIAN_POINT ( 'NONE',  ( 19.07811447811447891, -18.26644219977553263, -6.349999999999999645 ) ) ;
#348 = CARTESIAN_POINT ( 'NONE',  ( 15.44971941638608293, -13.56464646464646506, -6.049999999999999822 ) ) ;
#349 = ORIENTED_EDGE ( 'NONE', *, *, #8134, .F. ) ;
#350 = DIRECTION ( 'NONE',  ( -0.000000000000000000, 1.000000000000000000, 0.000000000000000000 ) ) ;
#351 = EDGE_LOOP ( 'NONE', ( #105, #3459, #5793, #4439 ) ) ;
#352 = VERTEX_POINT ( 'NONE', #9901 ) ;
#353 = ORIENTED_EDGE ( 'NONE', *, *, #6952, .T. ) ;
#354 = CARTESIAN_POINT ( 'NONE',  ( 18.84646464646464636, -12.81818181818181834, -6.049999999999999822 ) ) ;
#355 = DIRECTION ( 'NONE',  ( 0.000000000000000000, 0.000000000000000000, -1.000000000000000000 ) ) ;
#356 = ADVANCED_FACE ( 'NONE', ( #5877 ), #5932, .F. ) ;
#357 = ADVANCED_FACE ( 'NONE', ( #9007 ), #2105, .F. ) ;
#358 = LINE ( 'NONE', #6500, #9771 ) ;
#359 = ORIENTED_EDGE ( 'NONE', *, *, #7826, .F. ) ;
#360 = ORIENTED_EDGE ( 'NONE', *, *, #302, .F. ) ;
#361 = ORIENTED_EDGE ( 'NONE', *, *, #2713, .F. ) ;
#362 = ORIENTED_EDGE ( 'NONE', *, *, #4135, .T. ) ;
#363 = EDGE_CURVE ( 'NONE', #8160, #8565, #3751, .T. ) ;
#364 = ORIENTED_EDGE ( 'NONE', *, *, #8439, .T. ) ;
#365 = FACE_OUTER_BOUND ( 'NONE', #6245, .T. ) ;
#366 = CARTESIAN_POINT ( 'NONE',  ( 15.90213243546576649, -12.17946127946127888, -6.349999999999999645 ) ) ;
#367 = LINE ( 'NONE', #166, #9941 ) ;
#368 = CARTESIAN_POINT ( 'NONE',  ( 15.63894500561167256, -13.75342312008978851, -6.049999999999999822 ) ) ;
#369 = EDGE_CURVE ( 'NONE', #172, #7131, #5319, .T. ) ;
#370 = LINE ( 'NONE', #5010, #4472 ) ;
#371 = EDGE_CURVE ( 'NONE', #9710, #3107, #9151, .T. ) ;
#372 = ADVANCED_FACE ( 'NONE', ( #3604 ), #9806, .T. ) ;
#373 = DIRECTION ( 'NONE',  ( 0.5041781751006072509, -0.8635996571052014792, 0.000000000000000000 ) ) ;
#374 = ORIENTED_EDGE ( 'NONE', *, *, #2033, .F. ) ;
#375 = EDGE_LOOP ( 'NONE', ( #6753, #6422, #1306, #4085 ) ) ;
#376 = ADVANCED_FACE ( 'NONE', ( #2905 ), #5976, .T. ) ;
#377 = CARTESIAN_POINT ( 'NONE',  ( 7.395959595959595845, -17.58855218855218894, -6.049999999999999822 ) ) ;
#378 = FACE_OUTER_BOUND ( 'NONE', #6680, .T. ) ;
#379 = DIRECTION ( 'NONE',  ( -0.8871582244858522426, -0.4614653667688512484, 0.000000000000000000 ) ) ;
#380 = VECTOR ( 'NONE', #9164, 1000.000000000000227 ) ;
#381 = DIRECTION ( 'NONE',  ( -0.6135923613981487668, -0.7896229568812217492, 0.000000000000000000 ) ) ;
#382 = CARTESIAN_POINT ( 'NONE',  ( 10.92121212121212182, -18.45050505050505052, -6.049999999999999822 ) ) ;
#383 = CARTESIAN_POINT ( 'NONE',  ( 16.11515151515151700, -12.23232323232323182, -6.049999999999999822 ) ) ;
#384 = LINE ( 'NONE', #6276, #7349 ) ;
#385 = FACE_OUTER_BOUND ( 'NONE', #8355, .T. ) ;
#386 = VECTOR ( 'NONE', #3658, 1000.000000000000000 ) ;
#387 = AXIS2_PLACEMENT_3D ( 'NONE', #6288, #955, #4023 ) ;
#388 = EDGE_LOOP ( 'NONE', ( #8368, #5663, #9004, #8911 ) ) ;
#389 = VERTEX_POINT ( 'NONE', #3858 ) ;
#390 = DIRECTION ( 'NONE',  ( 0.000000000000000000, 0.000000000000000000, -1.000000000000000000 ) ) ;
#391 = PLANE ( 'NONE',  #49 ) ;
#392 = LINE ( 'NONE', #1954, #890 ) ;
#393 = AXIS2_PLACEMENT_3D ( 'NONE', #9191, #5309, #824 ) ;
#394 = VECTOR ( 'NONE', #5465, 1000.000000000000227 ) ;
#395 = DIRECTION ( 'NONE',  ( 0.3554114530542286654, -0.9347099544981222197, -0.000000000000000000 ) ) ;
#396 = LINE ( 'NONE', #8861, #6218 ) ;
#397 = CARTESIAN_POINT ( 'NONE',  ( -4.000000000000000000, -54.00000000000000000, -6.349999999999999645 ) ) ;
#398 = VECTOR ( 'NONE', #311, 1000.000000000000114 ) ;
#399 = VECTOR ( 'NONE', #4601, 1000.000000000000000 ) ;
#400 = VERTEX_POINT ( 'NONE', #5466 ) ;
#401 = CARTESIAN_POINT ( 'NONE',  ( 15.66868686868686922, -12.12020202020202042, -6.049999999999999822 ) ) ;
#402 = ORIENTED_EDGE ( 'NONE', *, *, #1423, .F. ) ;
#403 = ORIENTED_EDGE ( 'NONE', *, *, #9537, .T. ) ;
#404 = ORIENTED_EDGE ( 'NONE', *, *, #6274, .F. ) ;
#405 = CARTESIAN_POINT ( 'NONE',  ( 14.46891133557800124, -15.07901234567901483, -6.049999999999999822 ) ) ;
#406 = DIRECTION ( 'NONE',  ( -0.7021958625019945055, -0.7119838275446149778, 0.000000000000000000 ) ) ;
#407 = CIRCLE ( 'NONE', #9414, 1.099999999999996758 ) ;
#408 = VECTOR ( 'NONE', #5635, 1000.000000000000000 ) ;
#409 = LINE ( 'NONE', #9575, #1570 ) ;
#410 = ORIENTED_EDGE ( 'NONE', *, *, #4984, .T. ) ;
#411 = EDGE_LOOP ( 'NONE', ( #8657, #907, #1870, #8790 ) ) ;
#412 = EDGE_CURVE ( 'NONE', #9950, #5004, #3101, .T. ) ;
#413 = VECTOR ( 'NONE', #876, 1000.000000000000227 ) ;
#414 = ORIENTED_EDGE ( 'NONE', *, *, #7518, .F. ) ;
#415 = ORIENTED_EDGE ( 'NONE', *, *, #5912, .F. ) ;
#416 = ORIENTED_EDGE ( 'NONE', *, *, #3828, .F. ) ;
#417 = CARTESIAN_POINT ( 'NONE',  ( 16.85252525252525402, -18.82828282828282696, -6.049999999999999822 ) ) ;
#418 = CARTESIAN_POINT ( 'NONE',  ( 11.80336700336700240, -15.38406285072951718, -6.049999999999999822 ) ) ;
#419 = FACE_OUTER_BOUND ( 'NONE', #9675, .T. ) ;
#420 = VECTOR ( 'NONE', #2754, 1000.000000000000000 ) ;
#421 = CARTESIAN_POINT ( 'NONE',  ( 18.73647586980920465, -17.92255892255892391, -6.049999999999999822 ) ) ;
#422 = DIRECTION ( 'NONE',  ( 0.2394412640868367748, 0.9709108512384119205, 0.000000000000000000 ) ) ;
#423 = EDGE_LOOP ( 'NONE', ( #6546, #1015, #7645, #2482 ) ) ;
#424 = EDGE_CURVE ( 'NONE', #4651, #4409, #4049, .T. ) ;
#425 = ORIENTED_EDGE ( 'NONE', *, *, #2532, .T. ) ;
#426 = FACE_OUTER_BOUND ( 'NONE', #8643, .T. ) ;
#427 = EDGE_CURVE ( 'NONE', #2874, #8228, #32, .T. ) ;
#428 = VERTEX_POINT ( 'NONE', #1543 ) ;
#429 = VECTOR ( 'NONE', #3045, 1000.000000000000227 ) ;
#430 = FACE_OUTER_BOUND ( 'NONE', #5844, .T. ) ;
#431 = LINE ( 'NONE', #9741, #3919 ) ;
#432 = CARTESIAN_POINT ( 'NONE',  ( 10.75937149270482607, -15.86419753086419959, -6.049999999999999822 ) ) ;
#433 = CARTESIAN_POINT ( 'NONE',  ( 7.462850729517396253, -18.77306397306397301, -6.049999999999999822 ) ) ;
#434 = DIRECTION ( 'NONE',  ( 0.000000000000000000, -0.000000000000000000, 1.000000000000000000 ) ) ;
#435 = PLANE ( 'NONE',  #1727 ) ;
#436 = ADVANCED_FACE ( 'NONE', ( #6312 ), #1591, .T. ) ;
#437 = FACE_OUTER_BOUND ( 'NONE', #4266, .T. ) ;
#438 = VECTOR ( 'NONE', #3609, 1000.000000000000000 ) ;
#439 = EDGE_LOOP ( 'NONE', ( #1617, #1263, #8211, #4840 ) ) ;
#440 = ORIENTED_EDGE ( 'NONE', *, *, #7071, .T. ) ;
#441 = FACE_OUTER_BOUND ( 'NONE', #1129, .T. ) ;
#442 = EDGE_CURVE ( 'NONE', #163, #1057, #1638, .T. ) ;
#443 = DIRECTION ( 'NONE',  ( -1.000000000000000000, 0.000000000000000000, 0.000000000000000000 ) ) ;
#444 = LINE ( 'NONE', #4366, #6032 ) ;
#445 = EDGE_CURVE ( 'NONE', #2008, #3160, #1688, .T. ) ;
#446 = EDGE_CURVE ( 'NONE', #8833, #2422, #9253, .T. ) ;
#447 = AXIS2_PLACEMENT_3D ( 'NONE', #2602, #6374, #5672 ) ;
#448 = DIRECTION ( 'NONE',  ( -0.5222682836240779558, 0.8527812380208418253, 0.000000000000000000 ) ) ;
#449 = CARTESIAN_POINT ( 'NONE',  ( 10.72525252525252526, -15.12121212121212288, -6.349999999999999645 ) ) ;
#450 = ADVANCED_FACE ( 'NONE', ( #5419 ), #7687, .T. ) ;
#451 = AXIS2_PLACEMENT_3D ( 'NONE', #9475, #3931, #9374 ) ;
#452 = ORIENTED_EDGE ( 'NONE', *, *, #6392, .T. ) ;
#453 = DIRECTION ( 'NONE',  ( -0.9905874737037700939, 0.1368811781845211684, 0.000000000000000000 ) ) ;
#454 = VERTEX_POINT ( 'NONE', #8445 ) ;
#455 = VECTOR ( 'NONE', #5852, 1000.000000000000000 ) ;
#456 = VERTEX_POINT ( 'NONE', #5509 ) ;
#457 = AXIS2_PLACEMENT_3D ( 'NONE', #340, #1900, #4976 ) ;
#458 = VERTEX_POINT ( 'NONE', #3954 ) ;
#459 = PLANE ( 'NONE',  #9001 ) ;
#460 = CARTESIAN_POINT ( 'NONE',  ( 9.668686868686869218, -14.75824915824915884, -6.349999999999999645 ) ) ;
#461 = CARTESIAN_POINT ( 'NONE',  ( -4.000000000000000000, -54.00000000000000000, -6.349999999999999645 ) ) ;
#462 = VECTOR ( 'NONE', #5073, 1000.000000000000000 ) ;
#463 = VERTEX_POINT ( 'NONE', #6979 ) ;
#464 = ORIENTED_EDGE ( 'NONE', *, *, #4420, .F. ) ;
#465 = EDGE_LOOP ( 'NONE', ( #7057, #4477, #5075, #1771, #720, #8641, #6593, #5752, #402, #1836, #5685, #3627 ) ) ;
#466 = EDGE_LOOP ( 'NONE', ( #7199, #5338, #5305, #5337 ) ) ;
#467 = VERTEX_POINT ( 'NONE', #6271 ) ;
#468 = CARTESIAN_POINT ( 'NONE',  ( -0.9000000000000000222, -52.00000000000000711, -6.349999999999999645 ) ) ;
#469 = FACE_OUTER_BOUND ( 'NONE', #4453, .T. ) ;
#470 = AXIS2_PLACEMENT_3D ( 'NONE', #7581, #6872, #8388 ) ;
#471 = FACE_OUTER_BOUND ( 'NONE', #9125, .T. ) ;
#472 = DIRECTION ( 'NONE',  ( -0.000000000000000000, 1.000000000000000000, -0.000000000000000000 ) ) ;
#473 = LINE ( 'NONE', #9589, #1916 ) ;
#474 = AXIS2_PLACEMENT_3D ( 'NONE', #1134, #3355, #2499 ) ;
#475 = VERTEX_POINT ( 'NONE', #7029 ) ;
#476 = VERTEX_POINT ( 'NONE', #129 ) ;
#477 = CARTESIAN_POINT ( 'NONE',  ( 11.96969696969696884, -13.61010101010101003, -6.049999999999999822 ) ) ;
#478 = VERTEX_POINT ( 'NONE', #6222 ) ;
#479 = FACE_OUTER_BOUND ( 'NONE', #4304, .T. ) ;
#480 = LINE ( 'NONE', #2788, #4727 ) ;
#481 = DIRECTION ( 'NONE',  ( -0.08565301418438023284, -0.9963250278704888219, 0.000000000000000000 ) ) ;
#482 = CARTESIAN_POINT ( 'NONE',  ( 10.95432098765432016, -17.81290684624017828, -6.049999999999999822 ) ) ;
#483 = LINE ( 'NONE', #3549, #4122 ) ;
#484 = EDGE_CURVE ( 'NONE', #665, #7557, #7783, .T. ) ;
#485 = DIRECTION ( 'NONE',  ( 0.4669123116297188014, -0.8843036205108470993, 0.000000000000000000 ) ) ;
#486 = CARTESIAN_POINT ( 'NONE',  ( 15.53737373737373773, -13.67070707070707059, -6.349999999999999645 ) ) ;
#487 = EDGE_CURVE ( 'NONE', #4831, #4143, #4667, .T. ) ;
#488 = ORIENTED_EDGE ( 'NONE', *, *, #3490, .F. ) ;
#489 = ORIENTED_EDGE ( 'NONE', *, *, #4633, .T. ) ;
#490 = DIRECTION ( 'NONE',  ( -1.000000000000000000, 0.000000000000000000, -0.000000000000000000 ) ) ;
#491 = CARTESIAN_POINT ( 'NONE',  ( 15.77216610549943709, -12.31537598204264938, -6.049999999999999822 ) ) ;
#492 = ADVANCED_FACE ( 'NONE', ( #4765 ), #9202, .T. ) ;
#493 = DIRECTION ( 'NONE',  ( 0.5737199508241325185, 0.8190515356351852905, 0.000000000000000000 ) ) ;
#494 = DIRECTION ( 'NONE',  ( 0.9875632611290711127, -0.1572221525997984926, 0.000000000000000000 ) ) ;
#495 = LINE ( 'NONE', #6632, #7191 ) ;
#496 = EDGE_CURVE ( 'NONE', #3923, #6605, #9304, .T. ) ;
#497 = ORIENTED_EDGE ( 'NONE', *, *, #2820, .F. ) ;
#498 = LINE ( 'NONE', #5032, #58 ) ;
#499 = VERTEX_POINT ( 'NONE', #5566 ) ;
#500 = EDGE_CURVE ( 'NONE', #3601, #9221, #3901, .T. ) ;
#501 = EDGE_LOOP ( 'NONE', ( #7460, #8886, #9222, #3983 ) ) ;
#502 = EDGE_CURVE ( 'NONE', #3009, #1313, #3154, .T. ) ;
#503 = CARTESIAN_POINT ( 'NONE',  ( 8.897418630751960933, -15.86217732884399467, -6.349999999999999645 ) ) ;
#504 = ORIENTED_EDGE ( 'NONE', *, *, #8856, .T. ) ;
#505 = DIRECTION ( 'NONE',  ( 0.9653322127216673598, -0.2610243649200003624, 0.000000000000000000 ) ) ;
#506 = CARTESIAN_POINT ( 'NONE',  ( 16.45656565656565462, -18.64062850729517251, -6.349999999999999645 ) ) ;
#507 = CARTESIAN_POINT ( 'NONE',  ( 11.77575757575757542, -14.67676767676767646, -6.049999999999999822 ) ) ;
#508 = ORIENTED_EDGE ( 'NONE', *, *, #8673, .F. ) ;
#509 = VERTEX_POINT ( 'NONE', #2297 ) ;
#510 = ORIENTED_EDGE ( 'NONE', *, *, #3451, .F. ) ;
#511 = VERTEX_POINT ( 'NONE', #4709 ) ;
#512 = ORIENTED_EDGE ( 'NONE', *, *, #9920, .T. ) ;
#513 = CARTESIAN_POINT ( 'NONE',  ( 18.71986531986532043, -13.44219977553310841, -6.349999999999999645 ) ) ;
#514 = DIRECTION ( 'NONE',  ( -0.8609336252596535566, 0.5087173015509405261, 0.000000000000000000 ) ) ;
#515 = DIRECTION ( 'NONE',  ( -0.9999709499781948008, 0.007622283103287838014, 0.000000000000000000 ) ) ;
#516 = DIRECTION ( 'NONE',  ( -1.000000000000000000, 0.000000000000000000, -0.000000000000000000 ) ) ;
#517 = DIRECTION ( 'NONE',  ( 0.2631174057921087939, 0.9647638212377321887, 0.000000000000000000 ) ) ;
#518 = ORIENTED_EDGE ( 'NONE', *, *, #2218, .T. ) ;
#519 = EDGE_LOOP ( 'NONE', ( #6706, #5823, #5136, #8072 ) ) ;
#520 = CARTESIAN_POINT ( 'NONE',  ( 6.959595959595961112, -12.24444444444444358, -6.049999999999999822 ) ) ;
#521 = ORIENTED_EDGE ( 'NONE', *, *, #7893, .T. ) ;
#522 = LINE ( 'NONE', #5258, #5683 ) ;
#523 = DIRECTION ( 'NONE',  ( -0.9966516193529920686, 0.08176521045688497913, 0.000000000000000000 ) ) ;
#524 = LINE ( 'NONE', #8088, #1594 ) ;
#525 = DIRECTION ( 'NONE',  ( 0.9999960995783844231, 0.002792996243786162978, 0.000000000000000000 ) ) ;
#526 = CARTESIAN_POINT ( 'NONE',  ( 9.788888888888887863, -18.47070707070707130, -6.349999999999999645 ) ) ;
#527 = CARTESIAN_POINT ( 'NONE',  ( 9.536475869809201811, -18.27542087542087401, -6.349999999999999645 ) ) ;
#528 = LINE ( 'NONE', #2746, #9461 ) ;
#529 = VECTOR ( 'NONE', #3463, 1000.000000000000000 ) ;
#530 = VERTEX_POINT ( 'NONE', #886 ) ;
#531 = ORIENTED_EDGE ( 'NONE', *, *, #3688, .F. ) ;
#532 = DIRECTION ( 'NONE',  ( -0.9019029723567636436, -0.4319386859891515829, 0.000000000000000000 ) ) ;
#533 = EDGE_CURVE ( 'NONE', #2773, #2718, #5622, .T. ) ;
#534 = CARTESIAN_POINT ( 'NONE',  ( 8.117171717171714818, -17.16026936026936056, -6.349999999999999645 ) ) ;
#535 = DIRECTION ( 'NONE',  ( -0.8190515356351851795, 0.5737199508241324075, 0.000000000000000000 ) ) ;
#536 = EDGE_CURVE ( 'NONE', #1228, #2197, #3448, .T. ) ;
#537 = LINE ( 'NONE', #9009, #8952 ) ;
#538 = VECTOR ( 'NONE', #982, 1000.000000000000000 ) ;
#539 = CARTESIAN_POINT ( 'NONE',  ( 11.88619528619528509, -16.03524130190796981, -6.049999999999999822 ) ) ;
#540 = VECTOR ( 'NONE', #4398, 1000.000000000000000 ) ;
#541 = ADVANCED_FACE ( 'NONE', ( #1842 ), #1790, .F. ) ;
#542 = ORIENTED_EDGE ( 'NONE', *, *, #3182, .F. ) ;
#543 = CARTESIAN_POINT ( 'NONE',  ( 15.43344556677889834, -12.05824915824915777, -6.049999999999999822 ) ) ;
#544 = VECTOR ( 'NONE', #6811, 1000.000000000000000 ) ;
#545 = EDGE_LOOP ( 'NONE', ( #2918, #1242, #1121, #6190 ) ) ;
#546 = EDGE_LOOP ( 'NONE', ( #6145, #7309, #6775, #7281 ) ) ;
#548 = AXIS2_PLACEMENT_3D ( 'NONE', #3371, #3653, #6730 ) ;
#547 = DIRECTION ( 'NONE',  ( 0.000000000000000000, 0.000000000000000000, -1.000000000000000000 ) ) ;
#549 = ORIENTED_EDGE ( 'NONE', *, *, #5411, .F. ) ;
#550 = CARTESIAN_POINT ( 'NONE',  ( 11.77575757575757542, -14.67676767676767646, -6.349999999999999645 ) ) ;
#551 = EDGE_CURVE ( 'NONE', #6144, #8344, #7988, .T. ) ;
#552 = CARTESIAN_POINT ( 'NONE',  ( 11.80000000000000071, -14.88686868686868614, -6.049999999999999822 ) ) ;
#553 = ADVANCED_FACE ( 'NONE', ( #378 ), #1132, .F. ) ;
#554 = CARTESIAN_POINT ( 'NONE',  ( 15.78563411896745450, -12.15016835016835017, -6.049999999999999822 ) ) ;
#555 = AXIS2_PLACEMENT_3D ( 'NONE', #7052, #4691, #7150 ) ;
#556 = CARTESIAN_POINT ( 'NONE',  ( 12.02424242424242351, -16.63030303030302903, -6.049999999999999822 ) ) ;
#557 = EDGE_CURVE ( 'NONE', #7931, #3530, #1083, .T. ) ;
#558 = VECTOR ( 'NONE', #8694, 1000.000000000000000 ) ;
#559 = ORIENTED_EDGE ( 'NONE', *, *, #3917, .F. ) ;
#560 = ORIENTED_EDGE ( 'NONE', *, *, #2954, .T. ) ;
#561 = VERTEX_POINT ( 'NONE', #8137 ) ;
#562 = VERTEX_POINT ( 'NONE', #9595 ) ;
#563 = VERTEX_POINT ( 'NONE', #8695 ) ;
#564 = EDGE_CURVE ( 'NONE', #2612, #7400, #5768, .T. ) ;
#565 = VECTOR ( 'NONE', #1946, 1000.000000000000000 ) ;
#566 = DIRECTION ( 'NONE',  ( 0.1059575289472929199, -0.9943706562743006572, 0.000000000000000000 ) ) ;
#567 = VECTOR ( 'NONE', #8479, 1000.000000000000114 ) ;
#568 = EDGE_CURVE ( 'NONE', #6549, #1119, #5016, .T. ) ;
#569 = EDGE_CURVE ( 'NONE', #151, #7647, #1943, .T. ) ;
#570 = DIRECTION ( 'NONE',  ( 0.007622283103287838014, 0.9999709499781948008, 0.000000000000000000 ) ) ;
#571 = DIRECTION ( 'NONE',  ( 0.9675877956245899636, -0.2525348644412226395, 0.000000000000000000 ) ) ;
#572 = ADVANCED_FACE ( 'NONE', ( #430 ), #3353, .T. ) ;
#573 = DIRECTION ( 'NONE',  ( -0.4576001790596597729, 0.8891580715061677687, 0.000000000000000000 ) ) ;
#574 = VECTOR ( 'NONE', #9320, 1000.000000000000000 ) ;
#575 = VERTEX_POINT ( 'NONE', #3498 ) ;
#576 = ORIENTED_EDGE ( 'NONE', *, *, #124, .T. ) ;
#577 = DIRECTION ( 'NONE',  ( -0.1852203786440929922, -0.9826970089172648581, 0.000000000000000000 ) ) ;
#578 = ORIENTED_EDGE ( 'NONE', *, *, #371, .F. ) ;
#579 = DIRECTION ( 'NONE',  ( 0.03729993077184096811, 0.9993041154545576621, 0.000000000000000000 ) ) ;
#580 = DIRECTION ( 'NONE',  ( -1.000000000000000000, 0.000000000000000000, 0.000000000000000000 ) ) ;
#581 = DIRECTION ( 'NONE',  ( 0.7282416466255144938, -0.6853204390065710250, 0.000000000000000000 ) ) ;
#582 = CARTESIAN_POINT ( 'NONE',  ( 17.07586980920314090, -11.55667789001122259, -6.349999999999999645 ) ) ;
#583 = VECTOR ( 'NONE', #8798, 1000.000000000000114 ) ;
#584 = LINE ( 'NONE', #2096, #3476 ) ;
#585 = DIRECTION ( 'NONE',  ( 0.8066892284733457874, 0.5909758782429938018, 0.000000000000000000 ) ) ;
#586 = FACE_OUTER_BOUND ( 'NONE', #7682, .T. ) ;
#587 = PLANE ( 'NONE',  #548 ) ;
#588 = VECTOR ( 'NONE', #6513, 1000.000000000000114 ) ;
#589 = ORIENTED_EDGE ( 'NONE', *, *, #1598, .T. ) ;
#590 = ORIENTED_EDGE ( 'NONE', *, *, #9287, .T. ) ;
#591 = CARTESIAN_POINT ( 'NONE',  ( 17.92098765432098872, -18.89292929292929202, -6.349999999999999645 ) ) ;
#592 = CARTESIAN_POINT ( 'NONE',  ( 9.536475869809201811, -18.27542087542087401, -6.049999999999999822 ) ) ;
#593 = CARTESIAN_POINT ( 'NONE',  ( 16.61857463524130196, -13.03333333333333499, -6.349999999999999645 ) ) ;
#594 = DIRECTION ( 'NONE',  ( -0.4232322854113937383, 0.9060212097878550530, 0.000000000000000000 ) ) ;
#595 = VECTOR ( 'NONE', #6286, 1000.000000000000000 ) ;
#596 = CARTESIAN_POINT ( 'NONE',  ( 16.16184062850729575, -18.27901234567901412, -6.049999999999999822 ) ) ;
#597 = ORIENTED_EDGE ( 'NONE', *, *, #809, .T. ) ;
#598 = CARTESIAN_POINT ( 'NONE',  ( 8.503928170594836189, -11.33849607182940566, -6.049999999999999822 ) ) ;
#599 = ORIENTED_EDGE ( 'NONE', *, *, #2029, .T. ) ;
#600 = ORIENTED_EDGE ( 'NONE', *, *, #3185, .F. ) ;
#601 = CARTESIAN_POINT ( 'NONE',  ( 15.31515151515151452, -12.02626262626262665, -6.349999999999999645 ) ) ;
#602 = LINE ( 'NONE', #5186, #1438 ) ;
#603 = LINE ( 'NONE', #8969, #2501 ) ;
#604 = DIRECTION ( 'NONE',  ( 0.09182751138852850159, 0.9957749284613413021, 0.000000000000000000 ) ) ;
#605 = EDGE_CURVE ( 'NONE', #7833, #8160, #7327, .T. ) ;
#606 = LINE ( 'NONE', #2970, #9312 ) ;
#607 = EDGE_CURVE ( 'NONE', #6206, #1069, #9644, .T. ) ;
#608 = EDGE_LOOP ( 'NONE', ( #9096, #3654, #1303, #9288 ) ) ;
#609 = VECTOR ( 'NONE', #9424, 1000.000000000000000 ) ;
#610 = EDGE_LOOP ( 'NONE', ( #2940, #7915, #7461, #5873 ) ) ;
#611 = ORIENTED_EDGE ( 'NONE', *, *, #3070, .T. ) ;
#612 = EDGE_LOOP ( 'NONE', ( #5437, #4512, #6650, #2760 ) ) ;
#613 = LINE ( 'NONE', #4536, #3127 ) ;
#614 = EDGE_CURVE ( 'NONE', #5427, #656, #2741, .T. ) ;
#615 = CARTESIAN_POINT ( 'NONE',  ( 15.90202020202020172, -13.87373737373737370, -6.349999999999999645 ) ) ;
#616 = VECTOR ( 'NONE', #3078, 1000.000000000000114 ) ;
#617 = VECTOR ( 'NONE', #6430, 1000.000000000000000 ) ;
#618 = FACE_OUTER_BOUND ( 'NONE', #160, .T. ) ;
#619 = CARTESIAN_POINT ( 'NONE',  ( 12.22020202020201829, -18.67497194163860996, -6.049999999999999822 ) ) ;
#620 = ADVANCED_FACE ( 'NONE', ( #4861 ), #4103, .T. ) ;
#621 = ORIENTED_EDGE ( 'NONE', *, *, #9176, .T. ) ;
#622 = ORIENTED_EDGE ( 'NONE', *, *, #5188, .F. ) ;
#623 = VECTOR ( 'NONE', #3885, 1000.000000000000000 ) ;
#624 = LINE ( 'NONE', #6807, #8775 ) ;
#625 = ORIENTED_EDGE ( 'NONE', *, *, #9895, .T. ) ;
#626 = LINE ( 'NONE', #5308, #2944 ) ;
#627 = DIRECTION ( 'NONE',  ( -0.9963250278704888219, 0.08565301418438023284, 0.000000000000000000 ) ) ;
#628 = EDGE_CURVE ( 'NONE', #3564, #7421, #9543, .T. ) ;
#629 = CARTESIAN_POINT ( 'NONE',  ( 17.79595959595959442, -12.58787878787878789, -6.049999999999999822 ) ) ;
#630 = CARTESIAN_POINT ( 'NONE',  ( 17.18989898989898890, -16.26868686868686709, -6.049999999999999822 ) ) ;
#631 = CARTESIAN_POINT ( 'NONE',  ( 17.31010101010101110, -17.81010101010101110, -6.049999999999999822 ) ) ;
#632 = LINE ( 'NONE', #74, #6389 ) ;
#633 = VECTOR ( 'NONE', #8591, 1000.000000000000000 ) ;
#634 = CARTESIAN_POINT ( 'NONE',  ( 14.28787878787878718, -14.70101010101010175, -6.049999999999999822 ) ) ;
#635 = VERTEX_POINT ( 'NONE', #2598 ) ;
#636 = EDGE_LOOP ( 'NONE', ( #2183, #6595, #7945, #2376 ) ) ;
#637 = ORIENTED_EDGE ( 'NONE', *, *, #9173, .T. ) ;
#638 = DIRECTION ( 'NONE',  ( -0.000000000000000000, -0.000000000000000000, 1.000000000000000000 ) ) ;
#639 = DIRECTION ( 'NONE',  ( 0.8856771659489018900, 0.4643015805666844131, 0.000000000000000000 ) ) ;
#640 = LINE ( 'NONE', #5271, #5551 ) ;
#641 = LINE ( 'NONE', #688, #6047 ) ;
#642 = CARTESIAN_POINT ( 'NONE',  ( 12.47250280583613957, -15.70033670033670070, -6.049999999999999822 ) ) ;
#643 = ORIENTED_EDGE ( 'NONE', *, *, #5098, .F. ) ;
#644 = DIRECTION ( 'NONE',  ( 0.8313370841500479225, 0.5557685242228963540, 0.000000000000000000 ) ) ;
#645 = EDGE_LOOP ( 'NONE', ( #9725, #3151, #1042, #1486 ) ) ;
#646 = EDGE_LOOP ( 'NONE', ( #5714, #9408, #3786, #5247 ) ) ;
#647 = DIRECTION ( 'NONE',  ( 0.000000000000000000, 0.000000000000000000, -1.000000000000000000 ) ) ;
#648 = LINE ( 'NONE', #1640, #3681 ) ;
#649 = DIRECTION ( 'NONE',  ( 0.000000000000000000, 0.000000000000000000, -1.000000000000000000 ) ) ;
#650 = APPLICATION_CONTEXT ( 'automotive_design' ) ;
#651 = DIRECTION ( 'NONE',  ( 0.9923626185315315151, -0.1233549080549366933, 0.000000000000000000 ) ) ;
#652 = LINE ( 'NONE', #3719, #5438 ) ;
#653 = EDGE_LOOP ( 'NONE', ( #6742, #6290, #2615, #3312 ) ) ;
#654 = DIRECTION ( 'NONE',  ( 1.000000000000000000, 0.000000000000000000, -0.000000000000000000 ) ) ;
#655 = ORIENTED_EDGE ( 'NONE', *, *, #6158, .T. ) ;
#656 = VERTEX_POINT ( 'NONE', #5666 ) ;
#657 = EDGE_CURVE ( 'NONE', #3613, #4857, #3402, .T. ) ;
#658 = VERTEX_POINT ( 'NONE', #8042 ) ;
#659 = LINE ( 'NONE', #6908, #719 ) ;
#660 = LINE ( 'NONE', #8524, #7854 ) ;
#661 = EDGE_CURVE ( 'NONE', #1657, #6688, #2643, .T. ) ;
#662 = DIRECTION ( 'NONE',  ( 0.000000000000000000, -1.000000000000000000, 0.000000000000000000 ) ) ;
#663 = CARTESIAN_POINT ( 'NONE',  ( 19.12929292929293013, -18.09135802469135967, -6.049999999999999822 ) ) ;
#664 = ADVANCED_FACE ( 'NONE', ( #2888 ), #8994, .T. ) ;
#665 = VERTEX_POINT ( 'NONE', #7525 ) ;
#666 = VERTEX_POINT ( 'NONE', #9689 ) ;
#667 = ORIENTED_EDGE ( 'NONE', *, *, #8630, .T. ) ;
#668 = CARTESIAN_POINT ( 'NONE',  ( 12.08619528619528616, -18.83524130190797052, -6.049999999999999822 ) ) ;
#669 = ORIENTED_EDGE ( 'NONE', *, *, #8739, .F. ) ;
#670 = DIRECTION ( 'NONE',  ( 0.000000000000000000, 0.000000000000000000, -1.000000000000000000 ) ) ;
#671 = LINE ( 'NONE', #5259, #7787 ) ;
#672 = DIRECTION ( 'NONE',  ( 0.9836620755834745156, 0.1800247790133650827, 0.000000000000000000 ) ) ;
#673 = EDGE_CURVE ( 'NONE', #7249, #2280, #2092, .T. ) ;
#674 = DIRECTION ( 'NONE',  ( 0.000000000000000000, 0.000000000000000000, -1.000000000000000000 ) ) ;
#675 = ADVANCED_FACE ( 'NONE', ( #479 ), #2931, .T. ) ;
#676 = DIRECTION ( 'NONE',  ( 0.000000000000000000, 0.000000000000000000, -1.000000000000000000 ) ) ;
#677 = EDGE_CURVE ( 'NONE', #3818, #1448, #626, .T. ) ;
#678 = VECTOR ( 'NONE', #7229, 1000.000000000000000 ) ;
#679 = DIRECTION ( 'NONE',  ( 0.4625660066950229021, -0.8865848461654529666, 0.000000000000000000 ) ) ;
#680 = DIRECTION ( 'NONE',  ( 0.000000000000000000, -0.000000000000000000, -1.000000000000000000 ) ) ;
#681 = ADVANCED_FACE ( 'NONE', ( #1380 ), #5915, .T. ) ;
#682 = ORIENTED_EDGE ( 'NONE', *, *, #1289, .T. ) ;
#683 = VERTEX_POINT ( 'NONE', #7378 ) ;
#684 = ORIENTED_EDGE ( 'NONE', *, *, #8671, .F. ) ;
#685 = CARTESIAN_POINT ( 'NONE',  ( 14.66060606060606020, -17.02154882154882287, -6.349999999999999645 ) ) ;
#686 = CARTESIAN_POINT ( 'NONE',  ( 17.49854096520763136, -13.02558922558922738, -6.349999999999999645 ) ) ;
#687 = DIRECTION ( 'NONE',  ( 0.000000000000000000, 0.000000000000000000, -1.000000000000000000 ) ) ;
#688 = CARTESIAN_POINT ( 'NONE',  ( 9.771717171717170913, -14.44242424242424150, -6.049999999999999822 ) ) ;
#689 = LINE ( 'NONE', #3810, #3966 ) ;
#690 = VECTOR ( 'NONE', #897, 1000.000000000000000 ) ;
#691 = ORIENTED_EDGE ( 'NONE', *, *, #9528, .T. ) ;
#692 = DIRECTION ( 'NONE',  ( -0.000000000000000000, 1.000000000000000000, 0.000000000000000000 ) ) ;
#693 = VERTEX_POINT ( 'NONE', #6617 ) ;
#694 = ORIENTED_EDGE ( 'NONE', *, *, #5478, .F. ) ;
#695 = LINE ( 'NONE', #41, #1188 ) ;
#696 = CARTESIAN_POINT ( 'NONE',  ( 30.00000000000000000, 0.000000000000000000, 0.000000000000000000 ) ) ;
#697 = VECTOR ( 'NONE', #2947, 999.9999999999998863 ) ;
#698 = FACE_BOUND ( 'NONE', #3108, .T. ) ;
#699 = LINE ( 'NONE', #7552, #4591 ) ;
#700 = AXIS2_PLACEMENT_3D ( 'NONE', #6509, #7260, #3433 ) ;
#701 = LINE ( 'NONE', #6896, #8463 ) ;
#702 = CARTESIAN_POINT ( 'NONE',  ( 18.95690235690235781, -18.74859708193041641, -6.049999999999999822 ) ) ;
#703 = CARTESIAN_POINT ( 'NONE',  ( 18.92727272727272592, -18.89494949494949338, -6.049999999999999822 ) ) ;
#704 = VECTOR ( 'NONE', #5380, 1000.000000000000000 ) ;
#705 = VECTOR ( 'NONE', #3816, 1000.000000000000000 ) ;
#706 = ORIENTED_EDGE ( 'NONE', *, *, #2957, .T. ) ;
#707 = PLANE ( 'NONE',  #1865 ) ;
#708 = VERTEX_POINT ( 'NONE', #3691 ) ;
#709 = ORIENTED_EDGE ( 'NONE', *, *, #9670, .T. ) ;
#710 = ORIENTED_EDGE ( 'NONE', *, *, #183, .F. ) ;
#711 = CARTESIAN_POINT ( 'NONE',  ( 17.20594837261504040, -17.59102132435465649, -6.049999999999999822 ) ) ;
#712 = CARTESIAN_POINT ( 'NONE',  ( 9.919753086419753174, -16.68047138047138134, -6.049999999999999822 ) ) ;
#713 = VECTOR ( 'NONE', #5468, 1000.000000000000000 ) ;
#714 = VECTOR ( 'NONE', #390, 1000.000000000000000 ) ;
#715 = DIRECTION ( 'NONE',  ( 0.000000000000000000, 0.000000000000000000, -1.000000000000000000 ) ) ;
#716 = EDGE_CURVE ( 'NONE', #6085, #3222, #2186, .T. ) ;
#717 = CYLINDRICAL_SURFACE ( 'NONE', #4975, 1.100000000000000089 ) ;
#718 = ORIENTED_EDGE ( 'NONE', *, *, #3, .T. ) ;
#719 = VECTOR ( 'NONE', #9127, 1000.000000000000114 ) ;
#720 = ORIENTED_EDGE ( 'NONE', *, *, #7580, .F. ) ;
#721 = VECTOR ( 'NONE', #8573, 1000.000000000000000 ) ;
#722 = DIRECTION ( 'NONE',  ( 0.000000000000000000, 0.000000000000000000, -1.000000000000000000 ) ) ;
#723 = ORIENTED_EDGE ( 'NONE', *, *, #1423, .T. ) ;
#724 = CARTESIAN_POINT ( 'NONE',  ( 16.01818181818181941, -12.20808080808080831, -6.049999999999999822 ) ) ;
#725 = CARTESIAN_POINT ( 'NONE',  ( 18.05521885521885395, -13.91021324354657551, -6.349999999999999645 ) ) ;
#726 = DIRECTION ( 'NONE',  ( -0.9996608920534492126, -0.02604037056000569478, 0.000000000000000000 ) ) ;
#727 = DIRECTION ( 'NONE',  ( 0.9595255049825908156, -0.2816217415042807648, 0.000000000000000000 ) ) ;
#728 = PLANE ( 'NONE',  #8311 ) ;
#729 = VECTOR ( 'NONE', #1358, 1000.000000000000000 ) ;
#730 = DIRECTION ( 'NONE',  ( 0.4957899259861079932, 0.8684424847338421127, 0.000000000000000000 ) ) ;
#731 = EDGE_CURVE ( 'NONE', #4734, #7971, #6764, .T. ) ;
#732 = PLANE ( 'NONE',  #1105 ) ;
#733 = VERTEX_POINT ( 'NONE', #8231 ) ;
#734 = EDGE_CURVE ( 'NONE', #5642, #99, #3736, .T. ) ;
#735 = ORIENTED_EDGE ( 'NONE', *, *, #6630, .T. ) ;
#736 = ORIENTED_EDGE ( 'NONE', *, *, #1398, .F. ) ;
#737 = FACE_OUTER_BOUND ( 'NONE', #3377, .T. ) ;
#738 = AXIS2_PLACEMENT_3D ( 'NONE', #8467, #7754, #9868 ) ;
#739 = LINE ( 'NONE', #6826, #697 ) ;
#740 = DIRECTION ( 'NONE',  ( -1.000000000000000000, -0.000000000000000000, -0.000000000000000000 ) ) ;
#741 = ADVANCED_FACE ( 'NONE', ( #3645 ), #5963, .T. ) ;
#742 = DIRECTION ( 'NONE',  ( 0.5362037955457886751, 0.8440885555688396602, 0.000000000000000000 ) ) ;
#743 = DIRECTION ( 'NONE',  ( -0.7909213559379618674, 0.6119178120640514917, 0.000000000000000000 ) ) ;
#744 = VECTOR ( 'NONE', #494, 999.9999999999998863 ) ;
#745 = EDGE_CURVE ( 'NONE', #6502, #4235, #9137, .T. ) ;
#746 = EDGE_CURVE ( 'NONE', #4643, #5488, #522, .T. ) ;
#747 = ORIENTED_EDGE ( 'NONE', *, *, #6639, .T. ) ;
#748 = VERTEX_POINT ( 'NONE', #5864 ) ;
#749 = EDGE_CURVE ( 'NONE', #7307, #5898, #9035, .T. ) ;
#750 = CARTESIAN_POINT ( 'NONE',  ( 16.26189674523007866, -12.87766554433220989, -6.049999999999999822 ) ) ;
#751 = ORIENTED_EDGE ( 'NONE', *, *, #8802, .F. ) ;
#752 = ORIENTED_EDGE ( 'NONE', *, *, #9954, .T. ) ;
#753 = DIRECTION ( 'NONE',  ( -1.000000000000000000, 0.000000000000000000, 0.000000000000000000 ) ) ;
#754 = VECTOR ( 'NONE', #6940, 1000.000000000000000 ) ;
#755 = CARTESIAN_POINT ( 'NONE',  ( 29.19999999999999929, -49.20000000000000284, 0.000000000000000000 ) ) ;
#756 = EDGE_CURVE ( 'NONE', #3149, #8681, #4503, .T. ) ;
#757 = CARTESIAN_POINT ( 'NONE',  ( 9.210101010101009678, -11.41414141414141525, -6.049999999999999822 ) ) ;
#758 = PLANE ( 'NONE',  #6212 ) ;
#759 = CARTESIAN_POINT ( 'NONE',  ( 16.46010101010101323, -13.00909090909090970, -6.349999999999999645 ) ) ;
#760 = VECTOR ( 'NONE', #4986, 1000.000000000000000 ) ;
#761 = ORIENTED_EDGE ( 'NONE', *, *, #7456, .F. ) ;
#762 = CARTESIAN_POINT ( 'NONE',  ( 10.95432098765432016, -17.81290684624017828, -6.349999999999999645 ) ) ;
#763 = ORIENTED_EDGE ( 'NONE', *, *, #2762, .F. ) ;
#764 = ORIENTED_EDGE ( 'NONE', *, *, #9185, .F. ) ;
#765 = VERTEX_POINT ( 'NONE', #2240 ) ;
#766 = DIRECTION ( 'NONE',  ( 0.03415923490461698214, -0.9994164030426613277, 0.000000000000000000 ) ) ;
#767 = CARTESIAN_POINT ( 'NONE',  ( 22.28080808080807884, -14.27272727272727337, -6.049999999999999822 ) ) ;
#768 = VECTOR ( 'NONE', #8436, 1000.000000000000114 ) ;
#769 = DIRECTION ( 'NONE',  ( 0.9345301175312027420, 0.3558840533475985390, 0.000000000000000000 ) ) ;
#770 = VECTOR ( 'NONE', #9825, 1000.000000000000114 ) ;
#771 = DIRECTION ( 'NONE',  ( 0.000000000000000000, 0.000000000000000000, -1.000000000000000000 ) ) ;
#772 = VERTEX_POINT ( 'NONE', #9885 ) ;
#773 = VERTEX_POINT ( 'NONE', #2988 ) ;
#774 = FACE_OUTER_BOUND ( 'NONE', #6507, .T. ) ;
#775 = EDGE_LOOP ( 'NONE', ( #6019, #2433, #440, #9058 ) ) ;
#776 = LINE ( 'NONE', #724, #1820 ) ;
#777 = VECTOR ( 'NONE', #6800, 1000.000000000000000 ) ;
#778 = CARTESIAN_POINT ( 'NONE',  ( 23.14545454545454461, -12.85858585858585990, -6.349999999999999645 ) ) ;
#779 = VECTOR ( 'NONE', #6120, 1000.000000000000000 ) ;
#780 = DIRECTION ( 'NONE',  ( 0.000000000000000000, 0.000000000000000000, -1.000000000000000000 ) ) ;
#781 = FACE_OUTER_BOUND ( 'NONE', #4978, .T. ) ;
#782 = LINE ( 'NONE', #3741, #4437 ) ;
#783 = LINE ( 'NONE', #1584, #6873 ) ;
#784 = CARTESIAN_POINT ( 'NONE',  ( 16.01818181818181941, -12.20808080808080831, -6.049999999999999822 ) ) ;
#785 = AXIS2_PLACEMENT_3D ( 'NONE', #7566, #6758, #8526 ) ;
#786 = VERTEX_POINT ( 'NONE', #6061 ) ;
#787 = ORIENTED_EDGE ( 'NONE', *, *, #3210, .F. ) ;
#788 = ORIENTED_EDGE ( 'NONE', *, *, #8010, .F. ) ;
#789 = CARTESIAN_POINT ( 'NONE',  ( -2.000000000000000000, 2.000000000000000000, -6.349999999999999645 ) ) ;
#790 = DIRECTION ( 'NONE',  ( -0.5470857247705513959, 0.8370765853566090042, 0.000000000000000000 ) ) ;
#791 = EDGE_CURVE ( 'NONE', #9482, #9581, #5112, .T. ) ;
#792 = CARTESIAN_POINT ( 'NONE',  ( 16.06503928170594619, -17.85998877665544171, -6.049999999999999822 ) ) ;
#793 = EDGE_CURVE ( 'NONE', #6494, #5254, #2840, .T. ) ;
#794 = DIRECTION ( 'NONE',  ( 0.3454033315658215364, 0.9384543348204168467, -0.000000000000000000 ) ) ;
#795 = EDGE_CURVE ( 'NONE', #4381, #5649, #3233, .T. ) ;
#796 = DIRECTION ( 'NONE',  ( 0.000000000000000000, 0.000000000000000000, 1.000000000000000000 ) ) ;
#797 = EDGE_CURVE ( 'NONE', #2740, #8408, #7620, .T. ) ;
#798 = ORIENTED_EDGE ( 'NONE', *, *, #5174, .F. ) ;
#799 = EDGE_LOOP ( 'NONE', ( #8888, #1812, #8304, #2121 ) ) ;
#800 = DIRECTION ( 'NONE',  ( -0.8909930471730027612, -0.4540169489009931447, 0.000000000000000000 ) ) ;
#801 = PLANE ( 'NONE',  #201 ) ;
#802 = ORIENTED_EDGE ( 'NONE', *, *, #4135, .F. ) ;
#803 = CARTESIAN_POINT ( 'NONE',  ( 10.45039281705948575, -15.48181818181818414, -6.349999999999999645 ) ) ;
#804 = PLANE ( 'NONE',  #2983 ) ;
#805 = ADVANCED_FACE ( 'NONE', ( #2484 ), #6259, .F. ) ;
#806 = LINE ( 'NONE', #3871, #754 ) ;
#807 = DIRECTION ( 'NONE',  ( -0.3843985592217960545, -0.9231672371072358052, 0.000000000000000000 ) ) ;
#808 = EDGE_CURVE ( 'NONE', #8631, #6763, #3187, .T. ) ;
#809 = EDGE_CURVE ( 'NONE', #9285, #9495, #776, .T. ) ;
#810 = ORIENTED_EDGE ( 'NONE', *, *, #173, .F. ) ;
#811 = CARTESIAN_POINT ( 'NONE',  ( 17.20594837261504040, -17.59102132435465649, -6.049999999999999822 ) ) ;
#812 = ORIENTED_EDGE ( 'NONE', *, *, #6158, .F. ) ;
#813 = ORIENTED_EDGE ( 'NONE', *, *, #9902, .T. ) ;
#814 = EDGE_LOOP ( 'NONE', ( #1204, #7127, #1470, #7571 ) ) ;
#815 = DIRECTION ( 'NONE',  ( -0.5250736128916763112, 0.8510568142285697135, 0.000000000000000000 ) ) ;
#816 = CARTESIAN_POINT ( 'NONE',  ( 16.37104377104376951, -18.56790123456790198, -6.349999999999999645 ) ) ;
#817 = FACE_OUTER_BOUND ( 'NONE', #3400, .T. ) ;
#818 = LINE ( 'NONE', #16, #7054 ) ;
#819 = EDGE_LOOP ( 'NONE', ( #5860, #8721, #4316, #945 ) ) ;
#820 = ORIENTED_EDGE ( 'NONE', *, *, #3993, .T. ) ;
#821 = CARTESIAN_POINT ( 'NONE',  ( 12.82626262626262736, -11.05656565656565604, -6.049999999999999822 ) ) ;
#822 = ORIENTED_EDGE ( 'NONE', *, *, #3264, .F. ) ;
#823 = CARTESIAN_POINT ( 'NONE',  ( 8.847250280583613957, -18.07295173961840717, -6.349999999999999645 ) ) ;
#824 = DIRECTION ( 'NONE',  ( -0.9968943216736465551, 0.07875094548537200922, 0.000000000000000000 ) ) ;
#825 = DIRECTION ( 'NONE',  ( 0.2349155375300579773, -0.9720157870255832222, 0.000000000000000000 ) ) ;
#826 = CARTESIAN_POINT ( 'NONE',  ( 10.72525252525252526, -12.64040404040404120, -6.049999999999999822 ) ) ;
#827 = DIRECTION ( 'NONE',  ( -0.9954634589491007102, 0.09514463672268562433, 0.000000000000000000 ) ) ;
#828 = CARTESIAN_POINT ( 'NONE',  ( 10.55555555555555536, -15.15353535353535541, -6.049999999999999822 ) ) ;
#829 = DIRECTION ( 'NONE',  ( 0.9324871212447408686, 0.3612032235635446176, 0.000000000000000000 ) ) ;
#830 = ORIENTED_EDGE ( 'NONE', *, *, #2016, .F. ) ;
#831 = ORIENTED_EDGE ( 'NONE', *, *, #7882, .F. ) ;
#832 = ORIENTED_EDGE ( 'NONE', *, *, #5735, .T. ) ;
#833 = DIRECTION ( 'NONE',  ( 0.8758148656443499602, 0.4826472015006087468, 0.000000000000000000 ) ) ;
#834 = DIRECTION ( 'NONE',  ( 0.000000000000000000, 0.000000000000000000, -1.000000000000000000 ) ) ;
#835 = DIRECTION ( 'NONE',  ( -0.4699072675221029893, 0.8827157866096599914, 0.000000000000000000 ) ) ;
#836 = DIRECTION ( 'NONE',  ( 0.5659239007710612501, 0.8244574813391325474, 0.000000000000000000 ) ) ;
#837 = CARTESIAN_POINT ( 'NONE',  ( 0.8000000000000000444, -49.20000000000000284, 0.000000000000000000 ) ) ;
#838 = EDGE_CURVE ( 'NONE', #8220, #4927, #9381, .T. ) ;
#839 = ORIENTED_EDGE ( 'NONE', *, *, #6935, .F. ) ;
#840 = ORIENTED_EDGE ( 'NONE', *, *, #6192, .F. ) ;
#841 = LINE ( 'NONE', #750, #2476 ) ;
#842 = DIRECTION ( 'NONE',  ( -0.9933662150481338271, 0.1149937511386795175, 0.000000000000000000 ) ) ;
#843 = ORIENTED_EDGE ( 'NONE', *, *, #1719, .T. ) ;
#844 = DIRECTION ( 'NONE',  ( 0.000000000000000000, 0.000000000000000000, -1.000000000000000000 ) ) ;
#845 = CARTESIAN_POINT ( 'NONE',  ( 21.14949494949495445, -18.93535353535353494, -6.049999999999999822 ) ) ;
#846 = LINE ( 'NONE', #702, #7345 ) ;
#847 = EDGE_CURVE ( 'NONE', #8616, #3520, #2335, .T. ) ;
#848 = LINE ( 'NONE', #2700, #138 ) ;
#849 = ORIENTED_EDGE ( 'NONE', *, *, #3382, .T. ) ;
#850 = DIRECTION ( 'NONE',  ( 0.000000000000000000, 0.000000000000000000, -1.000000000000000000 ) ) ;
#851 = EDGE_CURVE ( 'NONE', #6572, #8771, #5554, .T. ) ;
#852 = ORIENTED_EDGE ( 'NONE', *, *, #4057, .T. ) ;
#853 = ORIENTED_EDGE ( 'NONE', *, *, #2664, .F. ) ;
#854 = VECTOR ( 'NONE', #1675, 1000.000000000000000 ) ;
#855 = VERTEX_POINT ( 'NONE', #7768 ) ;
#856 = PLANE ( 'NONE',  #1848 ) ;
#857 = CARTESIAN_POINT ( 'NONE',  ( 11.80000000000000071, -14.88686868686868614, -6.049999999999999822 ) ) ;
#858 = EDGE_CURVE ( 'NONE', #7896, #4169, #922, .T. ) ;
#859 = VECTOR ( 'NONE', #834, 1000.000000000000000 ) ;
#860 = VECTOR ( 'NONE', #547, 1000.000000000000000 ) ;
#861 = LINE ( 'NONE', #9329, #7685 ) ;
#862 = VECTOR ( 'NONE', #7145, 1000.000000000000227 ) ;
#863 = DIRECTION ( 'NONE',  ( 0.8362763182415593466, 0.5483082340694348522, 0.000000000000000000 ) ) ;
#864 = VERTEX_POINT ( 'NONE', #3790 ) ;
#865 = ADVANCED_FACE ( 'NONE', ( #3988 ), #67, .T. ) ;
#866 = VERTEX_POINT ( 'NONE', #9190 ) ;
#867 = EDGE_CURVE ( 'NONE', #8400, #6069, #3890, .T. ) ;
#868 = LINE ( 'NONE', #821, #6993 ) ;
#869 = EDGE_CURVE ( 'NONE', #6505, #3876, #5352, .T. ) ;
#870 = ORIENTED_EDGE ( 'NONE', *, *, #1036, .T. ) ;
#872 = CARTESIAN_POINT ( 'NONE',  ( 17.79595959595959442, -12.58787878787878789, -6.049999999999999822 ) ) ;
#871 = VECTOR ( 'NONE', #9036, 1000.000000000000114 ) ;
#873 = CARTESIAN_POINT ( 'NONE',  ( 0.000000000000000000, 0.000000000000000000, 0.000000000000000000 ) ) ;
#874 = VECTOR ( 'NONE', #4515, 1000.000000000000114 ) ;
#875 = DIRECTION ( 'NONE',  ( 1.000000000000000000, 0.000000000000000000, 0.000000000000000000 ) ) ;
#876 = DIRECTION ( 'NONE',  ( 0.4678877204190275974, -0.8837879163470644395, -0.000000000000000000 ) ) ;
#877 = EDGE_CURVE ( 'NONE', #6258, #4787, #6207, .T. ) ;
#878 = LINE ( 'NONE', #7830, #1075 ) ;
#879 = DIRECTION ( 'NONE',  ( 0.4253809521590410925, 0.9050143896868533266, 0.000000000000000000 ) ) ;
#880 = CARTESIAN_POINT ( 'NONE',  ( 18.81481481481481310, -13.16139169472502779, -6.049999999999999822 ) ) ;
#881 = AXIS2_PLACEMENT_3D ( 'NONE', #923, #3990, #7066 ) ;
#882 = VECTOR ( 'NONE', #1825, 1000.000000000000114 ) ;
#883 = ORIENTED_EDGE ( 'NONE', *, *, #4750, .F. ) ;
#884 = VERTEX_POINT ( 'NONE', #2387 ) ;
#885 = LINE ( 'NONE', #6221, #558 ) ;
#886 = CARTESIAN_POINT ( 'NONE',  ( 10.72525252525252526, -15.12121212121212288, -6.349999999999999645 ) ) ;
#887 = CARTESIAN_POINT ( 'NONE',  ( 9.564309764309763651, -15.05925925925925846, -6.049999999999999822 ) ) ;
#888 = LINE ( 'NONE', #5235, #633 ) ;
#889 = VECTOR ( 'NONE', #9917, 1000.000000000000000 ) ;
#890 = VECTOR ( 'NONE', #2906, 1000.000000000000227 ) ;
#891 = LINE ( 'NONE', #4010, #9748 ) ;
#892 = CARTESIAN_POINT ( 'NONE',  ( 16.05858585858585741, -14.27272727272727337, -6.049999999999999822 ) ) ;
#893 = VECTOR ( 'NONE', #6904, 1000.000000000000000 ) ;
#894 = ORIENTED_EDGE ( 'NONE', *, *, #6897, .F. ) ;
#895 = ORIENTED_EDGE ( 'NONE', *, *, #9716, .T. ) ;
#896 = PLANE ( 'NONE',  #8274 ) ;
#897 = DIRECTION ( 'NONE',  ( 0.000000000000000000, 0.000000000000000000, -1.000000000000000000 ) ) ;
#898 = ORIENTED_EDGE ( 'NONE', *, *, #135, .F. ) ;
#899 = DIRECTION ( 'NONE',  ( 0.4832170982296077333, 0.8755005630943691886, 0.000000000000000000 ) ) ;
#900 = DIRECTION ( 'NONE',  ( -0.3092035758856519490, 0.9509958720517802666, 0.000000000000000000 ) ) ;
#901 = VECTOR ( 'NONE', #1296, 1000.000000000000000 ) ;
#902 = CARTESIAN_POINT ( 'NONE',  ( 10.95432098765432016, -17.81290684624017828, -6.349999999999999645 ) ) ;
#903 = VERTEX_POINT ( 'NONE', #8575 ) ;
#904 = CARTESIAN_POINT ( 'NONE',  ( 17.24601571268237876, -17.71425364758698251, -6.049999999999999822 ) ) ;
#905 = VECTOR ( 'NONE', #9386, 1000.000000000000000 ) ;
#906 = VERTEX_POINT ( 'NONE', #6962 ) ;
#907 = ORIENTED_EDGE ( 'NONE', *, *, #7310, .F. ) ;
#908 = EDGE_LOOP ( 'NONE', ( #5143, #7445, #1250, #7105 ) ) ;
#909 = DIRECTION ( 'NONE',  ( -0.2776608199232006302, 0.9606791707326520768, 0.000000000000000000 ) ) ;
#910 = EDGE_CURVE ( 'NONE', #963, #3222, #7014, .T. ) ;
#911 = EDGE_CURVE ( 'NONE', #7591, #7973, #5454, .T. ) ;
#912 = VECTOR ( 'NONE', #8206, 1000.000000000000114 ) ;
#913 = DIRECTION ( 'NONE',  ( 0.7394485513427015988, 0.6732130717070041737, 0.000000000000000000 ) ) ;
#914 = LINE ( 'NONE', #961, #1925 ) ;
#915 = EDGE_LOOP ( 'NONE', ( #1291, #8751, #4899, #3814 ) ) ;
#916 = ORIENTED_EDGE ( 'NONE', *, *, #6151, .T. ) ;
#917 = ORIENTED_EDGE ( 'NONE', *, *, #5154, .F. ) ;
#918 = EDGE_CURVE ( 'NONE', #5911, #1932, #164, .T. ) ;
#919 = CARTESIAN_POINT ( 'NONE',  ( 18.95690235690235781, -18.74859708193041641, -6.349999999999999645 ) ) ;
#920 = ORIENTED_EDGE ( 'NONE', *, *, #4715, .F. ) ;
#921 = VECTOR ( 'NONE', #4460, 1000.000000000000114 ) ;
#922 = LINE ( 'NONE', #4546, #212 ) ;
#923 = CARTESIAN_POINT ( 'NONE',  ( 8.434118967452299387, -14.74702581369248122, -6.049999999999999822 ) ) ;
#924 = DIRECTION ( 'NONE',  ( 0.000000000000000000, 0.000000000000000000, -1.000000000000000000 ) ) ;
#925 = FACE_OUTER_BOUND ( 'NONE', #5216, .T. ) ;
#926 = CARTESIAN_POINT ( 'NONE',  ( 16.22738496071829317, -12.80157126823793590, -6.049999999999999822 ) ) ;
#927 = ADVANCED_FACE ( 'NONE', ( #4699 ), #7725, .F. ) ;
#928 = CARTESIAN_POINT ( 'NONE',  ( 7.331088664421997692, -14.91694725028058244, -6.349999999999999645 ) ) ;
#929 = CARTESIAN_POINT ( 'NONE',  ( 16.68260381593714925, -12.36341189674523022, -6.049999999999999822 ) ) ;
#930 = VERTEX_POINT ( 'NONE', #3485 ) ;
#931 = VECTOR ( 'NONE', #2734, 1000.000000000000000 ) ;
#932 = EDGE_CURVE ( 'NONE', #7299, #3384, #3285, .T. ) ;
#933 = VERTEX_POINT ( 'NONE', #1072 ) ;
#934 = ADVANCED_FACE ( 'NONE', ( #2628 ), #208, .F. ) ;
#935 = VECTOR ( 'NONE', #9932, 1000.000000000000114 ) ;
#936 = DIRECTION ( 'NONE',  ( -0.4836861116901204904, 0.8752415354392708569, 0.000000000000000000 ) ) ;
#937 = CARTESIAN_POINT ( 'NONE',  ( 15.77216610549943709, -12.31537598204264938, -6.049999999999999822 ) ) ;
#938 = CARTESIAN_POINT ( 'NONE',  ( 15.43344556677889834, -12.05824915824915777, -6.049999999999999822 ) ) ;
#939 = DIRECTION ( 'NONE',  ( 1.000000000000000000, 0.000000000000000000, 0.000000000000000000 ) ) ;
#940 = PLANE ( 'NONE',  #8608 ) ;
#941 = CARTESIAN_POINT ( 'NONE',  ( 10.33423120089786806, -15.79865319865319684, -6.049999999999999822 ) ) ;
#942 = DIRECTION ( 'NONE',  ( 0.000000000000000000, 0.000000000000000000, -1.000000000000000000 ) ) ;
#943 = VECTOR ( 'NONE', #7507, 1000.000000000000227 ) ;
#944 = ORIENTED_EDGE ( 'NONE', *, *, #6708, .F. ) ;
#945 = ORIENTED_EDGE ( 'NONE', *, *, #4881, .T. ) ;
#946 = DIRECTION ( 'NONE',  ( 0.6997446288586929297, 0.7143930671439989721, 0.000000000000000000 ) ) ;
#947 = ORIENTED_EDGE ( 'NONE', *, *, #2395, .F. ) ;
#948 = ORIENTED_EDGE ( 'NONE', *, *, #5107, .T. ) ;
#949 = PLANE ( 'NONE',  #9865 ) ;
#950 = AXIS2_PLACEMENT_3D ( 'NONE', #9330, #3932, #7914 ) ;
#951 = DIRECTION ( 'NONE',  ( -0.6719123572478081785, -0.7406306665117869947, 0.000000000000000000 ) ) ;
#952 = CARTESIAN_POINT ( 'NONE',  ( 13.98249158249158164, -16.08630751964085448, -6.049999999999999822 ) ) ;
#953 = VECTOR ( 'NONE', #9447, 1000.000000000000000 ) ;
#954 = ORIENTED_EDGE ( 'NONE', *, *, #5059, .F. ) ;
#955 = DIRECTION ( 'NONE',  ( 0.9500918071358831485, -0.3119704441341709100, 0.000000000000000000 ) ) ;
#956 = ORIENTED_EDGE ( 'NONE', *, *, #2449, .F. ) ;
#957 = ORIENTED_EDGE ( 'NONE', *, *, #7401, .F. ) ;
#958 = ORIENTED_EDGE ( 'NONE', *, *, #8987, .F. ) ;
#959 = PLANE ( 'NONE',  #555 ) ;
#960 = CARTESIAN_POINT ( 'NONE',  ( 9.064646464646465063, -17.85252525252525402, -6.049999999999999822 ) ) ;
#961 = CARTESIAN_POINT ( 'NONE',  ( 10.32671156004489532, -18.82895622895622978, -6.349999999999999645 ) ) ;
#962 = VERTEX_POINT ( 'NONE', #9633 ) ;
#963 = VERTEX_POINT ( 'NONE', #9530 ) ;
#964 = EDGE_CURVE ( 'NONE', #4332, #3460, #4149, .T. ) ;
#965 = ORIENTED_EDGE ( 'NONE', *, *, #5912, .T. ) ;
#966 = CARTESIAN_POINT ( 'NONE',  ( 18.96913580246913611, -17.91649831649831626, -6.349999999999999645 ) ) ;
#967 = EDGE_CURVE ( 'NONE', #4144, #7833, #1934, .T. ) ;
#968 = ORIENTED_EDGE ( 'NONE', *, *, #1097, .T. ) ;
#969 = PLANE ( 'NONE',  #5042 ) ;
#970 = LINE ( 'NONE', #4849, #7950 ) ;
#971 = DIRECTION ( 'NONE',  ( 0.8624758157753493748, 0.5060982782055730711, 0.000000000000000000 ) ) ;
#972 = CARTESIAN_POINT ( 'NONE',  ( 9.295061728395060285, -18.06936026936027062, -6.049999999999999822 ) ) ;
#973 = DIRECTION ( 'NONE',  ( 0.000000000000000000, 0.000000000000000000, -1.000000000000000000 ) ) ;
#974 = CARTESIAN_POINT ( 'NONE',  ( 19.76999999999999957, -36.59999999999999432, -4.349999999999999645 ) ) ;
#975 = EDGE_CURVE ( 'NONE', #1057, #7249, #4196, .T. ) ;
#976 = CARTESIAN_POINT ( 'NONE',  ( 11.12951739618406322, -18.11649831649831555, -6.349999999999999645 ) ) ;
#977 = VERTEX_POINT ( 'NONE', #5807 ) ;
#978 = VERTEX_POINT ( 'NONE', #4801 ) ;
#979 = DIRECTION ( 'NONE',  ( -0.5506122267585168428, -0.8347611489186758105, 0.000000000000000000 ) ) ;
#980 = ADVANCED_FACE ( 'NONE', ( #365 ), #8682, .T. ) ;
#981 = EDGE_CURVE ( 'NONE', #3950, #693, #1777, .T. ) ;
#982 = DIRECTION ( 'NONE',  ( 0.000000000000000000, 0.000000000000000000, -1.000000000000000000 ) ) ;
#983 = DIRECTION ( 'NONE',  ( -0.5483082340694348522, 0.8362763182415593466, 0.000000000000000000 ) ) ;
#984 = EDGE_CURVE ( 'NONE', #7269, #866, #7217, .T. ) ;
#985 = CARTESIAN_POINT ( 'NONE',  ( 0.8000000000000000444, -49.20000000000000284, -4.349999999999999645 ) ) ;
#986 = CARTESIAN_POINT ( 'NONE',  ( 14.90303030303030418, -15.85656565656565498, -6.049999999999999822 ) ) ;
#987 = DIRECTION ( 'NONE',  ( 0.3798252454931488331, 0.9250582591848306446, 0.000000000000000000 ) ) ;
#988 = CARTESIAN_POINT ( 'NONE',  ( 29.19999999999999929, -0.8000000000000000444, 0.000000000000000000 ) ) ;
#989 = ADVANCED_FACE ( 'NONE', ( #4848 ), #8783, .T. ) ;
#990 = ORIENTED_EDGE ( 'NONE', *, *, #1861, .F. ) ;
#991 = ORIENTED_EDGE ( 'NONE', *, *, #5056, .T. ) ;
#992 = CARTESIAN_POINT ( 'NONE',  ( 21.14949494949495445, -15.54141414141414224, -6.049999999999999822 ) ) ;
#993 = ADVANCED_FACE ( 'NONE', ( #8834 ), #2537, .T. ) ;
#994 = DIRECTION ( 'NONE',  ( 0.9978857117349254624, -0.06499312513859453744, 0.000000000000000000 ) ) ;
#995 = ORIENTED_EDGE ( 'NONE', *, *, #918, .T. ) ;
#996 = DIRECTION ( 'NONE',  ( -0.1984282735353825877, -0.9801154117050538961, 0.000000000000000000 ) ) ;
#997 = ADVANCED_FACE ( 'NONE', ( #7874 ), #969, .T. ) ;
#998 = CARTESIAN_POINT ( 'NONE',  ( 20.82626262626262559, -11.01616161616161627, -6.349999999999999645 ) ) ;
#999 = CARTESIAN_POINT ( 'NONE',  ( 12.49494949494949303, -14.50796857463524248, -6.349999999999999645 ) ) ;
#1000 = ADVANCED_FACE ( 'NONE', ( #7313 ), #7921, .T. ) ;
#1001 = LINE ( 'NONE', #397, #1189 ) ;
#1002 = VERTEX_POINT ( 'NONE', #3340 ) ;
#1003 = CARTESIAN_POINT ( 'NONE',  ( 19.77575757575757365, -13.98181818181818237, -6.349999999999999645 ) ) ;
#1004 = ORIENTED_EDGE ( 'NONE', *, *, #5103, .T. ) ;
#1005 = EDGE_LOOP ( 'NONE', ( #6665, #3643, #1767, #2748 ) ) ;
#1006 = ORIENTED_EDGE ( 'NONE', *, *, #8982, .T. ) ;
#1007 = DIRECTION ( 'NONE',  ( -1.000000000000000000, 0.000000000000000000, -0.000000000000000000 ) ) ;
#1008 = DIRECTION ( 'NONE',  ( -0.3695050658254896980, -0.9292287158333519814, 0.000000000000000000 ) ) ;
#1009 = CARTESIAN_POINT ( 'NONE',  ( 10.84601571268237841, -11.53984287317620527, -6.049999999999999822 ) ) ;
#1010 = ORIENTED_EDGE ( 'NONE', *, *, #6627, .T. ) ;
#1011 = ORIENTED_EDGE ( 'NONE', *, *, #9214, .T. ) ;
#1012 = ORIENTED_EDGE ( 'NONE', *, *, #9544, .T. ) ;
#1013 = VERTEX_POINT ( 'NONE', #5755 ) ;
#1014 = CARTESIAN_POINT ( 'NONE',  ( 9.936026936026939538, -12.58900112233445512, -6.349999999999999645 ) ) ;
#1015 = ORIENTED_EDGE ( 'NONE', *, *, #243, .F. ) ;
#1016 = CARTESIAN_POINT ( 'NONE',  ( 18.73647586980920465, -17.92255892255892391, -6.049999999999999822 ) ) ;
#1017 = CARTESIAN_POINT ( 'NONE',  ( 8.847250280583613957, -18.07295173961840717, -6.049999999999999822 ) ) ;
#1018 = CARTESIAN_POINT ( 'NONE',  ( 16.21992143658810193, -18.38928170594837042, -6.049999999999999822 ) ) ;
#1019 = VECTOR ( 'NONE', #6075, 1000.000000000000114 ) ;
#1020 = DIRECTION ( 'NONE',  ( 0.000000000000000000, 0.000000000000000000, -1.000000000000000000 ) ) ;
#1021 = VECTOR ( 'NONE', #1501, 1000.000000000000000 ) ;
#1022 = DIRECTION ( 'NONE',  ( -0.8891580715061677687, -0.4576001790596597729, 0.000000000000000000 ) ) ;
#1023 = EDGE_CURVE ( 'NONE', #903, #8069, #6411, .T. ) ;
#1024 = DIRECTION ( 'NONE',  ( 0.9773662012373658392, -0.2115545052199097609, 0.000000000000000000 ) ) ;
#1025 = LINE ( 'NONE', #7170, #1758 ) ;
#1026 = ORIENTED_EDGE ( 'NONE', *, *, #1175, .F. ) ;
#1027 = AXIS2_PLACEMENT_3D ( 'NONE', #1133, #2694, #1180 ) ;
#1028 = VERTEX_POINT ( 'NONE', #4903 ) ;
#1029 = VECTOR ( 'NONE', #8103, 1000.000000000000114 ) ;
#1030 = DIRECTION ( 'NONE',  ( -0.5558228678560301894, 0.8313007515744815779, 0.000000000000000000 ) ) ;
#1031 = CARTESIAN_POINT ( 'NONE',  ( 0.000000000000000000, -50.00000000000000000, 0.000000000000000000 ) ) ;
#1032 = PLANE ( 'NONE',  #6499 ) ;
#1033 = DIRECTION ( 'NONE',  ( 0.3695050658254896425, 0.9292287158333520924, -0.000000000000000000 ) ) ;
#1034 = DIRECTION ( 'NONE',  ( -0.05376086578681478489, -0.9985538389640551404, 0.000000000000000000 ) ) ;
#1035 = DIRECTION ( 'NONE',  ( 0.000000000000000000, -0.000000000000000000, 1.000000000000000000 ) ) ;
#1036 = EDGE_CURVE ( 'NONE', #8586, #1069, #3389, .T. ) ;
#1037 = AXIS2_PLACEMENT_3D ( 'NONE', #7964, #1062, #5796 ) ;
#1038 = CARTESIAN_POINT ( 'NONE',  ( 16.29898989898989825, -12.92727272727272769, -6.049999999999999822 ) ) ;
#1039 = VECTOR ( 'NONE', #8855, 1000.000000000000000 ) ;
#1040 = LINE ( 'NONE', #3361, #617 ) ;
#1041 = EDGE_CURVE ( 'NONE', #6233, #7131, #8880, .T. ) ;
#1042 = ORIENTED_EDGE ( 'NONE', *, *, #6335, .T. ) ;
#1043 = VERTEX_POINT ( 'NONE', #8928 ) ;
#1044 = LINE ( 'NONE', #7129, #8766 ) ;
#1045 = VECTOR ( 'NONE', #9018, 1000.000000000000114 ) ;
#1046 = CARTESIAN_POINT ( 'NONE',  ( 22.92727272727272947, -11.51717171717171695, -6.049999999999999822 ) ) ;
#1047 = EDGE_CURVE ( 'NONE', #6144, #1929, #6842, .T. ) ;
#1049 = VECTOR ( 'NONE', #6615, 1000.000000000000000 ) ;
#1048 = CARTESIAN_POINT ( 'NONE',  ( 13.87676767676767753, -11.05656565656565604, -6.049999999999999822 ) ) ;
#1050 = LINE ( 'NONE', #241, #1696 ) ;
#1051 = CARTESIAN_POINT ( 'NONE',  ( 16.11666666666666714, -18.15404040404040487, -6.049999999999999822 ) ) ;
#1052 = EDGE_CURVE ( 'NONE', #5896, #1322, #7650, .T. ) ;
#1053 = VECTOR ( 'NONE', #1747, 1000.000000000000114 ) ;
#1054 = DIRECTION ( 'NONE',  ( 0.3442253320096304026, 0.9388870649885745490, 0.000000000000000000 ) ) ;
#1055 = ORIENTED_EDGE ( 'NONE', *, *, #5715, .F. ) ;
#1056 = DIRECTION ( 'NONE',  ( -0.3454033315658215364, -0.9384543348204168467, 0.000000000000000000 ) ) ;
#1057 = VERTEX_POINT ( 'NONE', #6608 ) ;
#1058 = ORIENTED_EDGE ( 'NONE', *, *, #4110, .T. ) ;
#1059 = EDGE_CURVE ( 'NONE', #765, #78, #6088, .T. ) ;
#1060 = ORIENTED_EDGE ( 'NONE', *, *, #2896, .F. ) ;
#1061 = VECTOR ( 'NONE', #1557, 1000.000000000000227 ) ;
#1062 = DIRECTION ( 'NONE',  ( 0.9855154858157527675, 0.1695854569747677343, 0.000000000000000000 ) ) ;
#1063 = PLANE ( 'NONE',  #5114 ) ;
#1064 = CARTESIAN_POINT ( 'NONE',  ( 19.07811447811447891, -18.26644219977553263, -6.049999999999999822 ) ) ;
#1065 = VECTOR ( 'NONE', #9449, 1000.000000000000000 ) ;
#1066 = ORIENTED_EDGE ( 'NONE', *, *, #9797, .F. ) ;
#1067 = ORIENTED_EDGE ( 'NONE', *, *, #8204, .F. ) ;
#1068 = ORIENTED_EDGE ( 'NONE', *, *, #7428, .F. ) ;
#1069 = VERTEX_POINT ( 'NONE', #513 ) ;
#1070 = DIRECTION ( 'NONE',  ( 1.000000000000000000, 0.000000000000000000, 0.000000000000000000 ) ) ;
#1071 = ORIENTED_EDGE ( 'NONE', *, *, #3493, .F. ) ;
#1072 = CARTESIAN_POINT ( 'NONE',  ( 15.66868686868686922, -12.12020202020202042, -6.349999999999999645 ) ) ;
#1073 = LINE ( 'NONE', #8633, #3598 ) ;
#1074 = DIRECTION ( 'NONE',  ( -0.9523295926222224983, 0.3050710524058155015, 0.000000000000000000 ) ) ;
#1075 = VECTOR ( 'NONE', #2489, 1000.000000000000000 ) ;
#1076 = DIRECTION ( 'NONE',  ( 0.4453674303657227940, -0.8953478943792927414, 0.000000000000000000 ) ) ;
#1077 = CARTESIAN_POINT ( 'NONE',  ( 17.74837261503928332, -12.86397306397306295, -6.049999999999999822 ) ) ;
#1078 = CARTESIAN_POINT ( 'NONE',  ( 16.74545454545454604, -18.79685746352413389, -6.049999999999999822 ) ) ;
#1079 = VERTEX_POINT ( 'NONE', #3766 ) ;
#1080 = VECTOR ( 'NONE', #2712, 1000.000000000000114 ) ;
#1081 = VERTEX_POINT ( 'NONE', #2080 ) ;
#1082 = CARTESIAN_POINT ( 'NONE',  ( 15.66868686868686922, -12.12020202020202042, -6.049999999999999822 ) ) ;
#1083 = LINE ( 'NONE', #7273, #678 ) ;
#1084 = DIRECTION ( 'NONE',  ( 0.000000000000000000, -1.000000000000000000, 0.000000000000000000 ) ) ;
#1085 =( LENGTH_UNIT ( ) NAMED_UNIT ( * ) SI_UNIT ( .MILLI., .METRE. ) );
#1086 = CARTESIAN_POINT ( 'NONE',  ( 16.05858585858585741, -17.69090909090909136, -6.049999999999999822 ) ) ;
#1087 = DIRECTION ( 'NONE',  ( 0.000000000000000000, 0.000000000000000000, -1.000000000000000000 ) ) ;
#1088 = CARTESIAN_POINT ( 'NONE',  ( 17.79595959595959442, -11.74747474747474740, -6.049999999999999822 ) ) ;
#1089 = CARTESIAN_POINT ( 'NONE',  ( 17.24601571268237876, -17.71425364758698251, -6.349999999999999645 ) ) ;
#1090 = VECTOR ( 'NONE', #4346, 1000.000000000000000 ) ;
#1091 = ORIENTED_EDGE ( 'NONE', *, *, #8420, .T. ) ;
#1092 = VERTEX_POINT ( 'NONE', #9680 ) ;
#1093 = CARTESIAN_POINT ( 'NONE',  ( 23.04848484848484702, -13.73939393939394016, -6.049999999999999822 ) ) ;
#1094 = EDGE_CURVE ( 'NONE', #8864, #3037, #5048, .T. ) ;
#1095 = LINE ( 'NONE', #8807, #3261 ) ;
#1096 = CARTESIAN_POINT ( 'NONE',  ( 17.53585858585858404, -18.88434343434343532, -6.049999999999999822 ) ) ;
#1097 = EDGE_CURVE ( 'NONE', #9869, #4787, #4292, .T. ) ;
#1098 = VECTOR ( 'NONE', #7516, 999.9999999999998863 ) ;
#1099 = AXIS2_PLACEMENT_3D ( 'NONE', #5334, #6899, #1559 ) ;
#1100 = LINE ( 'NONE', #7241, #5559 ) ;
#1101 = LINE ( 'NONE', #8662, #1229 ) ;
#1102 = EDGE_CURVE ( 'NONE', #3562, #458, #4386, .T. ) ;
#1103 = DIRECTION ( 'NONE',  ( 0.000000000000000000, 0.000000000000000000, -1.000000000000000000 ) ) ;
#1104 = ORIENTED_EDGE ( 'NONE', *, *, #4420, .T. ) ;
#1105 = AXIS2_PLACEMENT_3D ( 'NONE', #784, #3853, #6922 ) ;
#1106 = FACE_OUTER_BOUND ( 'NONE', #5046, .T. ) ;
#1107 = VERTEX_POINT ( 'NONE', #8403 ) ;
#1108 = ORIENTED_EDGE ( 'NONE', *, *, #2896, .T. ) ;
#1109 = ORIENTED_EDGE ( 'NONE', *, *, #4177, .T. ) ;
#1110 = CARTESIAN_POINT ( 'NONE',  ( 15.17766554433221060, -12.82390572390572281, -6.049999999999999822 ) ) ;
#1111 = EDGE_CURVE ( 'NONE', #9529, #765, #52, .T. ) ;
#1112 = CARTESIAN_POINT ( 'NONE',  ( 18.95690235690235781, -18.74859708193041641, -6.349999999999999645 ) ) ;
#1113 = EDGE_CURVE ( 'NONE', #3975, #1869, #5100, .T. ) ;
#1114 = VECTOR ( 'NONE', #6525, 1000.000000000000227 ) ;
#1115 = CARTESIAN_POINT ( 'NONE',  ( 19.76999999999999957, -31.39999999999999858, -6.349999999999999645 ) ) ;
#1116 = EDGE_CURVE ( 'NONE', #5634, #6854, #1317, .T. ) ;
#1117 = EDGE_CURVE ( 'NONE', #29, #1724, #3535, .T. ) ;
#1118 = ORIENTED_EDGE ( 'NONE', *, *, #2340, .F. ) ;
#1119 = VERTEX_POINT ( 'NONE', #7463 ) ;
#1120 = ORIENTED_EDGE ( 'NONE', *, *, #3755, .T. ) ;
#1121 = ORIENTED_EDGE ( 'NONE', *, *, #3314, .T. ) ;
#1122 = ORIENTED_EDGE ( 'NONE', *, *, #1526, .T. ) ;
#1123 = DIRECTION ( 'NONE',  ( 0.000000000000000000, 1.000000000000000000, 0.000000000000000000 ) ) ;
#1124 = CARTESIAN_POINT ( 'NONE',  ( 9.052525252525253308, -16.11515151515151700, -6.349999999999999645 ) ) ;
#1125 = DIRECTION ( 'NONE',  ( 0.000000000000000000, 0.000000000000000000, -1.000000000000000000 ) ) ;
#1126 = DIRECTION ( 'NONE',  ( -0.000000000000000000, -0.000000000000000000, -1.000000000000000000 ) ) ;
#1127 = DIRECTION ( 'NONE',  ( 0.2972041278335288972, -0.9548139642876570798, -0.000000000000000000 ) ) ;
#1128 = CARTESIAN_POINT ( 'NONE',  ( 17.74837261503928332, -12.86397306397306295, -6.049999999999999822 ) ) ;
#1129 = EDGE_LOOP ( 'NONE', ( #3484, #3418, #7974, #3223 ) ) ;
#1130 = EDGE_LOOP ( 'NONE', ( #2850, #5550, #7157, #5794 ) ) ;
#1131 = CARTESIAN_POINT ( 'NONE',  ( 12.76969696969696955, -18.07878787878787818, -6.049999999999999822 ) ) ;
#1132 = PLANE ( 'NONE',  #3724 ) ;
#1133 = CARTESIAN_POINT ( 'NONE',  ( 16.06352413019079606, -13.91133557800224452, -6.049999999999999822 ) ) ;
#1134 = CARTESIAN_POINT ( 'NONE',  ( 0.000000000000000000, 0.000000000000000000, -4.349999999999999645 ) ) ;
#1135 = DIRECTION ( 'NONE',  ( 0.8729279736418074087, 0.4878491086735816662, 0.000000000000000000 ) ) ;
#1136 = DIRECTION ( 'NONE',  ( 0.8244574813391325474, -0.5659239007710612501, 0.000000000000000000 ) ) ;
#1137 = DIRECTION ( 'NONE',  ( -0.2259865018656418700, 0.9741304332452251913, 0.000000000000000000 ) ) ;
#1138 = DIRECTION ( 'NONE',  ( -0.8684112108460937396, 0.4958447023784982033, 0.000000000000000000 ) ) ;
#1139 = ORIENTED_EDGE ( 'NONE', *, *, #5784, .F. ) ;
#1140 = ORIENTED_EDGE ( 'NONE', *, *, #5472, .T. ) ;
#1141 = CARTESIAN_POINT ( 'NONE',  ( 17.94287317620651123, -17.93265993265993430, -6.049999999999999822 ) ) ;
#1142 = CARTESIAN_POINT ( 'NONE',  ( 15.72727272727272840, -11.11313131313131208, -6.049999999999999822 ) ) ;
#1143 = CARTESIAN_POINT ( 'NONE',  ( 34.00000000000000000, -54.00000000000000000, -4.349999999999999645 ) ) ;
#1144 = FACE_OUTER_BOUND ( 'NONE', #546, .T. ) ;
#1145 = CARTESIAN_POINT ( 'NONE',  ( 15.29797979797979757, -13.25757575757575779, -6.049999999999999822 ) ) ;
#1146 = EDGE_CURVE ( 'NONE', #8767, #172, #6655, .T. ) ;
#1147 = DIRECTION ( 'NONE',  ( 0.6850519247062387684, 0.7284942418827192734, 0.000000000000000000 ) ) ;
#1148 = ORIENTED_EDGE ( 'NONE', *, *, #2162, .F. ) ;
#1149 = CARTESIAN_POINT ( 'NONE',  ( 10.95432098765432016, -17.81290684624017828, -6.049999999999999822 ) ) ;
#1150 = ORIENTED_EDGE ( 'NONE', *, *, #257, .T. ) ;
#1151 = ORIENTED_EDGE ( 'NONE', *, *, #1146, .T. ) ;
#1152 = EDGE_LOOP ( 'NONE', ( #3088, #7700, #9662, #3219 ) ) ;
#1153 = LINE ( 'NONE', #4227, #3207 ) ;
#1154 = LINE ( 'NONE', #3527, #5703 ) ;
#1155 = EDGE_CURVE ( 'NONE', #3049, #3987, #5901, .T. ) ;
#1156 = EDGE_CURVE ( 'NONE', #1092, #5698, #2714, .T. ) ;
#1157 = EDGE_CURVE ( 'NONE', #39, #4026, #9616, .T. ) ;
#1158 = LINE ( 'NONE', #1115, #2857 ) ;
#1159 = EDGE_CURVE ( 'NONE', #5702, #8967, #7904, .T. ) ;
#1160 = ORIENTED_EDGE ( 'NONE', *, *, #4807, .T. ) ;
#1161 = ORIENTED_EDGE ( 'NONE', *, *, #139, .T. ) ;
#1162 = ORIENTED_EDGE ( 'NONE', *, *, #9296, .T. ) ;
#1163 = ORIENTED_EDGE ( 'NONE', *, *, #7715, .T. ) ;
#1164 = ORIENTED_EDGE ( 'NONE', *, *, #9775, .T. ) ;
#1165 = CARTESIAN_POINT ( 'NONE',  ( 7.331088664421997692, -14.91694725028058244, -6.349999999999999645 ) ) ;
#1166 = DIRECTION ( 'NONE',  ( 0.000000000000000000, 0.000000000000000000, -1.000000000000000000 ) ) ;
#1167 = EDGE_CURVE ( 'NONE', #2903, #7049, #9465, .T. ) ;
#1168 = LINE ( 'NONE', #5954, #8826 ) ;
#1169 = VECTOR ( 'NONE', #3311, 1000.000000000000341 ) ;
#1170 = LINE ( 'NONE', #8933, #5917 ) ;
#1171 = PLANE ( 'NONE',  #8664 ) ;
#1172 = EDGE_CURVE ( 'NONE', #8147, #4351, #8056, .T. ) ;
#1173 = EDGE_CURVE ( 'NONE', #5951, #5462, #9801, .T. ) ;
#1174 = VERTEX_POINT ( 'NONE', #8814 ) ;
#1175 = EDGE_CURVE ( 'NONE', #1313, #4169, #6545, .T. ) ;
#1176 = ORIENTED_EDGE ( 'NONE', *, *, #6448, .F. ) ;
#1177 = DIRECTION ( 'NONE',  ( 0.000000000000000000, 1.000000000000000000, 0.000000000000000000 ) ) ;
#1178 = VERTEX_POINT ( 'NONE', #9043 ) ;
#1179 = DIRECTION ( 'NONE',  ( 0.1261808605434605046, -0.9920072532156767320, 0.000000000000000000 ) ) ;
#1180 = DIRECTION ( 'NONE',  ( -0.9923626185315315151, 0.1233549080549366656, 0.000000000000000000 ) ) ;
#1181 = EDGE_CURVE ( 'NONE', #5267, #3495, #1001, .T. ) ;
#1182 = VECTOR ( 'NONE', #5499, 1000.000000000000000 ) ;
#1183 = CARTESIAN_POINT ( 'NONE',  ( 18.22334455667789044, -17.93063973063972938, -6.049999999999999822 ) ) ;
#1184 = CARTESIAN_POINT ( 'NONE',  ( 15.90202020202020172, -13.87373737373737370, -6.049999999999999822 ) ) ;
#1185 = FACE_OUTER_BOUND ( 'NONE', #4290, .T. ) ;
#1186 = CARTESIAN_POINT ( 'NONE',  ( 12.22020202020201829, -18.67497194163860996, -6.049999999999999822 ) ) ;
#1187 = DIRECTION ( 'NONE',  ( 0.8612603041751534239, 0.5081640369527561374, 0.000000000000000000 ) ) ;
#1188 = VECTOR ( 'NONE', #9112, 1000.000000000000000 ) ;
#1189 = VECTOR ( 'NONE', #5971, 1000.000000000000000 ) ;
#1190 = EDGE_LOOP ( 'NONE', ( #9025, #8208, #7026, #3432 ) ) ;
#1191 = EDGE_LOOP ( 'NONE', ( #6441, #103, #9881, #9420 ) ) ;
#1192 = CARTESIAN_POINT ( 'NONE',  ( -3.100000000000000533, 2.000000000000000000, -6.349999999999999645 ) ) ;
#1193 = CARTESIAN_POINT ( 'NONE',  ( 13.88888888888888928, -13.61010101010101003, -6.349999999999999645 ) ) ;
#1194 = LINE ( 'NONE', #4271, #6996 ) ;
#1195 = VECTOR ( 'NONE', #6370, 1000.000000000000000 ) ;
#1196 = VECTOR ( 'NONE', #5508, 1000.000000000000000 ) ;
#1197 = LINE ( 'NONE', #6590, #901 ) ;
#1198 = CARTESIAN_POINT ( 'NONE',  ( 14.85454545454545539, -16.07340067340067336, -6.349999999999999645 ) ) ;
#1199 = VECTOR ( 'NONE', #9026, 1000.000000000000000 ) ;
#1200 = VECTOR ( 'NONE', #8281, 1000.000000000000000 ) ;
#1201 = ORIENTED_EDGE ( 'NONE', *, *, #746, .F. ) ;
#1202 = CARTESIAN_POINT ( 'NONE',  ( 21.14949494949495445, -17.44040404040404013, -6.049999999999999822 ) ) ;
#1203 = VERTEX_POINT ( 'NONE', #8764 ) ;
#1204 = ORIENTED_EDGE ( 'NONE', *, *, #1800, .T. ) ;
#1205 = VERTEX_POINT ( 'NONE', #8863 ) ;
#1206 = CARTESIAN_POINT ( 'NONE',  ( 17.64646464646464707, -17.93333333333333357, -6.049999999999999822 ) ) ;
#1207 = CARTESIAN_POINT ( 'NONE',  ( 16.05858585858585741, -14.27272727272727337, -6.349999999999999645 ) ) ;
#1208 = AXIS2_PLACEMENT_3D ( 'NONE', #1407, #6746, #4481 ) ;
#1209 = DIRECTION ( 'NONE',  ( 0.7743585062527301721, 0.6327471088784527575, 0.000000000000000000 ) ) ;
#1210 = VERTEX_POINT ( 'NONE', #8240 ) ;
#1211 = ORIENTED_EDGE ( 'NONE', *, *, #4327, .F. ) ;
#1212 = VECTOR ( 'NONE', #42, 1000.000000000000000 ) ;
#1213 = ORIENTED_EDGE ( 'NONE', *, *, #9194, .T. ) ;
#1214 = ORIENTED_EDGE ( 'NONE', *, *, #1472, .T. ) ;
#1215 = ADVANCED_FACE ( 'NONE', ( #1913 ), #6438, .F. ) ;
#1216 = ORIENTED_EDGE ( 'NONE', *, *, #4011, .F. ) ;
#1217 = CARTESIAN_POINT ( 'NONE',  ( 16.11515151515151700, -12.23232323232323182, -6.349999999999999645 ) ) ;
#1218 = CARTESIAN_POINT ( 'NONE',  ( 7.648484848484848442, -17.46464646464646364, -6.349999999999999645 ) ) ;
#1219 = CARTESIAN_POINT ( 'NONE',  ( 15.90202020202020172, -13.87373737373737370, -6.349999999999999645 ) ) ;
#1220 = EDGE_CURVE ( 'NONE', #3746, #9403, #4126, .T. ) ;
#1221 = AXIS2_PLACEMENT_3D ( 'NONE', #7939, #7032, #1035 ) ;
#1222 = DIRECTION ( 'NONE',  ( -0.9999740602608916396, -0.007202694311612089367, 0.000000000000000000 ) ) ;
#1223 = CARTESIAN_POINT ( 'NONE',  ( 15.90213243546576649, -12.17946127946127888, -6.049999999999999822 ) ) ;
#1224 = EDGE_CURVE ( 'NONE', #9804, #5034, #4988, .T. ) ;
#1225 = ORIENTED_EDGE ( 'NONE', *, *, #9303, .F. ) ;
#1226 = VERTEX_POINT ( 'NONE', #5166 ) ;
#1227 = LINE ( 'NONE', #4350, #5713 ) ;
#1228 = VERTEX_POINT ( 'NONE', #9563 ) ;
#1229 = VECTOR ( 'NONE', #4123, 1000.000000000000000 ) ;
#1230 = DIRECTION ( 'NONE',  ( 0.1800247790133650827, -0.9836620755834745156, 0.000000000000000000 ) ) ;
#1231 = FACE_OUTER_BOUND ( 'NONE', #351, .T. ) ;
#1232 = DIRECTION ( 'NONE',  ( -0.000000000000000000, 1.000000000000000000, 0.000000000000000000 ) ) ;
#1233 = EDGE_CURVE ( 'NONE', #1915, #1889, #2568, .T. ) ;
#1234 = DIRECTION ( 'NONE',  ( -0.9739559108565346568, 0.2267374775100444717, 0.000000000000000000 ) ) ;
#1235 = CARTESIAN_POINT ( 'NONE',  ( 9.788888888888887863, -18.47070707070707130, -6.349999999999999645 ) ) ;
#1236 = LINE ( 'NONE', #4311, #2208 ) ;
#1237 = LINE ( 'NONE', #6773, #9943 ) ;
#1238 = VECTOR ( 'NONE', #2410, 1000.000000000000000 ) ;
#1239 = EDGE_CURVE ( 'NONE', #7293, #5215, #1333, .T. ) ;
#1240 = ADVANCED_FACE ( 'NONE', ( #7141 ), #587, .T. ) ;
#1241 = ORIENTED_EDGE ( 'NONE', *, *, #8610, .F. ) ;
#1242 = ORIENTED_EDGE ( 'NONE', *, *, #6582, .F. ) ;
#1243 = FACE_OUTER_BOUND ( 'NONE', #3082, .T. ) ;
#1244 = LINE ( 'NONE', #3513, #3105 ) ;
#1245 = CARTESIAN_POINT ( 'NONE',  ( 15.90213243546576649, -12.17946127946127888, -6.349999999999999645 ) ) ;
#1246 = VECTOR ( 'NONE', #6622, 1000.000000000000227 ) ;
#1247 = CARTESIAN_POINT ( 'NONE',  ( 10.72525252525252526, -15.12121212121212288, -6.049999999999999822 ) ) ;
#1248 = CARTESIAN_POINT ( 'NONE',  ( 7.222222222222222321, -18.34747474747474882, -6.349999999999999645 ) ) ;
#1249 = VECTOR ( 'NONE', #8840, 1000.000000000000000 ) ;
#1250 = ORIENTED_EDGE ( 'NONE', *, *, #8296, .T. ) ;
#1251 = CARTESIAN_POINT ( 'NONE',  ( 16.11666666666666714, -18.15404040404040487, -6.349999999999999645 ) ) ;
#1252 = ORIENTED_EDGE ( 'NONE', *, *, #2894, .T. ) ;
#1253 = VECTOR ( 'NONE', #875, 1000.000000000000000 ) ;
#1254 = EDGE_LOOP ( 'NONE', ( #4190, #2273, #6269, #159 ) ) ;
#1255 = LINE ( 'NONE', #5942, #882 ) ;
#1256 = VECTOR ( 'NONE', #9119, 1000.000000000000227 ) ;
#1257 = EDGE_LOOP ( 'NONE', ( #2401, #798, #5802, #4522 ) ) ;
#1258 = LINE ( 'NONE', #550, #1761 ) ;
#1259 = DIRECTION ( 'NONE',  ( -0.000000000000000000, -1.000000000000000000, -0.000000000000000000 ) ) ;
#1260 = DIRECTION ( 'NONE',  ( 0.000000000000000000, 0.000000000000000000, -1.000000000000000000 ) ) ;
#1261 = AXIS2_PLACEMENT_3D ( 'NONE', #1223, #422, #8841 ) ;
#1262 = ORIENTED_EDGE ( 'NONE', *, *, #1597, .T. ) ;
#1263 = ORIENTED_EDGE ( 'NONE', *, *, #1047, .F. ) ;
#1264 = ORIENTED_EDGE ( 'NONE', *, *, #3600, .F. ) ;
#1265 = VERTEX_POINT ( 'NONE', #5638 ) ;
#1266 = EDGE_LOOP ( 'NONE', ( #4348, #787, #8116, #8456 ) ) ;
#1267 = DIRECTION ( 'NONE',  ( 0.000000000000000000, 0.000000000000000000, -1.000000000000000000 ) ) ;
#1268 = PLANE ( 'NONE',  #4902 ) ;
#1269 = PRESENTATION_LAYER_ASSIGNMENT (  '', '', ( #9798 ) ) ;
#1270 = DIRECTION ( 'NONE',  ( 0.000000000000000000, 1.000000000000000000, 0.000000000000000000 ) ) ;
#1271 = DIRECTION ( 'NONE',  ( -0.8755005630943691886, 0.4832170982296077888, 0.000000000000000000 ) ) ;
#1272 = EDGE_CURVE ( 'NONE', #1448, #5307, #2666, .T. ) ;
#1273 = CARTESIAN_POINT ( 'NONE',  ( 17.64646464646464707, -17.93333333333333357, -6.349999999999999645 ) ) ;
#1274 = ORIENTED_EDGE ( 'NONE', *, *, #8734, .F. ) ;
#1275 = EDGE_CURVE ( 'NONE', #6549, #8924, #7244, .T. ) ;
#1276 = ORIENTED_EDGE ( 'NONE', *, *, #3734, .T. ) ;
#1277 = CARTESIAN_POINT ( 'NONE',  ( 16.54747474747474811, -18.70303030303030312, -6.349999999999999645 ) ) ;
#1278 = ORIENTED_EDGE ( 'NONE', *, *, #2576, .T. ) ;
#1279 = CARTESIAN_POINT ( 'NONE',  ( 8.526374859708193199, -15.04130190796857391, -6.049999999999999822 ) ) ;
#1280 = DIRECTION ( 'NONE',  ( 0.7754058937410097663, -0.6314631421957307422, 0.000000000000000000 ) ) ;
#1281 = DIRECTION ( 'NONE',  ( 0.000000000000000000, -0.000000000000000000, 1.000000000000000000 ) ) ;
#1282 = LINE ( 'NONE', #5966, #565 ) ;
#1283 = ADVANCED_FACE ( 'NONE', ( #8710 ), #1809, .F. ) ;
#1284 = CARTESIAN_POINT ( 'NONE',  ( 15.31515151515151452, -12.02626262626262665, -6.049999999999999822 ) ) ;
#1285 = DIRECTION ( 'NONE',  ( -0.000000000000000000, -0.000000000000000000, 1.000000000000000000 ) ) ;
#1286 = DIRECTION ( 'NONE',  ( 0.9271046430746612277, 0.3748025890911174662, 0.000000000000000000 ) ) ;
#1287 = EDGE_CURVE ( 'NONE', #7421, #3474, #9516, .T. ) ;
#1288 = ADVANCED_FACE ( 'NONE', ( #9417 ), #6490, .T. ) ;
#1289 = EDGE_CURVE ( 'NONE', #3164, #3889, #306, .T. ) ;
#1290 = VERTEX_POINT ( 'NONE', #1003 ) ;
#1291 = ORIENTED_EDGE ( 'NONE', *, *, #2541, .F. ) ;
#1292 = CARTESIAN_POINT ( 'NONE',  ( 7.489337822671154221, -15.37081930415263642, -6.049999999999999822 ) ) ;
#1293 = DIRECTION ( 'NONE',  ( -0.4130437824993967166, 0.9107111692180958062, 0.000000000000000000 ) ) ;
#1294 = DIRECTION ( 'NONE',  ( 0.000000000000000000, 0.000000000000000000, -1.000000000000000000 ) ) ;
#1295 = EDGE_CURVE ( 'NONE', #1563, #5217, #9567, .T. ) ;
#1296 = DIRECTION ( 'NONE',  ( 0.000000000000000000, 0.000000000000000000, -1.000000000000000000 ) ) ;
#1297 = DIRECTION ( 'NONE',  ( 0.000000000000000000, 0.000000000000000000, 1.000000000000000000 ) ) ;
#1298 = EDGE_CURVE ( 'NONE', #3119, #9355, #2517, .T. ) ;
#1299 = ADVANCED_FACE ( 'NONE', ( #5741 ), #8768, .T. ) ;
#1300 = ORIENTED_EDGE ( 'NONE', *, *, #9494, .T. ) ;
#1301 = EDGE_CURVE ( 'NONE', #1174, #8356, #4940, .T. ) ;
#1302 = CARTESIAN_POINT ( 'NONE',  ( 15.31515151515151452, -12.02626262626262665, -6.049999999999999822 ) ) ;
#1303 = ORIENTED_EDGE ( 'NONE', *, *, #3943, .T. ) ;
#1304 = VERTEX_POINT ( 'NONE', #4071 ) ;
#1305 = CARTESIAN_POINT ( 'NONE',  ( 32.00000000000000000, -52.00000000000000711, -4.349999999999999645 ) ) ;
#1306 = ORIENTED_EDGE ( 'NONE', *, *, #2028, .T. ) ;
#1307 = LINE ( 'NONE', #8163, #7546 ) ;
#1308 = CARTESIAN_POINT ( 'NONE',  ( 12.76969696969696955, -18.07878787878787818, -6.349999999999999645 ) ) ;
#1309 = ADVANCED_FACE ( 'NONE', ( #4884 ), #8816, .T. ) ;
#1310 = LINE ( 'NONE', #9585, #8636 ) ;
#1311 = LINE ( 'NONE', #556, #5283 ) ;
#1312 = VERTEX_POINT ( 'NONE', #3374 ) ;
#1313 = VERTEX_POINT ( 'NONE', #7805 ) ;
#1314 = ORIENTED_EDGE ( 'NONE', *, *, #4995, .F. ) ;
#1315 = ORIENTED_EDGE ( 'NONE', *, *, #8186, .T. ) ;
#1316 = ORIENTED_EDGE ( 'NONE', *, *, #2818, .T. ) ;
#1317 = LINE ( 'NONE', #4343, #3426 ) ;
#1318 = DIRECTION ( 'NONE',  ( -0.8884380077421958344, 0.4589966300519839892, 0.000000000000000000 ) ) ;
#1319 = LINE ( 'NONE', #7465, #931 ) ;
#1320 = DIRECTION ( 'NONE',  ( 0.000000000000000000, 0.000000000000000000, -1.000000000000000000 ) ) ;
#1321 = LINE ( 'NONE', #1939, #6095 ) ;
#1322 = VERTEX_POINT ( 'NONE', #904 ) ;
#1323 = ORIENTED_EDGE ( 'NONE', *, *, #6197, .T. ) ;
#1324 = CARTESIAN_POINT ( 'NONE',  ( 17.00162738496071668, -18.85202020202020279, -6.049999999999999822 ) ) ;
#1325 = VERTEX_POINT ( 'NONE', #1763 ) ;
#1326 = CARTESIAN_POINT ( 'NONE',  ( 16.16184062850729575, -18.27901234567901412, -6.049999999999999822 ) ) ;
#1327 = DIRECTION ( 'NONE',  ( -0.9396136777133679008, 0.3422369598011866798, 0.000000000000000000 ) ) ;
#1328 = DIRECTION ( 'NONE',  ( 0.000000000000000000, 0.000000000000000000, -1.000000000000000000 ) ) ;
#1329 = PLANE ( 'NONE',  #8288 ) ;
#1330 = DIRECTION ( 'NONE',  ( 0.2610243649200004179, 0.9653322127216674708, 0.000000000000000000 ) ) ;
#1331 = DIRECTION ( 'NONE',  ( 0.9830529640241879585, -0.1833217660924597314, 0.000000000000000000 ) ) ;
#1332 = DIRECTION ( 'NONE',  ( 0.3748025890911174662, -0.9271046430746612277, 0.000000000000000000 ) ) ;
#1333 = LINE ( 'NONE', #4408, #6812 ) ;
#1334 = VECTOR ( 'NONE', #4320, 1000.000000000000000 ) ;
#1335 = VERTEX_POINT ( 'NONE', #3971 ) ;
#1336 = VECTOR ( 'NONE', #1267, 1000.000000000000000 ) ;
#1337 = ORIENTED_EDGE ( 'NONE', *, *, #8021, .T. ) ;
#1338 = LINE ( 'NONE', #8955, #1517 ) ;
#1339 = DIRECTION ( 'NONE',  ( -0.9990114609012248348, 0.04445335744351251728, 0.000000000000000000 ) ) ;
#1340 = DIRECTION ( 'NONE',  ( 0.4614653667688512484, -0.8871582244858522426, 0.000000000000000000 ) ) ;
#1341 = ADVANCED_FACE ( 'NONE', ( #7048 ), #2570, .T. ) ;
#1342 = DIRECTION ( 'NONE',  ( 0.000000000000000000, 0.000000000000000000, -1.000000000000000000 ) ) ;
#1343 = VECTOR ( 'NONE', #3657, 1000.000000000000000 ) ;
#1344 = EDGE_CURVE ( 'NONE', #1474, #7807, #4832, .T. ) ;
#1345 = AXIS2_PLACEMENT_3D ( 'NONE', #4619, #1394, #6827 ) ;
#1346 = DIRECTION ( 'NONE',  ( -0.9963250278704888219, 0.08565301418438023284, 0.000000000000000000 ) ) ;
#1347 = VECTOR ( 'NONE', #7294, 1000.000000000000000 ) ;
#1348 = ADVANCED_FACE ( 'NONE', ( #1106 ), #7906, .F. ) ;
#1349 = ORIENTED_EDGE ( 'NONE', *, *, #1604, .F. ) ;
#1350 = LINE ( 'NONE', #9811, #219 ) ;
#1351 = VECTOR ( 'NONE', #2437, 1000.000000000000000 ) ;
#1352 = ORIENTED_EDGE ( 'NONE', *, *, #5279, .F. ) ;
#1353 = ORIENTED_EDGE ( 'NONE', *, *, #8060, .F. ) ;
#1355 = VECTOR ( 'NONE', #6825, 1000.000000000000000 ) ;
#1354 = PLANE ( 'NONE',  #4243 ) ;
#1356 = VERTEX_POINT ( 'NONE', #6440 ) ;
#1357 = CARTESIAN_POINT ( 'NONE',  ( 19.07811447811447891, -18.26644219977553263, -6.049999999999999822 ) ) ;
#1358 = DIRECTION ( 'NONE',  ( 0.2482181907691043965, -0.9687041497646804444, 0.000000000000000000 ) ) ;
#1359 = ADVANCED_FACE ( 'NONE', ( #4129 ), #4181, .T. ) ;
#1360 = CARTESIAN_POINT ( 'NONE',  ( 7.581818181818182012, -19.00000000000000000, -6.049999999999999822 ) ) ;
#1361 = VECTOR ( 'NONE', #2674, 1000.000000000000000 ) ;
#1362 = CARTESIAN_POINT ( 'NONE',  ( 23.04848484848484702, -13.73939393939394016, -6.049999999999999822 ) ) ;
#1363 = VECTOR ( 'NONE', #2089, 1000.000000000000227 ) ;
#1364 = EDGE_CURVE ( 'NONE', #7746, #1304, #7094, .T. ) ;
#1365 = ORIENTED_EDGE ( 'NONE', *, *, #6318, .T. ) ;
#1366 = ORIENTED_EDGE ( 'NONE', *, *, #5670, .T. ) ;
#1367 = ORIENTED_EDGE ( 'NONE', *, *, #5241, .T. ) ;
#1368 = ORIENTED_EDGE ( 'NONE', *, *, #2266, .T. ) ;
#1369 = AXIS2_PLACEMENT_3D ( 'NONE', #1531, #5457, #9945 ) ;
#1370 = LINE ( 'NONE', #7515, #7638 ) ;
#1371 = VECTOR ( 'NONE', #1942, 1000.000000000000114 ) ;
#1372 = LINE ( 'NONE', #1219, #297 ) ;
#1373 = DIRECTION ( 'NONE',  ( 0.8190515356351851795, -0.5737199508241325185, 0.000000000000000000 ) ) ;
#1374 = LINE ( 'NONE', #9783, #3360 ) ;
#1375 = VECTOR ( 'NONE', #7598, 1000.000000000000000 ) ;
#1376 = ORIENTED_EDGE ( 'NONE', *, *, #9494, .F. ) ;
#1377 = EDGE_LOOP ( 'NONE', ( #4797, #7434, #6506, #8506 ) ) ;
#1378 = CARTESIAN_POINT ( 'NONE',  ( 18.99191919191919098, -18.59506172839506277, -6.349999999999999645 ) ) ;
#1379 = ORIENTED_EDGE ( 'NONE', *, *, #7688, .F. ) ;
#1380 = FACE_OUTER_BOUND ( 'NONE', #5362, .T. ) ;
#1381 = CARTESIAN_POINT ( 'NONE',  ( 16.11515151515151700, -12.23232323232323182, -6.049999999999999822 ) ) ;
#1382 = CARTESIAN_POINT ( 'NONE',  ( 0.8000000000000000444, -49.20000000000000284, 0.000000000000000000 ) ) ;
#1383 = DIRECTION ( 'NONE',  ( -0.8527795349786756463, 0.5222710644115312606, 0.000000000000000000 ) ) ;
#1384 = AXIS2_PLACEMENT_3D ( 'NONE', #2855, #3466, #2711 ) ;
#1385 = DIRECTION ( 'NONE',  ( 0.4005288483999243643, -0.9162841489403984463, 0.000000000000000000 ) ) ;
#1386 = CARTESIAN_POINT ( 'NONE',  ( 12.15286195286195259, -14.69113355780022445, -6.349999999999999645 ) ) ;
#1387 = CARTESIAN_POINT ( 'NONE',  ( 15.77216610549943709, -12.31537598204264938, -6.049999999999999822 ) ) ;
#1388 = ORIENTED_EDGE ( 'NONE', *, *, #731, .T. ) ;
#1389 = VECTOR ( 'NONE', #300, 999.9999999999998863 ) ;
#1390 = ORIENTED_EDGE ( 'NONE', *, *, #2591, .T. ) ;
#1391 = ORIENTED_EDGE ( 'NONE', *, *, #427, .T. ) ;
#1392 = DIRECTION ( 'NONE',  ( 0.9960081932592745879, 0.08926185613348951164, 0.000000000000000000 ) ) ;
#1393 = LINE ( 'NONE', #8956, #5842 ) ;
#1394 = DIRECTION ( 'NONE',  ( 0.2525348644412226951, 0.9675877956245900746, 0.000000000000000000 ) ) ;
#1395 = CARTESIAN_POINT ( 'NONE',  ( 10.06891133557800089, -16.39797979797979721, -6.049999999999999822 ) ) ;
#1396 = VECTOR ( 'NONE', #4274, 1000.000000000000114 ) ;
#1397 = LINE ( 'NONE', #8301, #3488 ) ;
#1398 = EDGE_CURVE ( 'NONE', #9723, #3641, #3267, .T. ) ;
#1399 = ORIENTED_EDGE ( 'NONE', *, *, #6633, .F. ) ;
#1400 = DIRECTION ( 'NONE',  ( 0.9733063200214976396, -0.2295099287747917605, 0.000000000000000000 ) ) ;
#1401 = EDGE_CURVE ( 'NONE', #2580, #6494, #1350, .T. ) ;
#1402 = VECTOR ( 'NONE', #1948, 1000.000000000000000 ) ;
#1403 = ORIENTED_EDGE ( 'NONE', *, *, #677, .F. ) ;
#1404 = ORIENTED_EDGE ( 'NONE', *, *, #984, .T. ) ;
#1405 = DIRECTION ( 'NONE',  ( 0.8847716713937368027, 0.4660247734821973964, 0.000000000000000000 ) ) ;
#1406 = CARTESIAN_POINT ( 'NONE',  ( 12.21750841750841765, -17.16924803591470194, -6.349999999999999645 ) ) ;
#1407 = CARTESIAN_POINT ( 'NONE',  ( 16.53423120089786735, -13.02424242424242351, -6.049999999999999822 ) ) ;
#1408 = CARTESIAN_POINT ( 'NONE',  ( 13.87676767676767753, -18.94343434343434396, -6.049999999999999822 ) ) ;
#1409 = EDGE_CURVE ( 'NONE', #9097, #9678, #2859, .T. ) ;
#1410 = CARTESIAN_POINT ( 'NONE',  ( 7.581818181818182012, -19.00000000000000000, -6.349999999999999645 ) ) ;
#1411 = VECTOR ( 'NONE', #8730, 1000.000000000000000 ) ;
#1412 = ORIENTED_EDGE ( 'NONE', *, *, #7927, .T. ) ;
#1413 = VECTOR ( 'NONE', #7356, 1000.000000000000000 ) ;
#1414 = ADVANCED_FACE ( 'NONE', ( #8962 ), #9758, .T. ) ;
#1415 = ORIENTED_EDGE ( 'NONE', *, *, #2452, .F. ) ;
#1416 = VERTEX_POINT ( 'NONE', #2910 ) ;
#1417 = EDGE_CURVE ( 'NONE', #9750, #6232, #7497, .T. ) ;
#1418 = EDGE_CURVE ( 'NONE', #8831, #963, #4424, .T. ) ;
#1419 = ORIENTED_EDGE ( 'NONE', *, *, #2233, .F. ) ;
#1420 = DIRECTION ( 'NONE',  ( -0.3909727303069033821, 0.9204022621421382722, 0.000000000000000000 ) ) ;
#1421 = LINE ( 'NONE', #816, #136 ) ;
#1422 = AXIS2_PLACEMENT_3D ( 'NONE', #2619, #8670, #4837 ) ;
#1423 = EDGE_CURVE ( 'NONE', #9909, #1495, #8908, .T. ) ;
#1424 = AXIS2_PLACEMENT_3D ( 'NONE', #6375, #5777, #6531 ) ;
#1425 = CARTESIAN_POINT ( 'NONE',  ( 16.11515151515151700, -12.23232323232323182, -6.049999999999999822 ) ) ;
#1426 = FACE_OUTER_BOUND ( 'NONE', #545, .T. ) ;
#1427 = EDGE_LOOP ( 'NONE', ( #4743, #7631, #521, #53 ) ) ;
#1428 = ORIENTED_EDGE ( 'NONE', *, *, #5050, .F. ) ;
#1429 = VECTOR ( 'NONE', #5396, 1000.000000000000000 ) ;
#1430 = DIRECTION ( 'NONE',  ( -0.9689710369548134583, 0.2471742898092630092, 0.000000000000000000 ) ) ;
#1431 = EDGE_LOOP ( 'NONE', ( #2516, #761, #4046, #7086 ) ) ;
#1432 = CARTESIAN_POINT ( 'NONE',  ( 21.14949494949495445, -16.71313131313131350, -6.049999999999999822 ) ) ;
#1433 = CARTESIAN_POINT ( 'NONE',  ( 17.79595959595959442, -11.00000000000000000, -6.049999999999999822 ) ) ;
#1434 = LINE ( 'NONE', #9488, #6728 ) ;
#1435 = CARTESIAN_POINT ( 'NONE',  ( 19.03232323232323253, -18.43434343434343248, -6.349999999999999645 ) ) ;
#1436 = DIRECTION ( 'NONE',  ( -0.2223603367690682453, -0.9749645535258942841, 0.000000000000000000 ) ) ;
#1437 = LINE ( 'NONE', #4510, #3169 ) ;
#1438 = VECTOR ( 'NONE', #5469, 1000.000000000000000 ) ;
#1439 = LINE ( 'NONE', #6163, #298 ) ;
#1440 = ORIENTED_EDGE ( 'NONE', *, *, #3397, .T. ) ;
#1441 = ORIENTED_EDGE ( 'NONE', *, *, #9477, .F. ) ;
#1442 = ORIENTED_EDGE ( 'NONE', *, *, #3704, .T. ) ;
#1443 = CARTESIAN_POINT ( 'NONE',  ( 12.21750841750841765, -17.16924803591470194, -6.049999999999999822 ) ) ;
#1444 = DIRECTION ( 'NONE',  ( -0.03900552091333166910, 0.9992389951049145402, 0.000000000000000000 ) ) ;
#1445 = CARTESIAN_POINT ( 'NONE',  ( 21.14949494949495445, -15.09696969696969759, -6.049999999999999822 ) ) ;
#1446 = DIRECTION ( 'NONE',  ( 0.000000000000000000, 0.000000000000000000, -1.000000000000000000 ) ) ;
#1447 = DIRECTION ( 'NONE',  ( 0.000000000000000000, 0.000000000000000000, -1.000000000000000000 ) ) ;
#1448 = VERTEX_POINT ( 'NONE', #6594 ) ;
#1449 = LINE ( 'NONE', #3010, #4081 ) ;
#1450 = VERTEX_POINT ( 'NONE', #2717 ) ;
#1451 = ORIENTED_EDGE ( 'NONE', *, *, #2360, .T. ) ;
#1452 = FACE_BOUND ( 'NONE', #6750, .T. ) ;
#1453 = DIRECTION ( 'NONE',  ( 0.000000000000000000, 0.000000000000000000, -1.000000000000000000 ) ) ;
#1454 = CARTESIAN_POINT ( 'NONE',  ( 18.92727272727272592, -18.89494949494949338, -6.349999999999999645 ) ) ;
#1455 = LINE ( 'NONE', #8360, #4597 ) ;
#1456 = EDGE_CURVE ( 'NONE', #3520, #5778, #9618, .T. ) ;
#1457 = DIRECTION ( 'NONE',  ( -0.9999960995783844231, -0.002792996243786162978, 0.000000000000000000 ) ) ;
#1458 = CARTESIAN_POINT ( 'NONE',  ( 7.888888888888886619, -17.32188552188552322, -6.049999999999999822 ) ) ;
#1459 = VERTEX_POINT ( 'NONE', #1959 ) ;
#1460 = DIRECTION ( 'NONE',  ( 0.000000000000000000, 0.000000000000000000, -1.000000000000000000 ) ) ;
#1461 = ORIENTED_EDGE ( 'NONE', *, *, #2155, .T. ) ;
#1462 = ORIENTED_EDGE ( 'NONE', *, *, #6960, .T. ) ;
#1463 = ORIENTED_EDGE ( 'NONE', *, *, #1960, .F. ) ;
#1464 = CARTESIAN_POINT ( 'NONE',  ( 16.96363636363636473, -12.42424242424242387, -6.349999999999999645 ) ) ;
#1465 = LINE ( 'NONE', #7562, #2397 ) ;
#1466 = EDGE_CURVE ( 'NONE', #3876, #9369, #498, .T. ) ;
#1467 = ADVANCED_FACE ( 'NONE', ( #5791 ), #4277, .F. ) ;
#1468 = PLANE ( 'NONE',  #6565 ) ;
#1469 = PLANE ( 'NONE',  #785 ) ;
#1470 = ORIENTED_EDGE ( 'NONE', *, *, #6774, .F. ) ;
#1471 = ORIENTED_EDGE ( 'NONE', *, *, #7710, .F. ) ;
#1472 = EDGE_CURVE ( 'NONE', #3497, #2573, #3563, .T. ) ;
#1473 = LINE ( 'NONE', #5306, #4099 ) ;
#1474 = VERTEX_POINT ( 'NONE', #1302 ) ;
#1475 = CARTESIAN_POINT ( 'NONE',  ( 18.73647586980920465, -17.92255892255892391, -6.349999999999999645 ) ) ;
#1476 = DIRECTION ( 'NONE',  ( 0.9698118476474546501, -0.2438544241194532669, 0.000000000000000000 ) ) ;
#1477 = VECTOR ( 'NONE', #1230, 1000.000000000000114 ) ;
#1478 = LINE ( 'NONE', #6159, #1253 ) ;
#1479 = DIRECTION ( 'NONE',  ( 1.000000000000000000, 0.000000000000000000, 0.000000000000000000 ) ) ;
#1480 = LINE ( 'NONE', #4552, #2040 ) ;
#1481 = ADVANCED_FACE ( 'NONE', ( #6635 ), #4223, .T. ) ;
#1482 = CARTESIAN_POINT ( 'NONE',  ( 14.67396184062850750, -15.46419753086419746, -6.049999999999999822 ) ) ;
#1483 = EDGE_CURVE ( 'NONE', #2639, #4235, #8865, .T. ) ;
#1484 = ADVANCED_FACE ( 'NONE', ( #7348 ), #2758, .T. ) ;
#1485 = PLANE ( 'NONE',  #3197 ) ;
#1486 = ORIENTED_EDGE ( 'NONE', *, *, #5608, .T. ) ;
#1487 = ORIENTED_EDGE ( 'NONE', *, *, #2649, .T. ) ;
#1488 = ADVANCED_FACE ( 'NONE', ( #3522 ), #5883, .T. ) ;
#1489 = ORIENTED_EDGE ( 'NONE', *, *, #2900, .T. ) ;
#1490 = LINE ( 'NONE', #3051, #2963 ) ;
#1491 = CARTESIAN_POINT ( 'NONE',  ( 17.22940516273849454, -18.87070707070706987, -6.049999999999999822 ) ) ;
#1492 = DIRECTION ( 'NONE',  ( 0.3909727303069033821, -0.9204022621421382722, 0.000000000000000000 ) ) ;
#1493 = CARTESIAN_POINT ( 'NONE',  ( 14.67396184062850750, -15.46419753086419746, -6.349999999999999645 ) ) ;
#1494 = CARTESIAN_POINT ( 'NONE',  ( 7.462850729517396253, -18.77306397306397301, -6.049999999999999822 ) ) ;
#1495 = VERTEX_POINT ( 'NONE', #5084 ) ;
#1496 = ORIENTED_EDGE ( 'NONE', *, *, #8545, .F. ) ;
#1497 = DIRECTION ( 'NONE',  ( 0.5019554406149285830, -0.8648934822491570751, 0.000000000000000000 ) ) ;
#1498 = VERTEX_POINT ( 'NONE', #4330 ) ;
#1499 = EDGE_LOOP ( 'NONE', ( #3386, #3296, #9623, #1442 ) ) ;
#1500 = FACE_BOUND ( 'NONE', #9936, .T. ) ;
#1501 = DIRECTION ( 'NONE',  ( -0.000000000000000000, -0.000000000000000000, -1.000000000000000000 ) ) ;
#1502 = CARTESIAN_POINT ( 'NONE',  ( 11.95353535353535435, -19.00000000000000000, -6.049999999999999822 ) ) ;
#1503 = VECTOR ( 'NONE', #5206, 1000.000000000000000 ) ;
#1504 = LINE ( 'NONE', #3065, #9744 ) ;
#1505 = CARTESIAN_POINT ( 'NONE',  ( 18.92727272727272592, -18.89494949494949338, -6.049999999999999822 ) ) ;
#1506 = DIRECTION ( 'NONE',  ( -0.8598217017376734717, -0.5105943999114475051, 0.000000000000000000 ) ) ;
#1507 = VECTOR ( 'NONE', #8098, 1000.000000000000000 ) ;
#1508 = AXIS2_PLACEMENT_3D ( 'NONE', #7444, #4371, #453 ) ;
#1509 = VERTEX_POINT ( 'NONE', #543 ) ;
#1510 = CARTESIAN_POINT ( 'NONE',  ( 0.000000000000000000, 0.000000000000000000, -6.049999999999999822 ) ) ;
#1511 = ORIENTED_EDGE ( 'NONE', *, *, #6197, .F. ) ;
#1512 = ORIENTED_EDGE ( 'NONE', *, *, #3820, .T. ) ;
#1513 = VERTEX_POINT ( 'NONE', #6689 ) ;
#1514 = CARTESIAN_POINT ( 'NONE',  ( 23.14545454545454461, -12.85858585858585990, -6.049999999999999822 ) ) ;
#1515 = FACE_OUTER_BOUND ( 'NONE', #7644, .T. ) ;
#1516 = VECTOR ( 'NONE', #1986, 1000.000000000000227 ) ;
#1517 = VECTOR ( 'NONE', #6681, 1000.000000000000114 ) ;
#1518 = CARTESIAN_POINT ( 'NONE',  ( 9.052525252525253308, -16.11515151515151700, -6.049999999999999822 ) ) ;
#1519 = LINE ( 'NONE', #2926, #9635 ) ;
#1520 = ORIENTED_EDGE ( 'NONE', *, *, #4842, .F. ) ;
#1521 = ADVANCED_FACE ( 'NONE', ( #2111 ), #5181, .T. ) ;
#1522 = VECTOR ( 'NONE', #355, 1000.000000000000000 ) ;
#1523 = ORIENTED_EDGE ( 'NONE', *, *, #4369, .T. ) ;
#1524 = VECTOR ( 'NONE', #5014, 1000.000000000000000 ) ;
#1525 = CARTESIAN_POINT ( 'NONE',  ( 13.99786756453423031, -13.96655443322110024, -6.049999999999999822 ) ) ;
#1526 = EDGE_CURVE ( 'NONE', #2730, #7732, #6034, .T. ) ;
#1527 = ORIENTED_EDGE ( 'NONE', *, *, #9053, .F. ) ;
#1528 = DIRECTION ( 'NONE',  ( 0.03203103337643598003, 0.9994868748016842996, 0.000000000000000000 ) ) ;
#1529 = PLANE ( 'NONE',  #2159 ) ;
#1530 = LINE ( 'NONE', #7623, #7534 ) ;
#1531 = CARTESIAN_POINT ( 'NONE',  ( 16.08439955106621611, -18.01436588103254621, -6.049999999999999822 ) ) ;
#1532 = CARTESIAN_POINT ( 'NONE',  ( 9.763636363636363669, -14.44242424242424150, -6.049999999999999822 ) ) ;
#1533 = VECTOR ( 'NONE', #1897, 1000.000000000000000 ) ;
#1534 = DIRECTION ( 'NONE',  ( 0.000000000000000000, 0.000000000000000000, -1.000000000000000000 ) ) ;
#1535 = EDGE_CURVE ( 'NONE', #4473, #7324, #9263, .T. ) ;
#1536 = CARTESIAN_POINT ( 'NONE',  ( 9.210101010101009678, -11.41414141414141525, -6.349999999999999645 ) ) ;
#1537 = ORIENTED_EDGE ( 'NONE', *, *, #3023, .T. ) ;
#1538 = VERTEX_POINT ( 'NONE', #92 ) ;
#1539 = VERTEX_POINT ( 'NONE', #4474 ) ;
#1540 = PLANE ( 'NONE',  #5381 ) ;
#1541 = EDGE_CURVE ( 'NONE', #4338, #4331, #8399, .T. ) ;
#1542 = AXIS2_PLACEMENT_3D ( 'NONE', #4907, #4805, #1830 ) ;
#1543 = CARTESIAN_POINT ( 'NONE',  ( 12.82626262626262736, -14.33737373737373666, -6.349999999999999645 ) ) ;
#1544 = LINE ( 'NONE', #3053, #3938 ) ;
#1545 = LINE ( 'NONE', #8350, #8623 ) ;
#1546 = EDGE_CURVE ( 'NONE', #6839, #2173, #2958, .T. ) ;
#1547 = LINE ( 'NONE', #2204, #8316 ) ;
#1548 = ADVANCED_FACE ( 'NONE', ( #9109 ), #2158, .T. ) ;
#1549 = AXIS2_PLACEMENT_3D ( 'NONE', #6476, #4712, #7786 ) ;
#1550 = EDGE_LOOP ( 'NONE', ( #5845, #8938, #9331, #4276 ) ) ;
#1551 = ORIENTED_EDGE ( 'NONE', *, *, #6405, .T. ) ;
#1552 = PLANE ( 'NONE',  #2314 ) ;
#1553 = FACE_OUTER_BOUND ( 'NONE', #7257, .T. ) ;
#1554 = ORIENTED_EDGE ( 'NONE', *, *, #8560, .F. ) ;
#1555 = FACE_BOUND ( 'NONE', #4572, .T. ) ;
#1556 = VECTOR ( 'NONE', #2686, 1000.000000000000114 ) ;
#1557 = DIRECTION ( 'NONE',  ( 0.4130437824993967166, -0.9107111692180958062, -0.000000000000000000 ) ) ;
#1558 = CARTESIAN_POINT ( 'NONE',  ( 19.77575757575757365, -11.01616161616161627, -6.349999999999999645 ) ) ;
#1559 = DIRECTION ( 'NONE',  ( -0.9902240606247977306, 0.1394858765600906769, 0.000000000000000000 ) ) ;
#1560 = CIRCLE ( 'NONE', #2848, 1.099999999999996758 ) ;
#1561 = ORIENTED_EDGE ( 'NONE', *, *, #487, .T. ) ;
#1562 = CARTESIAN_POINT ( 'NONE',  ( 16.16610549943883157, -12.56992143658810335, -6.049999999999999822 ) ) ;
#1563 = VERTEX_POINT ( 'NONE', #3162 ) ;
#1564 = ORIENTED_EDGE ( 'NONE', *, *, #9797, .T. ) ;
#1565 = ORIENTED_EDGE ( 'NONE', *, *, #536, .T. ) ;
#1566 = CARTESIAN_POINT ( 'NONE',  ( 29.19999999999999929, -49.20000000000000284, 0.000000000000000000 ) ) ;
#1567 = LINE ( 'NONE', #6755, #777 ) ;
#1568 = VECTOR ( 'NONE', #2192, 1000.000000000000000 ) ;
#1569 = DIRECTION ( 'NONE',  ( -0.8762159086766464489, -0.4819187497721569291, 0.000000000000000000 ) ) ;
#1570 = VECTOR ( 'NONE', #5749, 1000.000000000000000 ) ;
#1571 = DIRECTION ( 'NONE',  ( 1.000000000000000000, 0.000000000000000000, 0.000000000000000000 ) ) ;
#1572 = ORIENTED_EDGE ( 'NONE', *, *, #248, .F. ) ;
#1573 = VERTEX_POINT ( 'NONE', #8354 ) ;
#1574 = DIRECTION ( 'NONE',  ( 0.8624758157753493748, 0.5060982782055730711, 0.000000000000000000 ) ) ;
#1575 = ORIENTED_EDGE ( 'NONE', *, *, #5221, .F. ) ;
#1576 = DIRECTION ( 'NONE',  ( 0.000000000000000000, 0.000000000000000000, -1.000000000000000000 ) ) ;
#1577 = VECTOR ( 'NONE', #3944, 1000.000000000000000 ) ;
#1578 = CARTESIAN_POINT ( 'NONE',  ( 16.39977553310886549, -12.29943883277216621, -6.349999999999999645 ) ) ;
#1579 = VECTOR ( 'NONE', #8489, 1000.000000000000000 ) ;
#1580 = CARTESIAN_POINT ( 'NONE',  ( 18.56161616161616124, -13.66060606060606020, -6.049999999999999822 ) ) ;
#1581 = LINE ( 'NONE', #630, #2977 ) ;
#1582 = FACE_OUTER_BOUND ( 'NONE', #4489, .T. ) ;
#1583 = EDGE_CURVE ( 'NONE', #7184, #864, #38, .T. ) ;
#1584 = CARTESIAN_POINT ( 'NONE',  ( 16.16184062850729575, -18.27901234567901412, -6.049999999999999822 ) ) ;
#1585 = LINE ( 'NONE', #3896, #7856 ) ;
#1586 = ADVANCED_FACE ( 'NONE', ( #8458 ), #1552, .F. ) ;
#1587 = ORIENTED_EDGE ( 'NONE', *, *, #6147, .T. ) ;
#1588 = EDGE_LOOP ( 'NONE', ( #5132, #4031, #2022, #9416 ) ) ;
#1589 = ORIENTED_EDGE ( 'NONE', *, *, #6654, .F. ) ;
#1590 = DIRECTION ( 'NONE',  ( 0.000000000000000000, 0.000000000000000000, -1.000000000000000000 ) ) ;
#1591 = PLANE ( 'NONE',  #7287 ) ;
#1592 = ADVANCED_FACE ( 'NONE', ( #2363 ), #7547, .T. ) ;
#1593 = DIRECTION ( 'NONE',  ( 0.8569238989789446093, 0.5154429467542683829, 0.000000000000000000 ) ) ;
#1594 = VECTOR ( 'NONE', #5115, 1000.000000000000000 ) ;
#1595 = DIRECTION ( 'NONE',  ( -0.1317033399538821425, 0.9912891758941949627, 0.000000000000000000 ) ) ;
#1596 = FACE_OUTER_BOUND ( 'NONE', #5295, .T. ) ;
#1597 = EDGE_CURVE ( 'NONE', #9617, #3009, #8508, .T. ) ;
#1598 = EDGE_CURVE ( 'NONE', #6584, #2078, #1449, .T. ) ;
#1599 = ORIENTED_EDGE ( 'NONE', *, *, #5349, .T. ) ;
#1600 = VERTEX_POINT ( 'NONE', #3712 ) ;
#1601 = DIRECTION ( 'NONE',  ( 0.000000000000000000, 0.000000000000000000, -1.000000000000000000 ) ) ;
#1602 = CARTESIAN_POINT ( 'NONE',  ( 9.450505050505050519, -15.34545454545454568, -6.049999999999999822 ) ) ;
#1603 = ORIENTED_EDGE ( 'NONE', *, *, #3431, .T. ) ;
#1604 = EDGE_CURVE ( 'NONE', #3720, #9652, #4676, .T. ) ;
#1605 = LINE ( 'NONE', #2962, #7295 ) ;
#1606 = DIRECTION ( 'NONE',  ( -1.000000000000000000, 0.000000000000000000, 0.000000000000000000 ) ) ;
#1607 = CARTESIAN_POINT ( 'NONE',  ( 17.70707070707070585, -13.94141414141414259, -6.349999999999999645 ) ) ;
#1608 = EDGE_CURVE ( 'NONE', #6297, #6193, #841, .T. ) ;
#1609 = CARTESIAN_POINT ( 'NONE',  ( 16.72727272727272663, -11.45353535353535435, -6.049999999999999822 ) ) ;
#1610 = EDGE_CURVE ( 'NONE', #9031, #2720, #4521, .T. ) ;
#1611 = EDGE_CURVE ( 'NONE', #2822, #1178, #9239, .T. ) ;
#1612 = ORIENTED_EDGE ( 'NONE', *, *, #7132, .F. ) ;
#1613 = DIRECTION ( 'NONE',  ( -0.8396308707271619154, -0.5431574365890130540, 0.000000000000000000 ) ) ;
#1614 = ORIENTED_EDGE ( 'NONE', *, *, #2338, .F. ) ;
#1615 = ORIENTED_EDGE ( 'NONE', *, *, #6140, .F. ) ;
#1616 = EDGE_CURVE ( 'NONE', #428, #9538, #9159, .T. ) ;
#1617 = ORIENTED_EDGE ( 'NONE', *, *, #5981, .T. ) ;
#1618 = UNCERTAINTY_MEASURE_WITH_UNIT (LENGTH_MEASURE( 1.000000000000000082E-05 ), #4948, 'distance_accuracy_value', 'NONE');
#1619 = LINE ( 'NONE', #5591, #4416 ) ;
#1620 = CARTESIAN_POINT ( 'NONE',  ( 17.51032547699214348, -17.91964085297418663, -6.049999999999999822 ) ) ;
#1621 = DIRECTION ( 'NONE',  ( -0.9292287158333520924, 0.3695050658254897535, 0.000000000000000000 ) ) ;
#1622 = CARTESIAN_POINT ( 'NONE',  ( -2.000000000000000000, 2.000000000000000000, -6.349999999999999645 ) ) ;
#1623 = VERTEX_POINT ( 'NONE', #2258 ) ;
#1624 = ORIENTED_EDGE ( 'NONE', *, *, #3451, .T. ) ;
#1625 = FACE_OUTER_BOUND ( 'NONE', #5603, .T. ) ;
#1626 = ORIENTED_EDGE ( 'NONE', *, *, #9050, .F. ) ;
#1627 = DIRECTION ( 'NONE',  ( 0.000000000000000000, 0.000000000000000000, -1.000000000000000000 ) ) ;
#1628 = DIRECTION ( 'NONE',  ( 0.2037282605907530797, 0.9790274745055248529, 0.000000000000000000 ) ) ;
#1629 = CARTESIAN_POINT ( 'NONE',  ( 8.758024691358025748, -15.59887766554433242, -6.049999999999999822 ) ) ;
#1630 = FACE_OUTER_BOUND ( 'NONE', #3748, .T. ) ;
#1631 = CARTESIAN_POINT ( 'NONE',  ( 10.33423120089786806, -15.79865319865319684, -6.349999999999999645 ) ) ;
#1632 = LINE ( 'NONE', #3697, #1568 ) ;
#1633 = DIRECTION ( 'NONE',  ( 0.000000000000000000, 0.000000000000000000, -1.000000000000000000 ) ) ;
#1634 = ORIENTED_EDGE ( 'NONE', *, *, #4846, .T. ) ;
#1635 = ORIENTED_EDGE ( 'NONE', *, *, #7758, .T. ) ;
#1636 = ORIENTED_EDGE ( 'NONE', *, *, #4011, .T. ) ;
#1637 = LINE ( 'NONE', #4708, #2808 ) ;
#1638 = LINE ( 'NONE', #937, #4232 ) ;
#1639 = DIRECTION ( 'NONE',  ( -0.7406306665117869947, 0.6719123572478081785, 0.000000000000000000 ) ) ;
#1640 = CARTESIAN_POINT ( 'NONE',  ( 16.21992143658810193, -18.38928170594837042, -6.049999999999999822 ) ) ;
#1641 = CARTESIAN_POINT ( 'NONE',  ( 10.05230078563411844, -18.65521885521885537, -6.049999999999999822 ) ) ;
#1642 = CARTESIAN_POINT ( 'NONE',  ( 16.39618406285072894, -12.98787878787878824, -6.049999999999999822 ) ) ;
#1643 = EDGE_LOOP ( 'NONE', ( #3837, #8990, #9821, #2669 ) ) ;
#1644 = ORIENTED_EDGE ( 'NONE', *, *, #2328, .T. ) ;
#1645 = CARTESIAN_POINT ( 'NONE',  ( 8.434118967452299387, -14.74702581369248122, -6.349999999999999645 ) ) ;
#1646 = EDGE_CURVE ( 'NONE', #5024, #1290, #4573, .T. ) ;
#1647 = LINE ( 'NONE', #7794, #4067 ) ;
#1648 = ORIENTED_EDGE ( 'NONE', *, *, #1181, .T. ) ;
#1649 = DIRECTION ( 'NONE',  ( 0.8884380077421958344, -0.4589966300519839337, 0.000000000000000000 ) ) ;
#1650 = EDGE_CURVE ( 'NONE', #6636, #2740, #9208, .T. ) ;
#1651 = DIRECTION ( 'NONE',  ( -1.000000000000000000, 0.000000000000000000, 0.000000000000000000 ) ) ;
#1652 = LINE ( 'NONE', #6092, #7183 ) ;
#1653 = EDGE_CURVE ( 'NONE', #1416, #4351, #9456, .T. ) ;
#1654 = ORIENTED_EDGE ( 'NONE', *, *, #1795, .T. ) ;
#1655 = PLANE ( 'NONE',  #9422 ) ;
#1656 = AXIS2_PLACEMENT_3D ( 'NONE', #6734, #7587, #2146 ) ;
#1657 = VERTEX_POINT ( 'NONE', #992 ) ;
#1658 = ORIENTED_EDGE ( 'NONE', *, *, #1902, .T. ) ;
#1659 = AXIS2_PLACEMENT_3D ( 'NONE', #8889, #6424, #5065 ) ;
#1660 = ORIENTED_EDGE ( 'NONE', *, *, #2137, .T. ) ;
#1661 = EDGE_CURVE ( 'NONE', #6352, #5086, #6433, .T. ) ;
#1662 = DIRECTION ( 'NONE',  ( 0.9993041154545576621, -0.03729993077184096811, 0.000000000000000000 ) ) ;
#1663 = VECTOR ( 'NONE', #1593, 1000.000000000000114 ) ;
#1664 = LINE ( 'NONE', #4740, #5275 ) ;
#1665 = EDGE_CURVE ( 'NONE', #4542, #1738, #2561, .T. ) ;
#1666 = EDGE_CURVE ( 'NONE', #3510, #962, #7087, .T. ) ;
#1667 = VECTOR ( 'NONE', #1601, 1000.000000000000000 ) ;
#1668 = CARTESIAN_POINT ( 'NONE',  ( 14.47272727272727266, -17.04253647586980946, -6.049999999999999822 ) ) ;
#1669 = ORIENTED_EDGE ( 'NONE', *, *, #5786, .F. ) ;
#1670 = ORIENTED_EDGE ( 'NONE', *, *, #4229, .F. ) ;
#1671 = ORIENTED_EDGE ( 'NONE', *, *, #1456, .T. ) ;
#1672 = CARTESIAN_POINT ( 'NONE',  ( 12.82626262626262736, -11.05656565656565604, -6.049999999999999822 ) ) ;
#1673 = VERTEX_POINT ( 'NONE', #8704 ) ;
#1675 = DIRECTION ( 'NONE',  ( 0.000000000000000000, 0.000000000000000000, -1.000000000000000000 ) ) ;
#1674 = AXIS2_PLACEMENT_3D ( 'NONE', #2298, #8696, #8543 ) ;
#1676 = CARTESIAN_POINT ( 'NONE',  ( 19.12929292929293013, -18.09135802469135967, -6.049999999999999822 ) ) ;
#1677 = VECTOR ( 'NONE', #800, 1000.000000000000227 ) ;
#1678 = DIRECTION ( 'NONE',  ( -0.5962979646809529743, 0.8027631888155765116, 0.000000000000000000 ) ) ;
#1679 = DIRECTION ( 'NONE',  ( 0.8382878711275010275, 0.5452278836601464063, 0.000000000000000000 ) ) ;
#1680 = CARTESIAN_POINT ( 'NONE',  ( 20.82626262626262559, -11.51717171717171695, -6.049999999999999822 ) ) ;
#1681 = LINE ( 'NONE', #4909, #9931 ) ;
#1682 = CARTESIAN_POINT ( 'NONE',  ( 10.06891133557800089, -16.39797979797979721, -6.349999999999999645 ) ) ;
#1683 = VECTOR ( 'NONE', #4336, 1000.000000000000000 ) ;
#1684 = AXIS2_PLACEMENT_3D ( 'NONE', #9483, #2761, #8161 ) ;
#1685 = ORIENTED_EDGE ( 'NONE', *, *, #2032, .F. ) ;
#1686 = EDGE_LOOP ( 'NONE', ( #3308, #2472, #4664, #270 ) ) ;
#1687 = LINE ( 'NONE', #4048, #4728 ) ;
#1688 = LINE ( 'NONE', #3202, #859 ) ;
#1689 = FACE_OUTER_BOUND ( 'NONE', #388, .T. ) ;
#1690 = DIRECTION ( 'NONE',  ( 0.000000000000000000, -0.000000000000000000, 1.000000000000000000 ) ) ;
#1691 = CARTESIAN_POINT ( 'NONE',  ( 18.84646464646464636, -11.00000000000000000, -6.349999999999999645 ) ) ;
#1692 = VECTOR ( 'NONE', #3548, 1000.000000000000227 ) ;
#1693 = VECTOR ( 'NONE', #4119, 1000.000000000000227 ) ;
#1694 = CARTESIAN_POINT ( 'NONE',  ( 15.12929292929293013, -12.55959595959595987, -6.349999999999999645 ) ) ;
#1695 = LINE ( 'NONE', #4770, #3329 ) ;
#1696 = VECTOR ( 'NONE', #9412, 1000.000000000000000 ) ;
#1697 = ORIENTED_EDGE ( 'NONE', *, *, #7125, .F. ) ;
#1698 = ORIENTED_EDGE ( 'NONE', *, *, #4443, .T. ) ;
#1699 = LINE ( 'NONE', #5475, #4407 ) ;
#1700 = LINE ( 'NONE', #4677, #2779 ) ;
#1701 = ORIENTED_EDGE ( 'NONE', *, *, #6756, .T. ) ;
#1702 = DIRECTION ( 'NONE',  ( 0.4836861116901203794, -0.8752415354392708569, 0.000000000000000000 ) ) ;
#1703 = FACE_OUTER_BOUND ( 'NONE', #1152, .T. ) ;
#1704 = VECTOR ( 'NONE', #5321, 1000.000000000000000 ) ;
#1705 = CARTESIAN_POINT ( 'NONE',  ( 18.38479236812570150, -18.89646464646464707, -6.349999999999999645 ) ) ;
#1706 = EDGE_CURVE ( 'NONE', #4898, #8565, #7037, .T. ) ;
#1707 = EDGE_CURVE ( 'NONE', #5848, #2431, #1044, .T. ) ;
#1708 = ORIENTED_EDGE ( 'NONE', *, *, #44, .T. ) ;
#1709 = CARTESIAN_POINT ( 'NONE',  ( 17.78406285072951576, -12.76700336700336713, -6.049999999999999822 ) ) ;
#1710 = VECTOR ( 'NONE', #8515, 1000.000000000000114 ) ;
#1711 = ORIENTED_EDGE ( 'NONE', *, *, #3379, .F. ) ;
#1712 = ORIENTED_EDGE ( 'NONE', *, *, #9657, .T. ) ;
#1713 = VERTEX_POINT ( 'NONE', #343 ) ;
#1714 = CARTESIAN_POINT ( 'NONE',  ( 9.990796857463521974, -11.48125701459034786, -6.349999999999999645 ) ) ;
#1715 = ADVANCED_FACE ( 'NONE', ( #143 ), #9509, .F. ) ;
#1716 = CIRCLE ( 'NONE', #9603, 1.100000000000000089 ) ;
#1717 = CARTESIAN_POINT ( 'NONE',  ( 0.000000000000000000, -50.00000000000000000, -4.349999999999999645 ) ) ;
#1718 = LINE ( 'NONE', #4794, #5617 ) ;
#1719 = EDGE_CURVE ( 'NONE', #1539, #2730, #8600, .T. ) ;
#1720 = EDGE_CURVE ( 'NONE', #3222, #8069, #3364, .T. ) ;
#1721 = ORIENTED_EDGE ( 'NONE', *, *, #2515, .T. ) ;
#1722 = EDGE_CURVE ( 'NONE', #4351, #4338, #2606, .T. ) ;
#1723 = ORIENTED_EDGE ( 'NONE', *, *, #6654, .T. ) ;
#1724 = VERTEX_POINT ( 'NONE', #5677 ) ;
#1725 = DIRECTION ( 'NONE',  ( 0.000000000000000000, 0.000000000000000000, -1.000000000000000000 ) ) ;
#1726 = ORIENTED_EDGE ( 'NONE', *, *, #9657, .F. ) ;
#1727 = AXIS2_PLACEMENT_3D ( 'NONE', #5212, #9746, #1331 ) ;
#1728 = DIRECTION ( 'NONE',  ( -0.7676329112972751778, -0.6408897826407202736, 0.000000000000000000 ) ) ;
#1729 = LINE ( 'NONE', #7107, #6508 ) ;
#1730 = EDGE_CURVE ( 'NONE', #3058, #8914, #1699, .T. ) ;
#1731 = LINE ( 'NONE', #326, #6884 ) ;
#1732 = DIRECTION ( 'NONE',  ( 0.000000000000000000, 0.000000000000000000, -1.000000000000000000 ) ) ;
#1733 = VECTOR ( 'NONE', #6306, 999.9999999999998863 ) ;
#1734 = CARTESIAN_POINT ( 'NONE',  ( 12.82626262626262736, -12.55151515151515085, -6.049999999999999822 ) ) ;
#1735 = CARTESIAN_POINT ( 'NONE',  ( 10.05230078563411844, -18.65521885521885537, -6.349999999999999645 ) ) ;
#1736 = DIRECTION ( 'NONE',  ( 0.3899127370809811199, -0.9208518108045493644, 0.000000000000000000 ) ) ;
#1737 = EDGE_CURVE ( 'NONE', #7916, #3855, #6380, .T. ) ;
#1738 = VERTEX_POINT ( 'NONE', #1856 ) ;
#1739 = AXIS2_PLACEMENT_3D ( 'NONE', #8190, #1232, #1281 ) ;
#1740 = EDGE_LOOP ( 'NONE', ( #7226, #9939, #4663, #1762 ) ) ;
#1741 = VECTOR ( 'NONE', #4056, 1000.000000000000000 ) ;
#1742 = DIRECTION ( 'NONE',  ( 0.000000000000000000, 0.000000000000000000, -1.000000000000000000 ) ) ;
#1743 = DIRECTION ( 'NONE',  ( -0.7896229568812216382, 0.6135923613981486557, 0.000000000000000000 ) ) ;
#1744 = PLANE ( 'NONE',  #8273 ) ;
#1745 = EDGE_CURVE ( 'NONE', #855, #5750, #3309, .T. ) ;
#1746 = FACE_OUTER_BOUND ( 'NONE', #4044, .T. ) ;
#1747 = DIRECTION ( 'NONE',  ( -0.9324871212447408686, -0.3612032235635446176, 0.000000000000000000 ) ) ;
#1748 = CARTESIAN_POINT ( 'NONE',  ( 16.37104377104376951, -18.56790123456790198, -6.049999999999999822 ) ) ;
#1749 = AXIS2_PLACEMENT_3D ( 'NONE', #2923, #5996, #9075 ) ;
#1750 = DIRECTION ( 'NONE',  ( -0.8727501897662083286, -0.4881670884677163369, 0.000000000000000000 ) ) ;
#1751 = VECTOR ( 'NONE', #2833, 1000.000000000000000 ) ;
#1752 = ORIENTED_EDGE ( 'NONE', *, *, #1417, .F. ) ;
#1753 = VERTEX_POINT ( 'NONE', #4929 ) ;
#1754 = PLANE ( 'NONE',  #230 ) ;
#1755 = LINE ( 'NONE', #7699, #8093 ) ;
#1756 = ORIENTED_EDGE ( 'NONE', *, *, #5969, .T. ) ;
#1757 = CARTESIAN_POINT ( 'NONE',  ( 16.53423120089786735, -13.02424242424242351, -6.049999999999999822 ) ) ;
#1758 = VECTOR ( 'NONE', #4392, 1000.000000000000000 ) ;
#1759 = DIRECTION ( 'NONE',  ( 0.9664637130644359031, -0.2568032151856820544, 0.000000000000000000 ) ) ;
#1760 = PLANE ( 'NONE',  #3652 ) ;
#1761 = VECTOR ( 'NONE', #6497, 1000.000000000000000 ) ;
#1762 = ORIENTED_EDGE ( 'NONE', *, *, #5059, .T. ) ;
#1763 = CARTESIAN_POINT ( 'NONE',  ( 12.73445566778900151, -15.53872053872053804, -6.049999999999999822 ) ) ;
#1764 = ORIENTED_EDGE ( 'NONE', *, *, #1896, .T. ) ;
#1765 = ORIENTED_EDGE ( 'NONE', *, *, #4931, .F. ) ;
#1766 = EDGE_CURVE ( 'NONE', #7844, #3908, #6280, .T. ) ;
#1767 = ORIENTED_EDGE ( 'NONE', *, *, #9227, .T. ) ;
#1768 = PLANE ( 'NONE',  #5384 ) ;
#1769 = CARTESIAN_POINT ( 'NONE',  ( 10.43535353535353494, -17.49595959595959727, -6.049999999999999822 ) ) ;
#1770 = CARTESIAN_POINT ( 'NONE',  ( 10.22999999999999865, -36.59999999999999432, -6.349999999999999645 ) ) ;
#1771 = ORIENTED_EDGE ( 'NONE', *, *, #7617, .F. ) ;
#1772 = ORIENTED_EDGE ( 'NONE', *, *, #7330, .T. ) ;
#1773 = VERTEX_POINT ( 'NONE', #8552 ) ;
#1774 = FACE_OUTER_BOUND ( 'NONE', #4342, .T. ) ;
#1775 = ADVANCED_FACE ( 'NONE', ( #7792 ), #896, .T. ) ;
#1776 = ORIENTED_EDGE ( 'NONE', *, *, #2411, .F. ) ;
#1777 = LINE ( 'NONE', #1016, #1987 ) ;
#1778 = LINE ( 'NONE', #7015, #5371 ) ;
#1779 = CARTESIAN_POINT ( 'NONE',  ( 10.45039281705948575, -15.48181818181818414, -6.049999999999999822 ) ) ;
#1780 = ADVANCED_FACE ( 'NONE', ( #7846 ), #186, .T. ) ;
#1781 = LINE ( 'NONE', #3994, #7168 ) ;
#1782 = CARTESIAN_POINT ( 'NONE',  ( 11.27115600448933641, -17.86150392817059540, -6.049999999999999822 ) ) ;
#1783 = CARTESIAN_POINT ( 'NONE',  ( 8.847250280583613957, -18.07295173961840717, -6.049999999999999822 ) ) ;
#1784 = CARTESIAN_POINT ( 'NONE',  ( 15.78563411896745450, -12.15016835016835017, -6.049999999999999822 ) ) ;
#1785 = ADVANCED_FACE ( 'NONE', ( #8655 ), #1754, .T. ) ;
#1786 = ADVANCED_FACE ( 'NONE', ( #5171 ), #8096, .T. ) ;
#1787 = VERTEX_POINT ( 'NONE', #2799 ) ;
#1788 = ORIENTED_EDGE ( 'NONE', *, *, #7695, .F. ) ;
#1789 = FACE_OUTER_BOUND ( 'NONE', #6018, .T. ) ;
#1790 = PLANE ( 'NONE',  #6783 ) ;
#1791 = CARTESIAN_POINT ( 'NONE',  ( 13.87676767676767753, -18.94343434343434396, -6.349999999999999645 ) ) ;
#1792 = DIRECTION ( 'NONE',  ( 0.4678877204190275974, -0.8837879163470644395, -0.000000000000000000 ) ) ;
#1793 = EDGE_CURVE ( 'NONE', #7973, #2718, #1338, .T. ) ;
#1794 = FACE_OUTER_BOUND ( 'NONE', #1813, .T. ) ;
#1795 = EDGE_CURVE ( 'NONE', #3576, #2637, #2654, .T. ) ;
#1796 = FACE_OUTER_BOUND ( 'NONE', #9520, .T. ) ;
#1797 = ADVANCED_FACE ( 'NONE', ( #2055 ), #2706, .T. ) ;
#1798 = CARTESIAN_POINT ( 'NONE',  ( 18.05521885521885395, -13.91021324354657551, -6.349999999999999645 ) ) ;
#1799 = DIRECTION ( 'NONE',  ( 0.7708224251657126436, 0.6370500677824697533, 0.000000000000000000 ) ) ;
#1800 = EDGE_CURVE ( 'NONE', #6986, #7557, #9654, .T. ) ;
#1801 = EDGE_LOOP ( 'NONE', ( #1554, #7475, #2528, #1658 ) ) ;
#1802 = EDGE_LOOP ( 'NONE', ( #1612, #3921, #2728, #9772 ) ) ;
#1803 = CARTESIAN_POINT ( 'NONE',  ( 7.888888888888886619, -17.32188552188552322, -6.049999999999999822 ) ) ;
#1804 = LINE ( 'NONE', #1046, #7448 ) ;
#1805 = ORIENTED_EDGE ( 'NONE', *, *, #1837, .F. ) ;
#1806 = CARTESIAN_POINT ( 'NONE',  ( 19.18585858585858617, -17.90909090909091006, -6.049999999999999822 ) ) ;
#1807 = CARTESIAN_POINT ( 'NONE',  ( 12.32525252525252490, -14.59797979797979828, -6.049999999999999822 ) ) ;
#1808 = LINE ( 'NONE', #952, #6710 ) ;
#1809 = PLANE ( 'NONE',  #6330 ) ;
#1810 = ORIENTED_EDGE ( 'NONE', *, *, #3934, .F. ) ;
#1811 = CARTESIAN_POINT ( 'NONE',  ( 15.31515151515151452, -12.02626262626262665, -6.049999999999999822 ) ) ;
#1812 = ORIENTED_EDGE ( 'NONE', *, *, #9107, .F. ) ;
#1813 = EDGE_LOOP ( 'NONE', ( #9162, #1920, #7780, #5803 ) ) ;
#1814 = ORIENTED_EDGE ( 'NONE', *, *, #7706, .F. ) ;
#1815 = LINE ( 'NONE', #4134, #1361 ) ;
#1816 = DIRECTION ( 'NONE',  ( 0.000000000000000000, 0.000000000000000000, -1.000000000000000000 ) ) ;
#1817 = LINE ( 'NONE', #3330, #9453 ) ;
#1818 = VECTOR ( 'NONE', #2751, 999.9999999999998863 ) ;
#1819 = LINE ( 'NONE', #5546, #9957 ) ;
#1820 = VECTOR ( 'NONE', #9940, 1000.000000000000000 ) ;
#1821 = ORIENTED_EDGE ( 'NONE', *, *, #1745, .T. ) ;
#1822 = EDGE_LOOP ( 'NONE', ( #1349, #9508, #2272, #154 ) ) ;
#1823 = ORIENTED_EDGE ( 'NONE', *, *, #1611, .T. ) ;
#1824 = ORIENTED_EDGE ( 'NONE', *, *, #6029, .T. ) ;
#1825 = DIRECTION ( 'NONE',  ( 0.7936887705068162990, -0.6083240382981576211, -0.000000000000000000 ) ) ;
#1826 = ORIENTED_EDGE ( 'NONE', *, *, #3806, .F. ) ;
#1827 = DIRECTION ( 'NONE',  ( 0.000000000000000000, 0.000000000000000000, -1.000000000000000000 ) ) ;
#1828 = FACE_OUTER_BOUND ( 'NONE', #3723, .T. ) ;
#1829 = DIRECTION ( 'NONE',  ( 1.000000000000000000, 0.000000000000000000, 0.000000000000000000 ) ) ;
#1830 = DIRECTION ( 'NONE',  ( -0.4625660066950229576, 0.8865848461654529666, 0.000000000000000000 ) ) ;
#1831 = VECTOR ( 'NONE', #1576, 1000.000000000000000 ) ;
#1832 = PLANE ( 'NONE',  #275 ) ;
#1833 = DIRECTION ( 'NONE',  ( -0.9388870649885745490, 0.3442253320096303471, 0.000000000000000000 ) ) ;
#1834 = ADVANCED_FACE ( 'NONE', ( #6626 ), #7392, .F. ) ;
#1835 = DIRECTION ( 'NONE',  ( -0.7851817590636641642, 0.6192653754519867881, 0.000000000000000000 ) ) ;
#1836 = ORIENTED_EDGE ( 'NONE', *, *, #9608, .F. ) ;
#1837 = EDGE_CURVE ( 'NONE', #265, #8251, #5875, .T. ) ;
#1838 = VECTOR ( 'NONE', #3545, 1000.000000000000000 ) ;
#1839 = ORIENTED_EDGE ( 'NONE', *, *, #412, .T. ) ;
#1840 = AXIS2_PLACEMENT_3D ( 'NONE', #598, #6934, #3059 ) ;
#1841 = LINE ( 'NONE', #4915, #394 ) ;
#1842 = FACE_OUTER_BOUND ( 'NONE', #8965, .T. ) ;
#1843 = LINE ( 'NONE', #4004, #5859 ) ;
#1844 = DIRECTION ( 'NONE',  ( 0.6704231442186412426, 0.7419789806294992962, 0.000000000000000000 ) ) ;
#1845 = FACE_OUTER_BOUND ( 'NONE', #3084, .T. ) ;
#1846 = EDGE_CURVE ( 'NONE', #7305, #8171, #3603, .T. ) ;
#1847 = DIRECTION ( 'NONE',  ( 0.8909930471730028723, 0.4540169489009931447, 0.000000000000000000 ) ) ;
#1848 = AXIS2_PLACEMENT_3D ( 'NONE', #3926, #6248, #909 ) ;
#1849 = DIRECTION ( 'NONE',  ( 0.000000000000000000, 0.000000000000000000, -1.000000000000000000 ) ) ;
#1850 = VECTOR ( 'NONE', #7238, 1000.000000000000114 ) ;
#1851 = CARTESIAN_POINT ( 'NONE',  ( 17.68888888888888999, -12.93939393939393945, -6.349999999999999645 ) ) ;
#1852 = EDGE_CURVE ( 'NONE', #1081, #6903, #7341, .T. ) ;
#1853 = VERTEX_POINT ( 'NONE', #1292 ) ;
#1854 = ORIENTED_EDGE ( 'NONE', *, *, #6721, .T. ) ;
#1855 = ADVANCED_FACE ( 'NONE', ( #9556 ), #5732, .T. ) ;
#1856 = CARTESIAN_POINT ( 'NONE',  ( 9.919753086419753174, -16.68047138047138134, -6.049999999999999822 ) ) ;
#1857 = VECTOR ( 'NONE', #7381, 1000.000000000000227 ) ;
#1858 = CARTESIAN_POINT ( 'NONE',  ( 14.80606060606060659, -16.29831649831649898, -6.049999999999999822 ) ) ;
#1860 = VECTOR ( 'NONE', #7766, 1000.000000000000227 ) ;
#1859 = CARTESIAN_POINT ( 'NONE',  ( -0.9000000000000000222, 2.000000000000000000, -4.349999999999999645 ) ) ;
#1861 = EDGE_CURVE ( 'NONE', #6688, #6839, #4216, .T. ) ;
#1862 = EDGE_CURVE ( 'NONE', #7900, #1178, #7283, .T. ) ;
#1863 = CARTESIAN_POINT ( 'NONE',  ( 15.90145903479236722, -12.26049382716049330, -6.049999999999999822 ) ) ;
#1864 = LINE ( 'NONE', #6437, #5572 ) ;
#1865 = AXIS2_PLACEMENT_3D ( 'NONE', #1510, #4531, #654 ) ;
#1866 = DIRECTION ( 'NONE',  ( -0.9547688753867608069, -0.2973489441593833993, 0.000000000000000000 ) ) ;
#1867 = ORIENTED_EDGE ( 'NONE', *, *, #847, .T. ) ;
#1868 = DIRECTION ( 'NONE',  ( -0.5002593601944512747, -0.8658756103146907357, 0.000000000000000000 ) ) ;
#1869 = VERTEX_POINT ( 'NONE', #4363 ) ;
#1870 = ORIENTED_EDGE ( 'NONE', *, *, #6771, .T. ) ;
#1871 = EDGE_LOOP ( 'NONE', ( #2812, #9525, #1564, #4729 ) ) ;
#1872 = DIRECTION ( 'NONE',  ( 0.2438102404233514209, 0.9698229563506463036, 0.000000000000000000 ) ) ;
#1873 = AXIS2_PLACEMENT_3D ( 'NONE', #9904, #3004, #3709 ) ;
#1874 = LINE ( 'NONE', #9669, #7957 ) ;
#1875 = DIRECTION ( 'NONE',  ( 0.000000000000000000, 0.000000000000000000, 1.000000000000000000 ) ) ;
#1876 = VECTOR ( 'NONE', #3317, 999.9999999999998863 ) ;
#1877 = ORIENTED_EDGE ( 'NONE', *, *, #673, .F. ) ;
#1878 = ORIENTED_EDGE ( 'NONE', *, *, #4756, .T. ) ;
#1879 = ORIENTED_EDGE ( 'NONE', *, *, #3075, .F. ) ;
#1880 = ORIENTED_EDGE ( 'NONE', *, *, #1483, .T. ) ;
#1881 = ORIENTED_EDGE ( 'NONE', *, *, #412, .F. ) ;
#1882 = DIRECTION ( 'NONE',  ( 0.5081640369527560264, -0.8612603041751535349, 0.000000000000000000 ) ) ;
#1883 = CARTESIAN_POINT ( 'NONE',  ( 10.75937149270482607, -15.86419753086419959, -6.349999999999999645 ) ) ;
#1884 = CARTESIAN_POINT ( 'NONE',  ( 12.30909090909090864, -15.80808080808080973, -6.349999999999999645 ) ) ;
#1885 = VECTOR ( 'NONE', #6079, 1000.000000000000000 ) ;
#1886 = DIRECTION ( 'NONE',  ( -0.9830529640241879585, 0.1833217660924597314, -0.000000000000000000 ) ) ;
#1887 = CARTESIAN_POINT ( 'NONE',  ( 22.92727272727272947, -12.30101010101010317, -6.049999999999999822 ) ) ;
#1888 = CARTESIAN_POINT ( 'NONE',  ( 21.14949494949495445, -15.09696969696969759, -6.349999999999999645 ) ) ;
#1889 = VERTEX_POINT ( 'NONE', #591 ) ;
#1890 = AXIS2_PLACEMENT_3D ( 'NONE', #642, #8248, #5226 ) ;
#1891 = ORIENTED_EDGE ( 'NONE', *, *, #8200, .F. ) ;
#1892 = LINE ( 'NONE', #5717, #1049 ) ;
#1893 = CARTESIAN_POINT ( 'NONE',  ( 15.44971941638608293, -13.56464646464646506, -6.049999999999999822 ) ) ;
#1894 = PLANE ( 'NONE',  #1027 ) ;
#1895 = CARTESIAN_POINT ( 'NONE',  ( 9.771717171717170913, -14.44242424242424150, -6.349999999999999645 ) ) ;
#1896 = EDGE_CURVE ( 'NONE', #4014, #7791, #6482, .T. ) ;
#1897 = DIRECTION ( 'NONE',  ( 0.000000000000000000, 0.000000000000000000, -1.000000000000000000 ) ) ;
#1898 = CARTESIAN_POINT ( 'NONE',  ( 16.64377104377104288, -18.75510662177328669, -6.049999999999999822 ) ) ;
#1899 = LINE ( 'NONE', #1038, #9442 ) ;
#1900 = DIRECTION ( 'NONE',  ( 0.2568032151856820544, 0.9664637130644359031, 0.000000000000000000 ) ) ;
#1901 = VECTOR ( 'NONE', #7099, 1000.000000000000000 ) ;
#1902 = EDGE_CURVE ( 'NONE', #9822, #3385, #8899, .T. ) ;
#1903 = EDGE_LOOP ( 'NONE', ( #1711, #2225, #723, #7350 ) ) ;
#1904 = ORIENTED_EDGE ( 'NONE', *, *, #2199, .T. ) ;
#1905 = DIRECTION ( 'NONE',  ( 0.9896060317624602032, 0.1438050830094566579, 0.000000000000000000 ) ) ;
#1906 = CARTESIAN_POINT ( 'NONE',  ( 9.763636363636363669, -14.44242424242424150, -6.349999999999999645 ) ) ;
#1907 = LINE ( 'NONE', #7090, #3275 ) ;
#1908 = VECTOR ( 'NONE', #3992, 1000.000000000000114 ) ;
#1909 = VECTOR ( 'NONE', #5190, 1000.000000000000000 ) ;
#1910 = DIRECTION ( 'NONE',  ( 0.2349155375300579773, -0.9720157870255832222, 0.000000000000000000 ) ) ;
#1911 = ADVANCED_FACE ( 'NONE', ( #441 ), #3512, .T. ) ;
#1912 = DIRECTION ( 'NONE',  ( 0.8727501897662084396, 0.4881670884677164479, 0.000000000000000000 ) ) ;
#1913 = FACE_OUTER_BOUND ( 'NONE', #2652, .T. ) ;
#1914 = ADVANCED_FACE ( 'NONE', ( #1243 ), #4318, .F. ) ;
#1915 = VERTEX_POINT ( 'NONE', #5417 ) ;
#1916 = VECTOR ( 'NONE', #2688, 1000.000000000000000 ) ;
#1917 = CARTESIAN_POINT ( 'NONE',  ( 30.90000000000000213, 2.000000000000000000, -6.349999999999999645 ) ) ;
#1918 = EDGE_LOOP ( 'NONE', ( #8398, #2747, #9884, #7172 ) ) ;
#1919 = EDGE_LOOP ( 'NONE', ( #6469, #5948, #4058, #3617 ) ) ;
#1920 = ORIENTED_EDGE ( 'NONE', *, *, #2147, .F. ) ;
#1921 = LINE ( 'NONE', #8214, #7061 ) ;
#1922 = DIRECTION ( 'NONE',  ( 0.5013697951760476279, -0.8652331064430718310, 0.000000000000000000 ) ) ;
#1923 = EDGE_CURVE ( 'NONE', #562, #8737, #5269, .T. ) ;
#1924 = EDGE_CURVE ( 'NONE', #2416, #7293, #3706, .T. ) ;
#1925 = VECTOR ( 'NONE', #9476, 1000.000000000000114 ) ;
#1926 = EDGE_CURVE ( 'NONE', #400, #2160, #9899, .T. ) ;
#1927 = LINE ( 'NONE', #8166, #3980 ) ;
#1928 = EDGE_CURVE ( 'NONE', #8118, #8876, #8346, .T. ) ;
#1929 = VERTEX_POINT ( 'NONE', #8496 ) ;
#1930 = ORIENTED_EDGE ( 'NONE', *, *, #1707, .T. ) ;
#1931 = EDGE_LOOP ( 'NONE', ( #8026, #9022, #752, #2305 ) ) ;
#1932 = VERTEX_POINT ( 'NONE', #9047 ) ;
#1933 = ORIENTED_EDGE ( 'NONE', *, *, #9551, .T. ) ;
#1934 = LINE ( 'NONE', #6357, #5998 ) ;
#1935 = CARTESIAN_POINT ( 'NONE',  ( 11.27115600448933641, -17.86150392817059540, -6.049999999999999822 ) ) ;
#1936 = CARTESIAN_POINT ( 'NONE',  ( 29.19999999999999929, -0.8000000000000000444, -4.349999999999999645 ) ) ;
#1937 = LINE ( 'NONE', #4379, #6542 ) ;
#1938 = CARTESIAN_POINT ( 'NONE',  ( 16.22738496071829317, -12.80157126823793590, -6.049999999999999822 ) ) ;
#1939 = CARTESIAN_POINT ( 'NONE',  ( 12.46599326599326574, -17.65207631874298499, -6.049999999999999822 ) ) ;
#1940 = ORIENTED_EDGE ( 'NONE', *, *, #2664, .T. ) ;
#1941 = ORIENTED_EDGE ( 'NONE', *, *, #3917, .T. ) ;
#1942 = DIRECTION ( 'NONE',  ( 0.9853750377400087856, -0.1703996332122699187, 0.000000000000000000 ) ) ;
#1943 = LINE ( 'NONE', #8086, #1477 ) ;
#1944 = CARTESIAN_POINT ( 'NONE',  ( 18.71986531986532043, -13.44219977553310841, -6.049999999999999822 ) ) ;
#1945 = LINE ( 'NONE', #9597, #6589 ) ;
#1946 = DIRECTION ( 'NONE',  ( -1.000000000000000000, 0.000000000000000000, 0.000000000000000000 ) ) ;
#1947 = CARTESIAN_POINT ( 'NONE',  ( 9.759595959595959158, -16.95151515151515653, -6.349999999999999645 ) ) ;
#1948 = DIRECTION ( 'NONE',  ( 0.000000000000000000, 0.000000000000000000, -1.000000000000000000 ) ) ;
#1949 = CARTESIAN_POINT ( 'NONE',  ( 9.210101010101009678, -11.41414141414141525, -6.049999999999999822 ) ) ;
#1950 = ORIENTED_EDGE ( 'NONE', *, *, #569, .T. ) ;
#1951 = EDGE_LOOP ( 'NONE', ( #2679, #7661, #895, #9676 ) ) ;
#1952 = DIRECTION ( 'NONE',  ( 0.4878491086735816662, -0.8729279736418072977, 0.000000000000000000 ) ) ;
#1953 = LINE ( 'NONE', #8097, #3905 ) ;
#1954 = CARTESIAN_POINT ( 'NONE',  ( 14.34006734006733907, -16.80516273849607245, -6.049999999999999822 ) ) ;
#1955 = DIRECTION ( 'NONE',  ( -0.04587310748738100685, 0.9989472748896465193, 0.000000000000000000 ) ) ;
#1956 = CARTESIAN_POINT ( 'NONE',  ( 15.23389450056116701, -13.05656565656565604, -6.049999999999999822 ) ) ;
#1957 = ADVANCED_FACE ( 'NONE', ( #7634 ), #9845, .T. ) ;
#1958 = ORIENTED_EDGE ( 'NONE', *, *, #119, .T. ) ;
#1959 = CARTESIAN_POINT ( 'NONE',  ( 15.78563411896745450, -12.15016835016835017, -6.349999999999999645 ) ) ;
#1960 = EDGE_CURVE ( 'NONE', #2269, #9479, #8444, .T. ) ;
#1961 = ORIENTED_EDGE ( 'NONE', *, *, #2655, .T. ) ;
#1962 = ORIENTED_EDGE ( 'NONE', *, *, #1653, .T. ) ;
#1963 = ORIENTED_EDGE ( 'NONE', *, *, #6231, .F. ) ;
#1964 = PLANE ( 'NONE',  #5783 ) ;
#1965 = CARTESIAN_POINT ( 'NONE',  ( 17.43209876543209802, -11.65465768799102264, -6.049999999999999822 ) ) ;
#1966 = ADVANCED_FACE ( 'NONE', ( #737 ), #1540, .T. ) ;
#1967 = CARTESIAN_POINT ( 'NONE',  ( 10.86172839506172672, -16.56857463524130480, -6.049999999999999822 ) ) ;
#1968 = ORIENTED_EDGE ( 'NONE', *, *, #190, .T. ) ;
#1969 = EDGE_LOOP ( 'NONE', ( #883, #9189, #9148, #7648 ) ) ;
#1970 = EDGE_CURVE ( 'NONE', #1228, #9085, #6926, .T. ) ;
#1971 = ORIENTED_EDGE ( 'NONE', *, *, #3396, .T. ) ;
#1972 = EDGE_LOOP ( 'NONE', ( #7905, #4382, #3911, #9607 ) ) ;
#1973 = VERTEX_POINT ( 'NONE', #6073 ) ;
#1974 = DIRECTION ( 'NONE',  ( -0.000000000000000000, -0.000000000000000000, 1.000000000000000000 ) ) ;
#1975 = DIRECTION ( 'NONE',  ( 0.5362037955457886751, 0.8440885555688396602, 0.000000000000000000 ) ) ;
#1976 = PLANE ( 'NONE',  #5273 ) ;
#1977 = EDGE_CURVE ( 'NONE', #467, #39, #3804, .T. ) ;
#1978 = VECTOR ( 'NONE', #8002, 1000.000000000000000 ) ;
#1979 = LINE ( 'NONE', #5856, #9933 ) ;
#1980 = CARTESIAN_POINT ( 'NONE',  ( 7.888888888888886619, -17.32188552188552322, -6.349999999999999645 ) ) ;
#1981 = ORIENTED_EDGE ( 'NONE', *, *, #4506, .T. ) ;
#1982 = ORIENTED_EDGE ( 'NONE', *, *, #9647, .F. ) ;
#1983 = FACE_OUTER_BOUND ( 'NONE', #5994, .T. ) ;
#1984 = ORIENTED_EDGE ( 'NONE', *, *, #1583, .T. ) ;
#1985 = DIRECTION ( 'NONE',  ( 0.9112348711629481013, 0.4118871320843192629, 0.000000000000000000 ) ) ;
#1986 = DIRECTION ( 'NONE',  ( -0.9530739902487691539, 0.3027374590487422745, 0.000000000000000000 ) ) ;
#1987 = VECTOR ( 'NONE', #2682, 1000.000000000000227 ) ;
#1988 = LINE ( 'NONE', #2933, #8818 ) ;
#1989 = CARTESIAN_POINT ( 'NONE',  ( 16.01818181818181941, -12.20808080808080831, -6.049999999999999822 ) ) ;
#1990 = LINE ( 'NONE', #4403, #9907 ) ;
#1991 = CARTESIAN_POINT ( 'NONE',  ( 7.956228956228954985, -12.39977553310886549, -6.049999999999999822 ) ) ;
#1992 = CARTESIAN_POINT ( 'NONE',  ( 22.28080808080807884, -18.93535353535353494, -6.049999999999999822 ) ) ;
#1993 = AXIS2_PLACEMENT_3D ( 'NONE', #9753, #5128, #2801 ) ;
#1994 = AXIS2_PLACEMENT_3D ( 'NONE', #5939, #8209, #8059 ) ;
#1995 = EDGE_LOOP ( 'NONE', ( #7256, #142, #8677, #6718 ) ) ;
#1996 = VERTEX_POINT ( 'NONE', #2145 ) ;
#1997 = DIRECTION ( 'NONE',  ( -0.9759009693548468256, 0.2182138813464221394, 0.000000000000000000 ) ) ;
#1998 = CARTESIAN_POINT ( 'NONE',  ( -4.000000000000000000, -54.00000000000000000, -4.349999999999999645 ) ) ;
#1999 = DIRECTION ( 'NONE',  ( -0.09987687426650902756, -0.9949998040134238053, 0.000000000000000000 ) ) ;
#2000 = VECTOR ( 'NONE', #1476, 1000.000000000000000 ) ;
#2001 = VECTOR ( 'NONE', #1030, 1000.000000000000114 ) ;
#2002 = LINE ( 'NONE', #2107, #9106 ) ;
#2003 = DIRECTION ( 'NONE',  ( -0.1971692766898394122, -0.9803694590967251266, 0.000000000000000000 ) ) ;
#2004 = VECTOR ( 'NONE', #9074, 1000.000000000000000 ) ;
#2005 = AXIS2_PLACEMENT_3D ( 'NONE', #477, #3542, #8135 ) ;
#2006 = ORIENTED_EDGE ( 'NONE', *, *, #1583, .F. ) ;
#2007 = DIRECTION ( 'NONE',  ( 0.9396136777133679008, -0.3422369598011867353, 0.000000000000000000 ) ) ;
#2008 = VERTEX_POINT ( 'NONE', #6168 ) ;
#2009 = ORIENTED_EDGE ( 'NONE', *, *, #4610, .F. ) ;
#2010 = CARTESIAN_POINT ( 'NONE',  ( 20.82626262626262559, -13.98181818181818237, -6.049999999999999822 ) ) ;
#2011 = ORIENTED_EDGE ( 'NONE', *, *, #2883, .T. ) ;
#2012 = PLANE ( 'NONE',  #2246 ) ;
#2013 = LINE ( 'NONE', #5091, #1683 ) ;
#2014 = EDGE_CURVE ( 'NONE', #9177, #5992, #6878, .T. ) ;
#2015 = VECTOR ( 'NONE', #4971, 1000.000000000000000 ) ;
#2016 = EDGE_CURVE ( 'NONE', #3862, #8477, #4666, .T. ) ;
#2017 = PLANE ( 'NONE',  #8495 ) ;
#2018 = VERTEX_POINT ( 'NONE', #6733 ) ;
#2019 = ORIENTED_EDGE ( 'NONE', *, *, #4188, .T. ) ;
#2020 = VECTOR ( 'NONE', #211, 1000.000000000000000 ) ;
#2021 = VERTEX_POINT ( 'NONE', #2251 ) ;
#2022 = ORIENTED_EDGE ( 'NONE', *, *, #7111, .T. ) ;
#2023 = EDGE_CURVE ( 'NONE', #9912, #3523, #9953, .T. ) ;
#2024 = ORIENTED_EDGE ( 'NONE', *, *, #3879, .F. ) ;
#2025 = CARTESIAN_POINT ( 'NONE',  ( -2.000000000000000000, -52.00000000000000711, -6.349999999999999645 ) ) ;
#2026 = CARTESIAN_POINT ( 'NONE',  ( 11.02514029180695765, -18.28080808080807884, -6.049999999999999822 ) ) ;
#2027 = PLANE ( 'NONE',  #3022 ) ;
#2028 = EDGE_CURVE ( 'NONE', #3889, #6287, #1490, .T. ) ;
#2029 = EDGE_CURVE ( 'NONE', #7791, #666, #9201, .T. ) ;
#2030 = AXIS2_PLACEMENT_3D ( 'NONE', #1284, #1330, #2697 ) ;
#2031 = LINE ( 'NONE', #6611, #2703 ) ;
#2032 = EDGE_CURVE ( 'NONE', #3530, #478, #5974, .T. ) ;
#2033 = EDGE_CURVE ( 'NONE', #3787, #9479, #6020, .T. ) ;
#2034 = DIRECTION ( 'NONE',  ( -0.7548630461125914737, 0.6558824449652694843, 0.000000000000000000 ) ) ;
#2035 = ORIENTED_EDGE ( 'NONE', *, *, #5670, .F. ) ;
#2036 = ORIENTED_EDGE ( 'NONE', *, *, #746, .T. ) ;
#2037 = ADVANCED_FACE ( 'NONE', ( #3749 ), #7116, .T. ) ;
#2038 = DIRECTION ( 'NONE',  ( 0.000000000000000000, 0.000000000000000000, -1.000000000000000000 ) ) ;
#2039 = ORIENTED_EDGE ( 'NONE', *, *, #3557, .F. ) ;
#2040 = VECTOR ( 'NONE', #9195, 1000.000000000000000 ) ;
#2041 = CARTESIAN_POINT ( 'NONE',  ( 21.14949494949495445, -15.09696969696969759, -6.049999999999999822 ) ) ;
#2042 = CARTESIAN_POINT ( 'NONE',  ( 12.35555555555555785, -18.51919191919191832, -6.349999999999999645 ) ) ;
#2043 = PLANE ( 'NONE',  #2861 ) ;
#2044 = CARTESIAN_POINT ( 'NONE',  ( 9.668686868686869218, -14.75824915824915884, -6.049999999999999822 ) ) ;
#2045 = CARTESIAN_POINT ( 'NONE',  ( 10.61212121212121318, -18.99191919191919098, -6.049999999999999822 ) ) ;
#2046 = EDGE_CURVE ( 'NONE', #7249, #3266, #128, .T. ) ;
#2047 = DIRECTION ( 'NONE',  ( 0.3276186906316784775, 0.9448100304022943874, -0.000000000000000000 ) ) ;
#2048 = ADVANCED_FACE ( 'NONE', ( #1789 ), #8738, .F. ) ;
#2049 = EDGE_CURVE ( 'NONE', #1773, #2416, #220, .T. ) ;
#2050 = CARTESIAN_POINT ( 'NONE',  ( 12.08619528619528616, -18.83524130190797052, -6.049999999999999822 ) ) ;
#2051 = VECTOR ( 'NONE', #1346, 1000.000000000000000 ) ;
#2052 = ORIENTED_EDGE ( 'NONE', *, *, #2591, .F. ) ;
#2053 = EDGE_CURVE ( 'NONE', #1119, #8230, #1687, .T. ) ;
#2054 = ORIENTED_EDGE ( 'NONE', *, *, #8679, .F. ) ;
#2055 = FACE_OUTER_BOUND ( 'NONE', #3898, .T. ) ;
#2056 = DIRECTION ( 'NONE',  ( 0.7909213559379618674, -0.6119178120640514917, 0.000000000000000000 ) ) ;
#2057 = PLANE ( 'NONE',  #1993 ) ;
#2058 = VECTOR ( 'NONE', #277, 1000.000000000000000 ) ;
#2059 = DIRECTION ( 'NONE',  ( -0.9698229563506463036, 0.2438102404233514209, 0.000000000000000000 ) ) ;
#2060 = CARTESIAN_POINT ( 'NONE',  ( 7.131313131313131493, -17.69360269360269200, -6.349999999999999645 ) ) ;
#2061 = VECTOR ( 'NONE', #1373, 1000.000000000000000 ) ;
#2062 = ORIENTED_EDGE ( 'NONE', *, *, #8066, .F. ) ;
#2063 = DIRECTION ( 'NONE',  ( 1.000000000000000000, 0.000000000000000000, 0.000000000000000000 ) ) ;
#2064 = ORIENTED_EDGE ( 'NONE', *, *, #3574, .T. ) ;
#2065 = VECTOR ( 'NONE', #9037, 1000.000000000000000 ) ;
#2066 = ORIENTED_EDGE ( 'NONE', *, *, #5301, .F. ) ;
#2067 = LINE ( 'NONE', #5087, #860 ) ;
#2068 = VECTOR ( 'NONE', #8216, 1000.000000000000000 ) ;
#2069 = EDGE_LOOP ( 'NONE', ( #8073, #7247, #1276, #5304 ) ) ;
#2070 = LINE ( 'NONE', #7407, #8517 ) ;
#2071 = CARTESIAN_POINT ( 'NONE',  ( 16.64377104377104288, -18.75510662177328669, -6.049999999999999822 ) ) ;
#2073 = CARTESIAN_POINT ( 'NONE',  ( 21.14949494949495445, -16.71313131313131350, -6.349999999999999645 ) ) ;
#2072 =( GEOMETRIC_REPRESENTATION_CONTEXT ( 3 ) GLOBAL_UNCERTAINTY_ASSIGNED_CONTEXT ( ( #1618 ) ) GLOBAL_UNIT_ASSIGNED_CONTEXT ( ( #4948, #256, #7965 ) ) REPRESENTATION_CONTEXT ( 'NONE', 'WORKASPACE' ) );
#2074 = VECTOR ( 'NONE', #771, 1000.000000000000000 ) ;
#2075 = ORIENTED_EDGE ( 'NONE', *, *, #4549, .F. ) ;
#2076 = ORIENTED_EDGE ( 'NONE', *, *, #1546, .F. ) ;
#2077 = ORIENTED_EDGE ( 'NONE', *, *, #6578, .T. ) ;
#2078 = VERTEX_POINT ( 'NONE', #4763 ) ;
#2079 = ORIENTED_EDGE ( 'NONE', *, *, #3205, .T. ) ;
#2080 = CARTESIAN_POINT ( 'NONE',  ( 33.09999999999999432, -52.00000000000000711, -6.349999999999999645 ) ) ;
#2081 = CARTESIAN_POINT ( 'NONE',  ( 12.64489337822671189, -15.59259259259259345, -6.349999999999999645 ) ) ;
#2082 = VECTOR ( 'NONE', #2723, 1000.000000000000227 ) ;
#2083 = LINE ( 'NONE', #7418, #2219 ) ;
#2084 = DIRECTION ( 'NONE',  ( 0.9998202768455606293, 0.01895821743904891124, 0.000000000000000000 ) ) ;
#2085 = LINE ( 'NONE', #5152, #6250 ) ;
#2086 = VERTEX_POINT ( 'NONE', #7836 ) ;
#2087 = EDGE_CURVE ( 'NONE', #6839, #454, #5621, .T. ) ;
#2088 = VERTEX_POINT ( 'NONE', #7885 ) ;
#2089 = DIRECTION ( 'NONE',  ( -0.5798589771078296318, 0.8147168628839478455, 0.000000000000000000 ) ) ;
#2090 = EDGE_CURVE ( 'NONE', #2921, #7039, #885, .T. ) ;
#2091 = ORIENTED_EDGE ( 'NONE', *, *, #46, .F. ) ;
#2092 = LINE ( 'NONE', #9086, #7452 ) ;
#2093 = DIRECTION ( 'NONE',  ( 0.6704231442186412426, 0.7419789806294992962, 0.000000000000000000 ) ) ;
#2094 = CARTESIAN_POINT ( 'NONE',  ( 9.668686868686869218, -14.75824915824915884, -6.049999999999999822 ) ) ;
#2095 = DIRECTION ( 'NONE',  ( 0.000000000000000000, 0.000000000000000000, -1.000000000000000000 ) ) ;
#2096 = CARTESIAN_POINT ( 'NONE',  ( 16.45656565656565462, -18.64062850729517251, -6.049999999999999822 ) ) ;
#2097 = CARTESIAN_POINT ( 'NONE',  ( 9.763636363636363669, -14.44242424242424150, -6.049999999999999822 ) ) ;
#2098 = ADVANCED_FACE ( 'NONE', ( #4858 ), #7173, .T. ) ;
#2099 = CARTESIAN_POINT ( 'NONE',  ( 20.82626262626262559, -13.43232323232323289, -6.349999999999999645 ) ) ;
#2100 = DIRECTION ( 'NONE',  ( 0.2107281972989952790, 0.9775446930259075184, 0.000000000000000000 ) ) ;
#2101 = ORIENTED_EDGE ( 'NONE', *, *, #1665, .F. ) ;
#2102 = ORIENTED_EDGE ( 'NONE', *, *, #1159, .T. ) ;
#2103 = DIRECTION ( 'NONE',  ( 0.002271860854180602664, -0.9999974193207997741, 0.000000000000000000 ) ) ;
#2104 = EDGE_CURVE ( 'NONE', #3029, #1724, #1841, .T. ) ;
#2105 = PLANE ( 'NONE',  #6973 ) ;
#2106 = CARTESIAN_POINT ( 'NONE',  ( 12.66195286195286052, -14.42109988776655527, -6.049999999999999822 ) ) ;
#2107 = CARTESIAN_POINT ( 'NONE',  ( 16.46010101010101323, -13.00909090909090970, -6.049999999999999822 ) ) ;
#2108 = CARTESIAN_POINT ( 'NONE',  ( 15.12929292929293013, -12.55959595959595987, -6.349999999999999645 ) ) ;
#2109 = ADVANCED_FACE ( 'NONE', ( #9444 ), #8588, .T. ) ;
#2110 = ORIENTED_EDGE ( 'NONE', *, *, #3547, .T. ) ;
#2111 = FACE_OUTER_BOUND ( 'NONE', #7415, .T. ) ;
#2112 = ORIENTED_EDGE ( 'NONE', *, *, #2014, .F. ) ;
#2113 = ORIENTED_EDGE ( 'NONE', *, *, #1181, .F. ) ;
#2114 = LINE ( 'NONE', #7215, #2951 ) ;
#2115 = ORIENTED_EDGE ( 'NONE', *, *, #851, .T. ) ;
#2116 = CARTESIAN_POINT ( 'NONE',  ( 18.22334455667789044, -17.93063973063972938, -6.349999999999999645 ) ) ;
#2117 = LINE ( 'NONE', #6790, #7643 ) ;
#2118 = LINE ( 'NONE', #6043, #3801 ) ;
#2119 = CARTESIAN_POINT ( 'NONE',  ( 15.76049382716049330, -13.82109988776655385, -6.049999999999999822 ) ) ;
#2120 = ORIENTED_EDGE ( 'NONE', *, *, #4997, .F. ) ;
#2121 = ORIENTED_EDGE ( 'NONE', *, *, #8742, .T. ) ;
#2122 = ORIENTED_EDGE ( 'NONE', *, *, #6284, .F. ) ;
#2123 = ORIENTED_EDGE ( 'NONE', *, *, #6392, .F. ) ;
#2124 = PLANE ( 'NONE',  #9406 ) ;
#2125 = CARTESIAN_POINT ( 'NONE',  ( 22.92727272727272947, -11.51717171717171695, -6.049999999999999822 ) ) ;
#2126 = DIRECTION ( 'NONE',  ( -0.9999974193207997741, -0.002271860854180602664, 0.000000000000000000 ) ) ;
#2127 = LINE ( 'NONE', #5762, #4324 ) ;
#2128 = ORIENTED_EDGE ( 'NONE', *, *, #910, .T. ) ;
#2129 = ORIENTED_EDGE ( 'NONE', *, *, #8856, .F. ) ;
#2130 = PLANE ( 'NONE',  #8931 ) ;
#2131 = ORIENTED_EDGE ( 'NONE', *, *, #7877, .T. ) ;
#2132 = CARTESIAN_POINT ( 'NONE',  ( 13.87676767676767753, -18.94343434343434396, -6.049999999999999822 ) ) ;
#2133 = DIRECTION ( 'NONE',  ( 0.000000000000000000, 0.000000000000000000, -1.000000000000000000 ) ) ;
#2134 = FACE_OUTER_BOUND ( 'NONE', #1740, .T. ) ;
#2135 = LINE ( 'NONE', #7331, #8936 ) ;
#2136 = DIRECTION ( 'NONE',  ( 0.8243721040696817548, 0.5660482612213608711, 0.000000000000000000 ) ) ;
#2137 = EDGE_CURVE ( 'NONE', #9221, #7514, #3152, .T. ) ;
#2138 = LINE ( 'NONE', #1386, #921 ) ;
#2139 = DIRECTION ( 'NONE',  ( 0.000000000000000000, 0.000000000000000000, -1.000000000000000000 ) ) ;
#2140 = ADVANCED_FACE ( 'NONE', ( #4002 ), #6423, .T. ) ;
#2141 = CARTESIAN_POINT ( 'NONE',  ( 9.990796857463521974, -11.48125701459034786, -6.049999999999999822 ) ) ;
#2142 = VERTEX_POINT ( 'NONE', #3900 ) ;
#2143 = VECTOR ( 'NONE', #1627, 1000.000000000000000 ) ;
#2144 = EDGE_LOOP ( 'NONE', ( #1496, #6821, #1984, #403 ) ) ;
#2145 = CARTESIAN_POINT ( 'NONE',  ( 16.39618406285072894, -12.98787878787878824, -6.349999999999999645 ) ) ;
#2146 = DIRECTION ( 'NONE',  ( 1.000000000000000000, 0.000000000000000000, 0.000000000000000000 ) ) ;
#2147 = EDGE_CURVE ( 'NONE', #6494, #4782, #3244, .T. ) ;
#2148 = FACE_OUTER_BOUND ( 'NONE', #17, .T. ) ;
#2149 = DIRECTION ( 'NONE',  ( -0.9753604616760366275, 0.2206172472838615894, -0.000000000000000000 ) ) ;
#2150 = VECTOR ( 'NONE', #7636, 1000.000000000000000 ) ;
#2151 = VECTOR ( 'NONE', #5651, 1000.000000000000114 ) ;
#2152 = PLANE ( 'NONE',  #2371 ) ;
#2153 = VECTOR ( 'NONE', #7291, 1000.000000000000000 ) ;
#2154 = ADVANCED_FACE ( 'NONE', ( #6270 ), #2445, .T. ) ;
#2155 = EDGE_CURVE ( 'NONE', #665, #79, #6310, .T. ) ;
#2156 = EDGE_CURVE ( 'NONE', #2142, #9652, #1637, .T. ) ;
#2157 = VERTEX_POINT ( 'NONE', #4815 ) ;
#2158 = PLANE ( 'NONE',  #7298 ) ;
#2159 = AXIS2_PLACEMENT_3D ( 'NONE', #7673, #9791, #5964 ) ;
#2160 = VERTEX_POINT ( 'NONE', #5063 ) ;
#2161 = ORIENTED_EDGE ( 'NONE', *, *, #2029, .F. ) ;
#2162 = EDGE_CURVE ( 'NONE', #2521, #1174, #4302, .T. ) ;
#2164 = AXIS2_PLACEMENT_3D ( 'NONE', #6325, #9404, #2508 ) ;
#2163 = DIRECTION ( 'NONE',  ( 0.000000000000000000, 0.000000000000000000, -1.000000000000000000 ) ) ;
#2165 = CARTESIAN_POINT ( 'NONE',  ( 32.00000000000000000, -52.00000000000000711, -4.349999999999999645 ) ) ;
#2166 = CARTESIAN_POINT ( 'NONE',  ( 10.86172839506172672, -16.56857463524130480, -6.049999999999999822 ) ) ;
#2167 = CARTESIAN_POINT ( 'NONE',  ( 18.38479236812570150, -18.89646464646464707, -6.049999999999999822 ) ) ;
#2168 = VECTOR ( 'NONE', #7261, 1000.000000000000114 ) ;
#2169 = DIRECTION ( 'NONE',  ( 0.000000000000000000, 0.000000000000000000, -1.000000000000000000 ) ) ;
#2170 = VECTOR ( 'NONE', #2038, 1000.000000000000000 ) ;
#2171 = VERTEX_POINT ( 'NONE', #8941 ) ;
#2172 = ORIENTED_EDGE ( 'NONE', *, *, #8450, .F. ) ;
#2173 = VERTEX_POINT ( 'NONE', #2641 ) ;
#2174 = ORIENTED_EDGE ( 'NONE', *, *, #9672, .F. ) ;
#2175 = VECTOR ( 'NONE', #8947, 1000.000000000000000 ) ;
#2176 = PLANE ( 'NONE',  #7152 ) ;
#2177 = AXIS2_PLACEMENT_3D ( 'NONE', #3807, #2353, #7541 ) ;
#2178 = DIRECTION ( 'NONE',  ( 0.000000000000000000, 0.000000000000000000, -1.000000000000000000 ) ) ;
#2179 = CARTESIAN_POINT ( 'NONE',  ( 18.84646464646464636, -12.81818181818181834, -6.049999999999999822 ) ) ;
#2180 = DIRECTION ( 'NONE',  ( -0.9122494656769595256, -0.4096350966068483257, 0.000000000000000000 ) ) ;
#2181 = VECTOR ( 'NONE', #8054, 1000.000000000000000 ) ;
#2182 = ORIENTED_EDGE ( 'NONE', *, *, #69, .F. ) ;
#2183 = ORIENTED_EDGE ( 'NONE', *, *, #2137, .F. ) ;
#2184 = PLANE ( 'NONE',  #3612 ) ;
#2185 = ORIENTED_EDGE ( 'NONE', *, *, #3003, .F. ) ;
#2186 = LINE ( 'NONE', #2132, #4233 ) ;
#2187 = FACE_OUTER_BOUND ( 'NONE', #4773, .T. ) ;
#2188 =( NAMED_UNIT ( * ) PLANE_ANGLE_UNIT ( ) SI_UNIT ( $, .RADIAN. ) );
#2189 = DIRECTION ( 'NONE',  ( 0.000000000000000000, -1.000000000000000000, 0.000000000000000000 ) ) ;
#2190 = VECTOR ( 'NONE', #742, 1000.000000000000114 ) ;
#2191 = LINE ( 'NONE', #5262, #2676 ) ;
#2192 = DIRECTION ( 'NONE',  ( 0.000000000000000000, 0.000000000000000000, -1.000000000000000000 ) ) ;
#2193 = CARTESIAN_POINT ( 'NONE',  ( 16.45656565656565462, -18.64062850729517251, -6.349999999999999645 ) ) ;
#2194 = ORIENTED_EDGE ( 'NONE', *, *, #6817, .F. ) ;
#2195 = VECTOR ( 'NONE', #3237, 1000.000000000000227 ) ;
#2196 = VERTEX_POINT ( 'NONE', #333 ) ;
#2197 = VERTEX_POINT ( 'NONE', #8792 ) ;
#2198 = CARTESIAN_POINT ( 'NONE',  ( 17.70707070707070585, -13.94141414141414259, -6.049999999999999822 ) ) ;
#2199 = EDGE_CURVE ( 'NONE', #4945, #47, #1227, .T. ) ;
#2200 = DIRECTION ( 'NONE',  ( -0.000000000000000000, -1.000000000000000000, -0.000000000000000000 ) ) ;
#2201 = DIRECTION ( 'NONE',  ( 0.000000000000000000, 0.000000000000000000, -1.000000000000000000 ) ) ;
#2202 = PLANE ( 'NONE',  #6851 ) ;
#2203 = CIRCLE ( 'NONE', #7834, 1.100000000000000089 ) ;
#2204 = CARTESIAN_POINT ( 'NONE',  ( 17.18989898989898890, -17.44040404040404013, -6.349999999999999645 ) ) ;
#2205 = ORIENTED_EDGE ( 'NONE', *, *, #4842, .T. ) ;
#2206 = DIRECTION ( 'NONE',  ( 0.9999740602608916396, 0.007202694311612090235, 0.000000000000000000 ) ) ;
#2207 = EDGE_CURVE ( 'NONE', #9870, #8147, #9540, .T. ) ;
#2208 = VECTOR ( 'NONE', #485, 1000.000000000000227 ) ;
#2209 = ORIENTED_EDGE ( 'NONE', *, *, #5154, .T. ) ;
#2210 = EDGE_LOOP ( 'NONE', ( #4600, #643, #4131, #268 ) ) ;
#2211 = FACE_OUTER_BOUND ( 'NONE', #2210, .T. ) ;
#2212 = DIRECTION ( 'NONE',  ( 0.000000000000000000, 0.000000000000000000, -1.000000000000000000 ) ) ;
#2213 = ADVANCED_FACE ( 'NONE', ( #7423 ), #2785, .T. ) ;
#2214 = FACE_OUTER_BOUND ( 'NONE', #2814, .T. ) ;
#2215 = LINE ( 'NONE', #5331, #2343 ) ;
#2216 = LINE ( 'NONE', #5708, #3322 ) ;
#2217 = CARTESIAN_POINT ( 'NONE',  ( 10.68799102132435408, -17.65903479236812501, -6.349999999999999645 ) ) ;
#2218 = EDGE_CURVE ( 'NONE', #4383, #3562, #6571, .T. ) ;
#2219 = VECTOR ( 'NONE', #5008, 1000.000000000000000 ) ;
#2220 = EDGE_LOOP ( 'NONE', ( #1968, #5281, #1201, #6165 ) ) ;
#2221 = VECTOR ( 'NONE', #913, 1000.000000000000000 ) ;
#2222 = LINE ( 'NONE', #9924, #3468 ) ;
#2223 = VERTEX_POINT ( 'NONE', #2692 ) ;
#2224 = ORIENTED_EDGE ( 'NONE', *, *, #15, .T. ) ;
#2225 = ORIENTED_EDGE ( 'NONE', *, *, #5483, .F. ) ;
#2226 = EDGE_CURVE ( 'NONE', #9355, #8907, #1892, .T. ) ;
#2227 = LINE ( 'NONE', #6707, #76 ) ;
#2228 = EDGE_CURVE ( 'NONE', #4490, #3975, #9687, .T. ) ;
#2229 = EDGE_CURVE ( 'NONE', #3030, #933, #5862, .T. ) ;
#2230 = DIRECTION ( 'NONE',  ( 0.4921065432504917458, -0.8705349792455510105, 0.000000000000000000 ) ) ;
#2231 = AXIS2_PLACEMENT_3D ( 'NONE', #5165, #8238, #829 ) ;
#2232 = CYLINDRICAL_SURFACE ( 'NONE', #9301, 1.100000000000000089 ) ;
#2233 = EDGE_CURVE ( 'NONE', #748, #172, #5110, .T. ) ;
#2234 = LINE ( 'NONE', #4596, #2074 ) ;
#2235 = VERTEX_POINT ( 'NONE', #8185 ) ;
#2236 = ORIENTED_EDGE ( 'NONE', *, *, #9803, .F. ) ;
#2237 = AXIS2_PLACEMENT_3D ( 'NONE', #8583, #7832, #9388 ) ;
#2238 = DIRECTION ( 'NONE',  ( -0.5041781751006072509, 0.8635996571052014792, 0.000000000000000000 ) ) ;
#2239 = VERTEX_POINT ( 'NONE', #3587 ) ;
#2240 = CARTESIAN_POINT ( 'NONE',  ( -0.9000000000000000222, -52.00000000000000711, -6.349999999999999645 ) ) ;
#2241 = CARTESIAN_POINT ( 'NONE',  ( 9.990796857463521974, -11.48125701459034786, -6.049999999999999822 ) ) ;
#2242 = DIRECTION ( 'NONE',  ( 0.9404451797148982717, 0.3399453837765894493, 0.000000000000000000 ) ) ;
#2243 = FACE_OUTER_BOUND ( 'NONE', #1499, .T. ) ;
#2244 = LINE ( 'NONE', #9242, #9279 ) ;
#2245 = DIRECTION ( 'NONE',  ( 0.3454033315658215364, 0.9384543348204168467, -0.000000000000000000 ) ) ;
#2246 = AXIS2_PLACEMENT_3D ( 'NONE', #1110, #2672, #8968 ) ;
#2247 = DIRECTION ( 'NONE',  ( 0.000000000000000000, 1.000000000000000000, 0.000000000000000000 ) ) ;
#2248 = ORIENTED_EDGE ( 'NONE', *, *, #2342, .F. ) ;
#2249 = ORIENTED_EDGE ( 'NONE', *, *, #1398, .T. ) ;
#2250 = ORIENTED_EDGE ( 'NONE', *, *, #9732, .F. ) ;
#2251 = CARTESIAN_POINT ( 'NONE',  ( 10.20707070707070585, -16.10404040404040416, -6.049999999999999822 ) ) ;
#2252 = DIRECTION ( 'NONE',  ( 0.000000000000000000, 0.000000000000000000, -1.000000000000000000 ) ) ;
#2253 = LINE ( 'NONE', #1445, #9093 ) ;
#2254 = FACE_OUTER_BOUND ( 'NONE', #8050, .T. ) ;
#2255 = LINE ( 'NONE', #4568, #8963 ) ;
#2256 = ORIENTED_EDGE ( 'NONE', *, *, #7111, .F. ) ;
#2257 = ORIENTED_EDGE ( 'NONE', *, *, #9303, .T. ) ;
#2258 = CARTESIAN_POINT ( 'NONE',  ( 7.869135802469135577, -16.21661054994388351, -6.349999999999999645 ) ) ;
#2259 = EDGE_LOOP ( 'NONE', ( #5323, #361, #5096, #2961 ) ) ;
#2260 = ORIENTED_EDGE ( 'NONE', *, *, #5662, .F. ) ;
#2261 = CARTESIAN_POINT ( 'NONE',  ( 7.858698092031422888, -18.83793490460157116, -6.049999999999999822 ) ) ;
#2262 = CARTESIAN_POINT ( 'NONE',  ( 7.425589225589224185, -12.32502805836139181, -6.049999999999999822 ) ) ;
#2263 = LINE ( 'NONE', #8404, #3779 ) ;
#2264 = LINE ( 'NONE', #2368, #1375 ) ;
#2265 = LINE ( 'NONE', #2311, #595 ) ;
#2266 = EDGE_CURVE ( 'NONE', #6287, #9482, #5913, .T. ) ;
#2267 = DIRECTION ( 'NONE',  ( -0.8440885555688397712, 0.5362037955457886751, 0.000000000000000000 ) ) ;
#2268 = EDGE_CURVE ( 'NONE', #9667, #3149, #3401, .T. ) ;
#2269 = VERTEX_POINT ( 'NONE', #8041 ) ;
#2270 = LINE ( 'NONE', #2373, #9260 ) ;
#2271 = ORIENTED_EDGE ( 'NONE', *, *, #9478, .F. ) ;
#2272 = ORIENTED_EDGE ( 'NONE', *, *, #3391, .T. ) ;
#2273 = ORIENTED_EDGE ( 'NONE', *, *, #445, .F. ) ;
#2274 = CARTESIAN_POINT ( 'NONE',  ( 17.79595959595959442, -12.64848484848484844, -6.049999999999999822 ) ) ;
#2275 = EDGE_CURVE ( 'NONE', #4733, #4965, #3496, .T. ) ;
#2276 = DIRECTION ( 'NONE',  ( 0.000000000000000000, 0.000000000000000000, -1.000000000000000000 ) ) ;
#2277 = FACE_OUTER_BOUND ( 'NONE', #4280, .T. ) ;
#2278 = FACE_OUTER_BOUND ( 'NONE', #6853, .T. ) ;
#2279 = EDGE_CURVE ( 'NONE', #8459, #4675, #8887, .T. ) ;
#2280 = VERTEX_POINT ( 'NONE', #4206 ) ;
#2281 = ORIENTED_EDGE ( 'NONE', *, *, #8020, .F. ) ;
#2282 = DIRECTION ( 'NONE',  ( 0.5988397405033358822, -0.8008688813993819489, -0.000000000000000000 ) ) ;
#2283 = ORIENTED_EDGE ( 'NONE', *, *, #8937, .T. ) ;
#2284 = DIRECTION ( 'NONE',  ( 0.2482181907691043965, -0.9687041497646804444, 0.000000000000000000 ) ) ;
#2285 = ADVANCED_FACE ( 'NONE', ( #7272 ), #8084, .T. ) ;
#2286 = PLANE ( 'NONE',  #393 ) ;
#2287 = ADVANCED_FACE ( 'NONE', ( #1983 ), #5767, .T. ) ;
#2288 = CARTESIAN_POINT ( 'NONE',  ( 6.854545454545455385, -17.77979797979797993, -6.049999999999999822 ) ) ;
#2289 = CARTESIAN_POINT ( 'NONE',  ( 10.72525252525252526, -14.44242424242424150, -6.349999999999999645 ) ) ;
#2290 = FACE_OUTER_BOUND ( 'NONE', #3759, .T. ) ;
#2291 = DIRECTION ( 'NONE',  ( -1.000000000000000000, 0.000000000000000000, 0.000000000000000000 ) ) ;
#2292 = LINE ( 'NONE', #9145, #2870 ) ;
#2293 = VERTEX_POINT ( 'NONE', #7325 ) ;
#2294 = ORIENTED_EDGE ( 'NONE', *, *, #4534, .F. ) ;
#2295 = ORIENTED_EDGE ( 'NONE', *, *, #4238, .T. ) ;
#2296 = CARTESIAN_POINT ( 'NONE',  ( 14.47272727272727266, -17.04253647586980946, -6.349999999999999645 ) ) ;
#2297 = CARTESIAN_POINT ( 'NONE',  ( 17.18989898989898890, -15.54141414141414224, -6.349999999999999645 ) ) ;
#2298 = CARTESIAN_POINT ( 'NONE',  ( -2.000000000000000000, -52.00000000000000711, -4.349999999999999645 ) ) ;
#2299 = CARTESIAN_POINT ( 'NONE',  ( 20.82626262626262559, -12.30101010101010317, -6.049999999999999822 ) ) ;
#2300 = LINE ( 'NONE', #5424, #9759 ) ;
#2301 = VECTOR ( 'NONE', #9457, 1000.000000000000000 ) ;
#2302 = ORIENTED_EDGE ( 'NONE', *, *, #6108, .T. ) ;
#2303 = ORIENTED_EDGE ( 'NONE', *, *, #1546, .T. ) ;
#2304 = CARTESIAN_POINT ( 'NONE',  ( 7.869135802469135577, -16.21661054994388351, -6.049999999999999822 ) ) ;
#2305 = ORIENTED_EDGE ( 'NONE', *, *, #5615, .T. ) ;
#2306 = EDGE_LOOP ( 'NONE', ( #1726, #6551, #2459, #2205 ) ) ;
#2307 = PLANE ( 'NONE',  #2474 ) ;
#2308 = AXIS2_PLACEMENT_3D ( 'NONE', #7540, #639, #8542 ) ;
#2309 = VECTOR ( 'NONE', #7425, 1000.000000000000227 ) ;
#2310 = LINE ( 'NONE', #5382, #1061 ) ;
#2311 = CARTESIAN_POINT ( 'NONE',  ( 8.090684624017958626, -16.60852974186307662, -6.349999999999999645 ) ) ;
#2312 = LINE ( 'NONE', #2119, #1909 ) ;
#2313 = VECTOR ( 'NONE', #7230, 1000.000000000000000 ) ;
#2314 = AXIS2_PLACEMENT_3D ( 'NONE', #8305, #6838, #1400 ) ;
#2315 = ORIENTED_EDGE ( 'NONE', *, *, #2229, .F. ) ;
#2316 = LINE ( 'NONE', #811, #89 ) ;
#2317 = ORIENTED_EDGE ( 'NONE', *, *, #7388, .F. ) ;
#2318 = ORIENTED_EDGE ( 'NONE', *, *, #614, .F. ) ;
#2319 = ADVANCED_FACE ( 'NONE', ( #426 ), #9642, .F. ) ;
#2320 = VERTEX_POINT ( 'NONE', #3733 ) ;
#2321 = CARTESIAN_POINT ( 'NONE',  ( 11.96969696969696884, -12.55151515151515085, -6.049999999999999822 ) ) ;
#2322 = CARTESIAN_POINT ( 'NONE',  ( 22.28080808080807884, -18.93535353535353494, -6.049999999999999822 ) ) ;
#2323 = ADVANCED_FACE ( 'NONE', ( #6112 ), #2130, .T. ) ;
#2324 = VECTOR ( 'NONE', #4788, 1000.000000000000114 ) ;
#2325 = VECTOR ( 'NONE', #4060, 1000.000000000000114 ) ;
#2326 = LINE ( 'NONE', #2981, #6722 ) ;
#2327 = DIRECTION ( 'NONE',  ( 0.000000000000000000, -1.000000000000000000, -0.000000000000000000 ) ) ;
#2328 = EDGE_CURVE ( 'NONE', #6193, #9235, #1473, .T. ) ;
#2329 = ORIENTED_EDGE ( 'NONE', *, *, #6582, .T. ) ;
#2330 = VECTOR ( 'NONE', #2893, 1000.000000000000000 ) ;
#2331 = ORIENTED_EDGE ( 'NONE', *, *, #1173, .T. ) ;
#2332 = AXIS2_PLACEMENT_3D ( 'NONE', #6154, #9234, #9830 ) ;
#2333 = CARTESIAN_POINT ( 'NONE',  ( 21.14949494949495445, -17.44040404040404013, -6.349999999999999645 ) ) ;
#2334 = ORIENTED_EDGE ( 'NONE', *, *, #9306, .T. ) ;
#2335 = LINE ( 'NONE', #823, #1182 ) ;
#2336 = DIRECTION ( 'NONE',  ( 0.4370057769617664012, -0.8994586988306039199, 0.000000000000000000 ) ) ;
#2337 = DIRECTION ( 'NONE',  ( -0.3399453837765894493, 0.9404451797148982717, 0.000000000000000000 ) ) ;
#2338 = EDGE_CURVE ( 'NONE', #4397, #7299, #7616, .T. ) ;
#2339 = FACE_OUTER_BOUND ( 'NONE', #3174, .T. ) ;
#2340 = EDGE_CURVE ( 'NONE', #977, #9697, #5202, .T. ) ;
#2341 = CARTESIAN_POINT ( 'NONE',  ( 7.193939393939395188, -13.40808080808080760, -6.049999999999999822 ) ) ;
#2342 = EDGE_CURVE ( 'NONE', #4502, #2943, #4544, .T. ) ;
#2343 = VECTOR ( 'NONE', #1606, 1000.000000000000000 ) ;
#2344 = DIRECTION ( 'NONE',  ( 0.4660247734821974519, -0.8847716713937366917, 0.000000000000000000 ) ) ;
#2345 = PLANE ( 'NONE',  #9319 ) ;
#2346 = ADVANCED_FACE ( 'NONE', ( #6914 ), #2986, .T. ) ;
#2347 = ORIENTED_EDGE ( 'NONE', *, *, #7680, .T. ) ;
#2348 = ORIENTED_EDGE ( 'NONE', *, *, #2518, .T. ) ;
#2349 = VERTEX_POINT ( 'NONE', #1378 ) ;
#2350 = CARTESIAN_POINT ( 'NONE',  ( 15.76049382716049330, -13.82109988776655385, -6.049999999999999822 ) ) ;
#2351 = VECTOR ( 'NONE', #9213, 1000.000000000000000 ) ;
#2352 = CARTESIAN_POINT ( 'NONE',  ( 18.22334455667789044, -17.93063973063972938, -6.049999999999999822 ) ) ;
#2353 = DIRECTION ( 'NONE',  ( -1.000000000000000000, 0.000000000000000000, 0.000000000000000000 ) ) ;
#2354 = EDGE_CURVE ( 'NONE', #400, #7299, #3642, .T. ) ;
#2355 = EDGE_CURVE ( 'NONE', #9251, #8770, #6863, .T. ) ;
#2356 = CARTESIAN_POINT ( 'NONE',  ( 13.88888888888888928, -13.61010101010101003, -6.349999999999999645 ) ) ;
#2357 = ADVANCED_FACE ( 'NONE', ( #3039 ), #4452, .T. ) ;
#2358 = CARTESIAN_POINT ( 'NONE',  ( 14.09494949494949445, -16.32704826038159496, -6.049999999999999822 ) ) ;
#2359 = VECTOR ( 'NONE', #6621, 1000.000000000000000 ) ;
#2360 = EDGE_CURVE ( 'NONE', #4225, #6379, #8424, .T. ) ;
#2361 = ORIENTED_EDGE ( 'NONE', *, *, #3331, .T. ) ;
#2362 = EDGE_LOOP ( 'NONE', ( #4451, #6406, #3925, #8443 ) ) ;
#2363 = FACE_OUTER_BOUND ( 'NONE', #8624, .T. ) ;
#2364 = CARTESIAN_POINT ( 'NONE',  ( 16.71313131313131350, -13.03636363636363704, -6.049999999999999822 ) ) ;
#2365 = EDGE_LOOP ( 'NONE', ( #5897, #8331, #3057, #353 ) ) ;
#2366 = LINE ( 'NONE', #4524, #9574 ) ;
#2367 = VECTOR ( 'NONE', #9215, 1000.000000000000114 ) ;
#2368 = CARTESIAN_POINT ( 'NONE',  ( 12.76969696969696955, -18.07878787878787818, -6.049999999999999822 ) ) ;
#2369 = DIRECTION ( 'NONE',  ( 0.4881670884677164479, -0.8727501897662084396, 0.000000000000000000 ) ) ;
#2370 = FACE_OUTER_BOUND ( 'NONE', #9896, .T. ) ;
#2371 = AXIS2_PLACEMENT_3D ( 'NONE', #8904, #2856, #2003 ) ;
#2372 = ORIENTED_EDGE ( 'NONE', *, *, #4681, .F. ) ;
#2373 = CARTESIAN_POINT ( 'NONE',  ( 19.07811447811447891, -18.26644219977553263, -6.049999999999999822 ) ) ;
#2374 = ORIENTED_EDGE ( 'NONE', *, *, #8691, .F. ) ;
#2375 = ORIENTED_EDGE ( 'NONE', *, *, #7710, .T. ) ;
#2376 = ORIENTED_EDGE ( 'NONE', *, *, #2781, .T. ) ;
#2377 = PLANE ( 'NONE',  #8927 ) ;
#2378 = DIRECTION ( 'NONE',  ( 0.000000000000000000, 0.000000000000000000, -1.000000000000000000 ) ) ;
#2379 = CARTESIAN_POINT ( 'NONE',  ( 9.564309764309763651, -15.05925925925925846, -6.049999999999999822 ) ) ;
#2380 = VECTOR ( 'NONE', #1569, 1000.000000000000114 ) ;
#2381 = DIRECTION ( 'NONE',  ( -0.7282416466255144938, 0.6853204390065710250, 0.000000000000000000 ) ) ;
#2382 = ORIENTED_EDGE ( 'NONE', *, *, #2713, .T. ) ;
#2383 = ORIENTED_EDGE ( 'NONE', *, *, #4441, .T. ) ;
#2384 = ORIENTED_EDGE ( 'NONE', *, *, #7498, .F. ) ;
#2385 = CARTESIAN_POINT ( 'NONE',  ( 12.38967452300785510, -15.75420875420875255, -6.049999999999999822 ) ) ;
#2386 = VERTEX_POINT ( 'NONE', #1324 ) ;
#2387 = CARTESIAN_POINT ( 'NONE',  ( 16.24500561167227985, -13.93389450056116807, -6.349999999999999645 ) ) ;
#2388 = VECTOR ( 'NONE', #6261, 1000.000000000000000 ) ;
#2389 = DIRECTION ( 'NONE',  ( 0.8994586988306039199, 0.4370057769617663457, 0.000000000000000000 ) ) ;
#2390 = VECTOR ( 'NONE', #4924, 1000.000000000000000 ) ;
#2391 = LINE ( 'NONE', #8533, #1577 ) ;
#2392 = CARTESIAN_POINT ( 'NONE',  ( 10.43535353535353494, -17.49595959595959727, -6.049999999999999822 ) ) ;
#2393 = DIRECTION ( 'NONE',  ( 0.000000000000000000, 0.000000000000000000, -1.000000000000000000 ) ) ;
#2394 = CARTESIAN_POINT ( 'NONE',  ( 11.80336700336700240, -15.38406285072951718, -6.049999999999999822 ) ) ;
#2395 = EDGE_CURVE ( 'NONE', #4951, #2720, #19, .T. ) ;
#2396 = CARTESIAN_POINT ( 'NONE',  ( 17.18989898989898890, -16.26868686868686709, -6.049999999999999822 ) ) ;
#2397 = VECTOR ( 'NONE', #2178, 1000.000000000000000 ) ;
#2398 = VECTOR ( 'NONE', #7881, 1000.000000000000000 ) ;
#2399 = ORIENTED_EDGE ( 'NONE', *, *, #369, .T. ) ;
#2400 = EDGE_CURVE ( 'NONE', #683, #8653, #624, .T. ) ;
#2401 = ORIENTED_EDGE ( 'NONE', *, *, #3813, .F. ) ;
#2402 = ORIENTED_EDGE ( 'NONE', *, *, #8186, .F. ) ;
#2403 = DIRECTION ( 'NONE',  ( -1.000000000000000000, -0.000000000000000000, -0.000000000000000000 ) ) ;
#2404 = CARTESIAN_POINT ( 'NONE',  ( 12.38967452300785510, -15.75420875420875255, -6.349999999999999645 ) ) ;
#2405 = CARTESIAN_POINT ( 'NONE',  ( 14.67396184062850750, -15.46419753086419746, -6.049999999999999822 ) ) ;
#2406 = FACE_BOUND ( 'NONE', #7391, .T. ) ;
#2407 = ADVANCED_FACE ( 'NONE', ( #774 ), #9788, .T. ) ;
#2408 = VECTOR ( 'NONE', #1328, 1000.000000000000000 ) ;
#2409 = DIRECTION ( 'NONE',  ( 0.000000000000000000, 1.000000000000000000, 0.000000000000000000 ) ) ;
#2410 = DIRECTION ( 'NONE',  ( 0.000000000000000000, 0.000000000000000000, -1.000000000000000000 ) ) ;
#2411 = EDGE_CURVE ( 'NONE', #4545, #8907, #5156, .T. ) ;
#2412 = ORIENTED_EDGE ( 'NONE', *, *, #3271, .F. ) ;
#2413 = ORIENTED_EDGE ( 'NONE', *, *, #4859, .T. ) ;
#2414 = CARTESIAN_POINT ( 'NONE',  ( 12.63030303030303081, -18.22109988776655598, -6.349999999999999645 ) ) ;
#2415 = DIRECTION ( 'NONE',  ( 0.1317033399538821425, -0.9912891758941949627, -0.000000000000000000 ) ) ;
#2416 = VERTEX_POINT ( 'NONE', #5960 ) ;
#2417 = DIRECTION ( 'NONE',  ( 0.3050710524058154460, 0.9523295926222223873, 0.000000000000000000 ) ) ;
#2418 = EDGE_CURVE ( 'NONE', #2720, #5494, #9033, .T. ) ;
#2419 = ADVANCED_FACE ( 'NONE', ( #9084 ), #2184, .T. ) ;
#2420 = CARTESIAN_POINT ( 'NONE',  ( 11.23434343434343496, -17.95757575757576063, -6.049999999999999822 ) ) ;
#2421 = LINE ( 'NONE', #4725, #1710 ) ;
#2422 = VERTEX_POINT ( 'NONE', #966 ) ;
#2423 = FACE_OUTER_BOUND ( 'NONE', #7716, .T. ) ;
#2424 = ORIENTED_EDGE ( 'NONE', *, *, #7882, .T. ) ;
#2425 = ORIENTED_EDGE ( 'NONE', *, *, #9963, .F. ) ;
#2426 = EDGE_LOOP ( 'NONE', ( #5099, #7443, #4491, #7684 ) ) ;
#2427 = LINE ( 'NONE', #3327, #5222 ) ;
#2428 = CARTESIAN_POINT ( 'NONE',  ( 10.81773288439954861, -18.62558922558922703, -6.049999999999999822 ) ) ;
#2429 = LINE ( 'NONE', #157, #609 ) ;
#2430 = CARTESIAN_POINT ( 'NONE',  ( 6.978002244668909171, -17.95959595959595845, -6.049999999999999822 ) ) ;
#2431 = VERTEX_POINT ( 'NONE', #7104 ) ;
#2432 = VERTEX_POINT ( 'NONE', #3939 ) ;
#2433 = ORIENTED_EDGE ( 'NONE', *, *, #745, .F. ) ;
#2434 = FACE_OUTER_BOUND ( 'NONE', #6864, .T. ) ;
#2435 = ORIENTED_EDGE ( 'NONE', *, *, #2806, .F. ) ;
#2436 = DIRECTION ( 'NONE',  ( 0.000000000000000000, 0.000000000000000000, -1.000000000000000000 ) ) ;
#2437 = DIRECTION ( 'NONE',  ( 0.000000000000000000, 0.000000000000000000, -1.000000000000000000 ) ) ;
#2438 = CARTESIAN_POINT ( 'NONE',  ( 8.758024691358025748, -15.59887766554433242, -6.349999999999999645 ) ) ;
#2439 = DIRECTION ( 'NONE',  ( 0.9996608920534491016, 0.02604037056000569478, 0.000000000000000000 ) ) ;
#2440 = DIRECTION ( 'NONE',  ( -0.1000722025518092084, -0.9949801778309101952, 0.000000000000000000 ) ) ;
#2441 = FACE_OUTER_BOUND ( 'NONE', #439, .T. ) ;
#2442 = DIRECTION ( 'NONE',  ( -0.9698118476474546501, 0.2438544241194532669, 0.000000000000000000 ) ) ;
#2443 = ORIENTED_EDGE ( 'NONE', *, *, #5975, .F. ) ;
#2444 = ORIENTED_EDGE ( 'NONE', *, *, #4812, .T. ) ;
#2445 = PLANE ( 'NONE',  #6025 ) ;
#2446 = CARTESIAN_POINT ( 'NONE',  ( 21.14949494949495445, -16.26868686868686709, -6.049999999999999822 ) ) ;
#2447 = PLANE ( 'NONE',  #7302 ) ;
#2448 = FACE_BOUND ( 'NONE', #5125, .T. ) ;
#2449 = EDGE_CURVE ( 'NONE', #3164, #428, #5604, .T. ) ;
#2450 = PLANE ( 'NONE',  #8131 ) ;
#2451 = LINE ( 'NONE', #941, #6532 ) ;
#2452 = EDGE_CURVE ( 'NONE', #4362, #8737, #3137, .T. ) ;
#2453 = DIRECTION ( 'NONE',  ( -0.000000000000000000, 1.000000000000000000, 0.000000000000000000 ) ) ;
#2454 = EDGE_CURVE ( 'NONE', #8571, #8868, #8529, .T. ) ;
#2455 = EDGE_LOOP ( 'NONE', ( #1615, #9577, #9282, #2064 ) ) ;
#2456 = EDGE_LOOP ( 'NONE', ( #6732, #9898, #3525, #5277 ) ) ;
#2457 = DIRECTION ( 'NONE',  ( 0.9992723990945748813, 0.03814016790436041554, 0.000000000000000000 ) ) ;
#2458 = CARTESIAN_POINT ( 'NONE',  ( 11.57822671156004546, -18.45005611672278434, -6.049999999999999822 ) ) ;
#2459 = ORIENTED_EDGE ( 'NONE', *, *, #7337, .T. ) ;
#2460 = LINE ( 'NONE', #1757, #4567 ) ;
#2461 = DIRECTION ( 'NONE',  ( 0.7406306665117869947, -0.6719123572478081785, 0.000000000000000000 ) ) ;
#2462 = EDGE_CURVE ( 'NONE', #864, #3867, #8629, .T. ) ;
#2463 = LINE ( 'NONE', #3168, #5093 ) ;
#2464 = ADVANCED_FACE ( 'NONE', ( #1774 ), #7161, .T. ) ;
#2465 = EDGE_CURVE ( 'NONE', #3172, #3009, #9334, .T. ) ;
#2466 = ADVANCED_FACE ( 'NONE', ( #2434 ), #6299, .T. ) ;
#2467 = VERTEX_POINT ( 'NONE', #6959 ) ;
#2468 = CARTESIAN_POINT ( 'NONE',  ( 10.95432098765432016, -17.81290684624017828, -6.049999999999999822 ) ) ;
#2469 = ORIENTED_EDGE ( 'NONE', *, *, #8505, .T. ) ;
#2470 = ORIENTED_EDGE ( 'NONE', *, *, #5975, .T. ) ;
#2471 = AXIS2_PLACEMENT_3D ( 'NONE', #3041, #5404, #3847 ) ;
#2472 = ORIENTED_EDGE ( 'NONE', *, *, #1928, .F. ) ;
#2473 = FACE_OUTER_BOUND ( 'NONE', #3069, .T. ) ;
#2474 = AXIS2_PLACEMENT_3D ( 'NONE', #7702, #753, #95 ) ;
#2475 = DIRECTION ( 'NONE',  ( -0.000000000000000000, -1.000000000000000000, -0.000000000000000000 ) ) ;
#2476 = VECTOR ( 'NONE', #6082, 1000.000000000000227 ) ;
#2477 = LINE ( 'NONE', #1668, #8672 ) ;
#2478 = ORIENTED_EDGE ( 'NONE', *, *, #8813, .T. ) ;
#2479 = ORIENTED_EDGE ( 'NONE', *, *, #4726, .F. ) ;
#2480 = VERTEX_POINT ( 'NONE', #7723 ) ;
#2481 = CARTESIAN_POINT ( 'NONE',  ( 11.96969696969696884, -13.61010101010101003, -6.049999999999999822 ) ) ;
#2482 = ORIENTED_EDGE ( 'NONE', *, *, #5833, .T. ) ;
#2484 = FACE_OUTER_BOUND ( 'NONE', #2426, .T. ) ;
#2483 = VECTOR ( 'NONE', #1280, 1000.000000000000114 ) ;
#2485 = CARTESIAN_POINT ( 'NONE',  ( 10.72525252525252526, -15.12121212121212288, -6.049999999999999822 ) ) ;
#2486 = VECTOR ( 'NONE', #9252, 1000.000000000000114 ) ;
#2487 = LINE ( 'NONE', #7221, #9620 ) ;
#2488 = CARTESIAN_POINT ( 'NONE',  ( 16.85252525252525402, -18.82828282828282696, -6.049999999999999822 ) ) ;
#2489 = DIRECTION ( 'NONE',  ( 0.000000000000000000, 1.000000000000000000, 0.000000000000000000 ) ) ;
#2490 = LINE ( 'NONE', #2592, #8650 ) ;
#2491 = FACE_OUTER_BOUND ( 'NONE', #251, .T. ) ;
#2492 = AXIS2_PLACEMENT_3D ( 'NONE', #7417, #514, #5902 ) ;
#2493 = VECTOR ( 'NONE', #647, 1000.000000000000000 ) ;
#2494 = EDGE_LOOP ( 'NONE', ( #5950, #1520, #2131, #7659 ) ) ;
#2495 = ORIENTED_EDGE ( 'NONE', *, *, #8505, .F. ) ;
#2496 = DIRECTION ( 'NONE',  ( -0.4669189053371122222, -0.8843001390019074037, 0.000000000000000000 ) ) ;
#2497 = DIRECTION ( 'NONE',  ( -0.9773662012373658392, 0.2115545052199097886, -0.000000000000000000 ) ) ;
#2498 = FACE_OUTER_BOUND ( 'NONE', #4571, .T. ) ;
#2499 = DIRECTION ( 'NONE',  ( -1.000000000000000000, 0.000000000000000000, -0.000000000000000000 ) ) ;
#2500 = CARTESIAN_POINT ( 'NONE',  ( 14.13086419753086354, -14.33019079685746355, -6.049999999999999822 ) ) ;
#2501 = VECTOR ( 'NONE', #2965, 1000.000000000000114 ) ;
#2502 = CARTESIAN_POINT ( 'NONE',  ( 14.75757575757575779, -16.53131313131313007, -6.349999999999999645 ) ) ;
#2503 = LINE ( 'NONE', #2556, #8642 ) ;
#2504 = ADVANCED_FACE ( 'NONE', ( #1625 ), #4697, .T. ) ;
#2505 = VECTOR ( 'NONE', #6244, 1000.000000000000000 ) ;
#2506 = ORIENTED_EDGE ( 'NONE', *, *, #3331, .F. ) ;
#2507 = VERTEX_POINT ( 'NONE', #5497 ) ;
#2508 = DIRECTION ( 'NONE',  ( 0.000000000000000000, 0.000000000000000000, -1.000000000000000000 ) ) ;
#2509 = LINE ( 'NONE', #8656, #2301 ) ;
#2510 = ORIENTED_EDGE ( 'NONE', *, *, #7005, .F. ) ;
#2511 = LINE ( 'NONE', #8756, #1693 ) ;
#2512 = CARTESIAN_POINT ( 'NONE',  ( 17.36767676767677315, -13.03636363636363704, -6.049999999999999822 ) ) ;
#2513 = CIRCLE ( 'NONE', #3316, 1.099999999999996758 ) ;
#2514 = CARTESIAN_POINT ( 'NONE',  ( 16.21992143658810193, -18.38928170594837042, -6.349999999999999645 ) ) ;
#2515 = EDGE_CURVE ( 'NONE', #4787, #5427, #5401, .T. ) ;
#2516 = ORIENTED_EDGE ( 'NONE', *, *, #110, .F. ) ;
#2517 = LINE ( 'NONE', #2668, #5208 ) ;
#2518 = EDGE_CURVE ( 'NONE', #3834, #8400, #269, .T. ) ;
#2519 = AXIS2_PLACEMENT_3D ( 'NONE', #6361, #8535, #2543 ) ;
#2520 = ORIENTED_EDGE ( 'NONE', *, *, #749, .T. ) ;
#2521 = VERTEX_POINT ( 'NONE', #7822 ) ;
#2522 = ORIENTED_EDGE ( 'NONE', *, *, #3813, .T. ) ;
#2523 = DIRECTION ( 'NONE',  ( -0.8161664057391532223, -0.5778169244170958674, 0.000000000000000000 ) ) ;
#2524 = EDGE_CURVE ( 'NONE', #8540, #205, #4799, .T. ) ;
#2525 = VECTOR ( 'NONE', #4672, 1000.000000000000000 ) ;
#2526 = LINE ( 'NONE', #1769, #8168 ) ;
#2527 = CARTESIAN_POINT ( 'NONE',  ( 9.052525252525253308, -16.11515151515151700, -6.049999999999999822 ) ) ;
#2528 = ORIENTED_EDGE ( 'NONE', *, *, #6967, .T. ) ;
#2529 = ORIENTED_EDGE ( 'NONE', *, *, #1926, .F. ) ;
#2530 = EDGE_CURVE ( 'NONE', #1028, #4362, #868, .T. ) ;
#2531 = ORIENTED_EDGE ( 'NONE', *, *, #5057, .T. ) ;
#2532 = EDGE_CURVE ( 'NONE', #163, #5307, #7871, .T. ) ;
#2533 = DIRECTION ( 'NONE',  ( 0.1695854569747677343, -0.9855154858157527675, -0.000000000000000000 ) ) ;
#2534 = EDGE_CURVE ( 'NONE', #2860, #8160, #64, .T. ) ;
#2535 = ORIENTED_EDGE ( 'NONE', *, *, #2228, .T. ) ;
#2536 = AXIS2_PLACEMENT_3D ( 'NONE', #4263, #1285, #8950 ) ;
#2537 = PLANE ( 'NONE',  #4888 ) ;
#2538 = CARTESIAN_POINT ( 'NONE',  ( 22.28080808080807884, -18.93535353535353494, -6.349999999999999645 ) ) ;
#2539 = FACE_OUTER_BOUND ( 'NONE', #8390, .T. ) ;
#2540 = LINE ( 'NONE', #5557, #5082 ) ;
#2541 = EDGE_CURVE ( 'NONE', #4239, #2349, #8680, .T. ) ;
#2542 = VECTOR ( 'NONE', #1320, 1000.000000000000000 ) ;
#2543 = DIRECTION ( 'NONE',  ( -0.4453674303657227940, 0.8953478943792926303, 0.000000000000000000 ) ) ;
#2544 = CARTESIAN_POINT ( 'NONE',  ( 15.47586980920314303, -12.43254769921436598, -6.049999999999999822 ) ) ;
#2545 = CARTESIAN_POINT ( 'NONE',  ( 9.052525252525253308, -16.11515151515151700, -6.349999999999999645 ) ) ;
#2546 = ORIENTED_EDGE ( 'NONE', *, *, #9613, .T. ) ;
#2547 = VECTOR ( 'NONE', #2378, 1000.000000000000000 ) ;
#2548 = ORIENTED_EDGE ( 'NONE', *, *, #9311, .F. ) ;
#2549 = AXIS2_PLACEMENT_3D ( 'NONE', #461, #2620, #1875 ) ;
#2550 = DIRECTION ( 'NONE',  ( -0.9369487572002728193, -0.3494667743589712217, 0.000000000000000000 ) ) ;
#2551 = CARTESIAN_POINT ( 'NONE',  ( 7.858698092031422888, -18.83793490460157116, -6.049999999999999822 ) ) ;
#2552 = LINE ( 'NONE', #9349, #3444 ) ;
#2553 = DIRECTION ( 'NONE',  ( 0.000000000000000000, 0.000000000000000000, 1.000000000000000000 ) ) ;
#2554 = LINE ( 'NONE', #433, #6682 ) ;
#2555 = DIRECTION ( 'NONE',  ( 0.000000000000000000, 0.000000000000000000, -1.000000000000000000 ) ) ;
#2556 = CARTESIAN_POINT ( 'NONE',  ( 7.869135802469135577, -16.21661054994388351, -6.049999999999999822 ) ) ;
#2557 = VECTOR ( 'NONE', #3096, 1000.000000000000000 ) ;
#2558 = CARTESIAN_POINT ( 'NONE',  ( 10.20707070707070585, -16.10404040404040416, -6.049999999999999822 ) ) ;
#2559 = ORIENTED_EDGE ( 'NONE', *, *, #4881, .F. ) ;
#2560 = ORIENTED_EDGE ( 'NONE', *, *, #5000, .T. ) ;
#2561 = LINE ( 'NONE', #294, #2325 ) ;
#2562 = LINE ( 'NONE', #3963, #1169 ) ;
#2563 = ORIENTED_EDGE ( 'NONE', *, *, #2226, .T. ) ;
#2564 = CARTESIAN_POINT ( 'NONE',  ( 8.333333333333332149, -16.97979797979797922, -6.349999999999999645 ) ) ;
#2565 = VECTOR ( 'NONE', #4209, 1000.000000000000000 ) ;
#2566 = PLANE ( 'NONE',  #9099 ) ;
#2567 = LINE ( 'NONE', #999, #4454 ) ;
#2568 = LINE ( 'NONE', #4178, #9712 ) ;
#2569 = ORIENTED_EDGE ( 'NONE', *, *, #3087, .F. ) ;
#2570 = PLANE ( 'NONE',  #6495 ) ;
#2571 = ORIENTED_EDGE ( 'NONE', *, *, #7139, .F. ) ;
#2572 = ORIENTED_EDGE ( 'NONE', *, *, #1730, .F. ) ;
#2573 = VERTEX_POINT ( 'NONE', #2333 ) ;
#2574 = CARTESIAN_POINT ( 'NONE',  ( 8.117171717171714818, -17.16026936026936056, -6.049999999999999822 ) ) ;
#2575 = EDGE_CURVE ( 'NONE', #1325, #1210, #7062, .T. ) ;
#2576 = EDGE_CURVE ( 'NONE', #1673, #5630, #162, .T. ) ;
#2577 = CARTESIAN_POINT ( 'NONE',  ( 14.09494949494949445, -16.32704826038159496, -6.049999999999999822 ) ) ;
#2578 = CARTESIAN_POINT ( 'NONE',  ( 12.82626262626262736, -18.94343434343434396, -6.049999999999999822 ) ) ;
#2579 = ORIENTED_EDGE ( 'NONE', *, *, #3519, .T. ) ;
#2580 = VERTEX_POINT ( 'NONE', #9666 ) ;
#2581 = EDGE_LOOP ( 'NONE', ( #621, #1589, #3025, #292 ) ) ;
#2582 = ORIENTED_EDGE ( 'NONE', *, *, #6663, .F. ) ;
#2583 = EDGE_CURVE ( 'NONE', #1538, #3420, #1255, .T. ) ;
#2584 = CARTESIAN_POINT ( 'NONE',  ( 16.11666666666666714, -18.15404040404040487, -6.349999999999999645 ) ) ;
#2585 = EDGE_LOOP ( 'NONE', ( #5044, #3221, #9059, #4384 ) ) ;
#2586 = CARTESIAN_POINT ( 'NONE',  ( 13.87676767676767753, -15.84444444444444500, -6.049999999999999822 ) ) ;
#2587 = LINE ( 'NONE', #8576, #1351 ) ;
#2588 = DIRECTION ( 'NONE',  ( 0.7936887705068162990, -0.6083240382981576211, -0.000000000000000000 ) ) ;
#2589 = CARTESIAN_POINT ( 'NONE',  ( 12.38967452300785510, -15.75420875420875255, -6.049999999999999822 ) ) ;
#2590 = DIRECTION ( 'NONE',  ( 0.9902240606247977306, -0.1394858765600906769, 0.000000000000000000 ) ) ;
#2591 = EDGE_CURVE ( 'NONE', #7632, #2269, #4333, .T. ) ;
#2592 = CARTESIAN_POINT ( 'NONE',  ( 17.22940516273849454, -18.87070707070706987, -6.049999999999999822 ) ) ;
#2593 = DIRECTION ( 'NONE',  ( -0.8635996571052014792, -0.5041781751006072509, 0.000000000000000000 ) ) ;
#2594 = ORIENTED_EDGE ( 'NONE', *, *, #3884, .F. ) ;
#2595 = VERTEX_POINT ( 'NONE', #503 ) ;
#2596 = EDGE_CURVE ( 'NONE', #4225, #4191, #5234, .T. ) ;
#2597 = DIRECTION ( 'NONE',  ( 0.8752415354392708569, 0.4836861116901204904, 0.000000000000000000 ) ) ;
#2598 = CARTESIAN_POINT ( 'NONE',  ( 12.02424242424242351, -16.63030303030302903, -6.349999999999999645 ) ) ;
#2599 = LINE ( 'NONE', #4917, #1195 ) ;
#2600 = PLANE ( 'NONE',  #6031 ) ;
#2601 = FACE_BOUND ( 'NONE', #2772, .T. ) ;
#2602 = CARTESIAN_POINT ( 'NONE',  ( 10.19640852974186451, -17.32368125701459149, -6.049999999999999822 ) ) ;
#2603 = LINE ( 'NONE', #8801, #8828 ) ;
#2604 = VERTEX_POINT ( 'NONE', #3566 ) ;
#2605 = ORIENTED_EDGE ( 'NONE', *, *, #2842, .F. ) ;
#2606 = LINE ( 'NONE', #2414, #2640 ) ;
#2607 = LINE ( 'NONE', #7239, #1334 ) ;
#2608 = DIRECTION ( 'NONE',  ( 0.2923715273016661564, -0.9563048102060822675, 0.000000000000000000 ) ) ;
#2609 = DIRECTION ( 'NONE',  ( 1.000000000000000000, -0.000000000000000000, -0.000000000000000000 ) ) ;
#2610 = DIRECTION ( 'NONE',  ( -0.000000000000000000, -0.000000000000000000, 1.000000000000000000 ) ) ;
#2611 = DIRECTION ( 'NONE',  ( 0.8448526615908683590, 0.5349990469176796326, 0.000000000000000000 ) ) ;
#2612 = VERTEX_POINT ( 'NONE', #8257 ) ;
#2613 = DIRECTION ( 'NONE',  ( 0.1910116732185881960, 0.9815877651510511726, 0.000000000000000000 ) ) ;
#2614 = ORIENTED_EDGE ( 'NONE', *, *, #7815, .F. ) ;
#2615 = ORIENTED_EDGE ( 'NONE', *, *, #7389, .T. ) ;
#2616 = ORIENTED_EDGE ( 'NONE', *, *, #4506, .F. ) ;
#2617 = CARTESIAN_POINT ( 'NONE',  ( 12.63030303030303081, -18.22109988776655598, -6.049999999999999822 ) ) ;
#2618 = CARTESIAN_POINT ( 'NONE',  ( 8.333333333333332149, -16.97979797979797922, -6.049999999999999822 ) ) ;
#2619 = CARTESIAN_POINT ( 'NONE',  ( 0.000000000000000000, 0.000000000000000000, 0.000000000000000000 ) ) ;
#2620 = DIRECTION ( 'NONE',  ( -1.000000000000000000, 0.000000000000000000, 0.000000000000000000 ) ) ;
#2621 = VECTOR ( 'NONE', #4656, 1000.000000000000114 ) ;
#2622 = ORIENTED_EDGE ( 'NONE', *, *, #1301, .T. ) ;
#2623 = EDGE_LOOP ( 'NONE', ( #9628, #4847, #7668, #362 ) ) ;
#2624 = ADVANCED_FACE ( 'NONE', ( #6638 ), #8725, .T. ) ;
#2625 = ORIENTED_EDGE ( 'NONE', *, *, #8917, .T. ) ;
#2626 = EDGE_LOOP ( 'NONE', ( #7582, #947, #8926, #7115 ) ) ;
#2627 = ORIENTED_EDGE ( 'NONE', *, *, #5180, .T. ) ;
#2628 = FACE_OUTER_BOUND ( 'NONE', #2581, .T. ) ;
#2629 = LINE ( 'NONE', #8175, #9081 ) ;
#2630 = CARTESIAN_POINT ( 'NONE',  ( 17.92098765432098872, -18.89292929292929202, -6.349999999999999645 ) ) ;
#2631 = VECTOR ( 'NONE', #2659, 1000.000000000000341 ) ;
#2632 = VECTOR ( 'NONE', #8665, 1000.000000000000000 ) ;
#2633 = DIRECTION ( 'NONE',  ( 0.9689710369548134583, -0.2471742898092629814, 0.000000000000000000 ) ) ;
#2634 = CARTESIAN_POINT ( 'NONE',  ( 7.193939393939395188, -13.40808080808080760, -6.349999999999999645 ) ) ;
#2635 = ADVANCED_FACE ( 'NONE', ( #6744 ), #322, .T. ) ;
#2636 = CARTESIAN_POINT ( 'NONE',  ( 16.16184062850729575, -18.27901234567901412, -6.349999999999999645 ) ) ;
#2637 = VERTEX_POINT ( 'NONE', #5137 ) ;
#2638 = AXIS2_PLACEMENT_3D ( 'NONE', #8890, #5066, #8138 ) ;
#2639 = VERTEX_POINT ( 'NONE', #2584 ) ;
#2640 = VECTOR ( 'NONE', #946, 1000.000000000000114 ) ;
#2641 = CARTESIAN_POINT ( 'NONE',  ( 17.18989898989898890, -15.09696969696969759, -6.349999999999999645 ) ) ;
#2642 = EDGE_CURVE ( 'NONE', #7807, #4073, #9762, .T. ) ;
#2643 = LINE ( 'NONE', #2041, #540 ) ;
#2644 = CARTESIAN_POINT ( 'NONE',  ( 30.90000000000000213, 2.000000000000000000, -4.349999999999999645 ) ) ;
#2645 = DIRECTION ( 'NONE',  ( -0.5988397405033358822, 0.8008688813993819489, 0.000000000000000000 ) ) ;
#2646 = CARTESIAN_POINT ( 'NONE',  ( 17.20594837261504040, -17.59102132435465649, -6.349999999999999645 ) ) ;
#2647 = VECTOR ( 'NONE', #6510, 1000.000000000000000 ) ;
#2648 = CARTESIAN_POINT ( 'NONE',  ( 14.80606060606060659, -16.29831649831649898, -6.049999999999999822 ) ) ;
#2649 = EDGE_CURVE ( 'NONE', #6452, #2639, #4375, .T. ) ;
#2650 = VECTOR ( 'NONE', #6409, 1000.000000000000000 ) ;
#2651 = LINE ( 'NONE', #5726, #1741 ) ;
#2652 = EDGE_LOOP ( 'NONE', ( #3036, #5882, #3097, #3676 ) ) ;
#2653 = VERTEX_POINT ( 'NONE', #3667 ) ;
#2654 = LINE ( 'NONE', #9751, #6985 ) ;
#2655 = EDGE_CURVE ( 'NONE', #6903, #2786, #8125, .T. ) ;
#2656 = VECTOR ( 'NONE', #9193, 1000.000000000000227 ) ;
#2657 = DIRECTION ( 'NONE',  ( -0.000000000000000000, -1.000000000000000000, -0.000000000000000000 ) ) ;
#2659 = DIRECTION ( 'NONE',  ( 0.9997515934619009004, -0.02228791983092580711, 0.000000000000000000 ) ) ;
#2658 = AXIS2_PLACEMENT_3D ( 'NONE', #6588, #9656, #1999 ) ;
#2660 = EDGE_CURVE ( 'NONE', #2996, #6653, #9711, .T. ) ;
#2661 = EDGE_CURVE ( 'NONE', #3908, #2797, #7447, .T. ) ;
#2662 = CARTESIAN_POINT ( 'NONE',  ( 34.00000000000000000, 4.000000000000000000, -6.349999999999999645 ) ) ;
#2663 = DIRECTION ( 'NONE',  ( -0.9105211643323827264, 0.4134624642005632622, 0.000000000000000000 ) ) ;
#2664 = EDGE_CURVE ( 'NONE', #2142, #2008, #9814, .T. ) ;
#2665 = AXIS2_PLACEMENT_3D ( 'NONE', #7192, #7954, #4985 ) ;
#2666 = LINE ( 'NONE', #247, #3118 ) ;
#2667 = ORIENTED_EDGE ( 'NONE', *, *, #8504, .F. ) ;
#2668 = CARTESIAN_POINT ( 'NONE',  ( 16.06503928170594619, -17.85998877665544171, -6.049999999999999822 ) ) ;
#2669 = ORIENTED_EDGE ( 'NONE', *, *, #4798, .T. ) ;
#2670 = ORIENTED_EDGE ( 'NONE', *, *, #7122, .T. ) ;
#2671 = ORIENTED_EDGE ( 'NONE', *, *, #8499, .T. ) ;
#2672 = DIRECTION ( 'NONE',  ( 0.9720157870255832222, 0.2349155375300579773, 0.000000000000000000 ) ) ;
#2673 = AXIS2_PLACEMENT_3D ( 'NONE', #7492, #3608, #594 ) ;
#2674 = DIRECTION ( 'NONE',  ( 1.000000000000000000, 0.000000000000000000, 0.000000000000000000 ) ) ;
#2675 = DIRECTION ( 'NONE',  ( 0.000000000000000000, 0.000000000000000000, -1.000000000000000000 ) ) ;
#2676 = VECTOR ( 'NONE', #6118, 1000.000000000000000 ) ;
#2677 = ORIENTED_EDGE ( 'NONE', *, *, #2046, .T. ) ;
#2678 = ORIENTED_EDGE ( 'NONE', *, *, #7079, .T. ) ;
#2679 = ORIENTED_EDGE ( 'NONE', *, *, #7187, .F. ) ;
#2680 = ORIENTED_EDGE ( 'NONE', *, *, #2462, .T. ) ;
#2681 = VERTEX_POINT ( 'NONE', #4900 ) ;
#2682 = DIRECTION ( 'NONE',  ( -0.9998202768455606293, -0.01895821743904890777, 0.000000000000000000 ) ) ;
#2683 = DIRECTION ( 'NONE',  ( 0.9114681758151220725, -0.4113705926245260769, 0.000000000000000000 ) ) ;
#2684 = DIRECTION ( 'NONE',  ( 0.000000000000000000, 0.000000000000000000, -1.000000000000000000 ) ) ;
#2685 = VECTOR ( 'NONE', #7397, 1000.000000000000000 ) ;
#2686 = DIRECTION ( 'NONE',  ( 0.8630293487381561768, 0.5051537817502647076, 0.000000000000000000 ) ) ;
#2687 = DIRECTION ( 'NONE',  ( 0.000000000000000000, 0.000000000000000000, 1.000000000000000000 ) ) ;
#2688 = DIRECTION ( 'NONE',  ( 0.000000000000000000, 0.000000000000000000, -1.000000000000000000 ) ) ;
#2689 = ORIENTED_EDGE ( 'NONE', *, *, #7991, .T. ) ;
#2690 = VECTOR ( 'NONE', #4041, 1000.000000000000000 ) ;
#2691 = ORIENTED_EDGE ( 'NONE', *, *, #1155, .F. ) ;
#2692 = CARTESIAN_POINT ( 'NONE',  ( -3.100000000000000533, -52.00000000000000711, -4.349999999999999645 ) ) ;
#2693 = DIRECTION ( 'NONE',  ( 0.000000000000000000, 0.000000000000000000, -1.000000000000000000 ) ) ;
#2694 = DIRECTION ( 'NONE',  ( 0.1233549080549366794, 0.9923626185315316262, 0.000000000000000000 ) ) ;
#2695 = FACE_OUTER_BOUND ( 'NONE', #6915, .T. ) ;
#2696 = CARTESIAN_POINT ( 'NONE',  ( 8.357575757575757436, -14.44242424242424150, -6.349999999999999645 ) ) ;
#2697 = DIRECTION ( 'NONE',  ( -0.9653322127216673598, 0.2610243649200003624, 0.000000000000000000 ) ) ;
#2698 = EDGE_CURVE ( 'NONE', #5034, #4191, #2114, .T. ) ;
#2699 = LINE ( 'NONE', #9650, #288 ) ;
#2700 = CARTESIAN_POINT ( 'NONE',  ( 11.77575757575757542, -11.58989898989898926, -6.349999999999999645 ) ) ;
#2701 = EDGE_CURVE ( 'NONE', #499, #8528, #5986, .T. ) ;
#2702 = AXIS2_PLACEMENT_3D ( 'NONE', #1018, #7263, #1678 ) ;
#2703 = VECTOR ( 'NONE', #472, 1000.000000000000000 ) ;
#2704 = VERTEX_POINT ( 'NONE', #6692 ) ;
#2705 = ORIENTED_EDGE ( 'NONE', *, *, #9908, .F. ) ;
#2706 = PLANE ( 'NONE',  #5697 ) ;
#2707 = DIRECTION ( 'NONE',  ( 0.9875632611290711127, -0.1572221525997984926, 0.000000000000000000 ) ) ;
#2708 = EDGE_CURVE ( 'NONE', #1057, #9333, #9060, .T. ) ;
#2709 = CARTESIAN_POINT ( 'NONE',  ( 30.00000000000000000, -50.00000000000000000, 0.000000000000000000 ) ) ;
#2710 = VECTOR ( 'NONE', #8263, 1000.000000000000227 ) ;
#2711 = DIRECTION ( 'NONE',  ( 0.000000000000000000, 0.000000000000000000, -1.000000000000000000 ) ) ;
#2712 = DIRECTION ( 'NONE',  ( -0.1059575289472929061, 0.9943706562743006572, 0.000000000000000000 ) ) ;
#2713 = EDGE_CURVE ( 'NONE', #2197, #635, #2067, .T. ) ;
#2714 = LINE ( 'NONE', #5788, #2153 ) ;
#2715 = EDGE_LOOP ( 'NONE', ( #5858, #7296, #1512, #7171 ) ) ;
#2716 = AXIS2_PLACEMENT_3D ( 'NONE', #3131, #6199, #9281 ) ;
#2717 = CARTESIAN_POINT ( 'NONE',  ( 12.30909090909090864, -15.80808080808080973, -6.049999999999999822 ) ) ;
#2718 = VERTEX_POINT ( 'NONE', #5184 ) ;
#2719 = ADVANCED_FACE ( 'NONE', ( #3618 ), #1354, .T. ) ;
#2720 = VERTEX_POINT ( 'NONE', #9858 ) ;
#2721 = EDGE_CURVE ( 'NONE', #3935, #4062, #1605, .T. ) ;
#2722 = ORIENTED_EDGE ( 'NONE', *, *, #496, .F. ) ;
#2723 = DIRECTION ( 'NONE',  ( -0.9943115450120546539, 0.1065108044084755595, 0.000000000000000000 ) ) ;
#2724 = DIRECTION ( 'NONE',  ( 0.8598217017376734717, 0.5105943999114475051, 0.000000000000000000 ) ) ;
#2725 = AXIS2_PLACEMENT_3D ( 'NONE', #4335, #5746, #8824 ) ;
#2726 = DIRECTION ( 'NONE',  ( 0.000000000000000000, 1.000000000000000000, 0.000000000000000000 ) ) ;
#2727 = ORIENTED_EDGE ( 'NONE', *, *, #568, .F. ) ;
#2728 = ORIENTED_EDGE ( 'NONE', *, *, #3683, .T. ) ;
#2729 = ORIENTED_EDGE ( 'NONE', *, *, #7998, .T. ) ;
#2730 = VERTEX_POINT ( 'NONE', #6134 ) ;
#2731 = EDGE_LOOP ( 'NONE', ( #2009, #1415, #3543, #197 ) ) ;
#2732 = CARTESIAN_POINT ( 'NONE',  ( 14.47272727272727266, -17.04253647586980946, -6.049999999999999822 ) ) ;
#2733 = LINE ( 'NONE', #418, #7793 ) ;
#2734 = DIRECTION ( 'NONE',  ( 0.000000000000000000, 1.000000000000000000, 0.000000000000000000 ) ) ;
#2735 = PLANE ( 'NONE',  #3500 ) ;
#2736 = CARTESIAN_POINT ( 'NONE',  ( 16.13933782267115546, -12.41436588103254657, -6.349999999999999645 ) ) ;
#2737 = ORIENTED_EDGE ( 'NONE', *, *, #8432, .F. ) ;
#2738 = VERTEX_POINT ( 'NONE', #3063 ) ;
#2739 = DIRECTION ( 'NONE',  ( 0.9294520956386563837, 0.3689428165893867684, 0.000000000000000000 ) ) ;
#2740 = VERTEX_POINT ( 'NONE', #9211 ) ;
#2741 = LINE ( 'NONE', #5816, #3272 ) ;
#2742 = LINE ( 'NONE', #5719, #8113 ) ;
#2743 = CARTESIAN_POINT ( 'NONE',  ( 7.872278338945005949, -11.25432098765432087, -6.049999999999999822 ) ) ;
#2744 = DIRECTION ( 'NONE',  ( -0.000000000000000000, 1.000000000000000000, 0.000000000000000000 ) ) ;
#2745 = DIRECTION ( 'NONE',  ( 0.8259847561166284713, 0.5636924539702069525, 0.000000000000000000 ) ) ;
#2746 = CARTESIAN_POINT ( 'NONE',  ( 21.14949494949495445, -16.71313131313131350, -6.049999999999999822 ) ) ;
#2747 = ORIENTED_EDGE ( 'NONE', *, *, #661, .T. ) ;
#2748 = ORIENTED_EDGE ( 'NONE', *, *, #2207, .T. ) ;
#2749 = CARTESIAN_POINT ( 'NONE',  ( 17.18989898989898890, -15.09696969696969759, -6.049999999999999822 ) ) ;
#2750 = EDGE_CURVE ( 'NONE', #2740, #4144, #2366, .T. ) ;
#2751 = DIRECTION ( 'NONE',  ( 0.2879098306990395262, 0.9576575219705897313, -0.000000000000000000 ) ) ;
#2752 = CARTESIAN_POINT ( 'NONE',  ( 8.123681257014588653, -18.66419753086419675, -6.349999999999999645 ) ) ;
#2753 = ADVANCED_FACE ( 'NONE', ( #3912 ), #7595, .F. ) ;
#2754 = DIRECTION ( 'NONE',  ( -0.000000000000000000, -0.000000000000000000, 1.000000000000000000 ) ) ;
#2755 = CARTESIAN_POINT ( 'NONE',  ( 15.44971941638608293, -13.56464646464646506, -6.049999999999999822 ) ) ;
#2756 = ADVANCED_FACE ( 'NONE', ( #4721 ), #8511, .T. ) ;
#2757 = ORIENTED_EDGE ( 'NONE', *, *, #9064, .T. ) ;
#2758 = PLANE ( 'NONE',  #1508 ) ;
#2759 = ORIENTED_EDGE ( 'NONE', *, *, #5103, .F. ) ;
#2760 = ORIENTED_EDGE ( 'NONE', *, *, #8492, .T. ) ;
#2761 = DIRECTION ( 'NONE',  ( -0.8684424847338421127, 0.4957899259861079377, 0.000000000000000000 ) ) ;
#2762 = EDGE_CURVE ( 'NONE', #5745, #2612, #7796, .T. ) ;
#2763 = ORIENTED_EDGE ( 'NONE', *, *, #1156, .F. ) ;
#2764 = DIRECTION ( 'NONE',  ( 0.000000000000000000, -1.000000000000000000, 0.000000000000000000 ) ) ;
#2765 = ADVANCED_FACE ( 'NONE', ( #2211 ), #5431, .T. ) ;
#2766 = LINE ( 'NONE', #5839, #1522 ) ;
#2767 = EDGE_CURVE ( 'NONE', #1226, #5215, #695, .T. ) ;
#2768 = FACE_OUTER_BOUND ( 'NONE', #6056, .T. ) ;
#2769 = ADVANCED_FACE ( 'NONE', ( #4577, #7747, #8402, #8357, #5282, #1452, #6841, #1500, #6086, #1555, #9163 ), #7649, .T. ) ;
#2770 = ORIENTED_EDGE ( 'NONE', *, *, #877, .F. ) ;
#2771 = ORIENTED_EDGE ( 'NONE', *, *, #6138, .F. ) ;
#2772 = EDGE_LOOP ( 'NONE', ( #1461, #3675, #2520, #9283 ) ) ;
#2773 = VERTEX_POINT ( 'NONE', #2261 ) ;
#2774 = ORIENTED_EDGE ( 'NONE', *, *, #133, .T. ) ;
#2775 = ADVANCED_FACE ( 'NONE', ( #6992 ), #2307, .T. ) ;
#2776 = CARTESIAN_POINT ( 'NONE',  ( 9.211447811447809997, -12.53176206509539803, -6.349999999999999645 ) ) ;
#2777 = LINE ( 'NONE', #4197, #5070 ) ;
#2778 = LINE ( 'NONE', #4445, #455 ) ;
#2779 = VECTOR ( 'NONE', #4775, 1000.000000000000000 ) ;
#2780 = CARTESIAN_POINT ( 'NONE',  ( 10.71470258136924691, -18.80606060606060481, -6.349999999999999645 ) ) ;
#2781 = EDGE_CURVE ( 'NONE', #1322, #7514, #6893, .T. ) ;
#2782 = DIRECTION ( 'NONE',  ( 0.000000000000000000, 0.000000000000000000, -1.000000000000000000 ) ) ;
#2783 = ORIENTED_EDGE ( 'NONE', *, *, #442, .F. ) ;
#2784 = ORIENTED_EDGE ( 'NONE', *, *, #1172, .F. ) ;
#2785 = PLANE ( 'NONE',  #2005 ) ;
#2786 = VERTEX_POINT ( 'NONE', #8461 ) ;
#2787 = DIRECTION ( 'NONE',  ( 1.000000000000000000, 0.000000000000000000, 0.000000000000000000 ) ) ;
#2788 = CARTESIAN_POINT ( 'NONE',  ( 13.87676767676767753, -11.05656565656565604, -6.349999999999999645 ) ) ;
#2789 = VECTOR ( 'NONE', #1827, 1000.000000000000000 ) ;
#2790 = CARTESIAN_POINT ( 'NONE',  ( 16.01818181818181941, -12.20808080808080831, -6.049999999999999822 ) ) ;
#2791 = FACE_OUTER_BOUND ( 'NONE', #5001, .T. ) ;
#2792 = CARTESIAN_POINT ( 'NONE',  ( 21.14949494949495445, -17.44040404040404013, -6.049999999999999822 ) ) ;
#2793 = CARTESIAN_POINT ( 'NONE',  ( 9.668686868686869218, -14.75824915824915884, -6.049999999999999822 ) ) ;
#2794 = CARTESIAN_POINT ( 'NONE',  ( 14.21414141414141596, -16.56666666666666643, -6.049999999999999822 ) ) ;
#2795 = AXIS2_PLACEMENT_3D ( 'NONE', #4679, #3764, #9318 ) ;
#2796 = AXIS2_PLACEMENT_3D ( 'NONE', #3109, #5428, #2206 ) ;
#2797 = VERTEX_POINT ( 'NONE', #4632 ) ;
#2798 = EDGE_LOOP ( 'NONE', ( #2784, #4340, #6324, #1962 ) ) ;
#2799 = CARTESIAN_POINT ( 'NONE',  ( 15.36992143658810406, -13.42693602693602628, -6.049999999999999822 ) ) ;
#2800 = LINE ( 'NONE', #8705, #7604 ) ;
#2801 = DIRECTION ( 'NONE',  ( -0.5867357041029339637, -0.8097784965846119842, 0.000000000000000000 ) ) ;
#2802 = VECTOR ( 'NONE', #6126, 1000.000000000000227 ) ;
#2803 = VECTOR ( 'NONE', #1952, 1000.000000000000227 ) ;
#2804 = FACE_OUTER_BOUND ( 'NONE', #63, .T. ) ;
#2805 = DIRECTION ( 'NONE',  ( -0.8977536859525809820, -0.4404978085740658411, 0.000000000000000000 ) ) ;
#2806 = EDGE_CURVE ( 'NONE', #5462, #6961, #3165, .T. ) ;
#2807 = VECTOR ( 'NONE', #1318, 1000.000000000000227 ) ;
#2808 = VECTOR ( 'NONE', #1742, 1000.000000000000000 ) ;
#2809 = ORIENTED_EDGE ( 'NONE', *, *, #8987, .T. ) ;
#2810 = DIRECTION ( 'NONE',  ( 0.000000000000000000, 0.000000000000000000, -1.000000000000000000 ) ) ;
#2811 = ORIENTED_EDGE ( 'NONE', *, *, #6630, .F. ) ;
#2812 = ORIENTED_EDGE ( 'NONE', *, *, #2880, .F. ) ;
#2813 = DIRECTION ( 'NONE',  ( 0.000000000000000000, 0.000000000000000000, -1.000000000000000000 ) ) ;
#2814 = EDGE_LOOP ( 'NONE', ( #1353, #6081, #1489, #7462 ) ) ;
#2815 = LINE ( 'NONE', #4994, #2082 ) ;
#2816 = DIRECTION ( 'NONE',  ( -0.7788978936892242411, 0.6271507563628461179, 0.000000000000000000 ) ) ;
#2817 = VECTOR ( 'NONE', #9241, 1000.000000000000114 ) ;
#2818 = EDGE_CURVE ( 'NONE', #3523, #5585, #5479, .T. ) ;
#2819 = LINE ( 'NONE', #9626, #5595 ) ;
#2820 = EDGE_CURVE ( 'NONE', #7896, #5033, #2511, .T. ) ;
#2821 = ORIENTED_EDGE ( 'NONE', *, *, #9722, .T. ) ;
#2822 = VERTEX_POINT ( 'NONE', #1859 ) ;
#2823 = AXIS2_PLACEMENT_3D ( 'NONE', #167, #3236, #6304 ) ;
#2824 = ORIENTED_EDGE ( 'NONE', *, *, #4812, .F. ) ;
#2825 = ORIENTED_EDGE ( 'NONE', *, *, #838, .F. ) ;
#2826 = ORIENTED_EDGE ( 'NONE', *, *, #9121, .F. ) ;
#2827 = DIRECTION ( 'NONE',  ( 0.000000000000000000, 0.000000000000000000, -1.000000000000000000 ) ) ;
#2828 = DIRECTION ( 'NONE',  ( 0.000000000000000000, 0.000000000000000000, -1.000000000000000000 ) ) ;
#2829 = ADVANCED_FACE ( 'NONE', ( #4173 ), #949, .F. ) ;
#2830 = CARTESIAN_POINT ( 'NONE',  ( 16.46010101010101323, -13.00909090909090970, -6.049999999999999822 ) ) ;
#2831 = VECTOR ( 'NONE', #3453, 1000.000000000000000 ) ;
#2832 = DIRECTION ( 'NONE',  ( 0.01895821743904891471, -0.9998202768455607403, 0.000000000000000000 ) ) ;
#2833 = DIRECTION ( 'NONE',  ( 0.8448971672248454245, -0.5349287586356070712, 0.000000000000000000 ) ) ;
#2834 = ADVANCED_FACE ( 'NONE', ( #6435 ), #5734, .T. ) ;
#2835 = EDGE_LOOP ( 'NONE', ( #8584, #8181, #2912, #6946 ) ) ;
#2836 = ORIENTED_EDGE ( 'NONE', *, *, #661, .F. ) ;
#2837 = DIRECTION ( 'NONE',  ( 0.2437125989475458498, -0.9698474978646037803, -0.000000000000000000 ) ) ;
#2838 = ORIENTED_EDGE ( 'NONE', *, *, #6835, .T. ) ;
#2839 = VECTOR ( 'NONE', #6240, 999.9999999999998863 ) ;
#2840 = LINE ( 'NONE', #3139, #8418 ) ;
#2841 = CARTESIAN_POINT ( 'NONE',  ( 16.34248035914702513, -12.96060606060606091, -6.349999999999999645 ) ) ;
#2842 = EDGE_CURVE ( 'NONE', #1853, #7509, #3366, .T. ) ;
#2843 = CARTESIAN_POINT ( 'NONE',  ( 10.55555555555555536, -15.15353535353535541, -6.049999999999999822 ) ) ;
#2844 = LINE ( 'NONE', #482, #1692 ) ;
#2845 = DIRECTION ( 'NONE',  ( 0.5436227709448048229, -0.8393296628323654307, 0.000000000000000000 ) ) ;
#2846 = CARTESIAN_POINT ( 'NONE',  ( 11.57822671156004546, -18.45005611672278434, -6.049999999999999822 ) ) ;
#2847 = DIRECTION ( 'NONE',  ( -0.9949801778309101952, 0.1000722025518092084, 0.000000000000000000 ) ) ;
#2848 = AXIS2_PLACEMENT_3D ( 'NONE', #4021, #8762, #7955 ) ;
#2849 = ORIENTED_EDGE ( 'NONE', *, *, #2899, .T. ) ;
#2850 = ORIENTED_EDGE ( 'NONE', *, *, #3003, .T. ) ;
#2851 = CARTESIAN_POINT ( 'NONE',  ( 10.75937149270482607, -15.86419753086419959, -6.049999999999999822 ) ) ;
#2852 = LINE ( 'NONE', #8244, #2150 ) ;
#2853 = CARTESIAN_POINT ( 'NONE',  ( 10.92121212121212182, -18.45050505050505052, -6.049999999999999822 ) ) ;
#2854 = VECTOR ( 'NONE', #5560, 1000.000000000000000 ) ;
#2855 = CARTESIAN_POINT ( 'NONE',  ( 11.96969696969696884, -12.55151515151515085, -6.049999999999999822 ) ) ;
#2856 = DIRECTION ( 'NONE',  ( -0.9803694590967252376, 0.1971692766898394400, 0.000000000000000000 ) ) ;
#2857 = VECTOR ( 'NONE', #9673, 1000.000000000000000 ) ;
#2858 = EDGE_LOOP ( 'NONE', ( #6431, #5012, #948, #6925 ) ) ;
#2859 = LINE ( 'NONE', #3614, #9392 ) ;
#2860 = VERTEX_POINT ( 'NONE', #2564 ) ;
#2861 = AXIS2_PLACEMENT_3D ( 'NONE', #7329, #8891, #7380 ) ;
#2862 = ORIENTED_EDGE ( 'NONE', *, *, #7752, .F. ) ;
#2863 = CARTESIAN_POINT ( 'NONE',  ( 15.30886644219977555, -12.49483726150392826, -6.349999999999999645 ) ) ;
#2864 = VECTOR ( 'NONE', #75, 1000.000000000000000 ) ;
#2865 = ORIENTED_EDGE ( 'NONE', *, *, #3615, .F. ) ;
#2866 = CARTESIAN_POINT ( 'NONE',  ( 17.20594837261504040, -17.59102132435465649, -6.049999999999999822 ) ) ;
#2867 = DIRECTION ( 'NONE',  ( 0.1984282735353825877, 0.9801154117050538961, 0.000000000000000000 ) ) ;
#2868 = DIRECTION ( 'NONE',  ( 0.000000000000000000, 0.000000000000000000, -1.000000000000000000 ) ) ;
#2869 = CARTESIAN_POINT ( 'NONE',  ( 9.971156004489337477, -17.14219977553310770, -6.049999999999999822 ) ) ;
#2870 = VECTOR ( 'NONE', #4662, 1000.000000000000000 ) ;
#2871 = ORIENTED_EDGE ( 'NONE', *, *, #4323, .F. ) ;
#2872 = EDGE_LOOP ( 'NONE', ( #4252, #9632, #5943, #7585 ) ) ;
#2873 = ORIENTED_EDGE ( 'NONE', *, *, #1113, .F. ) ;
#2874 = VERTEX_POINT ( 'NONE', #7189 ) ;
#2875 = EDGE_CURVE ( 'NONE', #5634, #8356, #1907, .T. ) ;
#2876 = ORIENTED_EDGE ( 'NONE', *, *, #6268, .F. ) ;
#2877 = LINE ( 'NONE', #2922, #6178 ) ;
#2878 = AXIS2_PLACEMENT_3D ( 'NONE', #3526, #2764, #5692 ) ;
#2879 = LINE ( 'NONE', #8882, #4964 ) ;
#2880 = EDGE_CURVE ( 'NONE', #3686, #9617, #296, .T. ) ;
#2881 = DIRECTION ( 'NONE',  ( 1.000000000000000000, 0.000000000000000000, 0.000000000000000000 ) ) ;
#2882 = DIRECTION ( 'NONE',  ( 0.6558824449652694843, 0.7548630461125914737, 0.000000000000000000 ) ) ;
#2883 = EDGE_CURVE ( 'NONE', #7861, #1915, #8658, .T. ) ;
#2884 = ORIENTED_EDGE ( 'NONE', *, *, #9608, .T. ) ;
#2885 = ORIENTED_EDGE ( 'NONE', *, *, #1852, .T. ) ;
#2886 = CARTESIAN_POINT ( 'NONE',  ( 16.08439955106621611, -18.01436588103254621, -6.049999999999999822 ) ) ;
#2887 = VERTEX_POINT ( 'NONE', #189 ) ;
#2888 = FACE_OUTER_BOUND ( 'NONE', #2872, .T. ) ;
#2889 = VECTOR ( 'NONE', #334, 1000.000000000000000 ) ;
#2890 = FACE_OUTER_BOUND ( 'NONE', #9248, .T. ) ;
#2891 = DIRECTION ( 'NONE',  ( 0.9853750377400087856, -0.1703996332122699187, 0.000000000000000000 ) ) ;
#2892 = ADVANCED_FACE ( 'NONE', ( #4063 ), #239, .T. ) ;
#2893 = DIRECTION ( 'NONE',  ( 0.000000000000000000, 0.000000000000000000, -1.000000000000000000 ) ) ;
#2894 = EDGE_CURVE ( 'NONE', #9665, #6342, #2460, .T. ) ;
#2895 = PLANE ( 'NONE',  #6368 ) ;
#2896 = EDGE_CURVE ( 'NONE', #4952, #1107, #5679, .T. ) ;
#2897 = FACE_OUTER_BOUND ( 'NONE', #2220, .T. ) ;
#2898 = LINE ( 'NONE', #8092, #462 ) ;
#2899 = EDGE_CURVE ( 'NONE', #6407, #1787, #7849, .T. ) ;
#2900 = EDGE_CURVE ( 'NONE', #4184, #3362, #345, .T. ) ;
#2901 = DIRECTION ( 'NONE',  ( 0.000000000000000000, 1.000000000000000000, 0.000000000000000000 ) ) ;
#2902 = ORIENTED_EDGE ( 'NONE', *, *, #6935, .T. ) ;
#2903 = VERTEX_POINT ( 'NONE', #5524 ) ;
#2904 = DIRECTION ( 'NONE',  ( 0.5081640369527560264, -0.8612603041751535349, 0.000000000000000000 ) ) ;
#2905 = FACE_OUTER_BOUND ( 'NONE', #4746, .T. ) ;
#2906 = DIRECTION ( 'NONE',  ( 0.4878491086735816662, -0.8729279736418072977, 0.000000000000000000 ) ) ;
#2907 = CARTESIAN_POINT ( 'NONE',  ( 16.39977553310886549, -12.29943883277216621, -6.349999999999999645 ) ) ;
#2908 = LINE ( 'NONE', #4419, #5904 ) ;
#2909 = ORIENTED_EDGE ( 'NONE', *, *, #1224, .T. ) ;
#2910 = CARTESIAN_POINT ( 'NONE',  ( 12.63030303030303081, -18.22109988776655598, -6.049999999999999822 ) ) ;
#2911 = ORIENTED_EDGE ( 'NONE', *, *, #8930, .T. ) ;
#2912 = ORIENTED_EDGE ( 'NONE', *, *, #3075, .T. ) ;
#2913 = DIRECTION ( 'NONE',  ( 0.9653322127216673598, -0.2610243649200003624, 0.000000000000000000 ) ) ;
#2914 = CARTESIAN_POINT ( 'NONE',  ( 11.97777777777777786, -14.78742985409652100, -6.349999999999999645 ) ) ;
#2915 = DIRECTION ( 'NONE',  ( 0.000000000000000000, 0.000000000000000000, -1.000000000000000000 ) ) ;
#2916 = PLANE ( 'NONE',  #3644 ) ;
#2917 = CARTESIAN_POINT ( 'NONE',  ( 17.53585858585858404, -18.88434343434343532, -6.049999999999999822 ) ) ;
#2918 = ORIENTED_EDGE ( 'NONE', *, *, #8245, .F. ) ;
#2919 = EDGE_LOOP ( 'NONE', ( #1982, #8425, #1565, #2382 ) ) ;
#2920 = VERTEX_POINT ( 'NONE', #7949 ) ;
#2921 = VERTEX_POINT ( 'NONE', #1048 ) ;
#2922 = CARTESIAN_POINT ( 'NONE',  ( 9.327272727272728048, -15.61683501683501696, -6.049999999999999822 ) ) ;
#2923 = CARTESIAN_POINT ( 'NONE',  ( 0.8000000000000000444, -0.8000000000000000444, 0.000000000000000000 ) ) ;
#2924 = CARTESIAN_POINT ( 'NONE',  ( -2.000000000000000000, -52.00000000000000711, -6.349999999999999645 ) ) ;
#2925 = ADVANCED_FACE ( 'NONE', ( #4875 ), #3414, .T. ) ;
#2926 = CARTESIAN_POINT ( 'NONE',  ( 16.71313131313131350, -13.03636363636363704, -6.049999999999999822 ) ) ;
#2927 = ORIENTED_EDGE ( 'NONE', *, *, #3934, .T. ) ;
#2928 = ORIENTED_EDGE ( 'NONE', *, *, #5899, .F. ) ;
#2929 = CARTESIAN_POINT ( 'NONE',  ( 13.99786756453423031, -13.96655443322110024, -6.349999999999999645 ) ) ;
#2930 = ORIENTED_EDGE ( 'NONE', *, *, #6592, .T. ) ;
#2931 = PLANE ( 'NONE',  #5198 ) ;
#2932 = CARTESIAN_POINT ( 'NONE',  ( 15.78563411896745450, -12.15016835016835017, -6.349999999999999645 ) ) ;
#2933 = CARTESIAN_POINT ( 'NONE',  ( 9.064646464646465063, -17.85252525252525402, -6.049999999999999822 ) ) ;
#2934 = VECTOR ( 'NONE', #237, 999.9999999999998863 ) ;
#2935 = DIRECTION ( 'NONE',  ( -0.6732130717070041737, 0.7394485513427015988, 0.000000000000000000 ) ) ;
#2936 = ADVANCED_FACE ( 'NONE', ( #3216 ), #6283, .F. ) ;
#2937 = FACE_OUTER_BOUND ( 'NONE', #915, .T. ) ;
#2938 = CARTESIAN_POINT ( 'NONE',  ( 34.00000000000000000, 4.000000000000000000, -6.349999999999999645 ) ) ;
#2939 = CARTESIAN_POINT ( 'NONE',  ( 17.64646464646464707, -17.93333333333333357, -6.049999999999999822 ) ) ;
#2940 = ORIENTED_EDGE ( 'NONE', *, *, #8008, .F. ) ;
#2941 = VECTOR ( 'NONE', #5368, 1000.000000000000114 ) ;
#2942 = EDGE_CURVE ( 'NONE', #3935, #8251, #6328, .T. ) ;
#2943 = VERTEX_POINT ( 'NONE', #6383 ) ;
#2944 = VECTOR ( 'NONE', #4352, 1000.000000000000000 ) ;
#2945 = ORIENTED_EDGE ( 'NONE', *, *, #3023, .F. ) ;
#2946 = CARTESIAN_POINT ( 'NONE',  ( 22.92727272727272947, -11.51717171717171695, -6.349999999999999645 ) ) ;
#2947 = DIRECTION ( 'NONE',  ( 0.4232322854113938493, -0.9060212097878551640, 0.000000000000000000 ) ) ;
#2948 = CARTESIAN_POINT ( 'NONE',  ( -4.000000000000000000, 4.000000000000000000, -6.349999999999999645 ) ) ;
#2949 = EDGE_CURVE ( 'NONE', #1600, #4332, #392, .T. ) ;
#2950 = CARTESIAN_POINT ( 'NONE',  ( 10.72525252525252526, -12.64040404040404120, -6.349999999999999645 ) ) ;
#2951 = VECTOR ( 'NONE', #8966, 1000.000000000000000 ) ;
#2952 = LINE ( 'NONE', #9702, #2051 ) ;
#2953 = VECTOR ( 'NONE', #8612, 1000.000000000000000 ) ;
#2954 = EDGE_CURVE ( 'NONE', #5217, #3523, #5977, .T. ) ;
#2955 = EDGE_CURVE ( 'NONE', #6603, #9198, #5933, .T. ) ;
#2956 = ORIENTED_EDGE ( 'NONE', *, *, #2701, .F. ) ;
#2957 = EDGE_CURVE ( 'NONE', #2738, #6999, #444, .T. ) ;
#2958 = LINE ( 'NONE', #7743, #1667 ) ;
#2959 = AXIS2_PLACEMENT_3D ( 'NONE', #7989, #7426, #523 ) ;
#2960 = ORIENTED_EDGE ( 'NONE', *, *, #1610, .F. ) ;
#2961 = ORIENTED_EDGE ( 'NONE', *, *, #6598, .T. ) ;
#2963 = VECTOR ( 'NONE', #9805, 999.9999999999998863 ) ;
#2962 = CARTESIAN_POINT ( 'NONE',  ( 17.68888888888888999, -12.93939393939393945, -6.049999999999999822 ) ) ;
#2964 = LINE ( 'NONE', #9764, #9322 ) ;
#2965 = DIRECTION ( 'NONE',  ( 0.9923626185315315151, -0.1233549080549366933, 0.000000000000000000 ) ) ;
#2966 = ADVANCED_FACE ( 'NONE', ( #2148 ), #2057, .T. ) ;
#2967 = DIRECTION ( 'NONE',  ( -0.3037525399076988486, 0.9527509614267632987, 0.000000000000000000 ) ) ;
#2968 = DIRECTION ( 'NONE',  ( -0.2471742898092629814, -0.9689710369548134583, 0.000000000000000000 ) ) ;
#2969 = VECTOR ( 'NONE', #7662, 1000.000000000000227 ) ;
#2970 = CARTESIAN_POINT ( 'NONE',  ( 18.38479236812570150, -18.89646464646464707, -6.049999999999999822 ) ) ;
#2971 = VECTOR ( 'NONE', #2403, 1000.000000000000000 ) ;
#2972 = ORIENTED_EDGE ( 'NONE', *, *, #1665, .T. ) ;
#2973 = CARTESIAN_POINT ( 'NONE',  ( 17.68888888888888999, -12.93939393939393945, -6.049999999999999822 ) ) ;
#2974 = ORIENTED_EDGE ( 'NONE', *, *, #2698, .T. ) ;
#2975 = ORIENTED_EDGE ( 'NONE', *, *, #2046, .F. ) ;
#2976 = EDGE_LOOP ( 'NONE', ( #8564, #7962, #1950, #7859 ) ) ;
#2977 = VECTOR ( 'NONE', #6117, 1000.000000000000000 ) ;
#2978 = CARTESIAN_POINT ( 'NONE',  ( 11.88619528619528509, -16.03524130190796981, -6.349999999999999645 ) ) ;
#2979 = VECTOR ( 'NONE', #9848, 1000.000000000000114 ) ;
#2980 = DIRECTION ( 'NONE',  ( 0.000000000000000000, -1.000000000000000000, -0.000000000000000000 ) ) ;
#2981 = CARTESIAN_POINT ( 'NONE',  ( 7.872278338945005949, -11.25432098765432087, -6.049999999999999822 ) ) ;
#2982 = CARTESIAN_POINT ( 'NONE',  ( 12.82626262626262736, -12.55151515151515085, -6.349999999999999645 ) ) ;
#2983 = AXIS2_PLACEMENT_3D ( 'NONE', #1807, #6436, #8606 ) ;
#2984 = ORIENTED_EDGE ( 'NONE', *, *, #2955, .F. ) ;
#2985 = ORIENTED_EDGE ( 'NONE', *, *, #756, .T. ) ;
#2986 = PLANE ( 'NONE',  #9729 ) ;
#2987 = ORIENTED_EDGE ( 'NONE', *, *, #7930, .F. ) ;
#2988 = CARTESIAN_POINT ( 'NONE',  ( 16.26189674523007866, -12.87766554433220989, -6.349999999999999645 ) ) ;
#2989 = LINE ( 'NONE', #6963, #6660 ) ;
#2990 = LINE ( 'NONE', #2288, #8335 ) ;
#2991 = CARTESIAN_POINT ( 'NONE',  ( 11.97777777777777786, -14.78742985409652100, -6.049999999999999822 ) ) ;
#2992 = AXIS2_PLACEMENT_3D ( 'NONE', #5724, #4054, #6275 ) ;
#2993 = CARTESIAN_POINT ( 'NONE',  ( 14.85454545454545539, -16.07340067340067336, -6.049999999999999822 ) ) ;
#2994 = CARTESIAN_POINT ( 'NONE',  ( 14.85454545454545716, -16.07340067340067336, -6.349999999999999645 ) ) ;
#2995 = LINE ( 'NONE', #6215, #2864 ) ;
#2996 = VERTEX_POINT ( 'NONE', #5827 ) ;
#2997 = VECTOR ( 'NONE', #7288, 1000.000000000000114 ) ;
#2998 = ORIENTED_EDGE ( 'NONE', *, *, #6952, .F. ) ;
#2999 = ORIENTED_EDGE ( 'NONE', *, *, #3570, .F. ) ;
#3000 = CARTESIAN_POINT ( 'NONE',  ( 9.536475869809201811, -18.27542087542087401, -6.049999999999999822 ) ) ;
#3001 = DIRECTION ( 'NONE',  ( -0.8161664057391532223, -0.5778169244170958674, 0.000000000000000000 ) ) ;
#3002 = FACE_OUTER_BOUND ( 'NONE', #3376, .T. ) ;
#3003 = EDGE_CURVE ( 'NONE', #4689, #196, #8202, .T. ) ;
#3004 = DIRECTION ( 'NONE',  ( -0.6695088347681283913, -0.7428040927239314417, 0.000000000000000000 ) ) ;
#3005 = ADVANCED_FACE ( 'NONE', ( #9008 ), #7437, .T. ) ;
#3006 = VECTOR ( 'NONE', #6319, 1000.000000000000000 ) ;
#3007 = CARTESIAN_POINT ( 'NONE',  ( 15.76049382716049330, -13.82109988776655385, -6.049999999999999822 ) ) ;
#3008 = ADVANCED_FACE ( 'NONE', ( #8246 ), #3605, .T. ) ;
#3009 = VERTEX_POINT ( 'NONE', #5878 ) ;
#3010 = CARTESIAN_POINT ( 'NONE',  ( 7.222222222222222321, -18.34747474747474882, -6.349999999999999645 ) ) ;
#3011 = VECTOR ( 'NONE', #8487, 1000.000000000000114 ) ;
#3012 = ORIENTED_EDGE ( 'NONE', *, *, #502, .T. ) ;
#3013 = ORIENTED_EDGE ( 'NONE', *, *, #5242, .T. ) ;
#3014 = DIRECTION ( 'NONE',  ( -0.4589966300519839892, -0.8884380077421959454, 0.000000000000000000 ) ) ;
#3015 = DIRECTION ( 'NONE',  ( 0.000000000000000000, 0.000000000000000000, -1.000000000000000000 ) ) ;
#3016 = PLANE ( 'NONE',  #6185 ) ;
#3017 = AXIS2_PLACEMENT_3D ( 'NONE', #421, #2832, #2084 ) ;
#3018 = LINE ( 'NONE', #9969, #8779 ) ;
#3019 = EDGE_CURVE ( 'NONE', #1013, #7486, #8957, .T. ) ;
#3020 = CARTESIAN_POINT ( 'NONE',  ( 17.43209876543209802, -11.65465768799102264, -6.349999999999999645 ) ) ;
#3021 = CARTESIAN_POINT ( 'NONE',  ( 12.55757575757575850, -15.64646464646464885, -6.049999999999999822 ) ) ;
#3022 = AXIS2_PLACEMENT_3D ( 'NONE', #5102, #2684, #8176 ) ;
#3023 = EDGE_CURVE ( 'NONE', #1929, #930, #4414, .T. ) ;
#3024 = EDGE_CURVE ( 'NONE', #6852, #499, #7491, .T. ) ;
#3025 = ORIENTED_EDGE ( 'NONE', *, *, #3318, .F. ) ;
#3026 = VECTOR ( 'NONE', #2139, 1000.000000000000000 ) ;
#3027 = DIRECTION ( 'NONE',  ( 0.5222682836240779558, -0.8527812380208418253, 0.000000000000000000 ) ) ;
#3028 = ORIENTED_EDGE ( 'NONE', *, *, #1175, .T. ) ;
#3029 = VERTEX_POINT ( 'NONE', #2752 ) ;
#3030 = VERTEX_POINT ( 'NONE', #9807 ) ;
#3031 = FACE_OUTER_BOUND ( 'NONE', #8518, .T. ) ;
#3032 = DIRECTION ( 'NONE',  ( 0.7754058937410097663, -0.6314631421957307422, 0.000000000000000000 ) ) ;
#3033 = AXIS2_PLACEMENT_3D ( 'NONE', #6859, #7666, #9934 ) ;
#3034 = DIRECTION ( 'NONE',  ( -0.000000000000000000, -0.000000000000000000, 1.000000000000000000 ) ) ;
#3035 = FACE_OUTER_BOUND ( 'NONE', #5191, .T. ) ;
#3036 = ORIENTED_EDGE ( 'NONE', *, *, #2583, .T. ) ;
#3037 = VERTEX_POINT ( 'NONE', #1245 ) ;
#3038 = VECTOR ( 'NONE', #3956, 1000.000000000000000 ) ;
#3039 = FACE_OUTER_BOUND ( 'NONE', #7095, .T. ) ;
#3040 = ORIENTED_EDGE ( 'NONE', *, *, #8060, .T. ) ;
#3041 = CARTESIAN_POINT ( 'NONE',  ( 7.869135802469135577, -16.21661054994388351, -6.049999999999999822 ) ) ;
#3042 = CARTESIAN_POINT ( 'NONE',  ( 0.000000000000000000, 0.000000000000000000, -4.349999999999999645 ) ) ;
#3043 = CARTESIAN_POINT ( 'NONE',  ( 15.17766554433221060, -12.82390572390572281, -6.049999999999999822 ) ) ;
#3044 = DIRECTION ( 'NONE',  ( 0.9966277928773907835, 0.08205511845302967955, -0.000000000000000000 ) ) ;
#3045 = DIRECTION ( 'NONE',  ( 0.1438050830094566301, -0.9896060317624600922, 0.000000000000000000 ) ) ;
#3046 = DIRECTION ( 'NONE',  ( 0.000000000000000000, 0.000000000000000000, -1.000000000000000000 ) ) ;
#3047 = DIRECTION ( 'NONE',  ( 0.6370500677824697533, -0.7708224251657126436, 0.000000000000000000 ) ) ;
#3048 = ORIENTED_EDGE ( 'NONE', *, *, #9828, .F. ) ;
#3049 = VERTEX_POINT ( 'NONE', #1143 ) ;
#3050 = ORIENTED_EDGE ( 'NONE', *, *, #551, .F. ) ;
#3051 = CARTESIAN_POINT ( 'NONE',  ( 12.66195286195286052, -14.42109988776655527, -6.049999999999999822 ) ) ;
#3052 = CARTESIAN_POINT ( 'NONE',  ( 7.222222222222222321, -18.34747474747474882, -6.049999999999999822 ) ) ;
#3053 = CARTESIAN_POINT ( 'NONE',  ( 11.12951739618406322, -18.11649831649831555, -6.049999999999999822 ) ) ;
#3054 = LINE ( 'NONE', #6882, #1704 ) ;
#3055 = DIRECTION ( 'NONE',  ( 0.6119178120640514917, 0.7909213559379618674, 0.000000000000000000 ) ) ;
#3056 = ADVANCED_FACE ( 'NONE', ( #4218 ), #7285, .T. ) ;
#3057 = ORIENTED_EDGE ( 'NONE', *, *, #9672, .T. ) ;
#3058 = VERTEX_POINT ( 'NONE', #2709 ) ;
#3059 = DIRECTION ( 'NONE',  ( 0.9912371275757809741, -0.1320944999434678635, 0.000000000000000000 ) ) ;
#3060 = EDGE_CURVE ( 'NONE', #4169, #3862, #1194, .T. ) ;
#3061 = ORIENTED_EDGE ( 'NONE', *, *, #3865, .F. ) ;
#3062 = VERTEX_POINT ( 'NONE', #5782 ) ;
#3063 = CARTESIAN_POINT ( 'NONE',  ( 7.222222222222222321, -18.34747474747474882, -6.049999999999999822 ) ) ;
#3064 = CARTESIAN_POINT ( 'NONE',  ( 11.77575757575757542, -11.58989898989898926, -6.049999999999999822 ) ) ;
#3065 = CARTESIAN_POINT ( 'NONE',  ( 18.99191919191919098, -18.59506172839506277, -6.349999999999999645 ) ) ;
#3066 = CARTESIAN_POINT ( 'NONE',  ( 9.210101010101009678, -11.41414141414141525, -6.049999999999999822 ) ) ;
#3067 = ADVANCED_FACE ( 'NONE', ( #8858 ), #3514, .F. ) ;
#3068 = PLANE ( 'NONE',  #8178 ) ;
#3069 = EDGE_LOOP ( 'NONE', ( #5959, #5097, #5375, #9014 ) ) ;
#3070 = EDGE_CURVE ( 'NONE', #8162, #4963, #4321, .T. ) ;
#3071 = CARTESIAN_POINT ( 'NONE',  ( 11.80336700336700240, -15.38406285072951718, -6.049999999999999822 ) ) ;
#3072 = EDGE_CURVE ( 'NONE', #9640, #265, #9700, .T. ) ;
#3073 = ORIENTED_EDGE ( 'NONE', *, *, #9552, .T. ) ;
#3074 = ORIENTED_EDGE ( 'NONE', *, *, #12, .F. ) ;
#3075 = EDGE_CURVE ( 'NONE', #8000, #1853, #640, .T. ) ;
#3076 = VERTEX_POINT ( 'NONE', #9255 ) ;
#3077 = CARTESIAN_POINT ( 'NONE',  ( 11.77575757575757542, -14.67676767676767646, -6.049999999999999822 ) ) ;
#3078 = DIRECTION ( 'NONE',  ( -0.9912371275757810851, 0.1320944999434678635, 0.000000000000000000 ) ) ;
#3079 = EDGE_CURVE ( 'NONE', #5753, #5949, #1544, .T. ) ;
#3080 = CARTESIAN_POINT ( 'NONE',  ( 17.24601571268237876, -17.71425364758698251, -6.349999999999999645 ) ) ;
#3081 = LINE ( 'NONE', #59, #1429 ) ;
#3082 = EDGE_LOOP ( 'NONE', ( #9827, #3445, #5256, #6836 ) ) ;
#3083 = ADVANCED_FACE ( 'NONE', ( #9903 ), #33, .T. ) ;
#3084 = EDGE_LOOP ( 'NONE', ( #8690, #7929, #9032, #9472 ) ) ;
#3085 = ADVANCED_FACE ( 'NONE', ( #3002 ), #5420, .F. ) ;
#3086 = CARTESIAN_POINT ( 'NONE',  ( 16.05858585858585741, -14.27272727272727337, -6.049999999999999822 ) ) ;
#3087 = EDGE_CURVE ( 'NONE', #3950, #4734, #7689, .T. ) ;
#3088 = ORIENTED_EDGE ( 'NONE', *, *, #9722, .F. ) ;
#3089 = DIRECTION ( 'NONE',  ( 1.000000000000000000, 0.000000000000000000, 0.000000000000000000 ) ) ;
#3090 = CARTESIAN_POINT ( 'NONE',  ( 17.20594837261504040, -17.59102132435465649, -6.049999999999999822 ) ) ;
#3091 = CARTESIAN_POINT ( 'NONE',  ( 9.194612794612796236, -15.87340067340067407, -6.349999999999999645 ) ) ;
#3092 = DIRECTION ( 'NONE',  ( -0.1073892978767058692, -0.9942170480843447455, 0.000000000000000000 ) ) ;
#3093 = EDGE_CURVE ( 'NONE', #8441, #2173, #8348, .T. ) ;
#3094 = DIRECTION ( 'NONE',  ( 0.000000000000000000, 0.000000000000000000, -1.000000000000000000 ) ) ;
#3095 = CARTESIAN_POINT ( 'NONE',  ( 16.53423120089786735, -13.02424242424242351, -6.349999999999999645 ) ) ;
#3096 = DIRECTION ( 'NONE',  ( 0.000000000000000000, -1.000000000000000000, 0.000000000000000000 ) ) ;
#3097 = ORIENTED_EDGE ( 'NONE', *, *, #9604, .F. ) ;
#3098 = ORIENTED_EDGE ( 'NONE', *, *, #981, .F. ) ;
#3099 = ORIENTED_EDGE ( 'NONE', *, *, #795, .F. ) ;
#3100 = DIRECTION ( 'NONE',  ( -0.9976618314957573785, 0.06834376325994336032, 0.000000000000000000 ) ) ;
#3101 = LINE ( 'NONE', #2352, #3588 ) ;
#3102 = LINE ( 'NONE', #2405, #6004 ) ;
#3103 = FACE_OUTER_BOUND ( 'NONE', #5145, .T. ) ;
#3104 = LINE ( 'NONE', #1642, #8803 ) ;
#3105 = VECTOR ( 'NONE', #5781, 1000.000000000000000 ) ;
#3106 = VECTOR ( 'NONE', #21, 1000.000000000000000 ) ;
#3107 = VERTEX_POINT ( 'NONE', #4468 ) ;
#3108 = EDGE_LOOP ( 'NONE', ( #8333, #8422 ) ) ;
#3109 = CARTESIAN_POINT ( 'NONE',  ( 18.22334455667789044, -17.93063973063972938, -6.049999999999999822 ) ) ;
#3110 = ORIENTED_EDGE ( 'NONE', *, *, #6388, .T. ) ;
#3111 = ORIENTED_EDGE ( 'NONE', *, *, #7011, .F. ) ;
#3112 = CARTESIAN_POINT ( 'NONE',  ( 10.61212121212121318, -18.99191919191919098, -6.049999999999999822 ) ) ;
#3113 = AXIS2_PLACEMENT_3D ( 'NONE', #7857, #350, #152 ) ;
#3114 = CARTESIAN_POINT ( 'NONE',  ( 7.462850729517396253, -18.77306397306397301, -6.349999999999999645 ) ) ;
#3115 = PLANE ( 'NONE',  #4446 ) ;
#3116 = DIRECTION ( 'NONE',  ( 0.6271507563628460069, 0.7788978936892242411, 0.000000000000000000 ) ) ;
#3117 = AXIS2_PLACEMENT_3D ( 'NONE', #9291, #2389, #5455 ) ;
#3118 = VECTOR ( 'NONE', #6387, 1000.000000000000114 ) ;
#3119 = VERTEX_POINT ( 'NONE', #792 ) ;
#3120 = DIRECTION ( 'NONE',  ( -0.7606028303162418736, 0.6492174785962883110, 0.000000000000000000 ) ) ;
#3121 = EDGE_LOOP ( 'NONE', ( #7984, #3937, #8167, #560 ) ) ;
#3122 = EDGE_LOOP ( 'NONE', ( #5473, #3281, #1108, #7499 ) ) ;
#3123 = ORIENTED_EDGE ( 'NONE', *, *, #4303, .T. ) ;
#3124 = DIRECTION ( 'NONE',  ( -0.4253809521590410370, -0.9050143896868533266, 0.000000000000000000 ) ) ;
#3125 = DIRECTION ( 'NONE',  ( 0.000000000000000000, 0.000000000000000000, -1.000000000000000000 ) ) ;
#3126 = EDGE_CURVE ( 'NONE', #5033, #1325, #3155, .T. ) ;
#3127 = VECTOR ( 'NONE', #6855, 1000.000000000000000 ) ;
#3128 = VECTOR ( 'NONE', #3100, 999.9999999999998863 ) ;
#3129 = EDGE_CURVE ( 'NONE', #2943, #6, #3102, .T. ) ;
#3130 = DIRECTION ( 'NONE',  ( 0.000000000000000000, 0.000000000000000000, -1.000000000000000000 ) ) ;
#3131 = CARTESIAN_POINT ( 'NONE',  ( 7.648484848484848442, -17.46464646464646364, -6.049999999999999822 ) ) ;
#3132 = ORIENTED_EDGE ( 'NONE', *, *, #1041, .T. ) ;
#3133 = VECTOR ( 'NONE', #2189, 1000.000000000000000 ) ;
#3134 = EDGE_LOOP ( 'NONE', ( #1669, #9455, #4035, #4475 ) ) ;
#3135 = ADVANCED_FACE ( 'NONE', ( #6170 ), #7588, .T. ) ;
#3136 = VECTOR ( 'NONE', #6521, 1000.000000000000000 ) ;
#3137 = LINE ( 'NONE', #6205, #5706 ) ;
#3138 = ORIENTED_EDGE ( 'NONE', *, *, #8182, .F. ) ;
#3139 = CARTESIAN_POINT ( 'NONE',  ( 10.72525252525252526, -14.44242424242424150, -6.049999999999999822 ) ) ;
#3140 = DIRECTION ( 'NONE',  ( -1.000000000000000000, 0.000000000000000000, -0.000000000000000000 ) ) ;
#3141 = CARTESIAN_POINT ( 'NONE',  ( 16.29090909090908923, -18.48484848484848442, -6.349999999999999645 ) ) ;
#3142 = FACE_OUTER_BOUND ( 'NONE', #4195, .T. ) ;
#3143 = CARTESIAN_POINT ( 'NONE',  ( 10.81773288439954861, -18.62558922558922703, -6.349999999999999645 ) ) ;
#3144 = EDGE_CURVE ( 'NONE', #6688, #8441, #2253, .T. ) ;
#3145 = AXIS2_PLACEMENT_3D ( 'NONE', #5636, #7091, #4020 ) ;
#3146 = CARTESIAN_POINT ( 'NONE',  ( 10.71470258136924691, -18.80606060606060481, -6.349999999999999645 ) ) ;
#3147 = CARTESIAN_POINT ( 'NONE',  ( 0.000000000000000000, -50.00000000000000000, 0.000000000000000000 ) ) ;
#3148 = EDGE_LOOP ( 'NONE', ( #6442, #8823, #4532, #364 ) ) ;
#3149 = VERTEX_POINT ( 'NONE', #4668 ) ;
#3150 = EDGE_CURVE ( 'NONE', #7861, #5562, #5369, .T. ) ;
#3151 = ORIENTED_EDGE ( 'NONE', *, *, #8757, .F. ) ;
#3152 = LINE ( 'NONE', #3952, #2001 ) ;
#3153 = AXIS2_PLACEMENT_3D ( 'NONE', #5069, #4356, #7430 ) ;
#3154 = LINE ( 'NONE', #2404, #5515 ) ;
#3155 = LINE ( 'NONE', #3859, #1663 ) ;
#3156 = DIRECTION ( 'NONE',  ( 0.000000000000000000, 0.000000000000000000, -1.000000000000000000 ) ) ;
#3157 = DIRECTION ( 'NONE',  ( 0.000000000000000000, -0.000000000000000000, 1.000000000000000000 ) ) ;
#3158 = DIRECTION ( 'NONE',  ( 0.2217310485694148348, -0.9751078617775101876, -0.000000000000000000 ) ) ;
#3159 = VECTOR ( 'NONE', #9919, 1000.000000000000227 ) ;
#3160 = VERTEX_POINT ( 'NONE', #7737 ) ;
#3161 = ORIENTED_EDGE ( 'NONE', *, *, #5162, .T. ) ;
#3162 = CARTESIAN_POINT ( 'NONE',  ( 14.66060606060606020, -17.02154882154882287, -6.049999999999999822 ) ) ;
#3163 = CARTESIAN_POINT ( 'NONE',  ( 34.00000000000000000, -54.00000000000000000, -6.349999999999999645 ) ) ;
#3164 = VERTEX_POINT ( 'NONE', #8299 ) ;
#3165 = LINE ( 'NONE', #803, #9550 ) ;
#3166 = VECTOR ( 'NONE', #942, 1000.000000000000000 ) ;
#3167 = CARTESIAN_POINT ( 'NONE',  ( 11.03232323232323253, -17.23434343434343319, -6.049999999999999822 ) ) ;
#3168 = CARTESIAN_POINT ( 'NONE',  ( 0.000000000000000000, -50.00000000000000000, 0.000000000000000000 ) ) ;
#3169 = VECTOR ( 'NONE', #679, 1000.000000000000114 ) ;
#3170 = EDGE_LOOP ( 'NONE', ( #6394, #8197, #5351, #3481 ) ) ;
#3171 = CARTESIAN_POINT ( 'NONE',  ( 17.18989898989898890, -16.71313131313131350, -6.349999999999999645 ) ) ;
#3172 = VERTEX_POINT ( 'NONE', #3902 ) ;
#3173 = ORIENTED_EDGE ( 'NONE', *, *, #1923, .T. ) ;
#3174 = EDGE_LOOP ( 'NONE', ( #8599, #6296, #9332, #9871 ) ) ;
#3175 = CARTESIAN_POINT ( 'NONE',  ( 18.84646464646464636, -11.00000000000000000, -6.049999999999999822 ) ) ;
#3177 = CARTESIAN_POINT ( 'NONE',  ( 20.82626262626262559, -11.51717171717171695, -6.049999999999999822 ) ) ;
#3176 = VECTOR ( 'NONE', #4051, 1000.000000000000114 ) ;
#3178 = VECTOR ( 'NONE', #5613, 1000.000000000000000 ) ;
#3179 = LINE ( 'NONE', #5597, #7703 ) ;
#3180 = ORIENTED_EDGE ( 'NONE', *, *, #910, .F. ) ;
#3181 = ORIENTED_EDGE ( 'NONE', *, *, #5854, .F. ) ;
#3182 = EDGE_CURVE ( 'NONE', #9210, #6246, #4517, .T. ) ;
#3183 = ORIENTED_EDGE ( 'NONE', *, *, #2418, .T. ) ;
#3184 = DIRECTION ( 'NONE',  ( 1.000000000000000000, 0.000000000000000000, 0.000000000000000000 ) ) ;
#3185 = EDGE_CURVE ( 'NONE', #5169, #5267, #8446, .T. ) ;
#3186 = ORIENTED_EDGE ( 'NONE', *, *, #8679, .T. ) ;
#3187 = LINE ( 'NONE', #4752, #3906 ) ;
#3188 = VECTOR ( 'NONE', #5160, 1000.000000000000000 ) ;
#3189 = DIRECTION ( 'NONE',  ( 0.000000000000000000, 0.000000000000000000, -1.000000000000000000 ) ) ;
#3190 = VECTOR ( 'NONE', #5040, 1000.000000000000000 ) ;
#3191 = LINE ( 'NONE', #6116, #4314 ) ;
#3192 = LINE ( 'NONE', #2589, #3784 ) ;
#3193 = DIRECTION ( 'NONE',  ( 0.000000000000000000, 0.000000000000000000, -1.000000000000000000 ) ) ;
#3194 = CARTESIAN_POINT ( 'NONE',  ( 11.96969696969696884, -13.61010101010101003, -6.349999999999999645 ) ) ;
#3195 = EDGE_CURVE ( 'NONE', #1513, #708, #9203, .T. ) ;
#3196 = LINE ( 'NONE', #8341, #3516 ) ;
#3197 = AXIS2_PLACEMENT_3D ( 'NONE', #2396, #8537, #680 ) ;
#3198 = ORIENTED_EDGE ( 'NONE', *, *, #847, .F. ) ;
#3199 = ORIENTED_EDGE ( 'NONE', *, *, #3318, .T. ) ;
#3200 = DIRECTION ( 'NONE',  ( 0.000000000000000000, 0.000000000000000000, -1.000000000000000000 ) ) ;
#3201 = EDGE_CURVE ( 'NONE', #3266, #1673, #3752, .T. ) ;
#3202 = CARTESIAN_POINT ( 'NONE',  ( 16.05297418630751949, -11.23176206509539909, -6.049999999999999822 ) ) ;
#3203 = CARTESIAN_POINT ( 'NONE',  ( 9.919753086419753174, -16.68047138047138134, -6.349999999999999645 ) ) ;
#3204 = EDGE_CURVE ( 'NONE', #6999, #6637, #6880, .T. ) ;
#3205 = EDGE_CURVE ( 'NONE', #78, #2223, #3761, .T. ) ;
#3206 = LINE ( 'NONE', #6789, #4009 ) ;
#3207 = VECTOR ( 'NONE', #505, 1000.000000000000114 ) ;
#3208 = CARTESIAN_POINT ( 'NONE',  ( 17.53585858585858404, -18.88434343434343532, -6.349999999999999645 ) ) ;
#3209 = PLANE ( 'NONE',  #5422 ) ;
#3210 = EDGE_CURVE ( 'NONE', #7089, #4675, #7784, .T. ) ;
#3211 = EDGE_LOOP ( 'NONE', ( #3835, #6036, #7050, #3363 ) ) ;
#3212 = ORIENTED_EDGE ( 'NONE', *, *, #1059, .T. ) ;
#3213 = DIRECTION ( 'NONE',  ( 0.000000000000000000, 1.000000000000000000, 0.000000000000000000 ) ) ;
#3214 = DIRECTION ( 'NONE',  ( 0.000000000000000000, 0.000000000000000000, -1.000000000000000000 ) ) ;
#3215 = EDGE_LOOP ( 'NONE', ( #957, #5477, #9170, #5339 ) ) ;
#3216 = FACE_OUTER_BOUND ( 'NONE', #8976, .T. ) ;
#3217 = CARTESIAN_POINT ( 'NONE',  ( 15.36992143658810406, -13.42693602693602628, -6.049999999999999822 ) ) ;
#3218 = CARTESIAN_POINT ( 'NONE',  ( 14.66060606060606020, -17.02154882154882287, -6.049999999999999822 ) ) ;
#3219 = ORIENTED_EDGE ( 'NONE', *, *, #5478, .T. ) ;
#3220 = DIRECTION ( 'NONE',  ( -0.9384543348204169577, 0.3454033315658215919, 0.000000000000000000 ) ) ;
#3221 = ORIENTED_EDGE ( 'NONE', *, *, #1745, .F. ) ;
#3222 = VERTEX_POINT ( 'NONE', #1791 ) ;
#3223 = ORIENTED_EDGE ( 'NONE', *, *, #327, .T. ) ;
#3224 = DIRECTION ( 'NONE',  ( 0.3203139426094309683, 0.9473114472917565365, 0.000000000000000000 ) ) ;
#3225 = CARTESIAN_POINT ( 'NONE',  ( 15.36992143658810406, -13.42693602693602628, -6.049999999999999822 ) ) ;
#3226 = LINE ( 'NONE', #3276, #3823 ) ;
#3227 = DIRECTION ( 'NONE',  ( 0.000000000000000000, 0.000000000000000000, -1.000000000000000000 ) ) ;
#3228 = ORIENTED_EDGE ( 'NONE', *, *, #9185, .T. ) ;
#3229 = ORIENTED_EDGE ( 'NONE', *, *, #9102, .T. ) ;
#3230 = ORIENTED_EDGE ( 'NONE', *, *, #132, .T. ) ;
#3231 = CARTESIAN_POINT ( 'NONE',  ( 12.49494949494949303, -14.50796857463524248, -6.049999999999999822 ) ) ;
#3232 = ORIENTED_EDGE ( 'NONE', *, *, #3561, .F. ) ;
#3233 = LINE ( 'NONE', #6866, #8905 ) ;
#3234 = FACE_OUTER_BOUND ( 'NONE', #7160, .T. ) ;
#3235 = CARTESIAN_POINT ( 'NONE',  ( -3.100000000000000533, -52.00000000000000711, -6.349999999999999645 ) ) ;
#3236 = DIRECTION ( 'NONE',  ( 0.02228791983092581058, 0.9997515934619011224, 0.000000000000000000 ) ) ;
#3237 = DIRECTION ( 'NONE',  ( -0.8884380077421958344, 0.4589966300519839892, 0.000000000000000000 ) ) ;
#3238 = EDGE_CURVE ( 'NONE', #5002, #6069, #2599, .T. ) ;
#3239 = CARTESIAN_POINT ( 'NONE',  ( 7.668686868686868330, -15.80404040404040344, -6.349999999999999645 ) ) ;
#3240 = FACE_OUTER_BOUND ( 'NONE', #6875, .T. ) ;
#3241 = VERTEX_POINT ( 'NONE', #8741 ) ;
#3242 = ORIENTED_EDGE ( 'NONE', *, *, #7011, .T. ) ;
#3243 = VECTOR ( 'NONE', #8846, 1000.000000000000000 ) ;
#3244 = LINE ( 'NONE', #6978, #5871 ) ;
#3245 = CARTESIAN_POINT ( 'NONE',  ( 12.73445566778900151, -15.53872053872053804, -6.049999999999999822 ) ) ;
#3246 = DIRECTION ( 'NONE',  ( -0.4113705926245261324, -0.9114681758151220725, 0.000000000000000000 ) ) ;
#3247 = CARTESIAN_POINT ( 'NONE',  ( 7.342985409652076356, -18.55555555555555713, -6.349999999999999645 ) ) ;
#3248 = DIRECTION ( 'NONE',  ( -0.9960081932592744769, -0.08926185613348951164, 0.000000000000000000 ) ) ;
#3249 = FACE_OUTER_BOUND ( 'NONE', #8039, .T. ) ;
#3250 = ADVANCED_FACE ( 'NONE', ( #2498 ), #1744, .T. ) ;
#3251 = CARTESIAN_POINT ( 'NONE',  ( 29.19999999999999929, -49.20000000000000284, 0.000000000000000000 ) ) ;
#3252 = EDGE_CURVE ( 'NONE', #6122, #4397, #3955, .T. ) ;
#3253 = ORIENTED_EDGE ( 'NONE', *, *, #4669, .T. ) ;
#3254 = ORIENTED_EDGE ( 'NONE', *, *, #7321, .T. ) ;
#3255 = DIRECTION ( 'NONE',  ( 0.000000000000000000, 0.000000000000000000, -1.000000000000000000 ) ) ;
#3256 = DIRECTION ( 'NONE',  ( 0.8401704742042039875, -0.5423223896129339971, 0.000000000000000000 ) ) ;
#3257 = EDGE_LOOP ( 'NONE', ( #7868, #2182, #4349, #6568 ) ) ;
#3258 = EDGE_CURVE ( 'NONE', #9529, #2223, #4710, .T. ) ;
#3259 = DIRECTION ( 'NONE',  ( -0.9563048102060823785, -0.2923715273016662120, 0.000000000000000000 ) ) ;
#3260 = CARTESIAN_POINT ( 'NONE',  ( 12.82626262626262736, -13.61010101010101003, -6.349999999999999645 ) ) ;
#3261 = VECTOR ( 'NONE', #2707, 999.9999999999998863 ) ;
#3262 = CARTESIAN_POINT ( 'NONE',  ( 16.29090909090908923, -18.48484848484848442, -6.049999999999999822 ) ) ;
#3263 = ADVANCED_FACE ( 'NONE', ( #7887 ), #2447, .T. ) ;
#3264 = EDGE_CURVE ( 'NONE', #5086, #7757, #2552, .T. ) ;
#3265 = ADVANCED_FACE ( 'NONE', ( #8590 ), #335, .T. ) ;
#3266 = VERTEX_POINT ( 'NONE', #130 ) ;
#3267 = LINE ( 'NONE', #6340, #3438 ) ;
#3268 = VECTOR ( 'NONE', #1444, 1000.000000000000114 ) ;
#3269 = VERTEX_POINT ( 'NONE', #9446 ) ;
#3270 = ORIENTED_EDGE ( 'NONE', *, *, #7059, .F. ) ;
#3271 = EDGE_CURVE ( 'NONE', #9359, #2580, #9500, .T. ) ;
#3272 = VECTOR ( 'NONE', #5718, 1000.000000000000000 ) ;
#3273 = ORIENTED_EDGE ( 'NONE', *, *, #1535, .F. ) ;
#3274 = LINE ( 'NONE', #5539, #4098 ) ;
#3275 = VECTOR ( 'NONE', #146, 1000.000000000000000 ) ;
#3276 = CARTESIAN_POINT ( 'NONE',  ( 17.07586980920314090, -11.55667789001122259, -6.049999999999999822 ) ) ;
#3277 = VECTOR ( 'NONE', #6488, 1000.000000000000000 ) ;
#3278 = PLANE ( 'NONE',  #5446 ) ;
#3279 = ORIENTED_EDGE ( 'NONE', *, *, #124, .F. ) ;
#3280 = ORIENTED_EDGE ( 'NONE', *, *, #9671, .F. ) ;
#3281 = ORIENTED_EDGE ( 'NONE', *, *, #7382, .F. ) ;
#3282 = CARTESIAN_POINT ( 'NONE',  ( 8.333333333333332149, -16.97979797979797922, -6.349999999999999645 ) ) ;
#3283 = VERTEX_POINT ( 'NONE', #3203 ) ;
#3285 = LINE ( 'NONE', #8074, #4714 ) ;
#3284 = VECTOR ( 'NONE', #3891, 1000.000000000000000 ) ;
#3286 = PLANE ( 'NONE',  #8438 ) ;
#3287 = VECTOR ( 'NONE', #1392, 999.9999999999998863 ) ;
#3288 = DIRECTION ( 'NONE',  ( -0.3375530605937425710, 0.9413065023061283343, 0.000000000000000000 ) ) ;
#3289 = PLANE ( 'NONE',  #1542 ) ;
#3290 = FACE_OUTER_BOUND ( 'NONE', #8102, .T. ) ;
#3291 = CARTESIAN_POINT ( 'NONE',  ( 17.18989898989898890, -16.71313131313131350, -6.049999999999999822 ) ) ;
#3292 = FACE_OUTER_BOUND ( 'NONE', #2259, .T. ) ;
#3293 = VECTOR ( 'NONE', #4735, 1000.000000000000000 ) ;
#3294 = VECTOR ( 'NONE', #6669, 1000.000000000000227 ) ;
#3295 = EDGE_LOOP ( 'NONE', ( #8853, #3774, #4074, #7102 ) ) ;
#3296 = ORIENTED_EDGE ( 'NONE', *, *, #7627, .F. ) ;
#3297 = DIRECTION ( 'NONE',  ( 0.1071637421351118585, 0.9942413853645398758, 0.000000000000000000 ) ) ;
#3298 = CARTESIAN_POINT ( 'NONE',  ( 0.000000000000000000, 0.000000000000000000, 0.000000000000000000 ) ) ;
#3299 = PLANE ( 'NONE',  #2959 ) ;
#3300 = DIRECTION ( 'NONE',  ( 0.9239526644730984284, 0.3825068284528553297, 0.000000000000000000 ) ) ;
#3301 = DIRECTION ( 'NONE',  ( -0.08926185613348951164, 0.9960081932592744769, 0.000000000000000000 ) ) ;
#3302 = VECTOR ( 'NONE', #5210, 1000.000000000000000 ) ;
#3303 = DIRECTION ( 'NONE',  ( 1.000000000000000000, 0.000000000000000000, 0.000000000000000000 ) ) ;
#3304 = PLANE ( 'NONE',  #447 ) ;
#3305 = CARTESIAN_POINT ( 'NONE',  ( 0.000000000000000000, -50.00000000000000000, -4.349999999999999645 ) ) ;
#3306 = VECTOR ( 'NONE', #7652, 1000.000000000000000 ) ;
#3307 = ORIENTED_EDGE ( 'NONE', *, *, #6639, .F. ) ;
#3308 = ORIENTED_EDGE ( 'NONE', *, *, #6887, .F. ) ;
#3309 = LINE ( 'NONE', #4016, #8920 ) ;
#3310 = ADVANCED_FACE ( 'NONE', ( #1689 ), #1032, .T. ) ;
#3311 = DIRECTION ( 'NONE',  ( 0.9997515934619009004, -0.02228791983092580711, 0.000000000000000000 ) ) ;
#3312 = ORIENTED_EDGE ( 'NONE', *, *, #2229, .T. ) ;
#3313 = DIRECTION ( 'NONE',  ( 0.9797447058870846215, -0.2002506211881251164, -0.000000000000000000 ) ) ;
#3314 = EDGE_CURVE ( 'NONE', #3867, #3164, #7118, .T. ) ;
#3315 = DIRECTION ( 'NONE',  ( -0.9205034131083019711, -0.3907345217100309798, 0.000000000000000000 ) ) ;
#3316 = AXIS2_PLACEMENT_3D ( 'NONE', #287, #5627, #3303 ) ;
#3317 = DIRECTION ( 'NONE',  ( 0.5962979646809530854, -0.8027631888155765116, 0.000000000000000000 ) ) ;
#3318 = EDGE_CURVE ( 'NONE', #6787, #91, #7838, .T. ) ;
#3319 = DIRECTION ( 'NONE',  ( 0.6083240382981576211, 0.7936887705068162990, 0.000000000000000000 ) ) ;
#3320 = ORIENTED_EDGE ( 'NONE', *, *, #9766, .F. ) ;
#3321 = CARTESIAN_POINT ( 'NONE',  ( 16.64377104377104288, -18.75510662177328669, -6.349999999999999645 ) ) ;
#3322 = VECTOR ( 'NONE', #1886, 1000.000000000000000 ) ;
#3323 = ORIENTED_EDGE ( 'NONE', *, *, #8250, .F. ) ;
#3324 = ORIENTED_EDGE ( 'NONE', *, *, #8748, .T. ) ;
#3325 = ORIENTED_EDGE ( 'NONE', *, *, #1924, .T. ) ;
#3326 = EDGE_CURVE ( 'NONE', #1509, #4073, #7078, .T. ) ;
#3327 = CARTESIAN_POINT ( 'NONE',  ( 17.79595959595959442, -12.58787878787878789, -6.349999999999999645 ) ) ;
#3328 = LINE ( 'NONE', #3977, #4973 ) ;
#3329 = VECTOR ( 'NONE', #7181, 1000.000000000000227 ) ;
#3330 = CARTESIAN_POINT ( 'NONE',  ( 17.22940516273849454, -18.87070707070706987, -6.349999999999999645 ) ) ;
#3331 = EDGE_CURVE ( 'NONE', #234, #1474, #1843, .T. ) ;
#3332 = DIRECTION ( 'NONE',  ( 0.5227039557786714585, -0.8525142665160089228, -0.000000000000000000 ) ) ;
#3333 = EDGE_LOOP ( 'NONE', ( #6616, #4145, #8714, #2531 ) ) ;
#3334 = ORIENTED_EDGE ( 'NONE', *, *, #9365, .F. ) ;
#3335 = ORIENTED_EDGE ( 'NONE', *, *, #3796, .F. ) ;
#3336 = EDGE_LOOP ( 'NONE', ( #8507, #3254 ) ) ;
#3337 = CARTESIAN_POINT ( 'NONE',  ( 12.82626262626262736, -14.33737373737373666, -6.049999999999999822 ) ) ;
#3338 = ORIENTED_EDGE ( 'NONE', *, *, #7998, .F. ) ;
#3339 = AXIS2_PLACEMENT_3D ( 'NONE', #4808, #7926, #8582 ) ;
#3340 = CARTESIAN_POINT ( 'NONE',  ( 14.13086419753086354, -14.33019079685746355, -6.049999999999999822 ) ) ;
#3341 = CARTESIAN_POINT ( 'NONE',  ( 14.28787878787878718, -14.70101010101010175, -6.049999999999999822 ) ) ;
#3342 = CARTESIAN_POINT ( 'NONE',  ( 11.77575757575757542, -11.58989898989898926, -6.049999999999999822 ) ) ;
#3343 = DIRECTION ( 'NONE',  ( -1.000000000000000000, 0.000000000000000000, 0.000000000000000000 ) ) ;
#3344 = VECTOR ( 'NONE', #4792, 1000.000000000000000 ) ;
#3345 = CARTESIAN_POINT ( 'NONE',  ( 11.23434343434343496, -17.95757575757576063, -6.049999999999999822 ) ) ;
#3346 = PLANE ( 'NONE',  #4300 ) ;
#3347 = CARTESIAN_POINT ( 'NONE',  ( 17.78406285072951576, -12.76700336700336713, -6.349999999999999645 ) ) ;
#3348 = EDGE_LOOP ( 'NONE', ( #3198, #4678, #6403, #5453 ) ) ;
#3349 = VECTOR ( 'NONE', #6303, 999.9999999999998863 ) ;
#3350 = ORIENTED_EDGE ( 'NONE', *, *, #313, .F. ) ;
#3351 = VECTOR ( 'NONE', #5696, 1000.000000000000000 ) ;
#3352 = CARTESIAN_POINT ( 'NONE',  ( 15.47586980920314303, -12.43254769921436598, -6.049999999999999822 ) ) ;
#3353 = PLANE ( 'NONE',  #4047 ) ;
#3354 = CARTESIAN_POINT ( 'NONE',  ( 12.82626262626262736, -13.61010101010101003, -6.049999999999999822 ) ) ;
#3355 = DIRECTION ( 'NONE',  ( 0.000000000000000000, 0.000000000000000000, -1.000000000000000000 ) ) ;
#3356 = CARTESIAN_POINT ( 'NONE',  ( 10.68799102132435408, -17.65903479236812501, -6.049999999999999822 ) ) ;
#3357 = LINE ( 'NONE', #6317, #4282 ) ;
#3358 = VECTOR ( 'NONE', #3032, 1000.000000000000114 ) ;
#3359 = LINE ( 'NONE', #5571, #280 ) ;
#3360 = VECTOR ( 'NONE', #7520, 1000.000000000000000 ) ;
#3361 = CARTESIAN_POINT ( 'NONE',  ( 18.56161616161616124, -13.66060606060606020, -6.049999999999999822 ) ) ;
#3362 = VERTEX_POINT ( 'NONE', #284 ) ;
#3363 = ORIENTED_EDGE ( 'NONE', *, *, #9850, .T. ) ;
#3364 = LINE ( 'NONE', #7186, #5062 ) ;
#3365 = PLANE ( 'NONE',  #6479 ) ;
#3366 = LINE ( 'NONE', #8003, #5526 ) ;
#3367 = VECTOR ( 'NONE', #1844, 1000.000000000000114 ) ;
#3368 = LINE ( 'NONE', #4878, #7489 ) ;
#3369 = DIRECTION ( 'NONE',  ( 0.000000000000000000, -1.000000000000000000, 0.000000000000000000 ) ) ;
#3370 = EDGE_CURVE ( 'NONE', #3540, #2432, #9395, .T. ) ;
#3371 = CARTESIAN_POINT ( 'NONE',  ( 15.90145903479236722, -12.26049382716049330, -6.049999999999999822 ) ) ;
#3372 = ADVANCED_FACE ( 'NONE', ( #8646 ), #3299, .T. ) ;
#3373 = ORIENTED_EDGE ( 'NONE', *, *, #6454, .T. ) ;
#3374 = CARTESIAN_POINT ( 'NONE',  ( 9.327272727272728048, -15.61683501683501696, -6.049999999999999822 ) ) ;
#3375 = ORIENTED_EDGE ( 'NONE', *, *, #9954, .F. ) ;
#3376 = EDGE_LOOP ( 'NONE', ( #8961, #9867, #404, #7088 ) ) ;
#3377 = EDGE_LOOP ( 'NONE', ( #7795, #7202, #1162, #2375 ) ) ;
#3378 = CARTESIAN_POINT ( 'NONE',  ( 16.05858585858585741, -14.27272727272727337, -6.049999999999999822 ) ) ;
#3379 = EDGE_CURVE ( 'NONE', #1973, #1773, #6720, .T. ) ;
#3380 = CARTESIAN_POINT ( 'NONE',  ( 10.45039281705948575, -15.48181818181818414, -6.049999999999999822 ) ) ;
#3381 = DIRECTION ( 'NONE',  ( 0.9739559108565347678, -0.2267374775100444995, 0.000000000000000000 ) ) ;
#3382 = EDGE_CURVE ( 'NONE', #1869, #5642, #9690, .T. ) ;
#3383 = ORIENTED_EDGE ( 'NONE', *, *, #4625, .T. ) ;
#3384 = VERTEX_POINT ( 'NONE', #8189 ) ;
#3385 = VERTEX_POINT ( 'NONE', #5865 ) ;
#3386 = ORIENTED_EDGE ( 'NONE', *, *, #6201, .F. ) ;
#3387 = DIRECTION ( 'NONE',  ( 0.9994868748016842996, -0.03203103337643598003, -0.000000000000000000 ) ) ;
#3388 = ORIENTED_EDGE ( 'NONE', *, *, #1793, .T. ) ;
#3389 = LINE ( 'NONE', #6457, #9703 ) ;
#3390 = DIRECTION ( 'NONE',  ( -0.9957749284613414131, 0.09182751138852851547, 0.000000000000000000 ) ) ;
#3391 = EDGE_CURVE ( 'NONE', #1079, #2142, #8043, .T. ) ;
#3392 = LINE ( 'NONE', #5556, #1411 ) ;
#3393 = DIRECTION ( 'NONE',  ( -0.002792996243786163412, 0.9999960995783845341, 0.000000000000000000 ) ) ;
#3394 = LINE ( 'NONE', #1887, #2690 ) ;
#3395 = CARTESIAN_POINT ( 'NONE',  ( 12.64489337822671189, -15.59259259259259345, -6.049999999999999822 ) ) ;
#3396 = EDGE_CURVE ( 'NONE', #9538, #9071, #8944, .T. ) ;
#3397 = EDGE_CURVE ( 'NONE', #3160, #5315, #431, .T. ) ;
#3398 = ORIENTED_EDGE ( 'NONE', *, *, #8245, .T. ) ;
#3399 = EDGE_CURVE ( 'NONE', #7039, #562, #480, .T. ) ;
#3400 = EDGE_LOOP ( 'NONE', ( #9843, #3138, #8013, #9579 ) ) ;
#3401 = LINE ( 'NONE', #4967, #3456 ) ;
#3402 = LINE ( 'NONE', #8794, #6166 ) ;
#3403 = DIRECTION ( 'NONE',  ( -0.1244342458599936585, 0.9922278561183689449, 0.000000000000000000 ) ) ;
#3404 = EDGE_CURVE ( 'NONE', #575, #8459, #3646, .T. ) ;
#3405 = CARTESIAN_POINT ( 'NONE',  ( 10.05230078563411844, -18.65521885521885537, -6.049999999999999822 ) ) ;
#3406 = FACE_OUTER_BOUND ( 'NONE', #519, .T. ) ;
#3407 = PLANE ( 'NONE',  #1549 ) ;
#3408 = CARTESIAN_POINT ( 'NONE',  ( 11.77575757575757542, -11.58989898989898926, -6.349999999999999645 ) ) ;
#3409 = LINE ( 'NONE', #1851, #3832 ) ;
#3410 = VERTEX_POINT ( 'NONE', #3449 ) ;
#3411 = ORIENTED_EDGE ( 'NONE', *, *, #3126, .F. ) ;
#3412 = CARTESIAN_POINT ( 'NONE',  ( 8.897418630751962709, -15.86217732884399467, -6.049999999999999822 ) ) ;
#3413 = LINE ( 'NONE', #7284, #6965 ) ;
#3414 = PLANE ( 'NONE',  #6329 ) ;
#3415 = CARTESIAN_POINT ( 'NONE',  ( 22.28080808080807884, -14.27272727272727337, -6.049999999999999822 ) ) ;
#3416 = CARTESIAN_POINT ( 'NONE',  ( 17.20594837261504040, -17.59102132435465649, -6.349999999999999645 ) ) ;
#3417 = CARTESIAN_POINT ( 'NONE',  ( 12.47250280583613957, -15.70033670033670070, -6.349999999999999645 ) ) ;
#3418 = ORIENTED_EDGE ( 'NONE', *, *, #8321, .F. ) ;
#3419 = DIRECTION ( 'NONE',  ( 0.000000000000000000, 1.000000000000000000, 0.000000000000000000 ) ) ;
#3420 = VERTEX_POINT ( 'NONE', #2841 ) ;
#3421 = VERTEX_POINT ( 'NONE', #6574 ) ;
#3422 = ORIENTED_EDGE ( 'NONE', *, *, #791, .F. ) ;
#3423 = CARTESIAN_POINT ( 'NONE',  ( 30.00000000000000000, -50.00000000000000000, -4.349999999999999645 ) ) ;
#3424 = LINE ( 'NONE', #8916, #4262 ) ;
#3425 = LINE ( 'NONE', #5800, #1413 ) ;
#3426 = VECTOR ( 'NONE', #7363, 1000.000000000000227 ) ;
#3427 = EDGE_LOOP ( 'NONE', ( #1419, #1575, #3973, #1151 ) ) ;
#3428 = ORIENTED_EDGE ( 'NONE', *, *, #6708, .T. ) ;
#3429 = ORIENTED_EDGE ( 'NONE', *, *, #4303, .F. ) ;
#3430 = ORIENTED_EDGE ( 'NONE', *, *, #9487, .T. ) ;
#3431 = EDGE_CURVE ( 'NONE', #3385, #8147, #4258, .T. ) ;
#3432 = ORIENTED_EDGE ( 'NONE', *, *, #673, .T. ) ;
#3433 = DIRECTION ( 'NONE',  ( -1.000000000000000000, 0.000000000000000000, -0.000000000000000000 ) ) ;
#3434 = CARTESIAN_POINT ( 'NONE',  ( 18.05521885521885395, -13.91021324354657551, -6.049999999999999822 ) ) ;
#3435 = LINE ( 'NONE', #5501, #3665 ) ;
#3436 = EDGE_CURVE ( 'NONE', #5215, #6291, #6524, .T. ) ;
#3437 = AXIS2_PLACEMENT_3D ( 'NONE', #7394, #493, #535 ) ;
#3438 = VECTOR ( 'NONE', #3419, 1000.000000000000000 ) ;
#3439 = CARTESIAN_POINT ( 'NONE',  ( 30.00000000000000000, 0.000000000000000000, 0.000000000000000000 ) ) ;
#3440 = LINE ( 'NONE', #8225, #8652 ) ;
#3441 = CARTESIAN_POINT ( 'NONE',  ( 20.82626262626262559, -13.43232323232323289, -6.049999999999999822 ) ) ;
#3442 = ADVANCED_FACE ( 'NONE', ( #9645 ), #1894, .T. ) ;
#3443 = ORIENTED_EDGE ( 'NONE', *, *, #1344, .T. ) ;
#3444 = VECTOR ( 'NONE', #5510, 1000.000000000000227 ) ;
#3445 = ORIENTED_EDGE ( 'NONE', *, *, #1862, .T. ) ;
#3446 = VECTOR ( 'NONE', #9346, 1000.000000000000000 ) ;
#3447 = DIRECTION ( 'NONE',  ( 0.3689428165893867684, -0.9294520956386563837, 0.000000000000000000 ) ) ;
#3448 = LINE ( 'NONE', #4968, #4558 ) ;
#3449 = CARTESIAN_POINT ( 'NONE',  ( 11.96969696969696884, -12.55151515151515085, -6.349999999999999645 ) ) ;
#3450 = DIRECTION ( 'NONE',  ( 0.8916146918486598238, -0.4527949218792315933, -0.000000000000000000 ) ) ;
#3451 = EDGE_CURVE ( 'NONE', #3565, #8616, #8847, .T. ) ;
#3452 = CARTESIAN_POINT ( 'NONE',  ( 7.222222222222222321, -18.34747474747474882, -6.049999999999999822 ) ) ;
#3453 = DIRECTION ( 'NONE',  ( 0.000000000000000000, 0.000000000000000000, -1.000000000000000000 ) ) ;
#3454 = AXIS2_PLACEMENT_3D ( 'NONE', #5756, #2683, #4344 ) ;
#3455 = CARTESIAN_POINT ( 'NONE',  ( 9.211447811447809997, -12.53176206509539803, -6.049999999999999822 ) ) ;
#3456 = VECTOR ( 'NONE', #2837, 1000.000000000000227 ) ;
#3457 = PLANE ( 'NONE',  #1424 ) ;
#3458 = EDGE_CURVE ( 'NONE', #1119, #6098, #5916, .T. ) ;
#3459 = ORIENTED_EDGE ( 'NONE', *, *, #4444, .F. ) ;
#3460 = VERTEX_POINT ( 'NONE', #4208 ) ;
#3461 = CARTESIAN_POINT ( 'NONE',  ( 14.34006734006733907, -16.80516273849607245, -6.349999999999999645 ) ) ;
#3462 = VECTOR ( 'NONE', #3594, 1000.000000000000000 ) ;
#3463 = DIRECTION ( 'NONE',  ( 1.000000000000000000, 0.000000000000000000, 0.000000000000000000 ) ) ;
#3465 = AXIS2_PLACEMENT_3D ( 'NONE', #6938, #844, #3868 ) ;
#3464 = CARTESIAN_POINT ( 'NONE',  ( 20.82626262626262559, -13.98181818181818237, -6.049999999999999822 ) ) ;
#3466 = DIRECTION ( 'NONE',  ( 1.000000000000000000, 0.000000000000000000, 0.000000000000000000 ) ) ;
#3467 = DIRECTION ( 'NONE',  ( -0.8834181286515833120, -0.4685855417847786253, 0.000000000000000000 ) ) ;
#3468 = VECTOR ( 'NONE', #3027, 1000.000000000000114 ) ;
#3469 = DIRECTION ( 'NONE',  ( 0.8176331017415437996, 0.5757396207805245414, 0.000000000000000000 ) ) ;
#3470 = ORIENTED_EDGE ( 'NONE', *, *, #5798, .F. ) ;
#3471 = DIRECTION ( 'NONE',  ( 0.2482187790225852397, 0.9687039990319731286, 0.000000000000000000 ) ) ;
#3472 = ORIENTED_EDGE ( 'NONE', *, *, #2767, .F. ) ;
#3473 = ORIENTED_EDGE ( 'NONE', *, *, #7409, .T. ) ;
#3474 = VERTEX_POINT ( 'NONE', #2644 ) ;
#3475 = LINE ( 'NONE', #6552, #7526 ) ;
#3476 = VECTOR ( 'NONE', #1136, 1000.000000000000000 ) ;
#3477 = DIRECTION ( 'NONE',  ( -0.7119838275446149778, 0.7021958625019945055, 0.000000000000000000 ) ) ;
#3478 = CARTESIAN_POINT ( 'NONE',  ( 15.31515151515151452, -12.02626262626262665, -6.349999999999999645 ) ) ;
#3479 = VECTOR ( 'NONE', #3193, 1000.000000000000000 ) ;
#3480 = ORIENTED_EDGE ( 'NONE', *, *, #2900, .F. ) ;
#3481 = ORIENTED_EDGE ( 'NONE', *, *, #6322, .T. ) ;
#3482 = ORIENTED_EDGE ( 'NONE', *, *, #3688, .T. ) ;
#3483 = ORIENTED_EDGE ( 'NONE', *, *, #607, .T. ) ;
#3484 = ORIENTED_EDGE ( 'NONE', *, *, #6578, .F. ) ;
#3485 = CARTESIAN_POINT ( 'NONE',  ( 0.000000000000000000, 0.000000000000000000, -4.349999999999999645 ) ) ;
#3486 = LINE ( 'NONE', #1935, #6989 ) ;
#3487 = DIRECTION ( 'NONE',  ( 0.9739559108565347678, -0.2267374775100444995, 0.000000000000000000 ) ) ;
#3488 = VECTOR ( 'NONE', #6738, 1000.000000000000227 ) ;
#3489 = DIRECTION ( 'NONE',  ( 0.1094305806210155996, 0.9939944406408656175, 0.000000000000000000 ) ) ;
#3490 = EDGE_CURVE ( 'NONE', #9652, #3160, #2742, .T. ) ;
#3491 = CARTESIAN_POINT ( 'NONE',  ( 12.22020202020201829, -18.67497194163860996, -6.349999999999999645 ) ) ;
#3492 = ORIENTED_EDGE ( 'NONE', *, *, #7203, .T. ) ;
#3493 = EDGE_CURVE ( 'NONE', #8586, #2681, #8995, .T. ) ;
#3494 = VECTOR ( 'NONE', #3852, 1000.000000000000114 ) ;
#3495 = VERTEX_POINT ( 'NONE', #4399 ) ;
#3496 = LINE ( 'NONE', #1131, #1363 ) ;
#3497 = VERTEX_POINT ( 'NONE', #5017 ) ;
#3498 = CARTESIAN_POINT ( 'NONE',  ( 9.450505050505050519, -15.34545454545454568, -6.049999999999999822 ) ) ;
#3499 = CARTESIAN_POINT ( 'NONE',  ( 8.617957351290684187, -18.28170594837261476, -6.349999999999999645 ) ) ;
#3500 = AXIS2_PLACEMENT_3D ( 'NONE', #8179, #1271, #7419 ) ;
#3501 = DIRECTION ( 'NONE',  ( 0.000000000000000000, 0.000000000000000000, -1.000000000000000000 ) ) ;
#3502 = EDGE_CURVE ( 'NONE', #7472, #4473, #8087, .T. ) ;
#3503 = LINE ( 'NONE', #6577, #8468 ) ;
#3504 = CARTESIAN_POINT ( 'NONE',  ( 16.44646464646464779, -13.94141414141414259, -6.349999999999999645 ) ) ;
#3505 = LINE ( 'NONE', #2794, #6080 ) ;
#3506 = AXIS2_PLACEMENT_3D ( 'NONE', #3537, #6610, #9730 ) ;
#3507 = VECTOR ( 'NONE', #8080, 1000.000000000000114 ) ;
#3508 = ADVANCED_FACE ( 'NONE', ( #1231 ), #5817, .T. ) ;
#3509 = ADVANCED_FACE ( 'NONE', ( #4306, #2890 ), #4657, .F. ) ;
#3510 = VERTEX_POINT ( 'NONE', #6765 ) ;
#3511 = ORIENTED_EDGE ( 'NONE', *, *, #6837, .T. ) ;
#3512 = PLANE ( 'NONE',  #7958 ) ;
#3513 = CARTESIAN_POINT ( 'NONE',  ( 15.43344556677889834, -12.05824915824915777, -6.349999999999999645 ) ) ;
#3514 = PLANE ( 'NONE',  #2658 ) ;
#3515 = EDGE_CURVE ( 'NONE', #6784, #1573, #6867, .T. ) ;
#3516 = VECTOR ( 'NONE', #3744, 1000.000000000000000 ) ;
#3517 = CARTESIAN_POINT ( 'NONE',  ( 12.82626262626262736, -11.05656565656565604, -6.049999999999999822 ) ) ;
#3518 = FACE_OUTER_BOUND ( 'NONE', #320, .T. ) ;
#3519 = EDGE_CURVE ( 'NONE', #1459, #3037, #8428, .T. ) ;
#3520 = VERTEX_POINT ( 'NONE', #6062 ) ;
#3521 = VECTOR ( 'NONE', #215, 1000.000000000000227 ) ;
#3522 = FACE_OUTER_BOUND ( 'NONE', #1254, .T. ) ;
#3523 = VERTEX_POINT ( 'NONE', #8382 ) ;
#3524 = EDGE_LOOP ( 'NONE', ( #341, #6972, #2809, #7458 ) ) ;
#3525 = ORIENTED_EDGE ( 'NONE', *, *, #4937, .F. ) ;
#3526 = CARTESIAN_POINT ( 'NONE',  ( -4.000000000000000000, -54.00000000000000000, -6.349999999999999645 ) ) ;
#3527 = CARTESIAN_POINT ( 'NONE',  ( 10.22999999999999865, -36.59999999999999432, -6.349999999999999645 ) ) ;
#3528 = AXIS2_PLACEMENT_3D ( 'NONE', #8796, #3300, #4918 ) ;
#3529 = CARTESIAN_POINT ( 'NONE',  ( 17.39820426487093030, -17.87856341189674581, -6.049999999999999822 ) ) ;
#3530 = VERTEX_POINT ( 'NONE', #6917 ) ;
#3531 = ORIENTED_EDGE ( 'NONE', *, *, #1896, .F. ) ;
#3532 = ORIENTED_EDGE ( 'NONE', *, *, #6646, .F. ) ;
#3533 = ORIENTED_EDGE ( 'NONE', *, *, #5979, .F. ) ;
#3534 = ORIENTED_EDGE ( 'NONE', *, *, #6228, .F. ) ;
#3535 = LINE ( 'NONE', #7416, #8913 ) ;
#3536 = PLANE ( 'NONE',  #9246 ) ;
#3537 = CARTESIAN_POINT ( 'NONE',  ( 17.18989898989898890, -16.71313131313131350, -6.049999999999999822 ) ) ;
#3538 = CARTESIAN_POINT ( 'NONE',  ( 7.668686868686868330, -15.80404040404040344, -6.349999999999999645 ) ) ;
#3539 = CARTESIAN_POINT ( 'NONE',  ( 0.000000000000000000, 0.000000000000000000, 0.000000000000000000 ) ) ;
#3540 = VERTEX_POINT ( 'NONE', #778 ) ;
#3541 = ORIENTED_EDGE ( 'NONE', *, *, #2955, .T. ) ;
#3542 = DIRECTION ( 'NONE',  ( -0.000000000000000000, 1.000000000000000000, 0.000000000000000000 ) ) ;
#3543 = ORIENTED_EDGE ( 'NONE', *, *, #9803, .T. ) ;
#3544 = CARTESIAN_POINT ( 'NONE',  ( 12.82626262626262736, -15.48484848484848442, -6.049999999999999822 ) ) ;
#3545 = DIRECTION ( 'NONE',  ( 1.000000000000000000, 0.000000000000000000, 0.000000000000000000 ) ) ;
#3546 = LINE ( 'NONE', #8996, #2065 ) ;
#3547 = EDGE_CURVE ( 'NONE', #7509, #6636, #3791, .T. ) ;
#3548 = DIRECTION ( 'NONE',  ( -0.8658756103146907357, 0.5002593601944512747, 0.000000000000000000 ) ) ;
#3549 = CARTESIAN_POINT ( 'NONE',  ( 15.12929292929293013, -12.55959595959595987, -6.049999999999999822 ) ) ;
#3550 = CYLINDRICAL_SURFACE ( 'NONE', #2536, 1.100000000000000089 ) ;
#3551 = PLANE ( 'NONE',  #2231 ) ;
#3552 = ORIENTED_EDGE ( 'NONE', *, *, #5467, .T. ) ;
#3553 = VERTEX_POINT ( 'NONE', #6006 ) ;
#3554 = CARTESIAN_POINT ( 'NONE',  ( 14.46891133557800124, -15.07901234567901483, -6.049999999999999822 ) ) ;
#3555 = CARTESIAN_POINT ( 'NONE',  ( 10.86172839506172672, -16.56857463524130480, -6.049999999999999822 ) ) ;
#3556 = CARTESIAN_POINT ( 'NONE',  ( 11.88619528619528509, -16.03524130190796981, -6.049999999999999822 ) ) ;
#3557 = EDGE_CURVE ( 'NONE', #3241, #4598, #9087, .T. ) ;
#3558 = LINE ( 'NONE', #6631, #9268 ) ;
#3559 = ADVANCED_FACE ( 'NONE', ( #3737 ), #2286, .T. ) ;
#3560 = CARTESIAN_POINT ( 'NONE',  ( 9.788888888888887863, -18.47070707070707130, -6.049999999999999822 ) ) ;
#3561 = EDGE_CURVE ( 'NONE', #39, #8106, #4505, .T. ) ;
#3562 = VERTEX_POINT ( 'NONE', #1578 ) ;
#3563 = LINE ( 'NONE', #1202, #6976 ) ;
#3564 = VERTEX_POINT ( 'NONE', #7726 ) ;
#3565 = VERTEX_POINT ( 'NONE', #3692 ) ;
#3566 = CARTESIAN_POINT ( 'NONE',  ( 17.79595959595959442, -12.64848484848484844, -6.349999999999999645 ) ) ;
#3567 = ORIENTED_EDGE ( 'NONE', *, *, #7748, .F. ) ;
#3568 = DIRECTION ( 'NONE',  ( -0.4319386859891515829, 0.9019029723567636436, 0.000000000000000000 ) ) ;
#3569 = CARTESIAN_POINT ( 'NONE',  ( 11.95353535353535435, -19.00000000000000000, -6.049999999999999822 ) ) ;
#3570 = EDGE_CURVE ( 'NONE', #6123, #4473, #5353, .T. ) ;
#3571 = ADVANCED_FACE ( 'NONE', ( #2187 ), #1529, .T. ) ;
#3572 = EDGE_CURVE ( 'NONE', #3362, #3062, #3848, .T. ) ;
#3573 = LINE ( 'NONE', #6555, #3351 ) ;
#3574 = EDGE_CURVE ( 'NONE', #7486, #6557, #671, .T. ) ;
#3575 = VERTEX_POINT ( 'NONE', #3090 ) ;
#3576 = VERTEX_POINT ( 'NONE', #6157 ) ;
#3577 = ORIENTED_EDGE ( 'NONE', *, *, #2268, .T. ) ;
#3578 = ORIENTED_EDGE ( 'NONE', *, *, #4595, .T. ) ;
#3579 = ORIENTED_EDGE ( 'NONE', *, *, #1466, .T. ) ;
#3580 = DIRECTION ( 'NONE',  ( 0.000000000000000000, 0.000000000000000000, -1.000000000000000000 ) ) ;
#3581 = CARTESIAN_POINT ( 'NONE',  ( 15.55129068462401776, -12.08956228956228962, -6.349999999999999645 ) ) ;
#3582 = DIRECTION ( 'NONE',  ( 0.000000000000000000, -1.000000000000000000, -0.000000000000000000 ) ) ;
#3583 = CARTESIAN_POINT ( 'NONE',  ( 18.22334455667789044, -17.93063973063972938, -6.349999999999999645 ) ) ;
#3584 = PLANE ( 'NONE',  #5776 ) ;
#3585 = ORIENTED_EDGE ( 'NONE', *, *, #5242, .F. ) ;
#3586 = ORIENTED_EDGE ( 'NONE', *, *, #5241, .F. ) ;
#3587 = CARTESIAN_POINT ( 'NONE',  ( 18.99191919191919098, -18.59506172839506277, -6.049999999999999822 ) ) ;
#3588 = VECTOR ( 'NONE', #4003, 1000.000000000000114 ) ;
#3589 = ORIENTED_EDGE ( 'NONE', *, *, #1116, .F. ) ;
#3590 = DIRECTION ( 'NONE',  ( -0.2631174057921087939, -0.9647638212377321887, 0.000000000000000000 ) ) ;
#3591 = CARTESIAN_POINT ( 'NONE',  ( 20.82626262626262559, -12.30101010101010317, -6.349999999999999645 ) ) ;
#3592 = VECTOR ( 'NONE', #3015, 1000.000000000000000 ) ;
#3593 = LINE ( 'NONE', #6723, #6740 ) ;
#3594 = DIRECTION ( 'NONE',  ( -0.9122494656769595256, -0.4096350966068483257, 0.000000000000000000 ) ) ;
#3595 = DIRECTION ( 'NONE',  ( 0.06499312513859456519, 0.9978857117349255734, 0.000000000000000000 ) ) ;
#3596 = DIRECTION ( 'NONE',  ( 0.000000000000000000, -1.000000000000000000, 0.000000000000000000 ) ) ;
#3597 = CARTESIAN_POINT ( 'NONE',  ( 11.88619528619528509, -16.03524130190796981, -6.049999999999999822 ) ) ;
#3598 = VECTOR ( 'NONE', #1628, 1000.000000000000227 ) ;
#3599 = VECTOR ( 'NONE', #7592, 1000.000000000000114 ) ;
#3600 = EDGE_CURVE ( 'NONE', #3951, #7324, #9238, .T. ) ;
#3601 = VERTEX_POINT ( 'NONE', #5405 ) ;
#3602 = ORIENTED_EDGE ( 'NONE', *, *, #9478, .T. ) ;
#3603 = LINE ( 'NONE', #8199, #714 ) ;
#3604 = FACE_OUTER_BOUND ( 'NONE', #6731, .T. ) ;
#3605 = PLANE ( 'NONE',  #217 ) ;
#3606 = VECTOR ( 'NONE', #9531, 1000.000000000000114 ) ;
#3607 = VECTOR ( 'NONE', #31, 1000.000000000000000 ) ;
#3608 = DIRECTION ( 'NONE',  ( 0.9060212097878551640, 0.4232322854113937938, 0.000000000000000000 ) ) ;
#3609 = DIRECTION ( 'NONE',  ( 0.000000000000000000, 0.000000000000000000, -1.000000000000000000 ) ) ;
#3610 = EDGE_CURVE ( 'NONE', #1210, #7214, #8336, .T. ) ;
#3611 = VECTOR ( 'NONE', #525, 1000.000000000000114 ) ;
#3612 = AXIS2_PLACEMENT_3D ( 'NONE', #5255, #8332, #4087 ) ;
#3613 = VERTEX_POINT ( 'NONE', #1381 ) ;
#3614 = CARTESIAN_POINT ( 'NONE',  ( 29.19999999999999929, -49.20000000000000284, -4.349999999999999645 ) ) ;
#3615 = EDGE_CURVE ( 'NONE', #9640, #3935, #7573, .T. ) ;
#3616 = VERTEX_POINT ( 'NONE', #9886 ) ;
#3617 = ORIENTED_EDGE ( 'NONE', *, *, #8691, .T. ) ;
#3618 = FACE_OUTER_BOUND ( 'NONE', #7311, .T. ) ;
#3619 = VERTEX_POINT ( 'NONE', #7621 ) ;
#3620 = LINE ( 'NONE', #1357, #4174 ) ;
#3621 = LINE ( 'NONE', #6696, #1045 ) ;
#3622 = VECTOR ( 'NONE', #850, 1000.000000000000000 ) ;
#3623 = CARTESIAN_POINT ( 'NONE',  ( 11.03232323232323253, -17.23434343434343319, -6.349999999999999645 ) ) ;
#3624 = EDGE_CURVE ( 'NONE', #3266, #151, #2989, .T. ) ;
#3625 = DIRECTION ( 'NONE',  ( 0.000000000000000000, -1.000000000000000000, -0.000000000000000000 ) ) ;
#3626 = ORIENTED_EDGE ( 'NONE', *, *, #2395, .T. ) ;
#3627 = ORIENTED_EDGE ( 'NONE', *, *, #1766, .F. ) ;
#3628 = ADVANCED_FACE ( 'NONE', ( #7922 ), #3286, .T. ) ;
#3629 = VECTOR ( 'NONE', #794, 1000.000000000000227 ) ;
#3630 = ORIENTED_EDGE ( 'NONE', *, *, #4441, .F. ) ;
#3631 = VERTEX_POINT ( 'NONE', #2538 ) ;
#3632 = ORIENTED_EDGE ( 'NONE', *, *, #8734, .T. ) ;
#3633 = PLANE ( 'NONE',  #8122 ) ;
#3634 = CARTESIAN_POINT ( 'NONE',  ( 10.55555555555555536, -15.15353535353535541, -6.349999999999999645 ) ) ;
#3635 = EDGE_CURVE ( 'NONE', #765, #9529, #4089, .T. ) ;
#3636 = ADVANCED_FACE ( 'NONE', ( #7769, #8683 ), #4904, .F. ) ;
#3637 = AXIS2_PLACEMENT_3D ( 'NONE', #7676, #25, #9090 ) ;
#3638 = CARTESIAN_POINT ( 'NONE',  ( -2.000000000000000000, 2.000000000000000000, -6.349999999999999645 ) ) ;
#3639 = DIRECTION ( 'NONE',  ( -0.8147168628839478455, -0.5798589771078296318, 0.000000000000000000 ) ) ;
#3640 = ORIENTED_EDGE ( 'NONE', *, *, #2462, .F. ) ;
#3641 = VERTEX_POINT ( 'NONE', #6302 ) ;
#3642 = LINE ( 'NONE', #6717, #5386 ) ;
#3643 = ORIENTED_EDGE ( 'NONE', *, *, #1902, .F. ) ;
#3644 = AXIS2_PLACEMENT_3D ( 'NONE', #5989, #7505, #5946 ) ;
#3645 = FACE_OUTER_BOUND ( 'NONE', #30, .T. ) ;
#3646 = LINE ( 'NONE', #9596, #7142 ) ;
#3647 = DIRECTION ( 'NONE',  ( 0.000000000000000000, 0.000000000000000000, -1.000000000000000000 ) ) ;
#3648 = DIRECTION ( 'NONE',  ( 0.000000000000000000, 0.000000000000000000, -1.000000000000000000 ) ) ;
#3649 = FACE_OUTER_BOUND ( 'NONE', #8268, .T. ) ;
#3650 = FACE_OUTER_BOUND ( 'NONE', #3257, .T. ) ;
#3651 = CARTESIAN_POINT ( 'NONE',  ( 12.15286195286195259, -14.69113355780022445, -6.049999999999999822 ) ) ;
#3652 = AXIS2_PLACEMENT_3D ( 'NONE', #7092, #2663, #9513 ) ;
#3653 = DIRECTION ( 'NONE',  ( 0.3907345217100309798, -0.9205034131083020821, 0.000000000000000000 ) ) ;
#3654 = ORIENTED_EDGE ( 'NONE', *, *, #3812, .F. ) ;
#3655 = EDGE_LOOP ( 'NONE', ( #830, #40, #4100, #3578 ) ) ;
#3656 = DIRECTION ( 'NONE',  ( 0.000000000000000000, -1.000000000000000000, 0.000000000000000000 ) ) ;
#3657 = DIRECTION ( 'NONE',  ( 0.000000000000000000, 0.000000000000000000, -1.000000000000000000 ) ) ;
#3658 = DIRECTION ( 'NONE',  ( -0.000000000000000000, -0.000000000000000000, -1.000000000000000000 ) ) ;
#3659 = CARTESIAN_POINT ( 'NONE',  ( 13.88888888888888928, -13.61010101010101003, -6.049999999999999822 ) ) ;
#3660 = DIRECTION ( 'NONE',  ( 1.000000000000000000, 0.000000000000000000, 0.000000000000000000 ) ) ;
#3661 = VECTOR ( 'NONE', #662, 1000.000000000000000 ) ;
#3662 = ORIENTED_EDGE ( 'NONE', *, *, #2090, .T. ) ;
#3663 = CARTESIAN_POINT ( 'NONE',  ( 20.82626262626262559, -12.30101010101010317, -6.049999999999999822 ) ) ;
#3664 = ORIENTED_EDGE ( 'NONE', *, *, #318, .F. ) ;
#3665 = VECTOR ( 'NONE', #924, 1000.000000000000000 ) ;
#3666 = ORIENTED_EDGE ( 'NONE', *, *, #3998, .T. ) ;
#3667 = CARTESIAN_POINT ( 'NONE',  ( 18.81481481481481310, -13.16139169472502779, -6.349999999999999645 ) ) ;
#3668 = VECTOR ( 'NONE', #4213, 1000.000000000000000 ) ;
#3669 = CARTESIAN_POINT ( 'NONE',  ( 12.49494949494949303, -14.50796857463524248, -6.349999999999999645 ) ) ;
#3670 = DIRECTION ( 'NONE',  ( -1.000000000000000000, 0.000000000000000000, 0.000000000000000000 ) ) ;
#3671 = ADVANCED_FACE ( 'NONE', ( #1828 ), #6208, .T. ) ;
#3672 = FACE_OUTER_BOUND ( 'NONE', #1377, .T. ) ;
#3673 = PLANE ( 'NONE',  #7209 ) ;
#3674 = VECTOR ( 'NONE', #9536, 1000.000000000000000 ) ;
#3675 = ORIENTED_EDGE ( 'NONE', *, *, #6284, .T. ) ;
#3676 = ORIENTED_EDGE ( 'NONE', *, *, #6833, .T. ) ;
#3677 = ORIENTED_EDGE ( 'NONE', *, *, #2338, .T. ) ;
#3678 = EDGE_CURVE ( 'NONE', #9262, #8000, #272, .T. ) ;
#3679 = ORIENTED_EDGE ( 'NONE', *, *, #3704, .F. ) ;
#3680 = LINE ( 'NONE', #2321, #2004 ) ;
#3681 = VECTOR ( 'NONE', #8259, 999.9999999999998863 ) ;
#3682 = DIRECTION ( 'NONE',  ( 0.9943115450120546539, -0.1065108044084755456, 0.000000000000000000 ) ) ;
#3683 = EDGE_CURVE ( 'NONE', #2612, #7305, #1778, .T. ) ;
#3684 = CARTESIAN_POINT ( 'NONE',  ( 12.15286195286195259, -14.69113355780022445, -6.049999999999999822 ) ) ;
#3685 = LINE ( 'NONE', #5956, #9468 ) ;
#3686 = VERTEX_POINT ( 'NONE', #8532 ) ;
#3687 = EDGE_LOOP ( 'NONE', ( #3230, #8563, #4425, #3324 ) ) ;
#3688 = EDGE_CURVE ( 'NONE', #6379, #3119, #970, .T. ) ;
#3689 = DIRECTION ( 'NONE',  ( -0.000000000000000000, -0.000000000000000000, 1.000000000000000000 ) ) ;
#3690 = VERTEX_POINT ( 'NONE', #1017 ) ;
#3691 = CARTESIAN_POINT ( 'NONE',  ( 15.36992143658810406, -13.42693602693602628, -6.349999999999999645 ) ) ;
#3692 = CARTESIAN_POINT ( 'NONE',  ( 8.617957351290684187, -18.28170594837261476, -6.349999999999999645 ) ) ;
#3693 = LINE ( 'NONE', #1629, #9138 ) ;
#3694 = LINE ( 'NONE', #826, #3133 ) ;
#3695 = DIRECTION ( 'NONE',  ( -0.4576001790596597729, 0.8891580715061677687, 0.000000000000000000 ) ) ;
#3696 = EDGE_CURVE ( 'NONE', #7414, #6793, #1073, .T. ) ;
#3697 = CARTESIAN_POINT ( 'NONE',  ( 16.45656565656565462, -18.64062850729517251, -6.049999999999999822 ) ) ;
#3698 = EDGE_CURVE ( 'NONE', #8210, #1002, #4700, .T. ) ;
#3699 = EDGE_CURVE ( 'NONE', #2196, #6761, #4091, .T. ) ;
#3700 = FACE_OUTER_BOUND ( 'NONE', #1190, .T. ) ;
#3701 = ORIENTED_EDGE ( 'NONE', *, *, #7336, .T. ) ;
#3702 = ADVANCED_FACE ( 'NONE', ( #5500 ), #6260, .T. ) ;
#3703 = ORIENTED_EDGE ( 'NONE', *, *, #3458, .F. ) ;
#3704 = EDGE_CURVE ( 'NONE', #3076, #9210, #2587, .T. ) ;
#3705 = ORIENTED_EDGE ( 'NONE', *, *, #808, .F. ) ;
#3706 = LINE ( 'NONE', #2946, #9719 ) ;
#3707 = DIRECTION ( 'NONE',  ( 0.3276186906316784775, 0.9448100304022943874, -0.000000000000000000 ) ) ;
#3708 = CARTESIAN_POINT ( 'NONE',  ( 0.000000000000000000, -50.00000000000000000, 0.000000000000000000 ) ) ;
#3709 = DIRECTION ( 'NONE',  ( 0.7428040927239314417, -0.6695088347681283913, 0.000000000000000000 ) ) ;
#3710 = LINE ( 'NONE', #449, #912 ) ;
#3711 = EDGE_LOOP ( 'NONE', ( #5650, #1067, #6050, #8 ) ) ;
#3712 = CARTESIAN_POINT ( 'NONE',  ( 14.34006734006733907, -16.80516273849607245, -6.049999999999999822 ) ) ;
#3713 = ORIENTED_EDGE ( 'NONE', *, *, #7927, .F. ) ;
#3714 = ORIENTED_EDGE ( 'NONE', *, *, #3974, .F. ) ;
#3715 = CARTESIAN_POINT ( 'NONE',  ( 20.82626262626262559, -11.01616161616161627, -6.049999999999999822 ) ) ;
#3716 = FACE_OUTER_BOUND ( 'NONE', #1931, .T. ) ;
#3717 = CARTESIAN_POINT ( 'NONE',  ( 12.46599326599326574, -17.65207631874298499, -6.349999999999999645 ) ) ;
#3718 = LINE ( 'NONE', #8079, #5737 ) ;
#3719 = CARTESIAN_POINT ( 'NONE',  ( 7.315151515151515405, -11.16161616161616266, -6.049999999999999822 ) ) ;
#3720 = VERTEX_POINT ( 'NONE', #4753 ) ;
#3721 = PLANE ( 'NONE',  #4920 ) ;
#3722 = VERTEX_POINT ( 'NONE', #7825 ) ;
#3723 = EDGE_LOOP ( 'NONE', ( #5639, #6797, #2110, #6614 ) ) ;
#3724 = AXIS2_PLACEMENT_3D ( 'NONE', #7176, #1985, #4207 ) ;
#3725 = ORIENTED_EDGE ( 'NONE', *, *, #245, .T. ) ;
#3726 = CARTESIAN_POINT ( 'NONE',  ( 13.87676767676767753, -12.55151515151515085, -6.349999999999999645 ) ) ;
#3727 = DIRECTION ( 'NONE',  ( 0.4836861116901203794, -0.8752415354392708569, 0.000000000000000000 ) ) ;
#3728 = CARTESIAN_POINT ( 'NONE',  ( 9.788888888888887863, -18.47070707070707130, -6.049999999999999822 ) ) ;
#3729 = PLANE ( 'NONE',  #2716 ) ;
#3730 = ORIENTED_EDGE ( 'NONE', *, *, #1666, .F. ) ;
#3731 = ADVANCED_FACE ( 'NONE', ( #3234 ), #7875, .F. ) ;
#3732 = ORIENTED_EDGE ( 'NONE', *, *, #3698, .T. ) ;
#3733 = CARTESIAN_POINT ( 'NONE',  ( 17.74837261503928332, -12.86397306397306295, -6.049999999999999822 ) ) ;
#3734 = EDGE_CURVE ( 'NONE', #5254, #9055, #9382, .T. ) ;
#3735 = ORIENTED_EDGE ( 'NONE', *, *, #6803, .T. ) ;
#3736 = LINE ( 'NONE', #9790, #5365 ) ;
#3737 = FACE_OUTER_BOUND ( 'NONE', #9149, .T. ) ;
#3738 = DIRECTION ( 'NONE',  ( 0.6943515034221268145, -0.7196360119500913033, 0.000000000000000000 ) ) ;
#3739 = AXIS2_PLACEMENT_3D ( 'NONE', #6936, #187, #3256 ) ;
#3740 = CARTESIAN_POINT ( 'NONE',  ( 18.73647586980920465, -17.92255892255892391, -6.349999999999999645 ) ) ;
#3741 = CARTESIAN_POINT ( 'NONE',  ( 13.87676767676767753, -15.84444444444444500, -6.049999999999999822 ) ) ;
#3742 = DIRECTION ( 'NONE',  ( -0.8827157866096599914, -0.4699072675221029893, 0.000000000000000000 ) ) ;
#3743 = EDGE_CURVE ( 'NONE', #7660, #1600, #1729, .T. ) ;
#3744 = DIRECTION ( 'NONE',  ( 0.000000000000000000, -1.000000000000000000, 0.000000000000000000 ) ) ;
#3745 = EDGE_LOOP ( 'NONE', ( #6175, #8365, #9935, #597 ) ) ;
#3746 = VERTEX_POINT ( 'NONE', #5808 ) ;
#3747 = VECTOR ( 'NONE', #9433, 1000.000000000000114 ) ;
#3748 = EDGE_LOOP ( 'NONE', ( #5185, #8692, #5957, #6957 ) ) ;
#3749 = FACE_OUTER_BOUND ( 'NONE', #7051, .T. ) ;
#3750 = ADVANCED_FACE ( 'NONE', ( #469 ), #6656, .T. ) ;
#3751 = LINE ( 'NONE', #534, #5203 ) ;
#3752 = LINE ( 'NONE', #4564, #6015 ) ;
#3753 = FACE_OUTER_BOUND ( 'NONE', #1903, .T. ) ;
#3754 = VECTOR ( 'NONE', #4777, 999.9999999999998863 ) ;
#3755 = EDGE_CURVE ( 'NONE', #4083, #3923, #5007, .T. ) ;
#3756 = LINE ( 'NONE', #5274, #2525 ) ;
#3757 = ADVANCED_FACE ( 'NONE', ( #325 ), #3536, .T. ) ;
#3758 = VECTOR ( 'NONE', #1147, 1000.000000000000000 ) ;
#3759 = EDGE_LOOP ( 'NONE', ( #3181, #2479, #2671, #3789 ) ) ;
#3760 = CARTESIAN_POINT ( 'NONE',  ( 11.96969696969696884, -12.55151515151515085, -6.049999999999999822 ) ) ;
#3761 = CIRCLE ( 'NONE', #1674, 1.100000000000000089 ) ;
#3762 = ORIENTED_EDGE ( 'NONE', *, *, #3370, .T. ) ;
#3763 = ORIENTED_EDGE ( 'NONE', *, *, #8256, .F. ) ;
#3765 = VECTOR ( 'NONE', #5931, 1000.000000000000000 ) ;
#3764 = DIRECTION ( 'NONE',  ( 1.000000000000000000, 0.000000000000000000, 0.000000000000000000 ) ) ;
#3766 = CARTESIAN_POINT ( 'NONE',  ( 16.72727272727272663, -11.45353535353535435, -6.049999999999999822 ) ) ;
#3767 = DIRECTION ( 'NONE',  ( 0.8176331017415437996, 0.5757396207805245414, 0.000000000000000000 ) ) ;
#3768 = CARTESIAN_POINT ( 'NONE',  ( 17.51032547699214348, -17.91964085297418663, -6.049999999999999822 ) ) ;
#3769 = DIRECTION ( 'NONE',  ( 0.000000000000000000, 0.000000000000000000, -1.000000000000000000 ) ) ;
#3770 = DIRECTION ( 'NONE',  ( -0.000000000000000000, -1.000000000000000000, -0.000000000000000000 ) ) ;
#3771 = VECTOR ( 'NONE', #4293, 1000.000000000000114 ) ;
#3772 = FACE_OUTER_BOUND ( 'NONE', #4142, .T. ) ;
#3773 = VECTOR ( 'NONE', #2813, 1000.000000000000000 ) ;
#3774 = ORIENTED_EDGE ( 'NONE', *, *, #5041, .F. ) ;
#3775 = LINE ( 'NONE', #1562, #893 ) ;
#3776 = ORIENTED_EDGE ( 'NONE', *, *, #7138, .T. ) ;
#3777 = ORIENTED_EDGE ( 'NONE', *, *, #9599, .T. ) ;
#3778 = ORIENTED_EDGE ( 'NONE', *, *, #6822, .T. ) ;
#3779 = VECTOR ( 'NONE', #7651, 999.9999999999998863 ) ;
#3780 = DIRECTION ( 'NONE',  ( -0.1261808605434604769, 0.9920072532156767320, 0.000000000000000000 ) ) ;
#3781 = DIRECTION ( 'NONE',  ( -0.9500222337611933243, -0.3121822470279062012, 0.000000000000000000 ) ) ;
#3782 = PLANE ( 'NONE',  #4959 ) ;
#3783 = CARTESIAN_POINT ( 'NONE',  ( 18.05521885521885395, -13.91021324354657551, -6.049999999999999822 ) ) ;
#3784 = VECTOR ( 'NONE', #1679, 1000.000000000000114 ) ;
#3785 = ORIENTED_EDGE ( 'NONE', *, *, #1616, .F. ) ;
#3786 = ORIENTED_EDGE ( 'NONE', *, *, #8802, .T. ) ;
#3787 = VERTEX_POINT ( 'NONE', #1124 ) ;
#3788 = DIRECTION ( 'NONE',  ( -0.7671633883327303449, 0.6414517406647552988, 0.000000000000000000 ) ) ;
#3789 = ORIENTED_EDGE ( 'NONE', *, *, #1970, .T. ) ;
#3790 = CARTESIAN_POINT ( 'NONE',  ( 11.96969696969696884, -13.61010101010101003, -6.049999999999999822 ) ) ;
#3791 = LINE ( 'NONE', #5207, #4406 ) ;
#3792 = CARTESIAN_POINT ( 'NONE',  ( 11.27115600448933641, -17.86150392817059540, -6.049999999999999822 ) ) ;
#3793 = LINE ( 'NONE', #6869, #2656 ) ;
#3794 = AXIS2_PLACEMENT_3D ( 'NONE', #5513, #8593, #5570 ) ;
#3795 = PLANE ( 'NONE',  #9916 ) ;
#3796 = EDGE_CURVE ( 'NONE', #509, #2480, #2777, .T. ) ;
#3797 = DIRECTION ( 'NONE',  ( -0.8598217017376734717, -0.5105943999114475051, 0.000000000000000000 ) ) ;
#3798 = PLANE ( 'NONE',  #470 ) ;
#3799 = ADVANCED_FACE ( 'NONE', ( #8075 ), #5101, .T. ) ;
#3800 = ORIENTED_EDGE ( 'NONE', *, *, #7308, .F. ) ;
#3801 = VECTOR ( 'NONE', #4433, 1000.000000000000000 ) ;
#3802 = ORIENTED_EDGE ( 'NONE', *, *, #4288, .T. ) ;
#3803 = ORIENTED_EDGE ( 'NONE', *, *, #9156, .F. ) ;
#3804 = LINE ( 'NONE', #8295, #3128 ) ;
#3805 = CARTESIAN_POINT ( 'NONE',  ( 9.668686868686869218, -14.75824915824915884, -6.349999999999999645 ) ) ;
#3806 = EDGE_CURVE ( 'NONE', #6343, #9355, #7364, .T. ) ;
#3807 = CARTESIAN_POINT ( 'NONE',  ( 14.83030303030303010, -13.61010101010101003, -6.049999999999999822 ) ) ;
#3808 = CARTESIAN_POINT ( 'NONE',  ( 8.617957351290684187, -18.28170594837261476, -6.049999999999999822 ) ) ;
#3809 = VECTOR ( 'NONE', #4111, 1000.000000000000000 ) ;
#3810 = CARTESIAN_POINT ( 'NONE',  ( 11.12951739618406322, -18.11649831649831555, -6.349999999999999645 ) ) ;
#3811 = EDGE_CURVE ( 'NONE', #3037, #9495, #6458, .T. ) ;
#3812 = EDGE_CURVE ( 'NONE', #4963, #906, #2733, .T. ) ;
#3813 = EDGE_CURVE ( 'NONE', #9206, #7269, #5148, .T. ) ;
#3814 = ORIENTED_EDGE ( 'NONE', *, *, #6101, .T. ) ;
#3815 = EDGE_LOOP ( 'NONE', ( #4287, #9110, #2510, #8478 ) ) ;
#3816 = DIRECTION ( 'NONE',  ( -1.000000000000000000, 0.000000000000000000, 0.000000000000000000 ) ) ;
#3817 = AXIS2_PLACEMENT_3D ( 'NONE', #2846, #2745, #8289 ) ;
#3818 = VERTEX_POINT ( 'NONE', #8836 ) ;
#3819 = ORIENTED_EDGE ( 'NONE', *, *, #8008, .T. ) ;
#3820 = EDGE_CURVE ( 'NONE', #7486, #5753, #8929, .T. ) ;
#3821 = DIRECTION ( 'NONE',  ( 0.8396308707271619154, 0.5431574365890130540, -0.000000000000000000 ) ) ;
#3822 = DIRECTION ( 'NONE',  ( 0.9250582591848306446, -0.3798252454931487776, 0.000000000000000000 ) ) ;
#3823 = VECTOR ( 'NONE', #8621, 1000.000000000000000 ) ;
#3824 = DIRECTION ( 'NONE',  ( 0.000000000000000000, 0.000000000000000000, -1.000000000000000000 ) ) ;
#3825 = CARTESIAN_POINT ( 'NONE',  ( 12.21750841750841765, -17.16924803591470194, -6.049999999999999822 ) ) ;
#3826 = EDGE_CURVE ( 'NONE', #1713, #563, #2629, .T. ) ;
#3827 = CARTESIAN_POINT ( 'NONE',  ( 12.30909090909090864, -15.80808080808080973, -6.049999999999999822 ) ) ;
#3828 = EDGE_CURVE ( 'NONE', #5940, #7371, #3486, .T. ) ;
#3829 = ADVANCED_FACE ( 'NONE', ( #8980 ), #1268, .T. ) ;
#3830 = VECTOR ( 'NONE', #6909, 1000.000000000000000 ) ;
#3831 = ORIENTED_EDGE ( 'NONE', *, *, #5170, .F. ) ;
#3832 = VECTOR ( 'NONE', #290, 1000.000000000000227 ) ;
#3833 = DIRECTION ( 'NONE',  ( 0.2805669918128242402, 0.9598344456754521747, 0.000000000000000000 ) ) ;
#3834 = VERTEX_POINT ( 'NONE', #1883 ) ;
#3835 = ORIENTED_EDGE ( 'NONE', *, *, #4374, .T. ) ;
#3836 = EDGE_CURVE ( 'NONE', #1932, #933, #6562, .T. ) ;
#3837 = ORIENTED_EDGE ( 'NONE', *, *, #6844, .F. ) ;
#3838 = DIRECTION ( 'NONE',  ( 0.2250882174031789973, -0.9743383880286454746, 0.000000000000000000 ) ) ;
#3839 = PLANE ( 'NONE',  #1749 ) ;
#3840 = VECTOR ( 'NONE', #7983, 1000.000000000000000 ) ;
#3841 = CARTESIAN_POINT ( 'NONE',  ( 14.75757575757575779, -16.53131313131313007, -6.049999999999999822 ) ) ;
#3842 = LINE ( 'NONE', #663, #8512 ) ;
#3843 = ORIENTED_EDGE ( 'NONE', *, *, #4247, .T. ) ;
#3844 = ORIENTED_EDGE ( 'NONE', *, *, #1298, .F. ) ;
#3845 = DIRECTION ( 'NONE',  ( -0.6997446288586928187, -0.7143930671439989721, 0.000000000000000000 ) ) ;
#3846 = ORIENTED_EDGE ( 'NONE', *, *, #2400, .F. ) ;
#3847 = DIRECTION ( 'NONE',  ( -0.4921065432504918014, 0.8705349792455510105, 0.000000000000000000 ) ) ;
#3848 = LINE ( 'NONE', #4547, #871 ) ;
#3849 = DIRECTION ( 'NONE',  ( 0.9812166330323193186, -0.1929090953291699440, 0.000000000000000000 ) ) ;
#3850 = DIRECTION ( 'NONE',  ( -0.9448100304022944984, 0.3276186906316785330, 0.000000000000000000 ) ) ;
#3851 = LINE ( 'NONE', #1532, #97 ) ;
#3852 = DIRECTION ( 'NONE',  ( 0.5222682836240779558, -0.8527812380208418253, 0.000000000000000000 ) ) ;
#3853 = DIRECTION ( 'NONE',  ( 0.4096350966068483257, -0.9122494656769595256, 0.000000000000000000 ) ) ;
#3854 = ORIENTED_EDGE ( 'NONE', *, *, #5279, .T. ) ;
#3855 = VERTEX_POINT ( 'NONE', #1218 ) ;
#3856 = ORIENTED_EDGE ( 'NONE', *, *, #8249, .T. ) ;
#3857 = DIRECTION ( 'NONE',  ( -0.9372726876193548939, 0.3485970582818954111, 0.000000000000000000 ) ) ;
#3858 = CARTESIAN_POINT ( 'NONE',  ( 14.90303030303030418, -15.85656565656565498, -6.349999999999999645 ) ) ;
#3859 = CARTESIAN_POINT ( 'NONE',  ( 12.64489337822671189, -15.59259259259259345, -6.049999999999999822 ) ) ;
#3860 = CARTESIAN_POINT ( 'NONE',  ( 20.82626262626262559, -12.30101010101010317, -6.049999999999999822 ) ) ;
#3861 = LINE ( 'NONE', #4713, #7508 ) ;
#3862 = VERTEX_POINT ( 'NONE', #2081 ) ;
#3863 = ORIENTED_EDGE ( 'NONE', *, *, #6337, .F. ) ;
#3864 = CARTESIAN_POINT ( 'NONE',  ( 12.76969696969696955, -18.07878787878787818, -6.349999999999999645 ) ) ;
#3865 = EDGE_CURVE ( 'NONE', #478, #3746, #8223, .T. ) ;
#3866 = PLANE ( 'NONE',  #3739 ) ;
#3867 = VERTEX_POINT ( 'NONE', #4241 ) ;
#3868 = DIRECTION ( 'NONE',  ( -1.000000000000000000, 0.000000000000000000, -0.000000000000000000 ) ) ;
#3869 = EDGE_CURVE ( 'NONE', #7647, #9526, #8032, .T. ) ;
#3870 = LINE ( 'NONE', #6939, #4113 ) ;
#3871 = CARTESIAN_POINT ( 'NONE',  ( 17.68888888888888999, -12.93939393939393945, -6.049999999999999822 ) ) ;
#3872 = DIRECTION ( 'NONE',  ( -0.3092035758856519490, 0.9509958720517802666, 0.000000000000000000 ) ) ;
#3873 = EDGE_CURVE ( 'NONE', #658, #906, #9583, .T. ) ;
#3874 = ORIENTED_EDGE ( 'NONE', *, *, #2275, .T. ) ;
#3875 = DIRECTION ( 'NONE',  ( 0.6492174785962883110, 0.7606028303162418736, 0.000000000000000000 ) ) ;
#3876 = VERTEX_POINT ( 'NONE', #2274 ) ;
#3877 = ORIENTED_EDGE ( 'NONE', *, *, #5854, .T. ) ;
#3878 = ORIENTED_EDGE ( 'NONE', *, *, #6448, .T. ) ;
#3879 = EDGE_CURVE ( 'NONE', #4545, #6452, #2227, .T. ) ;
#3880 = DIRECTION ( 'NONE',  ( -0.8510568142285696025, -0.5250736128916762002, 0.000000000000000000 ) ) ;
#3881 = EDGE_CURVE ( 'NONE', #2573, #1203, #613, .T. ) ;
#3882 = DIRECTION ( 'NONE',  ( 0.000000000000000000, 0.000000000000000000, -1.000000000000000000 ) ) ;
#3883 = CARTESIAN_POINT ( 'NONE',  ( 11.02514029180695765, -18.28080808080807884, -6.049999999999999822 ) ) ;
#3884 = EDGE_CURVE ( 'NONE', #2269, #1312, #2877, .T. ) ;
#3885 = DIRECTION ( 'NONE',  ( 0.000000000000000000, 0.000000000000000000, -1.000000000000000000 ) ) ;
#3886 = ORIENTED_EDGE ( 'NONE', *, *, #2596, .F. ) ;
#3887 = ORIENTED_EDGE ( 'NONE', *, *, #3873, .T. ) ;
#3888 = CARTESIAN_POINT ( 'NONE',  ( 15.77216610549943709, -12.31537598204264938, -6.049999999999999822 ) ) ;
#3889 = VERTEX_POINT ( 'NONE', #6799 ) ;
#3890 = LINE ( 'NONE', #6156, #9065 ) ;
#3891 = DIRECTION ( 'NONE',  ( 0.000000000000000000, 0.000000000000000000, -1.000000000000000000 ) ) ;
#3892 = PLANE ( 'NONE',  #5926 ) ;
#3893 = CARTESIAN_POINT ( 'NONE',  ( 12.46599326599326574, -17.65207631874298499, -6.049999999999999822 ) ) ;
#3894 = CARTESIAN_POINT ( 'NONE',  ( 12.46599326599326574, -17.65207631874298499, -6.349999999999999645 ) ) ;
#3895 = CARTESIAN_POINT ( 'NONE',  ( 14.70909090909090899, -16.77239057239057374, -6.049999999999999822 ) ) ;
#3896 = CARTESIAN_POINT ( 'NONE',  ( 17.64646464646464707, -17.93333333333333357, -6.049999999999999822 ) ) ;
#3897 = ORIENTED_EDGE ( 'NONE', *, *, #9160, .F. ) ;
#3898 = EDGE_LOOP ( 'NONE', ( #6421, #5297, #5095, #1315 ) ) ;
#3899 = ORIENTED_EDGE ( 'NONE', *, *, #427, .F. ) ;
#3900 = CARTESIAN_POINT ( 'NONE',  ( 16.38630751964085164, -11.34523007856341081, -6.049999999999999822 ) ) ;
#3901 = LINE ( 'NONE', #82, #9859 ) ;
#3902 = CARTESIAN_POINT ( 'NONE',  ( 12.38967452300785510, -15.75420875420875255, -6.049999999999999822 ) ) ;
#3903 = DIRECTION ( 'NONE',  ( -0.8244574813391325474, 0.5659239007710612501, 0.000000000000000000 ) ) ;
#3904 = CARTESIAN_POINT ( 'NONE',  ( 9.536475869809201811, -18.27542087542087401, -6.049999999999999822 ) ) ;
#3905 = VECTOR ( 'NONE', #7342, 1000.000000000000000 ) ;
#3906 = VECTOR ( 'NONE', #4603, 1000.000000000000000 ) ;
#3907 = ORIENTED_EDGE ( 'NONE', *, *, #7563, .F. ) ;
#3908 = VERTEX_POINT ( 'NONE', #1514 ) ;
#3909 = CARTESIAN_POINT ( 'NONE',  ( -2.000000000000000000, 2.000000000000000000, -4.349999999999999645 ) ) ;
#3910 = LINE ( 'NONE', #6990, #7933 ) ;
#3911 = ORIENTED_EDGE ( 'NONE', *, *, #8256, .T. ) ;
#3912 = FACE_OUTER_BOUND ( 'NONE', #9713, .T. ) ;
#3913 = VECTOR ( 'NONE', #6629, 1000.000000000000000 ) ;
#3914 = VECTOR ( 'NONE', #5325, 1000.000000000000227 ) ;
#3915 = DIRECTION ( 'NONE',  ( 1.000000000000000000, 0.000000000000000000, 0.000000000000000000 ) ) ;
#3916 = CARTESIAN_POINT ( 'NONE',  ( 18.38479236812570150, -18.89646464646464707, -6.049999999999999822 ) ) ;
#3917 = EDGE_CURVE ( 'NONE', #6999, #2078, #4387, .T. ) ;
#3918 = ADVANCED_FACE ( 'NONE', ( #4492 ), #5995, .T. ) ;
#3919 = VECTOR ( 'NONE', #1327, 1000.000000000000227 ) ;
#3920 = VECTOR ( 'NONE', #4825, 1000.000000000000000 ) ;
#3921 = ORIENTED_EDGE ( 'NONE', *, *, #564, .F. ) ;
#3922 = CARTESIAN_POINT ( 'NONE',  ( 19.18585858585858617, -17.90909090909091006, -6.049999999999999822 ) ) ;
#3923 = VERTEX_POINT ( 'NONE', #1464 ) ;
#3924 = ORIENTED_EDGE ( 'NONE', *, *, #9890, .F. ) ;
#3925 = ORIENTED_EDGE ( 'NONE', *, *, #568, .T. ) ;
#3926 = CARTESIAN_POINT ( 'NONE',  ( 7.193939393939395188, -14.44242424242424150, -6.049999999999999822 ) ) ;
#3927 = ADVANCED_FACE ( 'NONE', ( #3031 ), #3633, .T. ) ;
#3928 = DIRECTION ( 'NONE',  ( 0.5088036786927551125, 0.8608825800007335882, 0.000000000000000000 ) ) ;
#3929 = AXIS2_PLACEMENT_3D ( 'NONE', #7354, #8716, #5644 ) ;
#3930 = AXIS2_PLACEMENT_3D ( 'NONE', #7012, #4845, #113 ) ;
#3931 = DIRECTION ( 'NONE',  ( -0.5557685242228963540, 0.8313370841500480335, 0.000000000000000000 ) ) ;
#3932 = DIRECTION ( 'NONE',  ( 0.4819187497721569846, -0.8762159086766464489, 0.000000000000000000 ) ) ;
#3933 = ADVANCED_FACE ( 'NONE', ( #7608 ), #2124, .T. ) ;
#3934 = EDGE_CURVE ( 'NONE', #5585, #2903, #8414, .T. ) ;
#3935 = VERTEX_POINT ( 'NONE', #10 ) ;
#3936 = AXIS2_PLACEMENT_3D ( 'NONE', #2392, #6160, #4659 ) ;
#3937 = ORIENTED_EDGE ( 'NONE', *, *, #9775, .F. ) ;
#3938 = VECTOR ( 'NONE', #6023, 1000.000000000000114 ) ;
#3939 = CARTESIAN_POINT ( 'NONE',  ( 20.82626262626262559, -12.60808080808080867, -6.349999999999999645 ) ) ;
#3940 = ORIENTED_EDGE ( 'NONE', *, *, #793, .F. ) ;
#3941 = DIRECTION ( 'NONE',  ( 0.09987687426650901368, 0.9949998040134238053, -0.000000000000000000 ) ) ;
#3942 = CARTESIAN_POINT ( 'NONE',  ( 7.193939393939395188, -14.44242424242424150, -6.049999999999999822 ) ) ;
#3943 = EDGE_CURVE ( 'NONE', #4963, #3970, #659, .T. ) ;
#3944 = DIRECTION ( 'NONE',  ( 0.000000000000000000, 0.000000000000000000, -1.000000000000000000 ) ) ;
#3945 = LINE ( 'NONE', #5502, #9578 ) ;
#3946 = CARTESIAN_POINT ( 'NONE',  ( 12.46599326599326574, -17.65207631874298499, -6.049999999999999822 ) ) ;
#3947 = VECTOR ( 'NONE', #3315, 1000.000000000000114 ) ;
#3948 = PLANE ( 'NONE',  #7196 ) ;
#3949 = CARTESIAN_POINT ( 'NONE',  ( 18.34006734006733907, -13.81661054994388316, -6.049999999999999822 ) ) ;
#3950 = VERTEX_POINT ( 'NONE', #9777 ) ;
#3951 = VERTEX_POINT ( 'NONE', #5195 ) ;
#3952 = CARTESIAN_POINT ( 'NONE',  ( 17.31010101010101110, -17.81010101010101110, -6.349999999999999645 ) ) ;
#3953 = AXIS2_PLACEMENT_3D ( 'NONE', #6171, #7640, #1595 ) ;
#3954 = CARTESIAN_POINT ( 'NONE',  ( 16.11515151515151700, -12.23232323232323182, -6.349999999999999645 ) ) ;
#3955 = LINE ( 'NONE', #177, #4574 ) ;
#3956 = DIRECTION ( 'NONE',  ( 0.000000000000000000, 0.000000000000000000, -1.000000000000000000 ) ) ;
#3957 = FACE_OUTER_BOUND ( 'NONE', #3655, .T. ) ;
#3958 = DIRECTION ( 'NONE',  ( 0.000000000000000000, 0.000000000000000000, -1.000000000000000000 ) ) ;
#3959 = AXIS2_PLACEMENT_3D ( 'NONE', #9490, #2440, #7879 ) ;
#3960 = ORIENTED_EDGE ( 'NONE', *, *, #967, .F. ) ;
#3961 = ORIENTED_EDGE ( 'NONE', *, *, #7877, .F. ) ;
#3962 = CARTESIAN_POINT ( 'NONE',  ( 7.648484848484848442, -17.46464646464646364, -6.049999999999999822 ) ) ;
#3963 = CARTESIAN_POINT ( 'NONE',  ( 17.53585858585858404, -18.88434343434343532, -6.349999999999999645 ) ) ;
#3964 = ORIENTED_EDGE ( 'NONE', *, *, #4944, .T. ) ;
#3965 = DIRECTION ( 'NONE',  ( -0.5051537817502647076, 0.8630293487381561768, 0.000000000000000000 ) ) ;
#3966 = VECTOR ( 'NONE', #6230, 1000.000000000000114 ) ;
#3967 = FACE_OUTER_BOUND ( 'NONE', #5124, .T. ) ;
#3968 = DIRECTION ( 'NONE',  ( 0.000000000000000000, 0.000000000000000000, -1.000000000000000000 ) ) ;
#3969 = VECTOR ( 'NONE', #3596, 1000.000000000000000 ) ;
#3970 = VERTEX_POINT ( 'NONE', #3077 ) ;
#3971 = CARTESIAN_POINT ( 'NONE',  ( 17.18989898989898890, -16.71313131313131350, -6.349999999999999645 ) ) ;
#3972 = EDGE_LOOP ( 'NONE', ( #8711, #1877, #2677, #4370 ) ) ;
#3973 = ORIENTED_EDGE ( 'NONE', *, *, #9415, .T. ) ;
#3974 = EDGE_CURVE ( 'NONE', #3030, #316, #5298, .T. ) ;
#3975 = VERTEX_POINT ( 'NONE', #8370 ) ;
#3976 = CARTESIAN_POINT ( 'NONE',  ( 16.96363636363636473, -12.42424242424242387, -6.049999999999999822 ) ) ;
#3977 = CARTESIAN_POINT ( 'NONE',  ( 13.87676767676767753, -18.94343434343434396, -6.049999999999999822 ) ) ;
#3979 = LINE ( 'NONE', #1717, #3344 ) ;
#3978 = VECTOR ( 'NONE', #1125, 1000.000000000000000 ) ;
#3980 = VECTOR ( 'NONE', #1260, 1000.000000000000000 ) ;
#3981 = CARTESIAN_POINT ( 'NONE',  ( 17.94287317620651123, -17.93265993265993430, -6.049999999999999822 ) ) ;
#3982 = ORIENTED_EDGE ( 'NONE', *, *, #3873, .F. ) ;
#3983 = ORIENTED_EDGE ( 'NONE', *, *, #5039, .T. ) ;
#3984 = ORIENTED_EDGE ( 'NONE', *, *, #9371, .T. ) ;
#3985 = DIRECTION ( 'NONE',  ( -0.9949801778309101952, 0.1000722025518092084, 0.000000000000000000 ) ) ;
#3986 = EDGE_CURVE ( 'NONE', #7184, #3410, #3680, .T. ) ;
#3987 = VERTEX_POINT ( 'NONE', #4442 ) ;
#3988 = FACE_OUTER_BOUND ( 'NONE', #5005, .T. ) ;
#3989 = VECTOR ( 'NONE', #7718, 1000.000000000000000 ) ;
#3990 = DIRECTION ( 'NONE',  ( 0.9698474978646038913, 0.2437125989475458498, 0.000000000000000000 ) ) ;
#3991 = AXIS2_PLACEMENT_3D ( 'NONE', #7484, #9042, #5925 ) ;
#3992 = DIRECTION ( 'NONE',  ( 0.4118871320843191519, -0.9112348711629479903, -0.000000000000000000 ) ) ;
#3993 = EDGE_CURVE ( 'NONE', #2086, #6232, #8271, .T. ) ;
#3994 = CARTESIAN_POINT ( 'NONE',  ( 11.80000000000000071, -14.88686868686868614, -6.049999999999999822 ) ) ;
#3995 = CARTESIAN_POINT ( 'NONE',  ( 11.03232323232323253, -17.23434343434343319, -6.049999999999999822 ) ) ;
#3996 = LINE ( 'NONE', #7070, #3178 ) ;
#3997 = DIRECTION ( 'NONE',  ( 0.000000000000000000, 0.000000000000000000, -1.000000000000000000 ) ) ;
#3998 = EDGE_CURVE ( 'NONE', #2432, #1973, #1370, .T. ) ;
#3999 = VECTOR ( 'NONE', #863, 1000.000000000000000 ) ;
#4000 = EDGE_LOOP ( 'NONE', ( #2548, #4440, #8550, #2257 ) ) ;
#4001 = ORIENTED_EDGE ( 'NONE', *, *, #8070, .F. ) ;
#4002 = FACE_OUTER_BOUND ( 'NONE', #8615, .T. ) ;
#4003 = DIRECTION ( 'NONE',  ( -0.9999740602608916396, -0.007202694311612089367, 0.000000000000000000 ) ) ;
#4004 = CARTESIAN_POINT ( 'NONE',  ( 15.72727272727272840, -11.11313131313131208, -6.049999999999999822 ) ) ;
#4005 = CARTESIAN_POINT ( 'NONE',  ( 14.46891133557800124, -15.07901234567901483, -6.349999999999999645 ) ) ;
#4006 = ADVANCED_FACE ( 'NONE', ( #9823 ), #2176, .T. ) ;
#4007 = FACE_OUTER_BOUND ( 'NONE', #9377, .T. ) ;
#4008 = EDGE_CURVE ( 'NONE', #5631, #7039, #7561, .T. ) ;
#4009 = VECTOR ( 'NONE', #3156, 1000.000000000000000 ) ;
#4010 = CARTESIAN_POINT ( 'NONE',  ( 10.92121212121212182, -18.45050505050505052, -6.049999999999999822 ) ) ;
#4011 = EDGE_CURVE ( 'NONE', #8820, #6806, #8618, .T. ) ;
#4012 = LINE ( 'NONE', #7234, #6865 ) ;
#4013 = EDGE_CURVE ( 'NONE', #5778, #8876, #3274, .T. ) ;
#4014 = VERTEX_POINT ( 'NONE', #5491 ) ;
#4015 = ORIENTED_EDGE ( 'NONE', *, *, #3195, .F. ) ;
#4016 = CARTESIAN_POINT ( 'NONE',  ( 13.98249158249158164, -16.08630751964085448, -6.049999999999999822 ) ) ;
#4017 = CARTESIAN_POINT ( 'NONE',  ( 8.376767676767677528, -18.47878787878788032, -6.049999999999999822 ) ) ;
#4018 = ORIENTED_EDGE ( 'NONE', *, *, #12, .T. ) ;
#4019 = DIRECTION ( 'NONE',  ( -0.9801154117050540071, 0.1984282735353826155, 0.000000000000000000 ) ) ;
#4020 = DIRECTION ( 'NONE',  ( -0.3203139426094309128, -0.9473114472917564255, 0.000000000000000000 ) ) ;
#4021 = CARTESIAN_POINT ( 'NONE',  ( 32.00000000000000000, 2.000000000000000000, -4.349999999999999645 ) ) ;
#4022 = ORIENTED_EDGE ( 'NONE', *, *, #191, .T. ) ;
#4023 = DIRECTION ( 'NONE',  ( 0.3119704441341708545, 0.9500918071358830375, 0.000000000000000000 ) ) ;
#4024 = ORIENTED_EDGE ( 'NONE', *, *, #7398, .F. ) ;
#4025 = ORIENTED_EDGE ( 'NONE', *, *, #8488, .T. ) ;
#4026 = VERTEX_POINT ( 'NONE', #1714 ) ;
#4027 = DIRECTION ( 'NONE',  ( -0.000000000000000000, 1.000000000000000000, -0.000000000000000000 ) ) ;
#4028 = DIRECTION ( 'NONE',  ( -0.5067052501144435617, -0.8621193591994434913, 0.000000000000000000 ) ) ;
#4029 = DIRECTION ( 'NONE',  ( -0.9294520956386563837, -0.3689428165893867684, 0.000000000000000000 ) ) ;
#4030 = FACE_OUTER_BOUND ( 'NONE', #636, .T. ) ;
#4031 = ORIENTED_EDGE ( 'NONE', *, *, #1041, .F. ) ;
#4032 = ORIENTED_EDGE ( 'NONE', *, *, #7819, .T. ) ;
#4033 = EDGE_LOOP ( 'NONE', ( #5973, #1788, #1216, #161 ) ) ;
#4034 = DIRECTION ( 'NONE',  ( 0.000000000000000000, -1.000000000000000000, 0.000000000000000000 ) ) ;
#4035 = ORIENTED_EDGE ( 'NONE', *, *, #7438, .T. ) ;
#4036 = CARTESIAN_POINT ( 'NONE',  ( 12.38967452300785510, -15.75420875420875255, -6.049999999999999822 ) ) ;
#4037 = DIRECTION ( 'NONE',  ( 0.4957899259861079932, 0.8684424847338421127, 0.000000000000000000 ) ) ;
#4038 = DIRECTION ( 'NONE',  ( -1.000000000000000000, 0.000000000000000000, 0.000000000000000000 ) ) ;
#4039 = LINE ( 'NONE', #7924, #6362 ) ;
#4040 = LINE ( 'NONE', #213, #6701 ) ;
#4041 = DIRECTION ( 'NONE',  ( 0.000000000000000000, 0.000000000000000000, -1.000000000000000000 ) ) ;
#4042 = EDGE_CURVE ( 'NONE', #866, #7406, #8669, .T. ) ;
#4043 = LINE ( 'NONE', #8037, #7542 ) ;
#4044 = EDGE_LOOP ( 'NONE', ( #4101, #9857, #1878, #5366 ) ) ;
#4045 = ADVANCED_FACE ( 'NONE', ( #9423 ), #199, .T. ) ;
#4046 = ORIENTED_EDGE ( 'NONE', *, *, #7695, .T. ) ;
#4047 = AXIS2_PLACEMENT_3D ( 'NONE', #4305, #221, #1179 ) ;
#4048 = CARTESIAN_POINT ( 'NONE',  ( 15.53737373737373773, -13.67070707070707059, -6.049999999999999822 ) ) ;
#4049 = LINE ( 'NONE', #4816, #4885 ) ;
#4050 = CARTESIAN_POINT ( 'NONE',  ( 10.55555555555555536, -15.15353535353535541, -6.049999999999999822 ) ) ;
#4051 = DIRECTION ( 'NONE',  ( -0.4319386859891515829, 0.9019029723567636436, 0.000000000000000000 ) ) ;
#4052 = FACE_OUTER_BOUND ( 'NONE', #8156, .T. ) ;
#4053 = ADVANCED_FACE ( 'NONE', ( #2473 ), #2377, .T. ) ;
#4054 = DIRECTION ( 'NONE',  ( -0.000000000000000000, 0.000000000000000000, 1.000000000000000000 ) ) ;
#4055 = CARTESIAN_POINT ( 'NONE',  ( 17.18989898989898890, -15.09696969696969759, -6.049999999999999822 ) ) ;
#4056 = DIRECTION ( 'NONE',  ( 0.000000000000000000, 0.000000000000000000, -1.000000000000000000 ) ) ;
#4057 = EDGE_CURVE ( 'NONE', #884, #6889, #7810, .T. ) ;
#4058 = ORIENTED_EDGE ( 'NONE', *, *, #2032, .T. ) ;
#4059 = ORIENTED_EDGE ( 'NONE', *, *, #7817, .T. ) ;
#4060 = DIRECTION ( 'NONE',  ( 0.5087173015509405261, 0.8609336252596534456, 0.000000000000000000 ) ) ;
#4061 = DIRECTION ( 'NONE',  ( 0.09987687426650901368, 0.9949998040134238053, -0.000000000000000000 ) ) ;
#4062 = VERTEX_POINT ( 'NONE', #6950 ) ;
#4063 = FACE_OUTER_BOUND ( 'NONE', #2626, .T. ) ;
#4064 = ADVANCED_FACE ( 'NONE', ( #4077, #9373 ), #1768, .T. ) ;
#4065 = EDGE_CURVE ( 'NONE', #6123, #3951, #8566, .T. ) ;
#4066 = CARTESIAN_POINT ( 'NONE',  ( 10.72525252525252526, -15.12121212121212288, -6.049999999999999822 ) ) ;
#4067 = VECTOR ( 'NONE', #3214, 1000.000000000000000 ) ;
#4068 = CARTESIAN_POINT ( 'NONE',  ( 0.000000000000000000, 0.000000000000000000, 0.000000000000000000 ) ) ;
#4069 = CARTESIAN_POINT ( 'NONE',  ( 16.34248035914702513, -12.96060606060606091, -6.049999999999999822 ) ) ;
#4070 = ORIENTED_EDGE ( 'NONE', *, *, #1409, .T. ) ;
#4071 = CARTESIAN_POINT ( 'NONE',  ( 17.43209876543209802, -11.65465768799102264, -6.349999999999999645 ) ) ;
#4072 = VECTOR ( 'NONE', #2252, 1000.000000000000000 ) ;
#4073 = VERTEX_POINT ( 'NONE', #8523 ) ;
#4074 = ORIENTED_EDGE ( 'NONE', *, *, #7930, .T. ) ;
#4075 = VECTOR ( 'NONE', #9915, 1000.000000000000000 ) ;
#4076 = EDGE_LOOP ( 'NONE', ( #9911, #9430, #8667, #7200 ) ) ;
#4077 = FACE_OUTER_BOUND ( 'NONE', #9937, .T. ) ;
#4078 = DIRECTION ( 'NONE',  ( 0.000000000000000000, 0.000000000000000000, -1.000000000000000000 ) ) ;
#4079 = AXIS2_PLACEMENT_3D ( 'NONE', #8729, #6358, #5607 ) ;
#4080 = LINE ( 'NONE', #6348, #2221 ) ;
#4081 = VECTOR ( 'NONE', #1497, 1000.000000000000114 ) ;
#4082 = DIRECTION ( 'NONE',  ( 0.000000000000000000, 0.000000000000000000, -1.000000000000000000 ) ) ;
#4083 = VERTEX_POINT ( 'NONE', #3976 ) ;
#4084 = ORIENTED_EDGE ( 'NONE', *, *, #9104, .F. ) ;
#4085 = ORIENTED_EDGE ( 'NONE', *, *, #248, .T. ) ;
#4086 = EDGE_LOOP ( 'NONE', ( #5201, #267, #9276, #9356 ) ) ;
#4087 = DIRECTION ( 'NONE',  ( 0.000000000000000000, 0.000000000000000000, -1.000000000000000000 ) ) ;
#4088 = ORIENTED_EDGE ( 'NONE', *, *, #9054, .F. ) ;
#4090 = CARTESIAN_POINT ( 'NONE',  ( 20.82626262626262559, -11.51717171717171695, -6.049999999999999822 ) ) ;
#4089 = CIRCLE ( 'NONE', #4079, 1.100000000000000089 ) ;
#4091 = LINE ( 'NONE', #117, #7466 ) ;
#4092 = AXIS2_PLACEMENT_3D ( 'NONE', #5126, #490, #8150 ) ;
#4093 = DIRECTION ( 'NONE',  ( -0.3050710524058154460, -0.9523295926222223873, 0.000000000000000000 ) ) ;
#4094 = CARTESIAN_POINT ( 'NONE',  ( 9.295061728395060285, -18.06936026936027062, -6.049999999999999822 ) ) ;
#4095 = DIRECTION ( 'NONE',  ( 0.000000000000000000, 0.000000000000000000, -1.000000000000000000 ) ) ;
#4096 = FACE_OUTER_BOUND ( 'NONE', #8494, .T. ) ;
#4097 = LINE ( 'NONE', #4203, #6736 ) ;
#4098 = VECTOR ( 'NONE', #106, 1000.000000000000000 ) ;
#4099 = VECTOR ( 'NONE', #2282, 1000.000000000000114 ) ;
#4100 = ORIENTED_EDGE ( 'NONE', *, *, #3126, .T. ) ;
#4101 = ORIENTED_EDGE ( 'NONE', *, *, #500, .F. ) ;
#4102 = CARTESIAN_POINT ( 'NONE',  ( 22.92727272727272947, -12.30101010101010317, -6.349999999999999645 ) ) ;
#4103 = PLANE ( 'NONE',  #1659 ) ;
#4104 = CARTESIAN_POINT ( 'NONE',  ( 16.39618406285072894, -12.98787878787878824, -6.049999999999999822 ) ) ;
#4105 = FILL_AREA_STYLE ('',( #7936 ) ) ;
#4106 = ADVANCED_FACE ( 'NONE', ( #7098 ), #6397, .T. ) ;
#4107 = LINE ( 'NONE', #7992, #2015 ) ;
#4108 = VECTOR ( 'NONE', #9816, 1000.000000000000114 ) ;
#4109 = PLANE ( 'NONE',  #1221 ) ;
#4110 = EDGE_CURVE ( 'NONE', #389, #4989, #1619, .T. ) ;
#4111 = DIRECTION ( 'NONE',  ( 0.000000000000000000, 0.000000000000000000, -1.000000000000000000 ) ) ;
#4112 = CARTESIAN_POINT ( 'NONE',  ( 10.32671156004489532, -18.82895622895622978, -6.049999999999999822 ) ) ;
#4113 = VECTOR ( 'NONE', #3915, 1000.000000000000000 ) ;
#4114 = ADVANCED_FACE ( 'NONE', ( #9277 ), #959, .T. ) ;
#4115 = EDGE_LOOP ( 'NONE', ( #2506, #4772, #853, #6133, #2667, #8085, #3846, #8218, #9630, #8815, #3763, #1071, #6556, #7162, #3061, #1685, #8028, #8169, #8923, #5590, #3713, #7765, #3703, #2727, #1626, #9517, #2281, #6143, #4589, #5790, #2975, #4267, #2783, #7883, #2075, #1241, #2129, #3714, #6949, #6099, #958 ) ) ;
#4116 = ORIENTED_EDGE ( 'NONE', *, *, #8127, .F. ) ;
#4117 = DIRECTION ( 'NONE',  ( -0.4678877204190275974, 0.8837879163470644395, 0.000000000000000000 ) ) ;
#4118 = CARTESIAN_POINT ( 'NONE',  ( 21.14949494949495445, -16.26868686868686709, -6.049999999999999822 ) ) ;
#4119 = DIRECTION ( 'NONE',  ( 0.8510568142285696025, 0.5250736128916762002, 0.000000000000000000 ) ) ;
#4120 = FACE_OUTER_BOUND ( 'NONE', #8343, .T. ) ;
#4121 = EDGE_CURVE ( 'NONE', #2604, #561, #2427, .T. ) ;
#4122 = VECTOR ( 'NONE', #4509, 1000.000000000000000 ) ;
#4123 = DIRECTION ( 'NONE',  ( 0.000000000000000000, -1.000000000000000000, 0.000000000000000000 ) ) ;
#4124 = EDGE_CURVE ( 'NONE', #7833, #4898, #9473, .T. ) ;
#4125 = ADVANCED_FACE ( 'NONE', ( #7759 ), #856, .T. ) ;
#4126 = LINE ( 'NONE', #4938, #4569 ) ;
#4127 = EDGE_CURVE ( 'NONE', #1069, #2653, #6292, .T. ) ;
#4128 = ORIENTED_EDGE ( 'NONE', *, *, #734, .T. ) ;
#4129 = FACE_OUTER_BOUND ( 'NONE', #5317, .T. ) ;
#4130 = AXIS2_PLACEMENT_3D ( 'NONE', #3218, #6847, #98 ) ;
#4131 = ORIENTED_EDGE ( 'NONE', *, *, #6014, .T. ) ;
#4132 = ORIENTED_EDGE ( 'NONE', *, *, #5360, .F. ) ;
#4133 = ORIENTED_EDGE ( 'NONE', *, *, #8754, .T. ) ;
#4134 = CARTESIAN_POINT ( 'NONE',  ( 0.8000000000000000444, -49.20000000000000284, 0.000000000000000000 ) ) ;
#4135 = EDGE_CURVE ( 'NONE', #8653, #1304, #6643, .T. ) ;
#4136 = EDGE_CURVE ( 'NONE', #3576, #6122, #1154, .T. ) ;
#4137 = ADVANCED_FACE ( 'NONE', ( #4228 ), #7301, .T. ) ;
#4138 = VECTOR ( 'NONE', #4220, 1000.000000000000000 ) ;
#4139 = FACE_OUTER_BOUND ( 'NONE', #1266, .T. ) ;
#4140 = FACE_OUTER_BOUND ( 'NONE', #8723, .T. ) ;
#4141 = ADVANCED_FACE ( 'NONE', ( #8110 ), #4996, .T. ) ;
#4142 = EDGE_LOOP ( 'NONE', ( #4204, #2873, #8469, #2902 ) ) ;
#4143 = VERTEX_POINT ( 'NONE', #5038 ) ;
#4144 = VERTEX_POINT ( 'NONE', #2618 ) ;
#4145 = ORIENTED_EDGE ( 'NONE', *, *, #1472, .F. ) ;
#4146 = CARTESIAN_POINT ( 'NONE',  ( 16.71313131313131350, -13.03636363636363704, -6.349999999999999645 ) ) ;
#4147 = ORIENTED_EDGE ( 'NONE', *, *, #4008, .T. ) ;
#4148 = VECTOR ( 'NONE', #7223, 1000.000000000000000 ) ;
#4149 = LINE ( 'NONE', #2732, #8101 ) ;
#4150 = CARTESIAN_POINT ( 'NONE',  ( 16.96363636363636473, -12.42424242424242387, -6.049999999999999822 ) ) ;
#4151 = LINE ( 'NONE', #273, #3349 ) ;
#4152 = AXIS2_PLACEMENT_3D ( 'NONE', #8873, #4189, #4231 ) ;
#4153 = LINE ( 'NONE', #6417, #101 ) ;
#4154 = CARTESIAN_POINT ( 'NONE',  ( -4.000000000000000000, -54.00000000000000000, -4.349999999999999645 ) ) ;
#4155 = CARTESIAN_POINT ( 'NONE',  ( 14.90303030303030418, -15.85656565656565498, -6.049999999999999822 ) ) ;
#4156 = ORIENTED_EDGE ( 'NONE', *, *, #869, .F. ) ;
#4157 = VECTOR ( 'NONE', #8981, 999.9999999999998863 ) ;
#4158 = ORIENTED_EDGE ( 'NONE', *, *, #119, .F. ) ;
#4159 = VECTOR ( 'NONE', #9769, 999.9999999999998863 ) ;
#4160 = DIRECTION ( 'NONE',  ( 0.3695050658254896425, 0.9292287158333520924, -0.000000000000000000 ) ) ;
#4161 = CARTESIAN_POINT ( 'NONE',  ( 18.56161616161616124, -13.66060606060606020, -6.349999999999999645 ) ) ;
#4162 = CARTESIAN_POINT ( 'NONE',  ( 23.14545454545454461, -12.85858585858585990, -6.349999999999999645 ) ) ;
#4163 = CARTESIAN_POINT ( 'NONE',  ( 7.193939393939395188, -14.44242424242424150, -6.349999999999999645 ) ) ;
#4164 = CARTESIAN_POINT ( 'NONE',  ( 0.8000000000000000444, -49.20000000000000284, 0.000000000000000000 ) ) ;
#4165 = FACE_OUTER_BOUND ( 'NONE', #203, .T. ) ;
#4166 = CARTESIAN_POINT ( 'NONE',  ( -2.000000000000000000, 2.000000000000000000, -6.349999999999999645 ) ) ;
#4167 = VECTOR ( 'NONE', #3332, 1000.000000000000000 ) ;
#4168 = LINE ( 'NONE', #1609, #2390 ) ;
#4169 = VERTEX_POINT ( 'NONE', #4890 ) ;
#4170 = VERTEX_POINT ( 'NONE', #460 ) ;
#4171 = DIRECTION ( 'NONE',  ( 0.1094305806210155996, 0.9939944406408656175, 0.000000000000000000 ) ) ;
#4172 = FACE_OUTER_BOUND ( 'NONE', #2798, .T. ) ;
#4173 = FACE_OUTER_BOUND ( 'NONE', #3687, .T. ) ;
#4174 = VECTOR ( 'NONE', #9815, 1000.000000000000000 ) ;
#4175 = CARTESIAN_POINT ( 'NONE',  ( 16.44646464646464779, -13.94141414141414259, -6.349999999999999645 ) ) ;
#4176 = CARTESIAN_POINT ( 'NONE',  ( 16.37104377104376951, -18.56790123456790198, -6.049999999999999822 ) ) ;
#4177 = EDGE_CURVE ( 'NONE', #2773, #475, #7204, .T. ) ;
#4179 = ADVANCED_FACE ( 'NONE', ( #5693 ), #4187, .T. ) ;
#4178 = CARTESIAN_POINT ( 'NONE',  ( 17.92098765432098872, -18.89292929292929202, -6.049999999999999822 ) ) ;
#4180 = EDGE_LOOP ( 'NONE', ( #2862, #8108, #1365, #4 ) ) ;
#4181 = PLANE ( 'NONE',  #387 ) ;
#4182 = ADVANCED_FACE ( 'NONE', ( #6601 ), #8164, .F. ) ;
#4183 = ORIENTED_EDGE ( 'NONE', *, *, #2104, .T. ) ;
#4184 = VERTEX_POINT ( 'NONE', #3569 ) ;
#4185 = ORIENTED_EDGE ( 'NONE', *, *, #1167, .F. ) ;
#4186 = LINE ( 'NONE', #5139, #4494 ) ;
#4187 = PLANE ( 'NONE',  #8601 ) ;
#4188 = EDGE_CURVE ( 'NONE', #8210, #456, #9572, .T. ) ;
#4189 = DIRECTION ( 'NONE',  ( -0.000000000000000000, -0.000000000000000000, 1.000000000000000000 ) ) ;
#4190 = ORIENTED_EDGE ( 'NONE', *, *, #3397, .F. ) ;
#4191 = VERTEX_POINT ( 'NONE', #1207 ) ;
#4192 = EDGE_CURVE ( 'NONE', #708, #8924, #1874, .T. ) ;
#4193 = ORIENTED_EDGE ( 'NONE', *, *, #4980, .T. ) ;
#4194 = ORIENTED_EDGE ( 'NONE', *, *, #9591, .F. ) ;
#4195 = EDGE_LOOP ( 'NONE', ( #510, #1471, #4361, #8058 ) ) ;
#4196 = LINE ( 'NONE', #6561, #3747 ) ;
#4197 = CARTESIAN_POINT ( 'NONE',  ( 21.14949494949495445, -15.54141414141414224, -6.349999999999999645 ) ) ;
#4198 = DIRECTION ( 'NONE',  ( 0.000000000000000000, 0.000000000000000000, -1.000000000000000000 ) ) ;
#4199 = EDGE_CURVE ( 'NONE', #6603, #8820, #1815, .T. ) ;
#4200 = EDGE_CURVE ( 'NONE', #2704, #2239, #8065, .T. ) ;
#4201 = CARTESIAN_POINT ( 'NONE',  ( 15.63894500561167256, -13.75342312008978851, -6.349999999999999645 ) ) ;
#4202 = LINE ( 'NONE', #3583, #9131 ) ;
#4203 = CARTESIAN_POINT ( 'NONE',  ( 9.052525252525253308, -16.11515151515151700, -6.049999999999999822 ) ) ;
#4204 = ORIENTED_EDGE ( 'NONE', *, *, #3382, .F. ) ;
#4205 = ORIENTED_EDGE ( 'NONE', *, *, #7071, .F. ) ;
#4206 = CARTESIAN_POINT ( 'NONE',  ( 15.47586980920314303, -12.43254769921436598, -6.349999999999999645 ) ) ;
#4207 = DIRECTION ( 'NONE',  ( -0.4118871320843192074, 0.9112348711629479903, 0.000000000000000000 ) ) ;
#4208 = CARTESIAN_POINT ( 'NONE',  ( 14.61212121212121140, -17.27878787878787747, -6.049999999999999822 ) ) ;
#4209 = DIRECTION ( 'NONE',  ( 1.000000000000000000, 0.000000000000000000, 0.000000000000000000 ) ) ;
#4210 = FACE_OUTER_BOUND ( 'NONE', #610, .T. ) ;
#4211 = LINE ( 'NONE', #9745, #583 ) ;
#4212 = LINE ( 'NONE', #7279, #3166 ) ;
#4213 = DIRECTION ( 'NONE',  ( 0.8448971672248454245, -0.5349287586356070712, 0.000000000000000000 ) ) ;
#4214 = ORIENTED_EDGE ( 'NONE', *, *, #9852, .T. ) ;
#4215 = ORIENTED_EDGE ( 'NONE', *, *, #3734, .F. ) ;
#4216 = LINE ( 'NONE', #2749, #1039 ) ;
#4217 = CARTESIAN_POINT ( 'NONE',  ( 17.18989898989898890, -15.54141414141414224, -6.349999999999999645 ) ) ;
#4218 = FACE_OUTER_BOUND ( 'NONE', #1951, .T. ) ;
#4219 = DIRECTION ( 'NONE',  ( 0.3442253320096304026, 0.9388870649885745490, 0.000000000000000000 ) ) ;
#4220 = DIRECTION ( 'NONE',  ( 0.000000000000000000, 0.000000000000000000, -1.000000000000000000 ) ) ;
#4221 = CARTESIAN_POINT ( 'NONE',  ( 7.131313131313131493, -17.69360269360269200, -6.049999999999999822 ) ) ;
#4222 = EDGE_LOOP ( 'NONE', ( #4928, #6776, #4535, #5233 ) ) ;
#4223 = PLANE ( 'NONE',  #9069 ) ;
#4224 = ORIENTED_EDGE ( 'NONE', *, *, #6210, .T. ) ;
#4225 = VERTEX_POINT ( 'NONE', #3378 ) ;
#4226 = ORIENTED_EDGE ( 'NONE', *, *, #809, .F. ) ;
#4227 = CARTESIAN_POINT ( 'NONE',  ( 15.31515151515151452, -12.02626262626262665, -6.049999999999999822 ) ) ;
#4228 = FACE_OUTER_BOUND ( 'NONE', #3348, .T. ) ;
#4229 = EDGE_CURVE ( 'NONE', #6715, #4655, #2766, .T. ) ;
#4230 = EDGE_CURVE ( 'NONE', #1753, #2786, #3424, .T. ) ;
#4231 = DIRECTION ( 'NONE',  ( 1.000000000000000000, 0.000000000000000000, 0.000000000000000000 ) ) ;
#4232 = VECTOR ( 'NONE', #8645, 1000.000000000000114 ) ;
#4233 = VECTOR ( 'NONE', #8380, 1000.000000000000000 ) ;
#4234 = ORIENTED_EDGE ( 'NONE', *, *, #9552, .F. ) ;
#4235 = VERTEX_POINT ( 'NONE', #8018 ) ;
#4236 = VERTEX_POINT ( 'NONE', #506 ) ;
#4237 = ORIENTED_EDGE ( 'NONE', *, *, #7580, .T. ) ;
#4238 = EDGE_CURVE ( 'NONE', #693, #7971, #2013, .T. ) ;
#4239 = VERTEX_POINT ( 'NONE', #1112 ) ;
#4240 = DIRECTION ( 'NONE',  ( 0.6314631421957308532, 0.7754058937410098773, 0.000000000000000000 ) ) ;
#4241 = CARTESIAN_POINT ( 'NONE',  ( 12.82626262626262736, -13.61010101010101003, -6.049999999999999822 ) ) ;
#4242 = CARTESIAN_POINT ( 'NONE',  ( 14.83030303030303010, -12.55151515151515085, -6.049999999999999822 ) ) ;
#4243 = AXIS2_PLACEMENT_3D ( 'NONE', #3715, #6237, #9266 ) ;
#4244 = VECTOR ( 'NONE', #2063, 1000.000000000000000 ) ;
#4245 = EDGE_CURVE ( 'NONE', #5834, #5144, #7408, .T. ) ;
#4246 = FACE_OUTER_BOUND ( 'NONE', #4373, .T. ) ;
#4247 = EDGE_CURVE ( 'NONE', #9844, #7714, #8825, .T. ) ;
#4248 = EDGE_CURVE ( 'NONE', #1081, #1753, #407, .T. ) ;
#4249 = CARTESIAN_POINT ( 'NONE',  ( 12.76969696969696955, -18.07878787878787818, -6.049999999999999822 ) ) ;
#4250 = ORIENTED_EDGE ( 'NONE', *, *, #2266, .F. ) ;
#4251 = VECTOR ( 'NONE', #8284, 1000.000000000000000 ) ;
#4252 = ORIENTED_EDGE ( 'NONE', *, *, #8597, .F. ) ;
#4253 = ADVANCED_FACE ( 'NONE', ( #2214 ), #3016, .T. ) ;
#4254 = VECTOR ( 'NONE', #7539, 1000.000000000000000 ) ;
#4255 = DIRECTION ( 'NONE',  ( 0.000000000000000000, -0.000000000000000000, 1.000000000000000000 ) ) ;
#4256 = ORIENTED_EDGE ( 'NONE', *, *, #6335, .F. ) ;
#4257 = DIRECTION ( 'NONE',  ( 0.000000000000000000, 1.000000000000000000, 0.000000000000000000 ) ) ;
#4258 = LINE ( 'NONE', #2042, #6336 ) ;
#4259 = DIRECTION ( 'NONE',  ( -0.000000000000000000, -1.000000000000000000, -0.000000000000000000 ) ) ;
#4260 = DIRECTION ( 'NONE',  ( 0.8737002439658837494, -0.4864646787732436195, 0.000000000000000000 ) ) ;
#4261 = CARTESIAN_POINT ( 'NONE',  ( 13.98249158249158164, -16.08630751964085448, -6.349999999999999645 ) ) ;
#4262 = VECTOR ( 'NONE', #9522, 1000.000000000000000 ) ;
#4263 = CARTESIAN_POINT ( 'NONE',  ( -2.000000000000000000, -52.00000000000000711, -6.349999999999999645 ) ) ;
#4264 = VECTOR ( 'NONE', #9738, 1000.000000000000000 ) ;
#4265 = PLANE ( 'NONE',  #3991 ) ;
#4266 = EDGE_LOOP ( 'NONE', ( #2161, #174, #9524, #2757 ) ) ;
#4267 = ORIENTED_EDGE ( 'NONE', *, *, #975, .F. ) ;
#4268 = DIRECTION ( 'NONE',  ( 0.000000000000000000, 0.000000000000000000, -1.000000000000000000 ) ) ;
#4269 = AXIS2_PLACEMENT_3D ( 'NONE', #9293, #2935, #6009 ) ;
#4270 = DIRECTION ( 'NONE',  ( -1.000000000000000000, 0.000000000000000000, -0.000000000000000000 ) ) ;
#4272 = VECTOR ( 'NONE', #2163, 1000.000000000000000 ) ;
#4271 = CARTESIAN_POINT ( 'NONE',  ( 12.55757575757575850, -15.64646464646464885, -6.349999999999999645 ) ) ;
#4273 = PLANE ( 'NONE',  #2673 ) ;
#4274 = DIRECTION ( 'NONE',  ( 0.2972041278335288972, -0.9548139642876570798, -0.000000000000000000 ) ) ;
#4275 = AXIS2_PLACEMENT_3D ( 'NONE', #192, #951, #2461 ) ;
#4276 = ORIENTED_EDGE ( 'NONE', *, *, #6522, .F. ) ;
#4277 = PLANE ( 'NONE',  #5053 ) ;
#4278 = ORIENTED_EDGE ( 'NONE', *, *, #5030, .T. ) ;
#4279 = EDGE_LOOP ( 'NONE', ( #9199, #7873, #8598, #304 ) ) ;
#4280 = EDGE_LOOP ( 'NONE', ( #7236, #6520, #114, #4438 ) ) ;
#4281 = DIRECTION ( 'NONE',  ( 0.000000000000000000, 0.000000000000000000, 1.000000000000000000 ) ) ;
#4282 = VECTOR ( 'NONE', #4866, 1000.000000000000000 ) ;
#4283 = DIRECTION ( 'NONE',  ( 0.5105943999114475051, -0.8598217017376734717, 0.000000000000000000 ) ) ;
#4284 = FACE_OUTER_BOUND ( 'NONE', #7806, .T. ) ;
#4285 = VECTOR ( 'NONE', #651, 1000.000000000000114 ) ;
#4286 = ORIENTED_EDGE ( 'NONE', *, *, #8821, .T. ) ;
#4287 = ORIENTED_EDGE ( 'NONE', *, *, #313, .T. ) ;
#4288 = EDGE_CURVE ( 'NONE', #1498, #4239, #9765, .T. ) ;
#4289 = EDGE_LOOP ( 'NONE', ( #349, #9802, #4913, #4631 ) ) ;
#4290 = EDGE_LOOP ( 'NONE', ( #622, #5716, #6977, #9879 ) ) ;
#4291 = ORIENTED_EDGE ( 'NONE', *, *, #9, .T. ) ;
#4292 = LINE ( 'NONE', #2776, #380 ) ;
#4293 = DIRECTION ( 'NONE',  ( 0.9675877956245899636, -0.2525348644412226395, 0.000000000000000000 ) ) ;
#4294 = CARTESIAN_POINT ( 'NONE',  ( 6.959595959595961112, -12.24444444444444358, -6.349999999999999645 ) ) ;
#4295 = VECTOR ( 'NONE', #9400, 999.9999999999998863 ) ;
#4296 = CARTESIAN_POINT ( 'NONE',  ( 17.79595959595959442, -11.00000000000000000, -6.349999999999999645 ) ) ;
#4297 = CARTESIAN_POINT ( 'NONE',  ( 8.847250280583613957, -18.07295173961840717, -6.349999999999999645 ) ) ;
#4298 = ORIENTED_EDGE ( 'NONE', *, *, #8006, .F. ) ;
#4299 = ADVANCED_FACE ( 'NONE', ( #5890 ), #8312, .T. ) ;
#4300 = AXIS2_PLACEMENT_3D ( 'NONE', #9535, #7169, #9342 ) ;
#4301 = ORIENTED_EDGE ( 'NONE', *, *, #716, .F. ) ;
#4302 = LINE ( 'NONE', #1277, #3136 ) ;
#4303 = EDGE_CURVE ( 'NONE', #141, #5002, #5330, .T. ) ;
#4304 = EDGE_LOOP ( 'NONE', ( #6997, #7568, #8466, #1821 ) ) ;
#4305 = CARTESIAN_POINT ( 'NONE',  ( 11.88619528619528509, -16.03524130190796981, -6.049999999999999822 ) ) ;
#4306 = FACE_BOUND ( 'NONE', #9080, .T. ) ;
#4307 = CIRCLE ( 'NONE', #7358, 1.100000000000000089 ) ;
#4308 = CARTESIAN_POINT ( 'NONE',  ( 9.990796857463521974, -11.48125701459034786, -6.049999999999999822 ) ) ;
#4309 = LINE ( 'NONE', #9038, #6834 ) ;
#4310 = LINE ( 'NONE', #9794, #2359 ) ;
#4311 = CARTESIAN_POINT ( 'NONE',  ( 14.21414141414141596, -16.56666666666666643, -6.349999999999999645 ) ) ;
#4312 = EDGE_CURVE ( 'NONE', #962, #884, #603, .T. ) ;
#4313 = DIRECTION ( 'NONE',  ( -1.000000000000000000, 0.000000000000000000, -0.000000000000000000 ) ) ;
#4314 = VECTOR ( 'NONE', #4605, 1000.000000000000000 ) ;
#4315 = VECTOR ( 'NONE', #3047, 1000.000000000000000 ) ;
#4316 = ORIENTED_EDGE ( 'NONE', *, *, #5544, .T. ) ;
#4317 = ORIENTED_EDGE ( 'NONE', *, *, #5237, .T. ) ;
#4318 = CYLINDRICAL_SURFACE ( 'NONE', #70, 1.100000000000000089 ) ;
#4319 = ADVANCED_FACE ( 'NONE', ( #7597 ), #4526, .F. ) ;
#4320 = DIRECTION ( 'NONE',  ( 0.000000000000000000, 0.000000000000000000, -1.000000000000000000 ) ) ;
#4321 = LINE ( 'NONE', #3556, #3913 ) ;
#4322 = EDGE_CURVE ( 'NONE', #2797, #2432, #699, .T. ) ;
#4323 = EDGE_CURVE ( 'NONE', #5698, #5634, #6090, .T. ) ;
#4324 = VECTOR ( 'NONE', #5011, 1000.000000000000227 ) ;
#4325 = DIRECTION ( 'NONE',  ( 0.9989472748896466303, 0.04587310748738101379, 0.000000000000000000 ) ) ;
#4326 = LINE ( 'NONE', #3560, #2685 ) ;
#4327 = EDGE_CURVE ( 'NONE', #693, #9950, #5236, .T. ) ;
#4328 = ORIENTED_EDGE ( 'NONE', *, *, #133, .F. ) ;
#4329 = COLOUR_RGB ( '',0.7921568627450980005, 0.8196078431372548767, 0.9333333333333333481 ) ;
#4330 = CARTESIAN_POINT ( 'NONE',  ( 18.92727272727272592, -18.89494949494949338, -6.349999999999999645 ) ) ;
#4331 = VERTEX_POINT ( 'NONE', #3717 ) ;
#4332 = VERTEX_POINT ( 'NONE', #6040 ) ;
#4333 = LINE ( 'NONE', #8912, #6347 ) ;
#4334 = ORIENTED_EDGE ( 'NONE', *, *, #867, .T. ) ;
#4335 = CARTESIAN_POINT ( 'NONE',  ( 8.357575757575757436, -14.44242424242424150, -6.049999999999999822 ) ) ;
#4336 = DIRECTION ( 'NONE',  ( 0.000000000000000000, 0.000000000000000000, -1.000000000000000000 ) ) ;
#4337 = PLANE ( 'NONE',  #9627 ) ;
#4338 = VERTEX_POINT ( 'NONE', #1308 ) ;
#4339 = ORIENTED_EDGE ( 'NONE', *, *, #7440, .F. ) ;
#4340 = ORIENTED_EDGE ( 'NONE', *, *, #2207, .F. ) ;
#4341 = ORIENTED_EDGE ( 'NONE', *, *, #614, .T. ) ;
#4342 = EDGE_LOOP ( 'NONE', ( #2123, #1572, #1368, #1824 ) ) ;
#4343 = CARTESIAN_POINT ( 'NONE',  ( 16.74545454545454604, -18.79685746352413389, -6.049999999999999822 ) ) ;
#4344 = DIRECTION ( 'NONE',  ( 0.4113705926245260214, 0.9114681758151219615, 0.000000000000000000 ) ) ;
#4345 = CARTESIAN_POINT ( 'NONE',  ( 17.18989898989898890, -17.44040404040404013, -6.049999999999999822 ) ) ;
#4346 = DIRECTION ( 'NONE',  ( 0.000000000000000000, 0.000000000000000000, -1.000000000000000000 ) ) ;
#4347 = FACE_OUTER_BOUND ( 'NONE', #6613, .T. ) ;
#4348 = ORIENTED_EDGE ( 'NONE', *, *, #2279, .T. ) ;
#4349 = ORIENTED_EDGE ( 'NONE', *, *, #8977, .T. ) ;
#4350 = CARTESIAN_POINT ( 'NONE',  ( 16.71313131313131350, -13.03636363636363704, -6.049999999999999822 ) ) ;
#4351 = VERTEX_POINT ( 'NONE', #4580 ) ;
#4352 = DIRECTION ( 'NONE',  ( 0.000000000000000000, 0.000000000000000000, -1.000000000000000000 ) ) ;
#4353 = DIRECTION ( 'NONE',  ( -0.9466561125653344400, 0.3222455655904187255, 0.000000000000000000 ) ) ;
#4354 = CARTESIAN_POINT ( 'NONE',  ( 16.06503928170594619, -17.85998877665544171, -6.349999999999999645 ) ) ;
#4355 = FACE_OUTER_BOUND ( 'NONE', #2455, .T. ) ;
#4356 = DIRECTION ( 'NONE',  ( 0.000000000000000000, 0.000000000000000000, 1.000000000000000000 ) ) ;
#4357 = EDGE_CURVE ( 'NONE', #6452, #6502, #3621, .T. ) ;
#4358 = DIRECTION ( 'NONE',  ( 1.000000000000000000, 0.000000000000000000, 0.000000000000000000 ) ) ;
#4359 = CARTESIAN_POINT ( 'NONE',  ( 0.000000000000000000, 0.000000000000000000, -6.349999999999999645 ) ) ;
#4360 = EDGE_CURVE ( 'NONE', #3530, #5837, #2117, .T. ) ;
#4361 = ORIENTED_EDGE ( 'NONE', *, *, #7584, .T. ) ;
#4362 = VERTEX_POINT ( 'NONE', #9063 ) ;
#4363 = CARTESIAN_POINT ( 'NONE',  ( 7.425589225589224185, -12.32502805836139181, -6.349999999999999645 ) ) ;
#4364 = LINE ( 'NONE', #6879, #3268 ) ;
#4365 = EDGE_CURVE ( 'NONE', #6342, #4945, #5187, .T. ) ;
#4366 = CARTESIAN_POINT ( 'NONE',  ( 7.222222222222222321, -18.34747474747474882, -6.049999999999999822 ) ) ;
#4367 = CARTESIAN_POINT ( 'NONE',  ( 7.100561167227831483, -18.14882154882154808, -6.049999999999999822 ) ) ;
#4368 = FACE_OUTER_BOUND ( 'NONE', #6987, .T. ) ;
#4369 = EDGE_CURVE ( 'NONE', #7414, #5585, #9861, .T. ) ;
#4370 = ORIENTED_EDGE ( 'NONE', *, *, #3201, .T. ) ;
#4371 = DIRECTION ( 'NONE',  ( 0.1368811781845211684, 0.9905874737037700939, 0.000000000000000000 ) ) ;
#4372 = ORIENTED_EDGE ( 'NONE', *, *, #9306, .F. ) ;
#4373 = EDGE_LOOP ( 'NONE', ( #1963, #802, #7101, #4602 ) ) ;
#4374 = EDGE_CURVE ( 'NONE', #7741, #8459, #2263, .T. ) ;
#4375 = LINE ( 'NONE', #7550, #2493 ) ;
#4376 = ORIENTED_EDGE ( 'NONE', *, *, #445, .T. ) ;
#4377 = DIRECTION ( 'NONE',  ( -0.8313007515744815779, -0.5558228678560303004, 0.000000000000000000 ) ) ;
#4378 = DIRECTION ( 'NONE',  ( 0.9942413853645398758, -0.1071637421351118724, -0.000000000000000000 ) ) ;
#4379 = CARTESIAN_POINT ( 'NONE',  ( 10.22999999999999865, -31.39999999999999858, -4.349999999999999645 ) ) ;
#4380 = CYLINDRICAL_SURFACE ( 'NONE', #4152, 1.099999999999996758 ) ;
#4381 = VERTEX_POINT ( 'NONE', #5140 ) ;
#4382 = ORIENTED_EDGE ( 'NONE', *, *, #170, .F. ) ;
#4383 = VERTEX_POINT ( 'NONE', #5988 ) ;
#4384 = ORIENTED_EDGE ( 'NONE', *, *, #7428, .T. ) ;
#4385 = VERTEX_POINT ( 'NONE', #8215 ) ;
#4386 = LINE ( 'NONE', #1217, #7773 ) ;
#4387 = LINE ( 'NONE', #4592, #1199 ) ;
#4388 = CARTESIAN_POINT ( 'NONE',  ( 8.357575757575757436, -14.44242424242424150, -6.049999999999999822 ) ) ;
#4389 = VECTOR ( 'NONE', #5522, 1000.000000000000000 ) ;
#4390 = DIRECTION ( 'NONE',  ( -0.9294520956386563837, -0.3689428165893867684, 0.000000000000000000 ) ) ;
#4391 = AXIS2_PLACEMENT_3D ( 'NONE', #2025, #8174, #8123 ) ;
#4392 = DIRECTION ( 'NONE',  ( 0.000000000000000000, 0.000000000000000000, -1.000000000000000000 ) ) ;
#4393 = EDGE_LOOP ( 'NONE', ( #8953, #694, #6153, #9275 ) ) ;
#4394 = ORIENTED_EDGE ( 'NONE', *, *, #258, .T. ) ;
#4395 = DIRECTION ( 'NONE',  ( 0.000000000000000000, 0.000000000000000000, -1.000000000000000000 ) ) ;
#4396 = VECTOR ( 'NONE', #2200, 1000.000000000000000 ) ;
#4397 = VERTEX_POINT ( 'NONE', #7451 ) ;
#4398 = DIRECTION ( 'NONE',  ( -0.000000000000000000, 1.000000000000000000, -0.000000000000000000 ) ) ;
#4399 = CARTESIAN_POINT ( 'NONE',  ( -4.000000000000000000, -54.00000000000000000, -6.349999999999999645 ) ) ;
#4400 = VECTOR ( 'NONE', #2611, 1000.000000000000227 ) ;
#4401 = DIRECTION ( 'NONE',  ( 0.000000000000000000, 1.000000000000000000, 0.000000000000000000 ) ) ;
#4402 = CARTESIAN_POINT ( 'NONE',  ( 10.72525252525252526, -15.12121212121212288, -6.049999999999999822 ) ) ;
#4403 = CARTESIAN_POINT ( 'NONE',  ( 14.13086419753086354, -14.33019079685746355, -6.049999999999999822 ) ) ;
#4404 = DIRECTION ( 'NONE',  ( 0.7909213559379618674, -0.6119178120640514917, 0.000000000000000000 ) ) ;
#4405 = DIRECTION ( 'NONE',  ( 0.8244574813391325474, -0.5659239007710612501, 0.000000000000000000 ) ) ;
#4406 = VECTOR ( 'NONE', #2336, 999.9999999999998863 ) ;
#4407 = VECTOR ( 'NONE', #4718, 1000.000000000000000 ) ;
#4408 = CARTESIAN_POINT ( 'NONE',  ( 20.82626262626262559, -11.51717171717171695, -6.349999999999999645 ) ) ;
#4409 = VERTEX_POINT ( 'NONE', #552 ) ;
#4410 = VERTEX_POINT ( 'NONE', #8260 ) ;
#4411 = CARTESIAN_POINT ( 'NONE',  ( 21.14949494949495445, -16.26868686868686709, -6.349999999999999645 ) ) ;
#4412 = ADVANCED_FACE ( 'NONE', ( #4007 ), #7179, .T. ) ;
#4413 = DIRECTION ( 'NONE',  ( 0.1852203786440930200, 0.9826970089172648581, 0.000000000000000000 ) ) ;
#4414 = LINE ( 'NONE', #5220, #1507 ) ;
#4415 = EDGE_CURVE ( 'NONE', #7, #3049, #7232, .T. ) ;
#4416 = VECTOR ( 'NONE', #6195, 999.9999999999998863 ) ;
#4417 = VECTOR ( 'NONE', #235, 1000.000000000000227 ) ;
#4418 = DIRECTION ( 'NONE',  ( 0.8527812380208418253, 0.5222682836240779558, 0.000000000000000000 ) ) ;
#4419 = CARTESIAN_POINT ( 'NONE',  ( 33.09999999999999432, 2.000000000000000000, -6.349999999999999645 ) ) ;
#4420 = EDGE_CURVE ( 'NONE', #6379, #6343, #286, .T. ) ;
#4421 = AXIS2_PLACEMENT_3D ( 'NONE', #5669, #4768, #337 ) ;
#4422 = VECTOR ( 'NONE', #2533, 1000.000000000000000 ) ;
#4423 = ORIENTED_EDGE ( 'NONE', *, *, #5360, .T. ) ;
#4424 = LINE ( 'NONE', #5983, #5855 ) ;
#4425 = ORIENTED_EDGE ( 'NONE', *, *, #5228, .F. ) ;
#4426 = ORIENTED_EDGE ( 'NONE', *, *, #9902, .F. ) ;
#4427 = DIRECTION ( 'NONE',  ( 0.000000000000000000, 0.000000000000000000, -1.000000000000000000 ) ) ;
#4428 = ORIENTED_EDGE ( 'NONE', *, *, #1923, .F. ) ;
#4429 = CARTESIAN_POINT ( 'NONE',  ( 9.064646464646465063, -17.85252525252525402, -6.049999999999999822 ) ) ;
#4430 = ADVANCED_FACE ( 'NONE', ( #4210 ), #9968, .T. ) ;
#4431 = CARTESIAN_POINT ( 'NONE',  ( 32.00000000000000000, -52.00000000000000711, -6.349999999999999645 ) ) ;
#4432 = AXIS2_PLACEMENT_3D ( 'NONE', #4730, #4724, #2967 ) ;
#4433 = DIRECTION ( 'NONE',  ( 0.000000000000000000, 0.000000000000000000, -1.000000000000000000 ) ) ;
#4434 = LINE ( 'NONE', #7655, #8503 ) ;
#4435 = ADVANCED_FACE ( 'NONE', ( #1845 ), #2450, .T. ) ;
#4436 = ORIENTED_EDGE ( 'NONE', *, *, #2541, .T. ) ;
#4437 = VECTOR ( 'NONE', #1385, 1000.000000000000341 ) ;
#4438 = ORIENTED_EDGE ( 'NONE', *, *, #9405, .T. ) ;
#4439 = ORIENTED_EDGE ( 'NONE', *, *, #1646, .T. ) ;
#4440 = ORIENTED_EDGE ( 'NONE', *, *, #4238, .F. ) ;
#4441 = EDGE_CURVE ( 'NONE', #7536, #8480, #8745, .T. ) ;
#4442 = CARTESIAN_POINT ( 'NONE',  ( 34.00000000000000000, 4.000000000000000000, -4.349999999999999645 ) ) ;
#4443 = EDGE_CURVE ( 'NONE', #9333, #2280, #4919, .T. ) ;
#4444 = EDGE_CURVE ( 'NONE', #3616, #6291, #4107, .T. ) ;
#4445 = CARTESIAN_POINT ( 'NONE',  ( 14.66060606060606020, -17.02154882154882287, -6.049999999999999822 ) ) ;
#4446 = AXIS2_PLACEMENT_3D ( 'NONE', #6184, #2369, #1912 ) ;
#4447 = CARTESIAN_POINT ( 'NONE',  ( 7.193939393939395188, -13.40808080808080760, -6.349999999999999645 ) ) ;
#4448 = ADVANCED_FACE ( 'NONE', ( #179 ), #2600, .T. ) ;
#4449 = DIRECTION ( 'NONE',  ( 0.000000000000000000, 0.000000000000000000, 1.000000000000000000 ) ) ;
#4450 = ORIENTED_EDGE ( 'NONE', *, *, #3024, .T. ) ;
#4451 = ORIENTED_EDGE ( 'NONE', *, *, #8249, .F. ) ;
#4452 = PLANE ( 'NONE',  #6677 ) ;
#4453 = EDGE_LOOP ( 'NONE', ( #8345, #9776, #2361, #3443 ) ) ;
#4454 = VECTOR ( 'NONE', #3467, 1000.000000000000227 ) ;
#4455 = DIRECTION ( 'NONE',  ( 0.9162841489403985573, 0.4005288483999244753, 0.000000000000000000 ) ) ;
#4456 = CARTESIAN_POINT ( 'NONE',  ( 17.60561167227833934, -12.99326599326599485, -6.049999999999999822 ) ) ;
#4457 = CARTESIAN_POINT ( 'NONE',  ( 22.28080808080807884, -18.93535353535353494, -6.049999999999999822 ) ) ;
#4458 = CARTESIAN_POINT ( 'NONE',  ( 9.668686868686869218, -14.75824915824915884, -6.049999999999999822 ) ) ;
#4459 = CARTESIAN_POINT ( 'NONE',  ( 17.70707070707070585, -13.94141414141414259, -6.349999999999999645 ) ) ;
#4460 = DIRECTION ( 'NONE',  ( -0.8762159086766464489, -0.4819187497721569291, 0.000000000000000000 ) ) ;
#4461 = LINE ( 'NONE', #2939, #6243 ) ;
#4462 = VECTOR ( 'NONE', #9244, 1000.000000000000227 ) ;
#4463 = ORIENTED_EDGE ( 'NONE', *, *, #911, .T. ) ;
#4464 = ORIENTED_EDGE ( 'NONE', *, *, #6596, .F. ) ;
#4465 = ORIENTED_EDGE ( 'NONE', *, *, #7938, .T. ) ;
#4466 = CARTESIAN_POINT ( 'NONE',  ( 12.82626262626262736, -11.05656565656565604, -6.349999999999999645 ) ) ;
#4467 = LINE ( 'NONE', #3805, #9548 ) ;
#4468 = CARTESIAN_POINT ( 'NONE',  ( 17.18989898989898890, -17.44040404040404013, -6.349999999999999645 ) ) ;
#4469 = FACE_OUTER_BOUND ( 'NONE', #1191, .T. ) ;
#4470 = VECTOR ( 'NONE', #825, 1000.000000000000000 ) ;
#4471 = LINE ( 'NONE', #8100, #1396 ) ;
#4472 = VECTOR ( 'NONE', #3489, 1000.000000000000114 ) ;
#4473 = VERTEX_POINT ( 'NONE', #1691 ) ;
#4474 = CARTESIAN_POINT ( 'NONE',  ( 8.357575757575757436, -14.44242424242424150, -6.349999999999999645 ) ) ;
#4475 = ORIENTED_EDGE ( 'NONE', *, *, #5599, .T. ) ;
#4476 = VECTOR ( 'NONE', #71, 1000.000000000000000 ) ;
#4477 = ORIENTED_EDGE ( 'NONE', *, *, #9716, .F. ) ;
#4478 = DIRECTION ( 'NONE',  ( -0.9942170480843447455, 0.1073892978767058554, 0.000000000000000000 ) ) ;
#4479 = VECTOR ( 'NONE', #9020, 1000.000000000000000 ) ;
#4480 = CARTESIAN_POINT ( 'NONE',  ( 14.13086419753086354, -14.33019079685746355, -6.349999999999999645 ) ) ;
#4481 = DIRECTION ( 'NONE',  ( -0.9797447058870846215, 0.2002506211881251164, 0.000000000000000000 ) ) ;
#4482 = DIRECTION ( 'NONE',  ( 0.000000000000000000, 0.000000000000000000, -1.000000000000000000 ) ) ;
#4483 = ADVANCED_FACE ( 'NONE', ( #1794 ), #4865, .T. ) ;
#4485 = FACE_OUTER_BOUND ( 'NONE', #2715, .T. ) ;
#4484 = AXIS2_PLACEMENT_3D ( 'NONE', #4891, #8567, #4028 ) ;
#4486 = VECTOR ( 'NONE', #2882, 1000.000000000000114 ) ;
#4487 = ADVANCED_FACE ( 'NONE', ( #3406 ), #6475, .F. ) ;
#4488 = EDGE_LOOP ( 'NONE', ( #3473, #415, #2066, #1723 ) ) ;
#4489 = EDGE_LOOP ( 'NONE', ( #6152, #7907, #7522, #9761 ) ) ;
#4490 = VERTEX_POINT ( 'NONE', #5721 ) ;
#4491 = ORIENTED_EDGE ( 'NONE', *, *, #2199, .F. ) ;
#4492 = FACE_OUTER_BOUND ( 'NONE', #3122, .T. ) ;
#4493 = ADVANCED_FACE ( 'NONE', ( #8797 ), #940, .T. ) ;
#4494 = VECTOR ( 'NONE', #5838, 1000.000000000000341 ) ;
#4495 = LINE ( 'NONE', #9128, #3358 ) ;
#4496 = DIRECTION ( 'NONE',  ( -0.000000000000000000, -0.000000000000000000, -1.000000000000000000 ) ) ;
#4497 = PLANE ( 'NONE',  #7220 ) ;
#4498 = ADVANCED_FACE ( 'NONE', ( #9397 ), #8648, .T. ) ;
#4499 = ORIENTED_EDGE ( 'NONE', *, *, #911, .F. ) ;
#4500 = ORIENTED_EDGE ( 'NONE', *, *, #2033, .T. ) ;
#4501 = DIRECTION ( 'NONE',  ( 1.000000000000000000, 0.000000000000000000, 0.000000000000000000 ) ) ;
#4502 = VERTEX_POINT ( 'NONE', #986 ) ;
#4503 = LINE ( 'NONE', #1279, #7289 ) ;
#4504 = ADVANCED_FACE ( 'NONE', ( #4052 ), #7120, .T. ) ;
#4505 = LINE ( 'NONE', #2241, #5214 ) ;
#4506 = EDGE_CURVE ( 'NONE', #6637, #7591, #2554, .T. ) ;
#4507 = CARTESIAN_POINT ( 'NONE',  ( 10.61212121212121318, -18.99191919191919098, -6.349999999999999645 ) ) ;
#4508 = LINE ( 'NONE', #3893, #5712 ) ;
#4509 = DIRECTION ( 'NONE',  ( 0.000000000000000000, 0.000000000000000000, -1.000000000000000000 ) ) ;
#4510 = CARTESIAN_POINT ( 'NONE',  ( 11.27115600448933641, -17.86150392817059540, -6.349999999999999645 ) ) ;
#4511 = DIRECTION ( 'NONE',  ( 1.000000000000000000, 0.000000000000000000, 0.000000000000000000 ) ) ;
#4512 = ORIENTED_EDGE ( 'NONE', *, *, #5907, .T. ) ;
#4513 = ORIENTED_EDGE ( 'NONE', *, *, #7991, .F. ) ;
#4514 = VERTEX_POINT ( 'NONE', #6724 ) ;
#4515 = DIRECTION ( 'NONE',  ( 0.1910116732185881960, 0.9815877651510511726, 0.000000000000000000 ) ) ;
#4516 = LINE ( 'NONE', #9955, #1343 ) ;
#4517 = LINE ( 'NONE', #6780, #2979 ) ;
#4518 = DIRECTION ( 'NONE',  ( -0.3119704441341707990, -0.9500918071358831485, 0.000000000000000000 ) ) ;
#4519 = DIRECTION ( 'NONE',  ( 0.000000000000000000, 0.000000000000000000, -1.000000000000000000 ) ) ;
#4520 = ORIENTED_EDGE ( 'NONE', *, *, #797, .F. ) ;
#4521 = LINE ( 'NONE', #4628, #3599 ) ;
#4522 = ORIENTED_EDGE ( 'NONE', *, *, #6515, .T. ) ;
#4523 = ORIENTED_EDGE ( 'NONE', *, *, #6948, .F. ) ;
#4524 = CARTESIAN_POINT ( 'NONE',  ( 8.090684624017958626, -16.60852974186307662, -6.049999999999999822 ) ) ;
#4525 = DIRECTION ( 'NONE',  ( 0.000000000000000000, 0.000000000000000000, -1.000000000000000000 ) ) ;
#4526 = PLANE ( 'NONE',  #1208 ) ;
#4527 = DIRECTION ( 'NONE',  ( 0.4643015805666843576, -0.8856771659489017789, 0.000000000000000000 ) ) ;
#4528 = CARTESIAN_POINT ( 'NONE',  ( 16.06352413019079606, -13.91133557800224452, -6.049999999999999822 ) ) ;
#4529 = DIRECTION ( 'NONE',  ( 0.9999960995783844231, 0.002792996243786162978, 0.000000000000000000 ) ) ;
#4530 = ORIENTED_EDGE ( 'NONE', *, *, #8930, .F. ) ;
#4531 = DIRECTION ( 'NONE',  ( 0.000000000000000000, 0.000000000000000000, 1.000000000000000000 ) ) ;
#4532 = ORIENTED_EDGE ( 'NONE', *, *, #6210, .F. ) ;
#4533 = ORIENTED_EDGE ( 'NONE', *, *, #424, .F. ) ;
#4534 = EDGE_CURVE ( 'NONE', #786, #1539, #5772, .T. ) ;
#4535 = ORIENTED_EDGE ( 'NONE', *, *, #5418, .T. ) ;
#4536 = CARTESIAN_POINT ( 'NONE',  ( 21.14949494949495445, -17.44040404040404013, -6.349999999999999645 ) ) ;
#4537 = PLANE ( 'NONE',  #303 ) ;
#4538 = EDGE_CURVE ( 'NONE', #467, #8227, #8998, .T. ) ;
#4539 = DIRECTION ( 'NONE',  ( 0.000000000000000000, 0.000000000000000000, -1.000000000000000000 ) ) ;
#4540 = CARTESIAN_POINT ( 'NONE',  ( 14.21414141414141596, -16.56666666666666643, -6.349999999999999645 ) ) ;
#4541 = EDGE_CURVE ( 'NONE', #6281, #1498, #7479, .T. ) ;
#4542 = VERTEX_POINT ( 'NONE', #5161 ) ;
#4543 = VERTEX_POINT ( 'NONE', #582 ) ;
#4544 = LINE ( 'NONE', #7570, #9882 ) ;
#4545 = VERTEX_POINT ( 'NONE', #7429 ) ;
#4546 = CARTESIAN_POINT ( 'NONE',  ( 12.55757575757575850, -15.64646464646464885, -6.049999999999999822 ) ) ;
#4547 = CARTESIAN_POINT ( 'NONE',  ( 12.08619528619528616, -18.83524130190797052, -6.049999999999999822 ) ) ;
#4548 = DIRECTION ( 'NONE',  ( -0.1800247790133650827, 0.9836620755834745156, 0.000000000000000000 ) ) ;
#4549 = EDGE_CURVE ( 'NONE', #9285, #3818, #8234, .T. ) ;
#4550 = LINE ( 'NONE', #7624, #5227 ) ;
#4551 = ADVANCED_FACE ( 'NONE', ( #2791 ), #8286, .T. ) ;
#4552 = CARTESIAN_POINT ( 'NONE',  ( 16.46010101010101323, -13.00909090909090970, -6.049999999999999822 ) ) ;
#4553 = ADVANCED_FACE ( 'NONE', ( #4355 ), #1329, .T. ) ;
#4554 = CARTESIAN_POINT ( 'NONE',  ( 7.100561167227831483, -18.14882154882154808, -6.349999999999999645 ) ) ;
#4555 = DIRECTION ( 'NONE',  ( -0.2923715273016661564, 0.9563048102060822675, 0.000000000000000000 ) ) ;
#4556 = EDGE_CURVE ( 'NONE', #2738, #6584, #6673, .T. ) ;
#4557 = ORIENTED_EDGE ( 'NONE', *, *, #6105, .T. ) ;
#4558 = VECTOR ( 'NONE', #7934, 1000.000000000000114 ) ;
#4559 = ORIENTED_EDGE ( 'NONE', *, *, #2340, .T. ) ;
#4560 = VECTOR ( 'NONE', #2436, 1000.000000000000000 ) ;
#4561 = ORIENTED_EDGE ( 'NONE', *, *, #6094, .T. ) ;
#4562 = DIRECTION ( 'NONE',  ( 1.000000000000000000, 0.000000000000000000, 0.000000000000000000 ) ) ;
#4563 = CARTESIAN_POINT ( 'NONE',  ( 17.24287317620650839, -12.48193041526374891, -6.349999999999999645 ) ) ;
#4564 = CARTESIAN_POINT ( 'NONE',  ( 15.30886644219977555, -12.49483726150392826, -6.049999999999999822 ) ) ;
#4565 = EDGE_CURVE ( 'NONE', #5254, #530, #9598, .T. ) ;
#4566 = LINE ( 'NONE', #6982, #9586 ) ;
#4567 = VECTOR ( 'NONE', #3313, 1000.000000000000114 ) ;
#4568 = CARTESIAN_POINT ( 'NONE',  ( 12.02424242424242351, -16.63030303030302903, -6.349999999999999645 ) ) ;
#4569 = VECTOR ( 'NONE', #3469, 1000.000000000000227 ) ;
#4570 = EDGE_CURVE ( 'NONE', #2320, #4598, #9793, .T. ) ;
#4571 = EDGE_LOOP ( 'NONE', ( #5061, #7211, #4674, #7197 ) ) ;
#4572 = EDGE_LOOP ( 'NONE', ( #1930, #6253, #3552, #2334, #849, #4128, #5083, #968, #1721, #4341, #8975, #5326, #2522, #1404, #8061, #5763, #813, #5813, #7606, #9124, #9721, #5847, #9261, #8539, #8095, #2399, #3964, #589, #1213, #2560, #3388, #7976, #4183, #4059, #1624, #1867, #1671, #6219, #8411, #6907, #4751, #4286, #9175, #7959, #125, #6892, #1140, #8829, #820, #9925, #9073, #9763, #7755, #5363, #832, #7001, #5403, #709, #2331, #6327, #2821, #637, #18, #7237, #2348, #4334, #3373, #2678, #6111, #3040, #1561, #5691, #1603, #155, #6558, #7867, #3877, #279, #1854, #3887, #9736, #9209, #3819, #1933, #6503, #1006 ) ) ;
#4573 = LINE ( 'NONE', #6890, #4578 ) ;
#4574 = VECTOR ( 'NONE', #4817, 1000.000000000000000 ) ;
#4575 = ORIENTED_EDGE ( 'NONE', *, *, #6627, .F. ) ;
#4576 = ORIENTED_EDGE ( 'NONE', *, *, #3547, .F. ) ;
#4578 = VECTOR ( 'NONE', #9962, 1000.000000000000000 ) ;
#4577 = FACE_BOUND ( 'NONE', #6670, .T. ) ;
#4579 = DIRECTION ( 'NONE',  ( -0.5558228678560301894, 0.8313007515744815779, 0.000000000000000000 ) ) ;
#4580 = CARTESIAN_POINT ( 'NONE',  ( 12.63030303030303081, -18.22109988776655598, -6.349999999999999645 ) ) ;
#4581 = LINE ( 'NONE', #4680, #574 ) ;
#4582 = LINE ( 'NONE', #3020, #8474 ) ;
#4583 = VECTOR ( 'NONE', #3224, 999.9999999999998863 ) ;
#4584 = CARTESIAN_POINT ( 'NONE',  ( 16.29898989898989825, -12.92727272727272769, -6.349999999999999645 ) ) ;
#4585 = AXIS2_PLACEMENT_3D ( 'NONE', #1305, #9015, #1070 ) ;
#4586 = EDGE_LOOP ( 'NONE', ( #2113, #600, #2443, #7422 ) ) ;
#4587 = DIRECTION ( 'NONE',  ( -0.8658756103146907357, 0.5002593601944512747, 0.000000000000000000 ) ) ;
#4588 = ORIENTED_EDGE ( 'NONE', *, *, #60, .T. ) ;
#4589 = ORIENTED_EDGE ( 'NONE', *, *, #569, .F. ) ;
#4590 = ORIENTED_EDGE ( 'NONE', *, *, #851, .F. ) ;
#4591 = VECTOR ( 'NONE', #649, 1000.000000000000000 ) ;
#4592 = CARTESIAN_POINT ( 'NONE',  ( 7.342985409652076356, -18.55555555555555713, -6.049999999999999822 ) ) ;
#4593 = DIRECTION ( 'NONE',  ( -0.7419789806294991852, 0.6704231442186413537, 0.000000000000000000 ) ) ;
#4594 = CARTESIAN_POINT ( 'NONE',  ( 16.16610549943883157, -12.56992143658810335, -6.049999999999999822 ) ) ;
#4595 = EDGE_CURVE ( 'NONE', #1325, #8477, #8849, .T. ) ;
#4596 = CARTESIAN_POINT ( 'NONE',  ( 17.00162738496071668, -18.85202020202020279, -6.049999999999999822 ) ) ;
#4597 = VECTOR ( 'NONE', #900, 999.9999999999998863 ) ;
#4598 = VERTEX_POINT ( 'NONE', #9743 ) ;
#4599 = ORIENTED_EDGE ( 'NONE', *, *, #2530, .T. ) ;
#4600 = ORIENTED_EDGE ( 'NONE', *, *, #3993, .F. ) ;
#4601 = DIRECTION ( 'NONE',  ( 0.000000000000000000, 0.000000000000000000, -1.000000000000000000 ) ) ;
#4602 = ORIENTED_EDGE ( 'NONE', *, *, #7635, .T. ) ;
#4603 = DIRECTION ( 'NONE',  ( 0.000000000000000000, 0.000000000000000000, -1.000000000000000000 ) ) ;
#4604 = CARTESIAN_POINT ( 'NONE',  ( 18.84646464646464636, -11.00000000000000000, -6.049999999999999822 ) ) ;
#4605 = DIRECTION ( 'NONE',  ( 0.000000000000000000, 0.000000000000000000, -1.000000000000000000 ) ) ;
#4606 = PLANE ( 'NONE',  #7320 ) ;
#4607 = VECTOR ( 'NONE', #6077, 1000.000000000000000 ) ;
#4608 = PLANE ( 'NONE',  #9273 ) ;
#4609 = LINE ( 'NONE', #9947, #9450 ) ;
#4610 = EDGE_CURVE ( 'NONE', #8737, #3410, #1282, .T. ) ;
#4611 = LINE ( 'NONE', #7776, #9153 ) ;
#4612 = ORIENTED_EDGE ( 'NONE', *, *, #6713, .F. ) ;
#4613 = ADVANCED_FACE ( 'NONE', ( #8089 ), #5819, .T. ) ;
#4614 = VECTOR ( 'NONE', #676, 1000.000000000000000 ) ;
#4615 = ORIENTED_EDGE ( 'NONE', *, *, #8597, .T. ) ;
#4616 = EDGE_LOOP ( 'NONE', ( #9045, #2374, #6691, #6341 ) ) ;
#4617 = DIRECTION ( 'NONE',  ( -1.000000000000000000, 0.000000000000000000, 0.000000000000000000 ) ) ;
#4618 = CARTESIAN_POINT ( 'NONE',  ( 21.14949494949495445, -18.93535353535353494, -6.049999999999999822 ) ) ;
#4619 = CARTESIAN_POINT ( 'NONE',  ( 15.55129068462401776, -12.08956228956228962, -6.049999999999999822 ) ) ;
#4620 = EDGE_CURVE ( 'NONE', #6098, #6715, #4309, .T. ) ;
#4621 = DIRECTION ( 'NONE',  ( -0.2438102404233514209, -0.9698229563506463036, 0.000000000000000000 ) ) ;
#4622 = VECTOR ( 'NONE', #8047, 1000.000000000000000 ) ;
#4623 = CARTESIAN_POINT ( 'NONE',  ( 16.16610549943883157, -12.56992143658810335, -6.049999999999999822 ) ) ;
#4624 = EDGE_CURVE ( 'NONE', #4857, #8540, #2135, .T. ) ;
#4625 = EDGE_CURVE ( 'NONE', #3619, #8631, #9648, .T. ) ;
#4626 = ORIENTED_EDGE ( 'NONE', *, *, #135, .T. ) ;
#4627 = ORIENTED_EDGE ( 'NONE', *, *, #9850, .F. ) ;
#4628 = CARTESIAN_POINT ( 'NONE',  ( 14.13086419753086354, -14.33019079685746355, -6.349999999999999645 ) ) ;
#4629 = AXIS2_PLACEMENT_3D ( 'NONE', #1482, #3742, #7678 ) ;
#4630 = CARTESIAN_POINT ( 'NONE',  ( 9.936026936026939538, -12.58900112233445512, -6.049999999999999822 ) ) ;
#4631 = ORIENTED_EDGE ( 'NONE', *, *, #5961, .T. ) ;
#4632 = CARTESIAN_POINT ( 'NONE',  ( 20.82626262626262559, -12.60808080808080867, -6.049999999999999822 ) ) ;
#4633 = EDGE_CURVE ( 'NONE', #9750, #7536, #2844, .T. ) ;
#4634 = VECTOR ( 'NONE', #3381, 999.9999999999998863 ) ;
#4635 = FACE_OUTER_BOUND ( 'NONE', #4720, .T. ) ;
#4636 = LINE ( 'NONE', #7705, #7997 ) ;
#4637 = LINE ( 'NONE', #2869, #943 ) ;
#4638 = AXIS2_PLACEMENT_3D ( 'NONE', #1779, #1074, #4093 ) ;
#4639 = ORIENTED_EDGE ( 'NONE', *, *, #4322, .F. ) ;
#4640 = VECTOR ( 'NONE', #6699, 1000.000000000000114 ) ;
#4641 = CARTESIAN_POINT ( 'NONE',  ( 23.04848484848484702, -13.73939393939394016, -6.349999999999999645 ) ) ;
#4642 = ORIENTED_EDGE ( 'NONE', *, *, #9544, .F. ) ;
#4643 = VERTEX_POINT ( 'NONE', #2044 ) ;
#4644 = VERTEX_POINT ( 'NONE', #6620 ) ;
#4645 = DIRECTION ( 'NONE',  ( -0.1641411851823413592, -0.9864368562289916875, 0.000000000000000000 ) ) ;
#4646 = CARTESIAN_POINT ( 'NONE',  ( 13.87676767676767753, -11.05656565656565604, -6.049999999999999822 ) ) ;
#4647 = VECTOR ( 'NONE', #7072, 1000.000000000000114 ) ;
#4648 = CARTESIAN_POINT ( 'NONE',  ( 10.68799102132435408, -17.65903479236812501, -6.049999999999999822 ) ) ;
#4649 = CARTESIAN_POINT ( 'NONE',  ( 16.01818181818181941, -12.20808080808080831, -6.349999999999999645 ) ) ;
#4650 = VERTEX_POINT ( 'NONE', #9691 ) ;
#4651 = VERTEX_POINT ( 'NONE', #2991 ) ;
#4652 = EDGE_LOOP ( 'NONE', ( #8149, #2384, #3383, #310 ) ) ;
#4653 = VECTOR ( 'NONE', #2212, 1000.000000000000000 ) ;
#4654 = CARTESIAN_POINT ( 'NONE',  ( 17.64646464646464707, -17.93333333333333357, -6.349999999999999645 ) ) ;
#4655 = VERTEX_POINT ( 'NONE', #7530 ) ;
#4656 = DIRECTION ( 'NONE',  ( 0.9905874737037700939, -0.1368811781845211406, 0.000000000000000000 ) ) ;
#4657 = PLANE ( 'NONE',  #8759 ) ;
#4658 = FACE_OUTER_BOUND ( 'NONE', #2976, .T. ) ;
#4659 = DIRECTION ( 'NONE',  ( 0.8111511587089058617, -0.5848365564199962119, 0.000000000000000000 ) ) ;
#4660 = CARTESIAN_POINT ( 'NONE',  ( 11.77575757575757542, -14.67676767676767646, -6.049999999999999822 ) ) ;
#4661 = DIRECTION ( 'NONE',  ( 0.6850519247062387684, 0.7284942418827192734, 0.000000000000000000 ) ) ;
#4662 = DIRECTION ( 'NONE',  ( 0.000000000000000000, 0.000000000000000000, -1.000000000000000000 ) ) ;
#4663 = ORIENTED_EDGE ( 'NONE', *, *, #3561, .T. ) ;
#4664 = ORIENTED_EDGE ( 'NONE', *, *, #302, .T. ) ;
#4665 = VERTEX_POINT ( 'NONE', #1435 ) ;
#4666 = LINE ( 'NONE', #5218, #4905 ) ;
#4667 = LINE ( 'NONE', #8589, #2941 ) ;
#4668 = CARTESIAN_POINT ( 'NONE',  ( 8.434118967452299387, -14.74702581369248122, -6.049999999999999822 ) ) ;
#4669 = EDGE_CURVE ( 'NONE', #4644, #265, #6768, .T. ) ;
#4670 = LINE ( 'NONE', #1493, #7816 ) ;
#4671 = EDGE_CURVE ( 'NONE', #8653, #4834, #5407, .T. ) ;
#4672 = DIRECTION ( 'NONE',  ( 0.1852203786440930200, 0.9826970089172648581, 0.000000000000000000 ) ) ;
#4673 = ADVANCED_FACE ( 'NONE', ( #2339 ), #4606, .T. ) ;
#4674 = ORIENTED_EDGE ( 'NONE', *, *, #6941, .T. ) ;
#4675 = VERTEX_POINT ( 'NONE', #6064 ) ;
#4676 = LINE ( 'NONE', #9855, #5527 ) ;
#4677 = CARTESIAN_POINT ( 'NONE',  ( 0.000000000000000000, -50.00000000000000000, -4.349999999999999645 ) ) ;
#4678 = ORIENTED_EDGE ( 'NONE', *, *, #7194, .F. ) ;
#4679 = CARTESIAN_POINT ( 'NONE',  ( 34.00000000000000000, -54.00000000000000000, -6.349999999999999645 ) ) ;
#4680 = CARTESIAN_POINT ( 'NONE',  ( 16.06503928170594619, -17.85998877665544171, -6.049999999999999822 ) ) ;
#4681 = EDGE_CURVE ( 'NONE', #79, #4955, #1581, .T. ) ;
#4682 = CARTESIAN_POINT ( 'NONE',  ( 9.919753086419753174, -16.68047138047138134, -6.049999999999999822 ) ) ;
#4683 = ADVANCED_FACE ( 'NONE', ( #2243 ), #9089, .T. ) ;
#4684 = LINE ( 'NONE', #7751, #4793 ) ;
#4685 = ADVANCED_FACE ( 'NONE', ( #5355 ), #7575, .T. ) ;
#4686 = ORIENTED_EDGE ( 'NONE', *, *, #3943, .F. ) ;
#4687 = PLANE ( 'NONE',  #738 ) ;
#4688 = ORIENTED_EDGE ( 'NONE', *, *, #7387, .F. ) ;
#4689 = VERTEX_POINT ( 'NONE', #24 ) ;
#4690 = ORIENTED_EDGE ( 'NONE', *, *, #8182, .T. ) ;
#4691 = DIRECTION ( 'NONE',  ( 0.4756885665907394922, 0.8796137718424192897, 0.000000000000000000 ) ) ;
#4692 = LINE ( 'NONE', #7760, #616 ) ;
#4693 = DIRECTION ( 'NONE',  ( -0.8111511587089058617, 0.5848365564199962119, 0.000000000000000000 ) ) ;
#4694 = LINE ( 'NONE', #7763, #3999 ) ;
#4695 = ORIENTED_EDGE ( 'NONE', *, *, #5525, .T. ) ;
#4696 = ORIENTED_EDGE ( 'NONE', *, *, #5170, .T. ) ;
#4697 = PLANE ( 'NONE',  #4912 ) ;
#4698 = ORIENTED_EDGE ( 'NONE', *, *, #46, .T. ) ;
#4699 = FACE_OUTER_BOUND ( 'NONE', #501, .T. ) ;
#4700 = LINE ( 'NONE', #3341, #9236 ) ;
#4701 = LINE ( 'NONE', #23, #8022 ) ;
#4702 = DIRECTION ( 'NONE',  ( 0.000000000000000000, 0.000000000000000000, -1.000000000000000000 ) ) ;
#4703 = LINE ( 'NONE', #7774, #7664 ) ;
#4704 = LINE ( 'NONE', #7730, #7842 ) ;
#4705 = DIRECTION ( 'NONE',  ( 0.09182751138852850159, 0.9957749284613413021, 0.000000000000000000 ) ) ;
#4706 = ORIENTED_EDGE ( 'NONE', *, *, #4790, .F. ) ;
#4707 = ORIENTED_EDGE ( 'NONE', *, *, #3755, .F. ) ;
#4708 = CARTESIAN_POINT ( 'NONE',  ( 16.38630751964085164, -11.34523007856341081, -6.049999999999999822 ) ) ;
#4709 = CARTESIAN_POINT ( 'NONE',  ( 15.63894500561167256, -13.75342312008978851, -6.349999999999999645 ) ) ;
#4710 = LINE ( 'NONE', #6272, #2313 ) ;
#4711 = LINE ( 'NONE', #2866, #6256 ) ;
#4712 = DIRECTION ( 'NONE',  ( 0.6408897826407202736, -0.7676329112972751778, 0.000000000000000000 ) ) ;
#4713 = CARTESIAN_POINT ( 'NONE',  ( -4.000000000000000000, 4.000000000000000000, -4.349999999999999645 ) ) ;
#4714 = VECTOR ( 'NONE', #1123, 1000.000000000000000 ) ;
#4715 = EDGE_CURVE ( 'NONE', #1356, #9271, #3694, .T. ) ;
#4716 = ORIENTED_EDGE ( 'NONE', *, *, #3399, .T. ) ;
#4717 = ORIENTED_EDGE ( 'NONE', *, *, #4873, .F. ) ;
#4718 = DIRECTION ( 'NONE',  ( -0.000000000000000000, -0.000000000000000000, -1.000000000000000000 ) ) ;
#4719 = CARTESIAN_POINT ( 'NONE',  ( -0.9000000000000000222, -52.00000000000000711, -4.349999999999999645 ) ) ;
#4720 = EDGE_LOOP ( 'NONE', ( #2112, #7545, #8187, #7713 ) ) ;
#4721 = FACE_OUTER_BOUND ( 'NONE', #8471, .T. ) ;
#4722 = VECTOR ( 'NONE', #1492, 1000.000000000000000 ) ;
#4723 = AXIS2_PLACEMENT_3D ( 'NONE', #5832, #9012, #2007 ) ;
#4724 = DIRECTION ( 'NONE',  ( 0.9527509614267632987, 0.3037525399076988486, 0.000000000000000000 ) ) ;
#4725 = CARTESIAN_POINT ( 'NONE',  ( 16.39977553310886549, -12.29943883277216621, -6.049999999999999822 ) ) ;
#4726 = EDGE_CURVE ( 'NONE', #4965, #4331, #4508, .T. ) ;
#4727 = VECTOR ( 'NONE', #580, 1000.000000000000000 ) ;
#4728 = VECTOR ( 'NONE', #9393, 1000.000000000000000 ) ;
#4729 = ORIENTED_EDGE ( 'NONE', *, *, #6700, .T. ) ;
#4730 = CARTESIAN_POINT ( 'NONE',  ( 15.23389450056116701, -13.05656565656565604, -6.049999999999999822 ) ) ;
#4731 = ADVANCED_FACE ( 'NONE', ( #781 ), #6966, .T. ) ;
#4732 = ORIENTED_EDGE ( 'NONE', *, *, #3572, .T. ) ;
#4733 = VERTEX_POINT ( 'NONE', #9836 ) ;
#4734 = VERTEX_POINT ( 'NONE', #3740 ) ;
#4735 = DIRECTION ( 'NONE',  ( 0.000000000000000000, 1.000000000000000000, 0.000000000000000000 ) ) ;
#4736 = APPLICATION_PROTOCOL_DEFINITION ( 'draft international standard', 'automotive_design', 1998, #650 ) ;
#4737 = VECTOR ( 'NONE', #6146, 1000.000000000000000 ) ;
#4738 = ADVANCED_FACE ( 'NONE', ( #72 ), #6814, .F. ) ;
#4739 = AXIS2_PLACEMENT_3D ( 'NONE', #377, #3447, #2739 ) ;
#4740 = CARTESIAN_POINT ( 'NONE',  ( 0.8000000000000000444, -0.8000000000000000444, 0.000000000000000000 ) ) ;
#4741 = LINE ( 'NONE', #158, #7225 ) ;
#4742 = EDGE_LOOP ( 'NONE', ( #1399, #578, #3228, #1214 ) ) ;
#4743 = ORIENTED_EDGE ( 'NONE', *, *, #1597, .F. ) ;
#4744 = ADVANCED_FACE ( 'NONE', ( #3142 ), #8534, .T. ) ;
#4745 = VECTOR ( 'NONE', #5285, 1000.000000000000227 ) ;
#4746 = EDGE_LOOP ( 'NONE', ( #6760, #7146, #1981, #4463 ) ) ;
#4747 = VECTOR ( 'NONE', #7133, 1000.000000000000000 ) ;
#4748 = ADVANCED_FACE ( 'NONE', ( #5261 ), #8338, .F. ) ;
#4749 = CARTESIAN_POINT ( 'NONE',  ( 10.75937149270482607, -15.86419753086419959, -6.349999999999999645 ) ) ;
#4750 = EDGE_CURVE ( 'NONE', #8356, #9785, #4550, .T. ) ;
#4751 = ORIENTED_EDGE ( 'NONE', *, *, #8557, .T. ) ;
#4752 = CARTESIAN_POINT ( 'NONE',  ( 7.315151515151515405, -11.16161616161616266, -6.049999999999999822 ) ) ;
#4753 = CARTESIAN_POINT ( 'NONE',  ( 16.72727272727272663, -11.45353535353535435, -6.349999999999999645 ) ) ;
#4754 = DIRECTION ( 'NONE',  ( -0.9985538389640551404, 0.05376086578681477796, 0.000000000000000000 ) ) ;
#4755 = CARTESIAN_POINT ( 'NONE',  ( 22.28080808080807884, -18.93535353535353494, -6.049999999999999822 ) ) ;
#4756 = EDGE_CURVE ( 'NONE', #7714, #5896, #3793, .T. ) ;
#4757 = FACE_OUTER_BOUND ( 'NONE', #6202, .T. ) ;
#4758 = VECTOR ( 'NONE', #1342, 1000.000000000000000 ) ;
#4759 = LINE ( 'NONE', #1783, #2058 ) ;
#4760 = LINE ( 'NONE', #929, #3840 ) ;
#4761 = ORIENTED_EDGE ( 'NONE', *, *, #1167, .T. ) ;
#4762 = ORIENTED_EDGE ( 'NONE', *, *, #8620, .T. ) ;
#4763 = CARTESIAN_POINT ( 'NONE',  ( 7.342985409652076356, -18.55555555555555713, -6.349999999999999645 ) ) ;
#4764 = AXIS2_PLACEMENT_3D ( 'NONE', #4367, #4418, #448 ) ;
#4765 = FACE_OUTER_BOUND ( 'NONE', #6356, .T. ) ;
#4766 = DIRECTION ( 'NONE',  ( -0.5909758782429940238, 0.8066892284733458984, 0.000000000000000000 ) ) ;
#4767 = DIRECTION ( 'NONE',  ( -0.8608825800007336992, 0.5088036786927552235, 0.000000000000000000 ) ) ;
#4768 = DIRECTION ( 'NONE',  ( 1.000000000000000000, 0.000000000000000000, 0.000000000000000000 ) ) ;
#4769 = CARTESIAN_POINT ( 'NONE',  ( 8.503928170594836189, -11.33849607182940566, -6.049999999999999822 ) ) ;
#4770 = CARTESIAN_POINT ( 'NONE',  ( 14.28787878787878718, -14.70101010101010175, -6.349999999999999645 ) ) ;
#4771 = AXIS2_PLACEMENT_3D ( 'NONE', #328, #4960, #4482 ) ;
#4772 = ORIENTED_EDGE ( 'NONE', *, *, #7025, .F. ) ;
#4773 = EDGE_LOOP ( 'NONE', ( #9418, #4301, #7583, #5485 ) ) ;
#4774 = DIRECTION ( 'NONE',  ( -0.03814016790436040860, 0.9992723990945747703, 0.000000000000000000 ) ) ;
#4775 = DIRECTION ( 'NONE',  ( -0.000000000000000000, -1.000000000000000000, -0.000000000000000000 ) ) ;
#4776 = EDGE_LOOP ( 'NONE', ( #9720, #252, #5463, #4025 ) ) ;
#4777 = DIRECTION ( 'NONE',  ( -0.9994164030426614387, -0.03415923490461698214, 0.000000000000000000 ) ) ;
#4778 = VECTOR ( 'NONE', #8155, 1000.000000000000000 ) ;
#4779 = LINE ( 'NONE', #8661, #7809 ) ;
#4780 = DIRECTION ( 'NONE',  ( 0.3050710524058154460, 0.9523295926222223873, 0.000000000000000000 ) ) ;
#4781 = VECTOR ( 'NONE', #879, 1000.000000000000000 ) ;
#4782 = VERTEX_POINT ( 'NONE', #2289 ) ;
#4783 = DIRECTION ( 'NONE',  ( -0.000000000000000000, -0.000000000000000000, 1.000000000000000000 ) ) ;
#4784 = ORIENTED_EDGE ( 'NONE', *, *, #8559, .F. ) ;
#4785 = ORIENTED_EDGE ( 'NONE', *, *, #7701, .F. ) ;
#4786 = VECTOR ( 'NONE', #8327, 1000.000000000000000 ) ;
#4787 = VERTEX_POINT ( 'NONE', #6360 ) ;
#4788 = DIRECTION ( 'NONE',  ( 0.3825068284528553297, -0.9239526644730984284, 0.000000000000000000 ) ) ;
#4789 = ADVANCED_FACE ( 'NONE', ( #1630 ), #3289, .T. ) ;
#4790 = EDGE_CURVE ( 'NONE', #6, #319, #3945, .T. ) ;
#4792 = DIRECTION ( 'NONE',  ( 1.000000000000000000, 0.000000000000000000, 0.000000000000000000 ) ) ;
#4791 = AXIS2_PLACEMENT_3D ( 'NONE', #4958, #4038, #210 ) ;
#4793 = VECTOR ( 'NONE', #231, 1000.000000000000114 ) ;
#4794 = CARTESIAN_POINT ( 'NONE',  ( 7.131313131313131493, -17.69360269360269200, -6.049999999999999822 ) ) ;
#4795 = ORIENTED_EDGE ( 'NONE', *, *, #5483, .T. ) ;
#4796 = ORIENTED_EDGE ( 'NONE', *, *, #8870, .F. ) ;
#4797 = ORIENTED_EDGE ( 'NONE', *, *, #2576, .F. ) ;
#4798 = EDGE_CURVE ( 'NONE', #4409, #3686, #1781, .T. ) ;
#4799 = LINE ( 'NONE', #5552, #4422 ) ;
#4800 = ORIENTED_EDGE ( 'NONE', *, *, #8758, .T. ) ;
#4801 = CARTESIAN_POINT ( 'NONE',  ( 10.43535353535353494, -17.49595959595959727, -6.349999999999999645 ) ) ;
#4802 = DIRECTION ( 'NONE',  ( -0.3899127370809811755, 0.9208518108045493644, 0.000000000000000000 ) ) ;
#4803 = VECTOR ( 'NONE', #3116, 1000.000000000000114 ) ;
#4804 = CARTESIAN_POINT ( 'NONE',  ( 17.49854096520763136, -13.02558922558922738, -6.049999999999999822 ) ) ;
#4805 = DIRECTION ( 'NONE',  ( 0.8865848461654530777, 0.4625660066950230132, 0.000000000000000000 ) ) ;
#4806 = DIRECTION ( 'NONE',  ( 0.000000000000000000, -1.000000000000000000, -0.000000000000000000 ) ) ;
#4807 = EDGE_CURVE ( 'NONE', #5144, #2595, #7772, .T. ) ;
#4808 = CARTESIAN_POINT ( 'NONE',  ( 30.00000000000000000, -50.00000000000000000, 0.000000000000000000 ) ) ;
#4809 = LINE ( 'NONE', #2545, #2398 ) ;
#4810 = VECTOR ( 'NONE', #2180, 1000.000000000000000 ) ;
#4811 = ORIENTED_EDGE ( 'NONE', *, *, #327, .F. ) ;
#4812 = EDGE_CURVE ( 'NONE', #3722, #5778, #4851, .T. ) ;
#4813 = ORIENTED_EDGE ( 'NONE', *, *, #2894, .F. ) ;
#4814 = ADVANCED_FACE ( 'NONE', ( #6262 ), #8635, .T. ) ;
#4815 = CARTESIAN_POINT ( 'NONE',  ( 14.83030303030303010, -13.61010101010101003, -6.049999999999999822 ) ) ;
#4816 = CARTESIAN_POINT ( 'NONE',  ( 11.97777777777777786, -14.78742985409652100, -6.049999999999999822 ) ) ;
#4817 = DIRECTION ( 'NONE',  ( -0.000000000000000000, -0.000000000000000000, 1.000000000000000000 ) ) ;
#4818 = PLANE ( 'NONE',  #4820 ) ;
#4819 = DIRECTION ( 'NONE',  ( 0.3434880007430261006, -0.9391570653227067078, 0.000000000000000000 ) ) ;
#4820 = AXIS2_PLACEMENT_3D ( 'NONE', #5568, #381, #5018 ) ;
#4821 = CARTESIAN_POINT ( 'NONE',  ( 0.8000000000000000444, -0.8000000000000000444, -4.349999999999999645 ) ) ;
#4822 = LINE ( 'NONE', #1088, #6548 ) ;
#4823 = ORIENTED_EDGE ( 'NONE', *, *, #3079, .T. ) ;
#4824 = ORIENTED_EDGE ( 'NONE', *, *, #3093, .F. ) ;
#4825 = DIRECTION ( 'NONE',  ( 0.4921065432504917458, -0.8705349792455510105, 0.000000000000000000 ) ) ;
#4826 = LINE ( 'NONE', #7038, #4389 ) ;
#4827 = ORIENTED_EDGE ( 'NONE', *, *, #4124, .T. ) ;
#4828 = CARTESIAN_POINT ( 'NONE',  ( 11.95353535353535435, -19.00000000000000000, -6.049999999999999822 ) ) ;
#4829 = CARTESIAN_POINT ( 'NONE',  ( 16.19545454545454533, -12.69898989898989861, -6.049999999999999822 ) ) ;
#4830 = CARTESIAN_POINT ( 'NONE',  ( 16.53423120089786735, -13.02424242424242351, -6.049999999999999822 ) ) ;
#4831 = VERTEX_POINT ( 'NONE', #8731 ) ;
#4832 = LINE ( 'NONE', #1811, #2953 ) ;
#4833 = ORIENTED_EDGE ( 'NONE', *, *, #7140, .T. ) ;
#4834 = VERTEX_POINT ( 'NONE', #7017 ) ;
#4835 = ORIENTED_EDGE ( 'NONE', *, *, #8454, .T. ) ;
#4836 = DIRECTION ( 'NONE',  ( 0.000000000000000000, 1.000000000000000000, 0.000000000000000000 ) ) ;
#4837 = DIRECTION ( 'NONE',  ( 1.000000000000000000, 0.000000000000000000, 0.000000000000000000 ) ) ;
#4838 = CARTESIAN_POINT ( 'NONE',  ( 9.052525252525253308, -16.11515151515151700, -6.049999999999999822 ) ) ;
#4839 = DIRECTION ( 'NONE',  ( 0.9976618314957573785, -0.06834376325994336032, 0.000000000000000000 ) ) ;
#4840 = ORIENTED_EDGE ( 'NONE', *, *, #1730, .T. ) ;
#4841 = ORIENTED_EDGE ( 'NONE', *, *, #9160, .T. ) ;
#4842 = EDGE_CURVE ( 'NONE', #6255, #6281, #4039, .T. ) ;
#4843 = EDGE_LOOP ( 'NONE', ( #3180, #9323, #2283, #6912 ) ) ;
#4844 = ORIENTED_EDGE ( 'NONE', *, *, #5771, .F. ) ;
#4845 = DIRECTION ( 'NONE',  ( -0.3440060817780591362, -0.9389674199351686346, 0.000000000000000000 ) ) ;
#4846 = EDGE_CURVE ( 'NONE', #4543, #3720, #2540, .T. ) ;
#4847 = ORIENTED_EDGE ( 'NONE', *, *, #6759, .F. ) ;
#4848 = FACE_OUTER_BOUND ( 'NONE', #5792, .T. ) ;
#4849 = CARTESIAN_POINT ( 'NONE',  ( 16.05858585858585741, -17.69090909090909136, -6.049999999999999822 ) ) ;
#4850 = CARTESIAN_POINT ( 'NONE',  ( 10.72525252525252526, -12.64040404040404120, -6.049999999999999822 ) ) ;
#4851 = LINE ( 'NONE', #972, #6042 ) ;
#4852 = CARTESIAN_POINT ( 'NONE',  ( 16.21992143658810193, -18.38928170594837042, -6.349999999999999645 ) ) ;
#4853 = PLANE ( 'NONE',  #3339 ) ;
#4854 = EDGE_CURVE ( 'NONE', #3172, #2235, #3192, .T. ) ;
#4855 = LINE ( 'NONE', #2636, #3521 ) ;
#4856 = ORIENTED_EDGE ( 'NONE', *, *, #8129, .F. ) ;
#4857 = VERTEX_POINT ( 'NONE', #120 ) ;
#4858 = FACE_OUTER_BOUND ( 'NONE', #4076, .T. ) ;
#4859 = EDGE_CURVE ( 'NONE', #3722, #8118, #274, .T. ) ;
#4860 = ADVANCED_FACE ( 'NONE', ( #7828 ), #6415, .T. ) ;
#4861 = FACE_OUTER_BOUND ( 'NONE', #2835, .T. ) ;
#4862 = CARTESIAN_POINT ( 'NONE',  ( 8.123681257014588653, -18.66419753086419675, -6.049999999999999822 ) ) ;
#4863 = ADVANCED_FACE ( 'NONE', ( #925 ), #7068, .T. ) ;
#4864 = LINE ( 'NONE', #7990, #953 ) ;
#4865 = PLANE ( 'NONE',  #4421 ) ;
#4866 = DIRECTION ( 'NONE',  ( 0.000000000000000000, 0.000000000000000000, -1.000000000000000000 ) ) ;
#4867 = CARTESIAN_POINT ( 'NONE',  ( 21.14949494949495445, -18.93535353535353494, -6.349999999999999645 ) ) ;
#4868 = EDGE_CURVE ( 'NONE', #6854, #9785, #9384, .T. ) ;
#4869 = DIRECTION ( 'NONE',  ( -0.8401704742042039875, 0.5423223896129339971, 0.000000000000000000 ) ) ;
#4870 = ORIENTED_EDGE ( 'NONE', *, *, #2883, .F. ) ;
#4871 = ORIENTED_EDGE ( 'NONE', *, *, #1608, .T. ) ;
#4872 = DIRECTION ( 'NONE',  ( 0.000000000000000000, 0.000000000000000000, -1.000000000000000000 ) ) ;
#4873 = EDGE_CURVE ( 'NONE', #2235, #1313, #7878, .T. ) ;
#4874 = CARTESIAN_POINT ( 'NONE',  ( 13.87676767676767753, -12.55151515151515085, -6.049999999999999822 ) ) ;
#4875 = FACE_OUTER_BOUND ( 'NONE', #9555, .T. ) ;
#4876 = EDGE_CURVE ( 'NONE', #8770, #2507, #2270, .T. ) ;
#4877 = EDGE_CURVE ( 'NONE', #3908, #3540, #7657, .T. ) ;
#4878 = CARTESIAN_POINT ( 'NONE',  ( 7.193939393939395188, -14.44242424242424150, -6.049999999999999822 ) ) ;
#4879 = VECTOR ( 'NONE', #2657, 1000.000000000000000 ) ;
#4880 = CYLINDRICAL_SURFACE ( 'NONE', #7671, 1.099999999999996758 ) ;
#4881 = EDGE_CURVE ( 'NONE', #9739, #2416, #5336, .T. ) ;
#4882 = DIRECTION ( 'NONE',  ( 0.000000000000000000, 0.000000000000000000, -1.000000000000000000 ) ) ;
#4883 = EDGE_LOOP ( 'NONE', ( #8572, #8866, #9760, #7035 ) ) ;
#4884 = FACE_OUTER_BOUND ( 'NONE', #1995, .T. ) ;
#4885 = VECTOR ( 'NONE', #7886, 1000.000000000000114 ) ;
#4886 = ORIENTED_EDGE ( 'NONE', *, *, #2354, .T. ) ;
#4887 = EDGE_LOOP ( 'NONE', ( #7908, #5253, #2680, #2329 ) ) ;
#4888 = AXIS2_PLACEMENT_3D ( 'NONE', #4036, #9582, #324 ) ;
#4889 = ORIENTED_EDGE ( 'NONE', *, *, #15, .F. ) ;
#4890 = CARTESIAN_POINT ( 'NONE',  ( 12.55757575757575850, -15.64646464646464885, -6.349999999999999645 ) ) ;
#4891 = CARTESIAN_POINT ( 'NONE',  ( 9.194612794612796236, -15.87340067340067407, -6.049999999999999822 ) ) ;
#4892 = VECTOR ( 'NONE', #1084, 1000.000000000000000 ) ;
#4893 = DIRECTION ( 'NONE',  ( 0.000000000000000000, -1.000000000000000000, 0.000000000000000000 ) ) ;
#4894 = AXIS2_PLACEMENT_3D ( 'NONE', #3909, #9910, #6988 ) ;
#4895 = PLANE ( 'NONE',  #6580 ) ;
#4896 = VERTEX_POINT ( 'NONE', #48 ) ;
#4897 = EDGE_LOOP ( 'NONE', ( #1701, #5192, #194, #8105 ) ) ;
#4898 = VERTEX_POINT ( 'NONE', #9123 ) ;
#4899 = ORIENTED_EDGE ( 'NONE', *, *, #4200, .T. ) ;
#4900 = CARTESIAN_POINT ( 'NONE',  ( 18.81481481481481310, -13.16139169472502779, -6.049999999999999822 ) ) ;
#4901 = ORIENTED_EDGE ( 'NONE', *, *, #7027, .F. ) ;
#4903 = CARTESIAN_POINT ( 'NONE',  ( 12.82626262626262736, -11.05656565656565604, -6.049999999999999822 ) ) ;
#4902 = AXIS2_PLACEMENT_3D ( 'NONE', #8124, #8784, #2828 ) ;
#4904 = PLANE ( 'NONE',  #8426 ) ;
#4905 = VECTOR ( 'NONE', #7735, 1000.000000000000114 ) ;
#4906 = CARTESIAN_POINT ( 'NONE',  ( 19.07811447811447891, -18.26644219977553263, -6.349999999999999645 ) ) ;
#4907 = CARTESIAN_POINT ( 'NONE',  ( 11.27115600448933641, -17.86150392817059540, -6.049999999999999822 ) ) ;
#4908 = DIRECTION ( 'NONE',  ( 0.9548139642876571909, 0.2972041278335289527, 0.000000000000000000 ) ) ;
#4909 = CARTESIAN_POINT ( 'NONE',  ( 17.31010101010101110, -17.81010101010101110, -6.049999999999999822 ) ) ;
#4910 = DIRECTION ( 'NONE',  ( 0.4253809521590410925, 0.9050143896868533266, 0.000000000000000000 ) ) ;
#4911 = AXIS2_PLACEMENT_3D ( 'NONE', #9545, #7840, #2645 ) ;
#4912 = AXIS2_PLACEMENT_3D ( 'NONE', #1672, #3184, #1725 ) ;
#4913 = ORIENTED_EDGE ( 'NONE', *, *, #5652, .T. ) ;
#4914 = EDGE_LOOP ( 'NONE', ( #1537, #8878, #3050, #8713 ) ) ;
#4915 = CARTESIAN_POINT ( 'NONE',  ( 8.123681257014588653, -18.66419753086419675, -6.349999999999999645 ) ) ;
#4916 = DIRECTION ( 'NONE',  ( 0.000000000000000000, -0.000000000000000000, 1.000000000000000000 ) ) ;
#4917 = CARTESIAN_POINT ( 'NONE',  ( 11.03232323232323253, -17.23434343434343319, -6.049999999999999822 ) ) ;
#4918 = DIRECTION ( 'NONE',  ( -0.3825068284528553297, 0.9239526644730984284, 0.000000000000000000 ) ) ;
#4919 = LINE ( 'NONE', #6427, #1053 ) ;
#4920 = AXIS2_PLACEMENT_3D ( 'NONE', #2973, #8519, #1613 ) ;
#4921 = CARTESIAN_POINT ( 'NONE',  ( 17.24287317620650839, -12.48193041526374891, -6.049999999999999822 ) ) ;
#4922 = ADVANCED_FACE ( 'NONE', ( #8409, #6046 ), #707, .F. ) ;
#4923 = CARTESIAN_POINT ( 'NONE',  ( 16.34248035914702513, -12.96060606060606091, -6.049999999999999822 ) ) ;
#4924 = DIRECTION ( 'NONE',  ( 0.000000000000000000, 0.000000000000000000, -1.000000000000000000 ) ) ;
#4925 = ADVANCED_FACE ( 'NONE', ( #5388 ), #3721, .F. ) ;
#4926 = AXIS2_PLACEMENT_3D ( 'NONE', #8958, #2059, #4621 ) ;
#4927 = VERTEX_POINT ( 'NONE', #4641 ) ;
#4928 = ORIENTED_EDGE ( 'NONE', *, *, #8821, .F. ) ;
#4929 = CARTESIAN_POINT ( 'NONE',  ( 30.90000000000000213, -52.00000000000000711, -6.349999999999999645 ) ) ;
#4930 = DIRECTION ( 'NONE',  ( 0.000000000000000000, 0.000000000000000000, -1.000000000000000000 ) ) ;
#4931 = EDGE_CURVE ( 'NONE', #6232, #9773, #6794, .T. ) ;
#4932 = CARTESIAN_POINT ( 'NONE',  ( 18.92727272727272592, -18.89494949494949338, -6.049999999999999822 ) ) ;
#4933 = CARTESIAN_POINT ( 'NONE',  ( 15.43344556677889834, -12.05824915824915777, -6.049999999999999822 ) ) ;
#4934 = AXIS2_PLACEMENT_3D ( 'NONE', #3946, #1022, #7110 ) ;
#4935 = CARTESIAN_POINT ( 'NONE',  ( 32.00000000000000000, -52.00000000000000711, -6.349999999999999645 ) ) ;
#4936 = ADVANCED_FACE ( 'NONE', ( #6850 ), #4687, .T. ) ;
#4937 = EDGE_CURVE ( 'NONE', #4857, #7487, #3775, .T. ) ;
#4938 = CARTESIAN_POINT ( 'NONE',  ( 18.34006734006733907, -13.81661054994388316, -6.049999999999999822 ) ) ;
#4939 = ORIENTED_EDGE ( 'NONE', *, *, #2228, .F. ) ;
#4940 = LINE ( 'NONE', #3321, #2632 ) ;
#4941 = AXIS2_PLACEMENT_3D ( 'NONE', #7264, #2968, #2633 ) ;
#4942 = ORIENTED_EDGE ( 'NONE', *, *, #363, .F. ) ;
#4943 = ORIENTED_EDGE ( 'NONE', *, *, #2949, .F. ) ;
#4944 = EDGE_CURVE ( 'NONE', #7131, #6584, #2222, .T. ) ;
#4945 = VERTEX_POINT ( 'NONE', #5 ) ;
#4946 = PLANE ( 'NONE',  #2878 ) ;
#4947 = DIRECTION ( 'NONE',  ( 0.000000000000000000, 0.000000000000000000, -1.000000000000000000 ) ) ;
#4948 =( LENGTH_UNIT ( ) NAMED_UNIT ( * ) SI_UNIT ( .MILLI., .METRE. ) );
#4949 = VECTOR ( 'NONE', #7137, 1000.000000000000227 ) ;
#4950 = CARTESIAN_POINT ( 'NONE',  ( 21.14949494949495445, -15.54141414141414224, -6.049999999999999822 ) ) ;
#4951 = VERTEX_POINT ( 'NONE', #8562 ) ;
#4952 = VERTEX_POINT ( 'NONE', #3922 ) ;
#4953 = ORIENTED_EDGE ( 'NONE', *, *, #5056, .F. ) ;
#4954 = ORIENTED_EDGE ( 'NONE', *, *, #7190, .F. ) ;
#4955 = VERTEX_POINT ( 'NONE', #9272 ) ;
#4956 = DIRECTION ( 'NONE',  ( -0.7754058937410098773, 0.6314631421957308532, 0.000000000000000000 ) ) ;
#4957 = DIRECTION ( 'NONE',  ( 0.9500222337611933243, 0.3121822470279062012, 0.000000000000000000 ) ) ;
#4958 = CARTESIAN_POINT ( 'NONE',  ( 22.92727272727272947, -12.30101010101010317, -6.049999999999999822 ) ) ;
#4959 = AXIS2_PLACEMENT_3D ( 'NONE', #5395, #769, #6149 ) ;
#4960 = DIRECTION ( 'NONE',  ( 0.000000000000000000, -1.000000000000000000, -0.000000000000000000 ) ) ;
#4961 = CARTESIAN_POINT ( 'NONE',  ( 17.49854096520763136, -13.02558922558922738, -6.049999999999999822 ) ) ;
#4962 = DIRECTION ( 'NONE',  ( -0.9595255049825908156, 0.2816217415042807648, 0.000000000000000000 ) ) ;
#4963 = VERTEX_POINT ( 'NONE', #3071 ) ;
#4964 = VECTOR ( 'NONE', #7365, 1000.000000000000000 ) ;
#4965 = VERTEX_POINT ( 'NONE', #6944 ) ;
#4966 = AXIS2_PLACEMENT_3D ( 'NONE', #9452, #1799, #7942 ) ;
#4967 = CARTESIAN_POINT ( 'NONE',  ( 8.434118967452299387, -14.74702581369248122, -6.049999999999999822 ) ) ;
#4968 = CARTESIAN_POINT ( 'NONE',  ( 12.21750841750841765, -17.16924803591470194, -6.049999999999999822 ) ) ;
#4969 = DIRECTION ( 'NONE',  ( 0.000000000000000000, 1.000000000000000000, 0.000000000000000000 ) ) ;
#4970 = LINE ( 'NONE', #4005, #3176 ) ;
#4971 = DIRECTION ( 'NONE',  ( 0.000000000000000000, 0.000000000000000000, -1.000000000000000000 ) ) ;
#4972 = DIRECTION ( 'NONE',  ( 0.000000000000000000, 0.000000000000000000, -1.000000000000000000 ) ) ;
#4973 = VECTOR ( 'NONE', #7053, 1000.000000000000000 ) ;
#4974 = FACE_OUTER_BOUND ( 'NONE', #5937, .T. ) ;
#4975 = AXIS2_PLACEMENT_3D ( 'NONE', #1622, #6109, #1571 ) ;
#4976 = DIRECTION ( 'NONE',  ( -0.9664637130644359031, 0.2568032151856820544, 0.000000000000000000 ) ) ;
#4977 = ORIENTED_EDGE ( 'NONE', *, *, #7510, .T. ) ;
#4978 = EDGE_LOOP ( 'NONE', ( #9685, #1776, #8752, #1487 ) ) ;
#4979 = CARTESIAN_POINT ( 'NONE',  ( 33.09999999999999432, -52.00000000000000711, -6.349999999999999645 ) ) ;
#4980 = EDGE_CURVE ( 'NONE', #8868, #3601, #7712, .T. ) ;
#4981 = FACE_OUTER_BOUND ( 'NONE', #9539, .T. ) ;
#4982 = DIRECTION ( 'NONE',  ( 0.1971692766898394122, 0.9803694590967251266, 0.000000000000000000 ) ) ;
#4983 = VECTOR ( 'NONE', #1453, 1000.000000000000000 ) ;
#4984 = EDGE_CURVE ( 'NONE', #3951, #683, #5292, .T. ) ;
#4985 = DIRECTION ( 'NONE',  ( 0.9793196221928242018, -0.2023192467070402956, 0.000000000000000000 ) ) ;
#4986 = DIRECTION ( 'NONE',  ( 0.2805669918128242402, 0.9598344456754521747, 0.000000000000000000 ) ) ;
#4987 = ADVANCED_FACE ( 'NONE', ( #8366 ), #1655, .T. ) ;
#4988 = LINE ( 'NONE', #8009, #7622 ) ;
#4989 = VERTEX_POINT ( 'NONE', #100 ) ;
#4990 = DIRECTION ( 'NONE',  ( 0.000000000000000000, 0.000000000000000000, -1.000000000000000000 ) ) ;
#4991 = ORIENTED_EDGE ( 'NONE', *, *, #6468, .T. ) ;
#4992 = ORIENTED_EDGE ( 'NONE', *, *, #307, .F. ) ;
#4993 = ORIENTED_EDGE ( 'NONE', *, *, #3129, .T. ) ;
#4994 = CARTESIAN_POINT ( 'NONE',  ( 9.210101010101009678, -11.41414141414141525, -6.349999999999999645 ) ) ;
#4995 = EDGE_CURVE ( 'NONE', #3575, #9710, #2316, .T. ) ;
#4996 = PLANE ( 'NONE',  #3929 ) ;
#4997 = EDGE_CURVE ( 'NONE', #4955, #1335, #6189, .T. ) ;
#4998 = ADVANCED_FACE ( 'NONE', ( #2423 ), #5486, .T. ) ;
#4999 = CARTESIAN_POINT ( 'NONE',  ( 14.47272727272727266, -17.04253647586980946, -6.349999999999999645 ) ) ;
#5000 = EDGE_CURVE ( 'NONE', #352, #7973, #9166, .T. ) ;
#5001 = EDGE_LOOP ( 'NONE', ( #4464, #4796, #2102, #8954 ) ) ;
#5002 = VERTEX_POINT ( 'NONE', #3167 ) ;
#5003 = ORIENTED_EDGE ( 'NONE', *, *, #5525, .F. ) ;
#5004 = VERTEX_POINT ( 'NONE', #6239 ) ;
#5005 = EDGE_LOOP ( 'NONE', ( #4426, #2194, #9314, #6876 ) ) ;
#5006 = CARTESIAN_POINT ( 'NONE',  ( 16.39618406285072894, -12.98787878787878824, -6.049999999999999822 ) ) ;
#5007 = LINE ( 'NONE', #4150, #9880 ) ;
#5008 = DIRECTION ( 'NONE',  ( 0.000000000000000000, 0.000000000000000000, -1.000000000000000000 ) ) ;
#5009 = CARTESIAN_POINT ( 'NONE',  ( 10.22999999999999865, -36.59999999999999432, -6.349999999999999645 ) ) ;
#5010 = CARTESIAN_POINT ( 'NONE',  ( 23.04848484848484702, -13.73939393939394016, -6.349999999999999645 ) ) ;
#5011 = DIRECTION ( 'NONE',  ( -0.9589070505085043328, 0.2837204054788456942, 0.000000000000000000 ) ) ;
#5012 = ORIENTED_EDGE ( 'NONE', *, *, #2090, .F. ) ;
#5013 = ORIENTED_EDGE ( 'NONE', *, *, #190, .F. ) ;
#5014 = DIRECTION ( 'NONE',  ( 0.000000000000000000, 0.000000000000000000, -1.000000000000000000 ) ) ;
#5015 = ORIENTED_EDGE ( 'NONE', *, *, #5349, .F. ) ;
#5016 = LINE ( 'NONE', #1893, #3243 ) ;
#5017 = CARTESIAN_POINT ( 'NONE',  ( 21.14949494949495445, -17.44040404040404013, -6.049999999999999822 ) ) ;
#5018 = DIRECTION ( 'NONE',  ( 0.7896229568812216382, -0.6135923613981486557, 0.000000000000000000 ) ) ;
#5019 = DIRECTION ( 'NONE',  ( -0.5222710644115311496, -0.8527795349786755352, 0.000000000000000000 ) ) ;
#5020 = CARTESIAN_POINT ( 'NONE',  ( 6.978002244668909171, -17.95959595959595845, -6.049999999999999822 ) ) ;
#5021 = LINE ( 'NONE', #5821, #1246 ) ;
#5022 = PLANE ( 'NONE',  #5766 ) ;
#5023 = ORIENTED_EDGE ( 'NONE', *, *, #7752, .T. ) ;
#5024 = VERTEX_POINT ( 'NONE', #5286 ) ;
#5025 = CARTESIAN_POINT ( 'NONE',  ( 12.35555555555555785, -18.51919191919191832, -6.049999999999999822 ) ) ;
#5026 = DIRECTION ( 'NONE',  ( -0.7284942418827192734, 0.6850519247062387684, 0.000000000000000000 ) ) ;
#5027 = DIRECTION ( 'NONE',  ( 0.8871582244858522426, 0.4614653667688512484, 0.000000000000000000 ) ) ;
#5028 = LINE ( 'NONE', #7396, #744 ) ;
#5029 = DIRECTION ( 'NONE',  ( 0.000000000000000000, 0.000000000000000000, -1.000000000000000000 ) ) ;
#5030 = EDGE_CURVE ( 'NONE', #3119, #4545, #4581, .T. ) ;
#5031 = ORIENTED_EDGE ( 'NONE', *, *, #4790, .T. ) ;
#5032 = CARTESIAN_POINT ( 'NONE',  ( 17.79595959595959442, -12.58787878787878789, -6.049999999999999822 ) ) ;
#5033 = VERTEX_POINT ( 'NONE', #6041 ) ;
#5034 = VERTEX_POINT ( 'NONE', #7704 ) ;
#5035 = VECTOR ( 'NONE', #2415, 1000.000000000000000 ) ;
#5036 = ORIENTED_EDGE ( 'NONE', *, *, #7004, .T. ) ;
#5037 = CARTESIAN_POINT ( 'NONE',  ( 9.771717171717170913, -14.44242424242424150, -6.049999999999999822 ) ) ;
#5038 = CARTESIAN_POINT ( 'NONE',  ( 12.22020202020201829, -18.67497194163860996, -6.349999999999999645 ) ) ;
#5039 = EDGE_CURVE ( 'NONE', #3876, #2604, #7043, .T. ) ;
#5040 = DIRECTION ( 'NONE',  ( 0.7021958625019945055, 0.7119838275446149778, 0.000000000000000000 ) ) ;
#5041 = EDGE_CURVE ( 'NONE', #6308, #1498, #9267, .T. ) ;
#5042 = AXIS2_PLACEMENT_3D ( 'NONE', #7106, #4240, #4956 ) ;
#5043 = ORIENTED_EDGE ( 'NONE', *, *, #5174, .T. ) ;
#5044 = ORIENTED_EDGE ( 'NONE', *, *, #264, .F. ) ;
#5045 = ORIENTED_EDGE ( 'NONE', *, *, #9415, .F. ) ;
#5046 = EDGE_LOOP ( 'NONE', ( #9737, #8470, #3111, #8159 ) ) ;
#5047 = ORIENTED_EDGE ( 'NONE', *, *, #1706, .T. ) ;
#5048 = LINE ( 'NONE', #5147, #3592 ) ;
#5049 = DIRECTION ( 'NONE',  ( 0.000000000000000000, 0.000000000000000000, -1.000000000000000000 ) ) ;
#5050 = EDGE_CURVE ( 'NONE', #9198, #9097, #3870, .T. ) ;
#5051 = CARTESIAN_POINT ( 'NONE',  ( 10.95432098765432016, -17.81290684624017828, -6.049999999999999822 ) ) ;
#5052 = VECTOR ( 'NONE', #8604, 1000.000000000000114 ) ;
#5053 = AXIS2_PLACEMENT_3D ( 'NONE', #5134, #9663, #8252 ) ;
#5054 = DIRECTION ( 'NONE',  ( -0.2651988458675109683, -0.9641937420200051845, 0.000000000000000000 ) ) ;
#5055 = CARTESIAN_POINT ( 'NONE',  ( 18.71986531986532043, -13.44219977553310841, -6.049999999999999822 ) ) ;
#5056 = EDGE_CURVE ( 'NONE', #1322, #3575, #1455, .T. ) ;
#5057 = EDGE_CURVE ( 'NONE', #2874, #1203, #6091, .T. ) ;
#5058 = ORIENTED_EDGE ( 'NONE', *, *, #9156, .T. ) ;
#5059 = EDGE_CURVE ( 'NONE', #8106, #8253, #7798, .T. ) ;
#5060 = VECTOR ( 'NONE', #9942, 1000.000000000000000 ) ;
#5061 = ORIENTED_EDGE ( 'NONE', *, *, #2104, .F. ) ;
#5062 = VECTOR ( 'NONE', #3213, 1000.000000000000000 ) ;
#5063 = CARTESIAN_POINT ( 'NONE',  ( 19.76999999999999957, -31.39999999999999858, -6.349999999999999645 ) ) ;
#5064 = ORIENTED_EDGE ( 'NONE', *, *, #7020, .T. ) ;
#5065 = DIRECTION ( 'NONE',  ( -0.3292269221377843169, 0.9442508320037008573, 0.000000000000000000 ) ) ;
#5066 = DIRECTION ( 'NONE',  ( 1.000000000000000000, 0.000000000000000000, 0.000000000000000000 ) ) ;
#5067 = ADVANCED_FACE ( 'NONE', ( #3967 ), #6994, .T. ) ;
#5068 = DIRECTION ( 'NONE',  ( 0.000000000000000000, 0.000000000000000000, -1.000000000000000000 ) ) ;
#5069 = CARTESIAN_POINT ( 'NONE',  ( 32.00000000000000000, 2.000000000000000000, -4.349999999999999645 ) ) ;
#5070 = VECTOR ( 'NONE', #8881, 1000.000000000000000 ) ;
#5071 = CARTESIAN_POINT ( 'NONE',  ( 10.55555555555555536, -15.15353535353535541, -6.349999999999999645 ) ) ;
#5072 = VECTOR ( 'NONE', #6355, 1000.000000000000000 ) ;
#5073 = DIRECTION ( 'NONE',  ( -1.000000000000000000, 0.000000000000000000, 0.000000000000000000 ) ) ;
#5074 = ORIENTED_EDGE ( 'NONE', *, *, #6767, .F. ) ;
#5075 = ORIENTED_EDGE ( 'NONE', *, *, #258, .F. ) ;
#5076 = DIRECTION ( 'NONE',  ( -0.2182138813464221394, -0.9759009693548468256, 0.000000000000000000 ) ) ;
#5077 = VECTOR ( 'NONE', #2867, 1000.000000000000227 ) ;
#5078 = DIRECTION ( 'NONE',  ( 0.000000000000000000, 0.000000000000000000, 1.000000000000000000 ) ) ;
#5079 = CARTESIAN_POINT ( 'NONE',  ( -4.000000000000000000, -54.00000000000000000, -4.349999999999999645 ) ) ;
#5080 = PLANE ( 'NONE',  #4764 ) ;
#5081 = CARTESIAN_POINT ( 'NONE',  ( 12.82626262626262736, -13.61010101010101003, -6.049999999999999822 ) ) ;
#5082 = VECTOR ( 'NONE', #8579, 1000.000000000000227 ) ;
#5083 = ORIENTED_EDGE ( 'NONE', *, *, #8362, .T. ) ;
#5084 = CARTESIAN_POINT ( 'NONE',  ( 22.92727272727272947, -12.30101010101010317, -6.049999999999999822 ) ) ;
#5085 = ORIENTED_EDGE ( 'NONE', *, *, #1610, .T. ) ;
#5086 = VERTEX_POINT ( 'NONE', #5433 ) ;
#5087 = CARTESIAN_POINT ( 'NONE',  ( 12.02424242424242351, -16.63030303030302903, -6.049999999999999822 ) ) ;
#5088 = ORIENTED_EDGE ( 'NONE', *, *, #243, .T. ) ;
#5089 = DIRECTION ( 'NONE',  ( -1.000000000000000000, 0.000000000000000000, 0.000000000000000000 ) ) ;
#5090 = AXIS2_PLACEMENT_3D ( 'NONE', #5118, #3595, #6674 ) ;
#5091 = CARTESIAN_POINT ( 'NONE',  ( 18.48787878787878824, -17.92727272727272592, -6.049999999999999822 ) ) ;
#5092 = LINE ( 'NONE', #8827, #5432 ) ;
#5093 = VECTOR ( 'NONE', #9363, 1000.000000000000000 ) ;
#5094 = ORIENTED_EDGE ( 'NONE', *, *, #3060, .T. ) ;
#5095 = ORIENTED_EDGE ( 'NONE', *, *, #5899, .T. ) ;
#5096 = ORIENTED_EDGE ( 'NONE', *, *, #7826, .T. ) ;
#5097 = ORIENTED_EDGE ( 'NONE', *, *, #858, .F. ) ;
#5098 = EDGE_CURVE ( 'NONE', #5949, #2086, #9116, .T. ) ;
#5099 = ORIENTED_EDGE ( 'NONE', *, *, #2701, .T. ) ;
#5100 = LINE ( 'NONE', #2262, #1336 ) ;
#5101 = PLANE ( 'NONE',  #2492 ) ;
#5102 = CARTESIAN_POINT ( 'NONE',  ( 0.000000000000000000, 0.000000000000000000, -6.049999999999999822 ) ) ;
#5103 = EDGE_CURVE ( 'NONE', #4733, #4338, #2264, .T. ) ;
#5104 = VECTOR ( 'NONE', #8651, 1000.000000000000000 ) ;
#5105 = LINE ( 'NONE', #8036, #2542 ) ;
#5106 = DIRECTION ( 'NONE',  ( -0.6558824449652693733, -0.7548630461125913627, 0.000000000000000000 ) ) ;
#5107 = EDGE_CURVE ( 'NONE', #2921, #1028, #8514, .T. ) ;
#5108 = ORIENTED_EDGE ( 'NONE', *, *, #3150, .F. ) ;
#5109 = ORIENTED_EDGE ( 'NONE', *, *, #3811, .T. ) ;
#5110 = LINE ( 'NONE', #7228, #7483 ) ;
#5111 = ORIENTED_EDGE ( 'NONE', *, *, #657, .F. ) ;
#5112 = LINE ( 'NONE', #8188, #9862 ) ;
#5113 = DIRECTION ( 'NONE',  ( 0.7394485513427015988, 0.6732130717070041737, 0.000000000000000000 ) ) ;
#5114 = AXIS2_PLACEMENT_3D ( 'NONE', #2379, #1621, #1008 ) ;
#5115 = DIRECTION ( 'NONE',  ( 0.9966516193529920686, -0.08176521045688499301, 0.000000000000000000 ) ) ;
#5116 = EDGE_CURVE ( 'NONE', #9271, #5449, #2215, .T. ) ;
#5117 = CARTESIAN_POINT ( 'NONE',  ( 7.131313131313131493, -17.69360269360269200, -6.049999999999999822 ) ) ;
#5118 = CARTESIAN_POINT ( 'NONE',  ( 9.936026936026939538, -12.58900112233445512, -6.049999999999999822 ) ) ;
#5119 = LINE ( 'NONE', #8193, #7355 ) ;
#5120 = LINE ( 'NONE', #8145, #8984 ) ;
#5121 = VECTOR ( 'NONE', #3738, 1000.000000000000114 ) ;
#5122 = EDGE_CURVE ( 'NONE', #6793, #2903, #701, .T. ) ;
#5123 = AXIS2_PLACEMENT_3D ( 'NONE', #1387, #1332, #1286 ) ;
#5124 = EDGE_LOOP ( 'NONE', ( #6217, #2559, #4022, #576 ) ) ;
#5125 = EDGE_LOOP ( 'NONE', ( #8922, #2582 ) ) ;
#5126 = CARTESIAN_POINT ( 'NONE',  ( 21.14949494949495445, -15.09696969696969759, -6.049999999999999822 ) ) ;
#5127 = CARTESIAN_POINT ( 'NONE',  ( 16.26189674523007866, -12.87766554433220989, -6.049999999999999822 ) ) ;
#5128 = DIRECTION ( 'NONE',  ( -0.8097784965846119842, 0.5867357041029339637, 0.000000000000000000 ) ) ;
#5129 = AXIS2_PLACEMENT_3D ( 'NONE', #619, #2034, #5106 ) ;
#5130 = FACE_OUTER_BOUND ( 'NONE', #2144, .T. ) ;
#5131 = DIRECTION ( 'NONE',  ( -0.9547688753867608069, -0.2973489441593833993, 0.000000000000000000 ) ) ;
#5132 = ORIENTED_EDGE ( 'NONE', *, *, #4944, .F. ) ;
#5133 = CIRCLE ( 'NONE', #8842, 1.099999999999996758 ) ;
#5134 = CARTESIAN_POINT ( 'NONE',  ( 0.000000000000000000, 0.000000000000000000, -6.049999999999999822 ) ) ;
#5135 = ORIENTED_EDGE ( 'NONE', *, *, #3610, .F. ) ;
#5136 = ORIENTED_EDGE ( 'NONE', *, *, #2328, .F. ) ;
#5137 = CARTESIAN_POINT ( 'NONE',  ( 10.22999999999999865, -31.39999999999999858, -4.349999999999999645 ) ) ;
#5138 = ORIENTED_EDGE ( 'NONE', *, *, #5107, .F. ) ;
#5139 = CARTESIAN_POINT ( 'NONE',  ( 13.87676767676767753, -15.84444444444444500, -6.349999999999999645 ) ) ;
#5140 = CARTESIAN_POINT ( 'NONE',  ( 0.8000000000000000444, -0.8000000000000000444, 0.000000000000000000 ) ) ;
#5141 = CARTESIAN_POINT ( 'NONE',  ( 9.211447811447809997, -12.53176206509539803, -6.049999999999999822 ) ) ;
#5142 = ORIENTED_EDGE ( 'NONE', *, *, #2014, .T. ) ;
#5143 = ORIENTED_EDGE ( 'NONE', *, *, #3502, .F. ) ;
#5144 = VERTEX_POINT ( 'NONE', #6845 ) ;
#5145 = EDGE_LOOP ( 'NONE', ( #4588, #7524, #5111, #7985 ) ) ;
#5146 = ORIENTED_EDGE ( 'NONE', *, *, #7027, .T. ) ;
#5147 = CARTESIAN_POINT ( 'NONE',  ( 15.90213243546576649, -12.17946127946127888, -6.049999999999999822 ) ) ;
#5148 = LINE ( 'NONE', #9681, #6346 ) ;
#5149 = FACE_OUTER_BOUND ( 'NONE', #7899, .T. ) ;
#5150 = DIRECTION ( 'NONE',  ( 0.9641937420200051845, -0.2651988458675109683, 0.000000000000000000 ) ) ;
#5151 = EDGE_CURVE ( 'NONE', #1265, #884, #3018, .T. ) ;
#5152 = CARTESIAN_POINT ( 'NONE',  ( 10.22999999999999865, -31.39999999999999858, -6.349999999999999645 ) ) ;
#5153 = ORIENTED_EDGE ( 'NONE', *, *, #8808, .F. ) ;
#5154 = EDGE_CURVE ( 'NONE', #2349, #4665, #1504, .T. ) ;
#5155 = ORIENTED_EDGE ( 'NONE', *, *, #3502, .T. ) ;
#5156 = LINE ( 'NONE', #2886, #5542 ) ;
#5157 = ORIENTED_EDGE ( 'NONE', *, *, #3998, .F. ) ;
#5158 = DIRECTION ( 'NONE',  ( -0.4005288483999244198, 0.9162841489403984463, 0.000000000000000000 ) ) ;
#5159 = CARTESIAN_POINT ( 'NONE',  ( 15.53737373737373773, -13.67070707070707059, -6.049999999999999822 ) ) ;
#5160 = DIRECTION ( 'NONE',  ( 0.000000000000000000, 0.000000000000000000, -1.000000000000000000 ) ) ;
#5161 = CARTESIAN_POINT ( 'NONE',  ( 9.759595959595959158, -16.95151515151515653, -6.049999999999999822 ) ) ;
#5162 = EDGE_CURVE ( 'NONE', #5518, #773, #2310, .T. ) ;
#5163 = PLANE ( 'NONE',  #7175 ) ;
#5164 = DIRECTION ( 'NONE',  ( 0.000000000000000000, 0.000000000000000000, -1.000000000000000000 ) ) ;
#5165 = CARTESIAN_POINT ( 'NONE',  ( 15.63030303030303259, -12.37272727272727302, -6.049999999999999822 ) ) ;
#5166 = CARTESIAN_POINT ( 'NONE',  ( 20.82626262626262559, -11.01616161616161627, -6.049999999999999822 ) ) ;
#5167 = ADVANCED_FACE ( 'NONE', ( #4635 ), #804, .T. ) ;
#5168 = ORIENTED_EDGE ( 'NONE', *, *, #9003, .T. ) ;
#5169 = VERTEX_POINT ( 'NONE', #2662 ) ;
#5170 = EDGE_CURVE ( 'NONE', #7487, #2088, #5528, .T. ) ;
#5171 = FACE_OUTER_BOUND ( 'NONE', #9108, .T. ) ;
#5172 = CARTESIAN_POINT ( 'NONE',  ( 6.978002244668909171, -17.95959595959595845, -6.349999999999999645 ) ) ;
#5173 = DIRECTION ( 'NONE',  ( 0.5222710644115311496, 0.8527795349786755352, 0.000000000000000000 ) ) ;
#5174 = EDGE_CURVE ( 'NONE', #9262, #9206, #3368, .T. ) ;
#5175 = DIRECTION ( 'NONE',  ( -0.000000000000000000, 1.000000000000000000, 0.000000000000000000 ) ) ;
#5176 = CARTESIAN_POINT ( 'NONE',  ( 7.331088664421997692, -14.91694725028058244, -6.049999999999999822 ) ) ;
#5177 = ADVANCED_FACE ( 'NONE', ( #1703 ), #9512, .T. ) ;
#5178 = ADVANCED_FACE ( 'NONE', ( #7136 ), #7902, .T. ) ;
#5179 = VERTEX_POINT ( 'NONE', #3260 ) ;
#5180 = EDGE_CURVE ( 'NONE', #1509, #5911, #8708, .T. ) ;
#5181 = PLANE ( 'NONE',  #1840 ) ;
#5182 = ORIENTED_EDGE ( 'NONE', *, *, #3150, .T. ) ;
#5183 = ORIENTED_EDGE ( 'NONE', *, *, #8874, .T. ) ;
#5184 = CARTESIAN_POINT ( 'NONE',  ( 7.858698092031422888, -18.83793490460157116, -6.349999999999999645 ) ) ;
#5185 = ORIENTED_EDGE ( 'NONE', *, *, #7079, .F. ) ;
#5186 = CARTESIAN_POINT ( 'NONE',  ( 7.193939393939395188, -13.40808080808080760, -6.049999999999999822 ) ) ;
#5187 = LINE ( 'NONE', #6843, #8774 ) ;
#5188 = EDGE_CURVE ( 'NONE', #6889, #5837, #5736, .T. ) ;
#5189 = CARTESIAN_POINT ( 'NONE',  ( 16.26189674523007866, -12.87766554433220989, -6.049999999999999822 ) ) ;
#5190 = DIRECTION ( 'NONE',  ( 0.9372726876193548939, -0.3485970582818954111, 0.000000000000000000 ) ) ;
#5191 = EDGE_LOOP ( 'NONE', ( #9554, #5074, #9480, #1823 ) ) ;
#5192 = ORIENTED_EDGE ( 'NONE', *, *, #9613, .F. ) ;
#5193 = ORIENTED_EDGE ( 'NONE', *, *, #607, .F. ) ;
#5194 = VERTEX_POINT ( 'NONE', #8811 ) ;
#5195 = CARTESIAN_POINT ( 'NONE',  ( 17.79595959595959442, -11.00000000000000000, -6.049999999999999822 ) ) ;
#5196 = PLANE ( 'NONE',  #3506 ) ;
#5197 = CARTESIAN_POINT ( 'NONE',  ( 21.14949494949495445, -16.26868686868686709, -6.349999999999999645 ) ) ;
#5198 = AXIS2_PLACEMENT_3D ( 'NONE', #6719, #4455, #5158 ) ;
#5199 = LINE ( 'NONE', #5857, #6894 ) ;
#5200 = EDGE_LOOP ( 'NONE', ( #5900, #7858, #5324, #9147 ) ) ;
#5201 = ORIENTED_EDGE ( 'NONE', *, *, #9551, .F. ) ;
#5202 = LINE ( 'NONE', #9135, #7639 ) ;
#5203 = VECTOR ( 'NONE', #3001, 1000.000000000000114 ) ;
#5204 = VERTEX_POINT ( 'NONE', #6331 ) ;
#5206 = DIRECTION ( 'NONE',  ( 1.000000000000000000, -0.000000000000000000, -0.000000000000000000 ) ) ;
#5205 = VECTOR ( 'NONE', #899, 1000.000000000000114 ) ;
#5207 = CARTESIAN_POINT ( 'NONE',  ( 7.668686868686868330, -15.80404040404040344, -6.049999999999999822 ) ) ;
#5208 = VECTOR ( 'NONE', #250, 1000.000000000000000 ) ;
#5209 = LINE ( 'NONE', #2094, #3188 ) ;
#5210 = DIRECTION ( 'NONE',  ( -1.000000000000000000, -0.000000000000000000, -0.000000000000000000 ) ) ;
#5211 = CARTESIAN_POINT ( 'NONE',  ( 10.75937149270482607, -15.86419753086419959, -6.049999999999999822 ) ) ;
#5212 = CARTESIAN_POINT ( 'NONE',  ( 17.52031425364758732, -12.53647586980920359, -6.049999999999999822 ) ) ;
#5213 = DIRECTION ( 'NONE',  ( 0.000000000000000000, 0.000000000000000000, -1.000000000000000000 ) ) ;
#5214 = VECTOR ( 'NONE', #627, 1000.000000000000000 ) ;
#5215 = VERTEX_POINT ( 'NONE', #998 ) ;
#5216 = EDGE_LOOP ( 'NONE', ( #3074, #5108, #2011, #7411 ) ) ;
#5217 = VERTEX_POINT ( 'NONE', #6485 ) ;
#5218 = CARTESIAN_POINT ( 'NONE',  ( 12.64489337822671189, -15.59259259259259345, -6.349999999999999645 ) ) ;
#5219 = LINE ( 'NONE', #592, #6320 ) ;
#5220 = CARTESIAN_POINT ( 'NONE',  ( 0.000000000000000000, 0.000000000000000000, -4.349999999999999645 ) ) ;
#5221 = EDGE_CURVE ( 'NONE', #8967, #748, #1050, .T. ) ;
#5222 = VECTOR ( 'NONE', #4027, 1000.000000000000000 ) ;
#5223 = VECTOR ( 'NONE', #5886, 1000.000000000000114 ) ;
#5224 = DIRECTION ( 'NONE',  ( 0.000000000000000000, 1.000000000000000000, 0.000000000000000000 ) ) ;
#5225 = ADVANCED_FACE ( 'NONE', ( #4120 ), #8761, .F. ) ;
#5226 = DIRECTION ( 'NONE',  ( -0.8448526615908683590, -0.5349990469176796326, 0.000000000000000000 ) ) ;
#5227 = VECTOR ( 'NONE', #727, 1000.000000000000227 ) ;
#5228 = EDGE_CURVE ( 'NONE', #47, #1205, #299, .T. ) ;
#5229 = VECTOR ( 'NONE', #7637, 1000.000000000000000 ) ;
#5230 = ORIENTED_EDGE ( 'NONE', *, *, #2275, .F. ) ;
#5231 = CARTESIAN_POINT ( 'NONE',  ( 18.84646464646464636, -11.00000000000000000, -6.349999999999999645 ) ) ;
#5232 = ORIENTED_EDGE ( 'NONE', *, *, #7627, .T. ) ;
#5233 = ORIENTED_EDGE ( 'NONE', *, *, #9056, .T. ) ;
#5234 = LINE ( 'NONE', #7975, #6511 ) ;
#5235 = CARTESIAN_POINT ( 'NONE',  ( 15.36992143658810406, -13.42693602693602628, -6.049999999999999822 ) ) ;
#5236 = LINE ( 'NONE', #9165, #4108 ) ;
#5237 = EDGE_CURVE ( 'NONE', #3818, #163, #6385, .T. ) ;
#5238 = VECTOR ( 'NONE', #1460, 1000.000000000000000 ) ;
#5239 = PLANE ( 'NONE',  #4941 ) ;
#5240 = CARTESIAN_POINT ( 'NONE',  ( 18.48787878787878824, -17.92727272727272592, -6.349999999999999645 ) ) ;
#5241 = EDGE_CURVE ( 'NONE', #9403, #6206, #9561, .T. ) ;
#5242 = EDGE_CURVE ( 'NONE', #9526, #8771, #1100, .T. ) ;
#5243 = ORIENTED_EDGE ( 'NONE', *, *, #9466, .F. ) ;
#5244 = VECTOR ( 'NONE', #2555, 1000.000000000000000 ) ;
#5245 = ORIENTED_EDGE ( 'NONE', *, *, #2268, .F. ) ;
#5246 = ORIENTED_EDGE ( 'NONE', *, *, #5418, .F. ) ;
#5247 = ORIENTED_EDGE ( 'NONE', *, *, #8239, .T. ) ;
#5248 = CARTESIAN_POINT ( 'NONE',  ( 15.29797979797979757, -13.25757575757575779, -6.049999999999999822 ) ) ;
#5249 = CARTESIAN_POINT ( 'NONE',  ( 9.211447811447809997, -12.53176206509539803, -6.349999999999999645 ) ) ;
#5250 = VECTOR ( 'NONE', #2393, 1000.000000000000000 ) ;
#5251 = FACE_OUTER_BOUND ( 'NONE', #7326, .T. ) ;
#5252 = CARTESIAN_POINT ( 'NONE',  ( 8.526374859708193199, -15.04130190796857391, -6.049999999999999822 ) ) ;
#5253 = ORIENTED_EDGE ( 'NONE', *, *, #9537, .F. ) ;
#5254 = VERTEX_POINT ( 'NONE', #4066 ) ;
#5255 = CARTESIAN_POINT ( 'NONE',  ( 10.72525252525252526, -12.64040404040404120, -6.049999999999999822 ) ) ;
#5256 = ORIENTED_EDGE ( 'NONE', *, *, #9591, .T. ) ;
#5257 = VECTOR ( 'NONE', #7692, 1000.000000000000000 ) ;
#5258 = CARTESIAN_POINT ( 'NONE',  ( 9.763636363636363669, -14.44242424242424150, -6.049999999999999822 ) ) ;
#5259 = CARTESIAN_POINT ( 'NONE',  ( 11.02514029180695765, -18.28080808080807884, -6.049999999999999822 ) ) ;
#5260 = CARTESIAN_POINT ( 'NONE',  ( 15.17766554433221060, -12.82390572390572281, -6.349999999999999645 ) ) ;
#5261 = FACE_OUTER_BOUND ( 'NONE', #1550, .T. ) ;
#5262 = CARTESIAN_POINT ( 'NONE',  ( 10.22999999999999865, -36.59999999999999432, -6.349999999999999645 ) ) ;
#5263 = FACE_OUTER_BOUND ( 'NONE', #7085, .T. ) ;
#5264 = FACE_OUTER_BOUND ( 'NONE', #8183, .T. ) ;
#5265 = AXIS2_PLACEMENT_3D ( 'NONE', #2097, #5968, #9041 ) ;
#5266 = ORIENTED_EDGE ( 'NONE', *, *, #867, .F. ) ;
#5267 = VERTEX_POINT ( 'NONE', #5580 ) ;
#5268 = ORIENTED_EDGE ( 'NONE', *, *, #6014, .F. ) ;
#5269 = LINE ( 'NONE', #4466, #6668 ) ;
#5270 = DIRECTION ( 'NONE',  ( -0.9812166330323193186, 0.1929090953291699162, -0.000000000000000000 ) ) ;
#5271 = CARTESIAN_POINT ( 'NONE',  ( 7.331088664421997692, -14.91694725028058244, -6.049999999999999822 ) ) ;
#5272 = CARTESIAN_POINT ( 'NONE',  ( 16.64377104377104288, -18.75510662177328669, -6.049999999999999822 ) ) ;
#5273 = AXIS2_PLACEMENT_3D ( 'NONE', #8076, #8224, #3682 ) ;
#5274 = CARTESIAN_POINT ( 'NONE',  ( 14.61212121212121140, -17.27878787878787747, -6.049999999999999822 ) ) ;
#5275 = VECTOR ( 'NONE', #7813, 1000.000000000000000 ) ;
#5276 = EDGE_CURVE ( 'NONE', #9804, #4225, #346, .T. ) ;
#5277 = ORIENTED_EDGE ( 'NONE', *, *, #4624, .T. ) ;
#5278 = CARTESIAN_POINT ( 'NONE',  ( 13.88888888888888928, -13.61010101010101003, -6.049999999999999822 ) ) ;
#5279 = EDGE_CURVE ( 'NONE', #772, #9960, #4779, .T. ) ;
#5280 = ORIENTED_EDGE ( 'NONE', *, *, #4121, .F. ) ;
#5281 = ORIENTED_EDGE ( 'NONE', *, *, #5801, .F. ) ;
#5282 = FACE_BOUND ( 'NONE', #6451, .T. ) ;
#5283 = VECTOR ( 'NONE', #6449, 1000.000000000000114 ) ;
#5284 = CARTESIAN_POINT ( 'NONE',  ( 10.81773288439954861, -18.62558922558922703, -6.049999999999999822 ) ) ;
#5285 = DIRECTION ( 'NONE',  ( -0.9389674199351685235, 0.3440060817780590252, 0.000000000000000000 ) ) ;
#5286 = CARTESIAN_POINT ( 'NONE',  ( 19.77575757575757365, -13.98181818181818237, -6.049999999999999822 ) ) ;
#5287 = FACE_OUTER_BOUND ( 'NONE', #423, .T. ) ;
#5288 = ADVANCED_FACE ( 'NONE', ( #1144 ), #2566, .T. ) ;
#5289 = FACE_OUTER_BOUND ( 'NONE', #6410, .T. ) ;
#5290 = VECTOR ( 'NONE', #6349, 1000.000000000000000 ) ;
#5291 = ORIENTED_EDGE ( 'NONE', *, *, #536, .F. ) ;
#5292 = LINE ( 'NONE', #9218, #6687 ) ;
#5293 = EDGE_CURVE ( 'NONE', #1028, #562, #6541, .T. ) ;
#5294 = EDGE_LOOP ( 'NONE', ( #374, #6777, #9527, #5347, #6693, #5701, #8198, #2294, #5013, #3350, #6309, #8121, #8727 ) ) ;
#5295 = EDGE_LOOP ( 'NONE', ( #2271, #810, #6481, #9428 ) ) ;
#5296 = ADVANCED_FACE ( 'NONE', ( #5828 ), #6685, .T. ) ;
#5297 = ORIENTED_EDGE ( 'NONE', *, *, #9360, .F. ) ;
#5298 = LINE ( 'NONE', #5953, #4737 ) ;
#5299 = VECTOR ( 'NONE', #3767, 1000.000000000000227 ) ;
#5300 = FACE_OUTER_BOUND ( 'NONE', #1005, .T. ) ;
#5301 = EDGE_CURVE ( 'NONE', #91, #9665, #2002, .T. ) ;
#5302 = CARTESIAN_POINT ( 'NONE',  ( 14.09494949494949445, -16.32704826038159496, -6.049999999999999822 ) ) ;
#5303 = CARTESIAN_POINT ( 'NONE',  ( 18.84646464646464636, -11.00000000000000000, -6.049999999999999822 ) ) ;
#5304 = ORIENTED_EDGE ( 'NONE', *, *, #9360, .T. ) ;
#5305 = ORIENTED_EDGE ( 'NONE', *, *, #4357, .T. ) ;
#5306 = CARTESIAN_POINT ( 'NONE',  ( 16.29898989898989825, -12.92727272727272769, -6.049999999999999822 ) ) ;
#5307 = VERTEX_POINT ( 'NONE', #8902 ) ;
#5308 = CARTESIAN_POINT ( 'NONE',  ( 15.90145903479236722, -12.26049382716049330, -6.049999999999999822 ) ) ;
#5309 = DIRECTION ( 'NONE',  ( 0.07875094548537202310, 0.9968943216736466661, 0.000000000000000000 ) ) ;
#5310 = CARTESIAN_POINT ( 'NONE',  ( 12.32525252525252490, -14.59797979797979828, -6.049999999999999822 ) ) ;
#5311 = DIRECTION ( 'NONE',  ( -0.000000000000000000, -0.000000000000000000, 1.000000000000000000 ) ) ;
#5312 = CARTESIAN_POINT ( 'NONE',  ( 18.95690235690235781, -18.74859708193041641, -6.049999999999999822 ) ) ;
#5313 = LINE ( 'NONE', #7626, #7033 ) ;
#5314 = LINE ( 'NONE', #3147, #147 ) ;
#5315 = VERTEX_POINT ( 'NONE', #8247 ) ;
#5316 = EDGE_LOOP ( 'NONE', ( #2318, #323, #5831, #5088 ) ) ;
#5317 = EDGE_LOOP ( 'NONE', ( #8843, #3705, #2689, #1635 ) ) ;
#5318 = DIRECTION ( 'NONE',  ( 0.3485970582818954111, 0.9372726876193548939, 0.000000000000000000 ) ) ;
#5319 = LINE ( 'NONE', #5172, #1019 ) ;
#5320 = CARTESIAN_POINT ( 'NONE',  ( 17.53585858585858404, -18.88434343434343532, -6.049999999999999822 ) ) ;
#5321 = DIRECTION ( 'NONE',  ( 0.9372726876193548939, -0.3485970582818954111, 0.000000000000000000 ) ) ;
#5322 = CARTESIAN_POINT ( 'NONE',  ( 16.19545454545454533, -12.69898989898989861, -6.349999999999999645 ) ) ;
#5323 = ORIENTED_EDGE ( 'NONE', *, *, #6721, .F. ) ;
#5324 = ORIENTED_EDGE ( 'NONE', *, *, #9425, .T. ) ;
#5325 = DIRECTION ( 'NONE',  ( -0.5798589771078296318, 0.8147168628839478455, 0.000000000000000000 ) ) ;
#5326 = ORIENTED_EDGE ( 'NONE', *, *, #7440, .T. ) ;
#5327 = EDGE_LOOP ( 'NONE', ( #9679, #7248, #1391, #4214 ) ) ;
#5328 = DIRECTION ( 'NONE',  ( -0.2991451774747893588, 0.9542076099013131474, 0.000000000000000000 ) ) ;
#5329 = DIRECTION ( 'NONE',  ( -0.9733063200214976396, 0.2295099287747917605, -0.000000000000000000 ) ) ;
#5330 = LINE ( 'NONE', #2166, #729 ) ;
#5331 = CARTESIAN_POINT ( 'NONE',  ( 10.72525252525252526, -13.40808080808080760, -6.049999999999999822 ) ) ;
#5332 = EDGE_CURVE ( 'NONE', #7732, #9697, #7344, .T. ) ;
#5333 = LINE ( 'NONE', #7599, #5414 ) ;
#5334 = CARTESIAN_POINT ( 'NONE',  ( 7.425589225589224185, -12.32502805836139181, -6.049999999999999822 ) ) ;
#5335 = VERTEX_POINT ( 'NONE', #8205 ) ;
#5336 = LINE ( 'NONE', #5439, #3622 ) ;
#5337 = ORIENTED_EDGE ( 'NONE', *, *, #745, .T. ) ;
#5338 = ORIENTED_EDGE ( 'NONE', *, *, #2649, .F. ) ;
#5339 = ORIENTED_EDGE ( 'NONE', *, *, #8870, .T. ) ;
#5340 = DIRECTION ( 'NONE',  ( 0.4592960621984305547, 0.8882832471959691834, -0.000000000000000000 ) ) ;
#5341 = CARTESIAN_POINT ( 'NONE',  ( 20.82626262626262559, -12.30101010101010317, -6.049999999999999822 ) ) ;
#5342 = ADVANCED_FACE ( 'NONE', ( #9051 ), #5080, .T. ) ;
#5343 = EDGE_CURVE ( 'NONE', #3970, #2018, #1197, .T. ) ;
#5344 = CARTESIAN_POINT ( 'NONE',  ( 18.84646464646464636, -12.81818181818181834, -6.349999999999999645 ) ) ;
#5345 = DIRECTION ( 'NONE',  ( 0.6853204390065710250, 0.7282416466255144938, 0.000000000000000000 ) ) ;
#5346 = ORIENTED_EDGE ( 'NONE', *, *, #6447, .T. ) ;
#5347 = ORIENTED_EDGE ( 'NONE', *, *, #9599, .F. ) ;
#5348 = ORIENTED_EDGE ( 'NONE', *, *, #1159, .F. ) ;
#5349 = EDGE_CURVE ( 'NONE', #2157, #2920, #537, .T. ) ;
#5350 = DIRECTION ( 'NONE',  ( -0.7143930671439989721, 0.6997446288586928187, 0.000000000000000000 ) ) ;
#5351 = ORIENTED_EDGE ( 'NONE', *, *, #7267, .F. ) ;
#5352 = LINE ( 'NONE', #8427, #7126 ) ;
#5353 = LINE ( 'NONE', #4604, #3284 ) ;
#5354 = CARTESIAN_POINT ( 'NONE',  ( 16.19545454545454533, -12.69898989898989861, -6.349999999999999645 ) ) ;
#5355 = FACE_OUTER_BOUND ( 'NONE', #9856, .T. ) ;
#5356 = DIRECTION ( 'NONE',  ( -0.5660482612213607601, 0.8243721040696816438, 0.000000000000000000 ) ) ;
#5357 = ADVANCED_FACE ( 'NONE', ( #9754 ), #4273, .T. ) ;
#5358 = FACE_OUTER_BOUND ( 'NONE', #608, .T. ) ;
#5359 = ADVANCED_FACE ( 'NONE', ( #5130 ), #8300, .T. ) ;
#5360 = EDGE_CURVE ( 'NONE', #3269, #2157, #5935, .T. ) ;
#5361 = CARTESIAN_POINT ( 'NONE',  ( 0.000000000000000000, 0.000000000000000000, 0.000000000000000000 ) ) ;
#5362 = EDGE_LOOP ( 'NONE', ( #3803, #5135, #6823, #7374 ) ) ;
#5363 = ORIENTED_EDGE ( 'NONE', *, *, #180, .T. ) ;
#5364 = EDGE_CURVE ( 'NONE', #6605, #3562, #9808, .T. ) ;
#5365 = VECTOR ( 'NONE', #9833, 1000.000000000000114 ) ;
#5366 = ORIENTED_EDGE ( 'NONE', *, *, #7262, .T. ) ;
#5367 = CARTESIAN_POINT ( 'NONE',  ( 19.76999999999999957, -36.59999999999999432, -6.349999999999999645 ) ) ;
#5368 = DIRECTION ( 'NONE',  ( 0.6414517406647552988, 0.7671633883327303449, 0.000000000000000000 ) ) ;
#5369 = LINE ( 'NONE', #5320, #9068 ) ;
#5370 = CARTESIAN_POINT ( 'NONE',  ( 11.02514029180695765, -18.28080808080807884, -6.349999999999999645 ) ) ;
#5371 = VECTOR ( 'NONE', #4037, 1000.000000000000000 ) ;
#5372 = LINE ( 'NONE', #137, #1238 ) ;
#5373 = AXIS2_PLACEMENT_3D ( 'NONE', #8012, #7960, #9469 ) ;
#5374 = ORIENTED_EDGE ( 'NONE', *, *, #2880, .T. ) ;
#5375 = ORIENTED_EDGE ( 'NONE', *, *, #2820, .T. ) ;
#5376 = DIRECTION ( 'NONE',  ( -0.9530739902487691539, 0.3027374590487422745, 0.000000000000000000 ) ) ;
#5377 = VECTOR ( 'NONE', #4947, 1000.000000000000000 ) ;
#5378 = ORIENTED_EDGE ( 'NONE', *, *, #5840, .T. ) ;
#5379 = ORIENTED_EDGE ( 'NONE', *, *, #2767, .T. ) ;
#5381 = AXIS2_PLACEMENT_3D ( 'NONE', #6778, #7686, #6124 ) ;
#5380 = DIRECTION ( 'NONE',  ( 0.000000000000000000, 0.000000000000000000, -1.000000000000000000 ) ) ;
#5382 = CARTESIAN_POINT ( 'NONE',  ( 16.26189674523007866, -12.87766554433220989, -6.349999999999999645 ) ) ;
#5383 = DIRECTION ( 'NONE',  ( 0.3375530605937425710, -0.9413065023061283343, 0.000000000000000000 ) ) ;
#5384 = AXIS2_PLACEMENT_3D ( 'NONE', #7910, #255, #1007 ) ;
#5385 = CARTESIAN_POINT ( 'NONE',  ( 22.28080808080807884, -14.27272727272727337, -6.049999999999999822 ) ) ;
#5386 = VECTOR ( 'NONE', #3689, 1000.000000000000000 ) ;
#5387 = EDGE_LOOP ( 'NONE', ( #1150, #4001, #7361, #2546 ) ) ;
#5388 = FACE_OUTER_BOUND ( 'NONE', #9961, .T. ) ;
#5389 = VERTEX_POINT ( 'NONE', #1395 ) ;
#5390 = ORIENTED_EDGE ( 'NONE', *, *, #8439, .F. ) ;
#5391 = VERTEX_POINT ( 'NONE', #7286 ) ;
#5392 = VECTOR ( 'NONE', #7890, 1000.000000000000000 ) ;
#5393 = CARTESIAN_POINT ( 'NONE',  ( 11.23434343434343496, -17.95757575757576063, -6.349999999999999645 ) ) ;
#5394 = LINE ( 'NONE', #2322, #3989 ) ;
#5395 = CARTESIAN_POINT ( 'NONE',  ( 11.03232323232323253, -17.23434343434343319, -6.049999999999999822 ) ) ;
#5396 = DIRECTION ( 'NONE',  ( 0.3037525399076988486, -0.9527509614267632987, 0.000000000000000000 ) ) ;
#5397 = VECTOR ( 'NONE', #1651, 1000.000000000000000 ) ;
#5398 = EDGE_LOOP ( 'NONE', ( #7845, #7618, #7036, #8527 ) ) ;
#5399 = EDGE_CURVE ( 'NONE', #8678, #2822, #9614, .T. ) ;
#5400 = ORIENTED_EDGE ( 'NONE', *, *, #1102, .T. ) ;
#5401 = LINE ( 'NONE', #1014, #567 ) ;
#5402 = ADVANCED_FACE ( 'NONE', ( #8153 ), #5785, .T. ) ;
#5403 = ORIENTED_EDGE ( 'NONE', *, *, #8432, .T. ) ;
#5404 = DIRECTION ( 'NONE',  ( 0.8705349792455510105, 0.4921065432504918014, 0.000000000000000000 ) ) ;
#5405 = CARTESIAN_POINT ( 'NONE',  ( 17.39820426487093030, -17.87856341189674581, -6.349999999999999645 ) ) ;
#5406 = LINE ( 'NONE', #3043, #4470 ) ;
#5407 = LINE ( 'NONE', #6919, #2817 ) ;
#5408 = VECTOR ( 'NONE', #2845, 1000.000000000000114 ) ;
#5409 = LINE ( 'NONE', #7576, #8154 ) ;
#5410 = LINE ( 'NONE', #9092, #7517 ) ;
#5411 = EDGE_CURVE ( 'NONE', #6854, #2386, #5028, .T. ) ;
#5412 = DIRECTION ( 'NONE',  ( 0.9347099544981223307, 0.3554114530542287209, 0.000000000000000000 ) ) ;
#5413 = ORIENTED_EDGE ( 'NONE', *, *, #9799, .T. ) ;
#5414 = VECTOR ( 'NONE', #3770, 1000.000000000000000 ) ;
#5415 = ORIENTED_EDGE ( 'NONE', *, *, #2530, .F. ) ;
#5416 = ORIENTED_EDGE ( 'NONE', *, *, #183, .T. ) ;
#5417 = CARTESIAN_POINT ( 'NONE',  ( 17.92098765432098872, -18.89292929292929202, -6.049999999999999822 ) ) ;
#5418 = EDGE_CURVE ( 'NONE', #1713, #5745, #3558, .T. ) ;
#5419 = FACE_OUTER_BOUND ( 'NONE', #9471, .T. ) ;
#5420 = PLANE ( 'NONE',  #7322 ) ;
#5421 = LINE ( 'NONE', #7589, #3629 ) ;
#5422 = AXIS2_PLACEMENT_3D ( 'NONE', #6885, #9959, #8453 ) ;
#5423 = ADVANCED_FACE ( 'NONE', ( #2804 ), #5879, .T. ) ;
#5424 = CARTESIAN_POINT ( 'NONE',  ( 8.526374859708193199, -15.04130190796857391, -6.049999999999999822 ) ) ;
#5425 = EDGE_CURVE ( 'NONE', #2943, #4989, #9958, .T. ) ;
#5426 = EDGE_LOOP ( 'NONE', ( #736, #2495, #1599, #9518 ) ) ;
#5427 = VERTEX_POINT ( 'NONE', #2950 ) ;
#5428 = DIRECTION ( 'NONE',  ( 0.007202694311612091102, -0.9999740602608917506, 0.000000000000000000 ) ) ;
#5429 = DIRECTION ( 'NONE',  ( -1.000000000000000000, -0.000000000000000000, -0.000000000000000000 ) ) ;
#5430 = ORIENTED_EDGE ( 'NONE', *, *, #7893, .F. ) ;
#5431 = PLANE ( 'NONE',  #8585 ) ;
#5432 = VECTOR ( 'NONE', #8919, 1000.000000000000000 ) ;
#5433 = CARTESIAN_POINT ( 'NONE',  ( 8.551515151515150848, -12.46868686868686815, -6.049999999999999822 ) ) ;
#5434 = CARTESIAN_POINT ( 'NONE',  ( 9.971156004489337477, -17.14219977553310770, -6.349999999999999645 ) ) ;
#5435 = CARTESIAN_POINT ( 'NONE',  ( 11.95353535353535435, -19.00000000000000000, -6.349999999999999645 ) ) ;
#5436 = AXIS2_PLACEMENT_3D ( 'NONE', #5903, #570, #515 ) ;
#5437 = ORIENTED_EDGE ( 'NONE', *, *, #4136, .T. ) ;
#5438 = VECTOR ( 'NONE', #6792, 1000.000000000000114 ) ;
#5439 = CARTESIAN_POINT ( 'NONE',  ( 22.92727272727272947, -11.51717171717171695, -6.049999999999999822 ) ) ;
#5440 = ORIENTED_EDGE ( 'NONE', *, *, #2360, .F. ) ;
#5441 = ORIENTED_EDGE ( 'NONE', *, *, #3743, .F. ) ;
#5442 = ORIENTED_EDGE ( 'NONE', *, *, #749, .F. ) ;
#5443 = CARTESIAN_POINT ( 'NONE',  ( 10.06891133557800089, -16.39797979797979721, -6.049999999999999822 ) ) ;
#5444 = DIRECTION ( 'NONE',  ( -0.3121822470279062012, 0.9500222337611933243, 0.000000000000000000 ) ) ;
#5445 = AXIS2_PLACEMENT_3D ( 'NONE', #9224, #5444, #3781 ) ;
#5446 = AXIS2_PLACEMENT_3D ( 'NONE', #1009, #7210, #4839 ) ;
#5447 = LINE ( 'NONE', #7761, #7528 ) ;
#5448 = CARTESIAN_POINT ( 'NONE',  ( 15.66868686868686922, -12.12020202020202042, -6.349999999999999645 ) ) ;
#5449 = VERTEX_POINT ( 'NONE', #7543 ) ;
#5450 = VERTEX_POINT ( 'NONE', #3808 ) ;
#5451 = VECTOR ( 'NONE', #3450, 1000.000000000000000 ) ;
#5452 = DIRECTION ( 'NONE',  ( 0.000000000000000000, 0.000000000000000000, -1.000000000000000000 ) ) ;
#5453 = ORIENTED_EDGE ( 'NONE', *, *, #9054, .T. ) ;
#5454 = LINE ( 'NONE', #8482, #1831 ) ;
#5455 = DIRECTION ( 'NONE',  ( -0.4370057769617663457, 0.8994586988306039199, 0.000000000000000000 ) ) ;
#5456 = CARTESIAN_POINT ( 'NONE',  ( 16.01818181818181941, -12.20808080808080831, -6.349999999999999645 ) ) ;
#5457 = DIRECTION ( 'NONE',  ( 0.9743383880286454746, 0.2250882174031789695, 0.000000000000000000 ) ) ;
#5458 = LINE ( 'NONE', #6263, #5250 ) ;
#5459 = EDGE_CURVE ( 'NONE', #4598, #8376, #5421, .T. ) ;
#5460 = LINE ( 'NONE', #6119, #9129 ) ;
#5461 = CARTESIAN_POINT ( 'NONE',  ( 15.44971941638608293, -13.56464646464646506, -6.349999999999999645 ) ) ;
#5462 = VERTEX_POINT ( 'NONE', #9103 ) ;
#5463 = ORIENTED_EDGE ( 'NONE', *, *, #2842, .T. ) ;
#5464 = ORIENTED_EDGE ( 'NONE', *, *, #1706, .F. ) ;
#5465 = DIRECTION ( 'NONE',  ( 0.8066892284733457874, 0.5909758782429938018, 0.000000000000000000 ) ) ;
#5466 = CARTESIAN_POINT ( 'NONE',  ( 19.76999999999999957, -36.59999999999999432, -6.349999999999999645 ) ) ;
#5467 = EDGE_CURVE ( 'NONE', #6763, #9709, #1545, .T. ) ;
#5468 = DIRECTION ( 'NONE',  ( 0.000000000000000000, 0.000000000000000000, -1.000000000000000000 ) ) ;
#5469 = DIRECTION ( 'NONE',  ( 0.000000000000000000, -1.000000000000000000, 0.000000000000000000 ) ) ;
#5470 = LINE ( 'NONE', #3860, #5889 ) ;
#5471 = DIRECTION ( 'NONE',  ( 1.000000000000000000, 0.000000000000000000, 0.000000000000000000 ) ) ;
#5472 = EDGE_CURVE ( 'NONE', #6557, #8457, #9204, .T. ) ;
#5473 = ORIENTED_EDGE ( 'NONE', *, *, #446, .F. ) ;
#5474 = ORIENTED_EDGE ( 'NONE', *, *, #8057, .F. ) ;
#5475 = CARTESIAN_POINT ( 'NONE',  ( 30.00000000000000000, -50.00000000000000000, 0.000000000000000000 ) ) ;
#5476 = CARTESIAN_POINT ( 'NONE',  ( 14.83030303030303010, -12.55151515151515085, -6.349999999999999645 ) ) ;
#5477 = ORIENTED_EDGE ( 'NONE', *, *, #7642, .F. ) ;
#5478 = EDGE_CURVE ( 'NONE', #2580, #4514, #641, .T. ) ;
#5479 = LINE ( 'NONE', #8555, #6809 ) ;
#5480 = DIRECTION ( 'NONE',  ( 0.000000000000000000, 0.000000000000000000, -1.000000000000000000 ) ) ;
#5481 = LINE ( 'NONE', #5529, #9437 ) ;
#5482 = EDGE_CURVE ( 'NONE', #4655, #9749, #3054, .T. ) ;
#5483 = EDGE_CURVE ( 'NONE', #9909, #1973, #5470, .T. ) ;
#5484 = ADVANCED_FACE ( 'NONE', ( #3753 ), #6831, .T. ) ;
#5485 = ORIENTED_EDGE ( 'NONE', *, *, #1023, .T. ) ;
#5486 = PLANE ( 'NONE',  #4432 ) ;
#5487 = ORIENTED_EDGE ( 'NONE', *, *, #2155, .F. ) ;
#5488 = VERTEX_POINT ( 'NONE', #6929 ) ;
#5489 = EDGE_CURVE ( 'NONE', #5004, #6559, #9154, .T. ) ;
#5490 = ORIENTED_EDGE ( 'NONE', *, *, #3493, .T. ) ;
#5491 = CARTESIAN_POINT ( 'NONE',  ( 14.34006734006733907, -16.80516273849607245, -6.349999999999999645 ) ) ;
#5492 = DIRECTION ( 'NONE',  ( 0.000000000000000000, 0.000000000000000000, -1.000000000000000000 ) ) ;
#5493 = LINE ( 'NONE', #3981, #7864 ) ;
#5494 = VERTEX_POINT ( 'NONE', #2356 ) ;
#5495 = EDGE_LOOP ( 'NONE', ( #2825, #8663, #5779, #7670 ) ) ;
#5496 = ORIENTED_EDGE ( 'NONE', *, *, #8371, .T. ) ;
#5497 = CARTESIAN_POINT ( 'NONE',  ( 19.12929292929293013, -18.09135802469135967, -6.049999999999999822 ) ) ;
#5498 = ORIENTED_EDGE ( 'NONE', *, *, #4248, .F. ) ;
#5499 = DIRECTION ( 'NONE',  ( 0.7021958625019945055, 0.7119838275446149778, 0.000000000000000000 ) ) ;
#5500 = FACE_OUTER_BOUND ( 'NONE', #8780, .T. ) ;
#5501 = CARTESIAN_POINT ( 'NONE',  ( 10.68799102132435408, -17.65903479236812501, -6.049999999999999822 ) ) ;
#5502 = CARTESIAN_POINT ( 'NONE',  ( 14.46891133557800124, -15.07901234567901483, -6.049999999999999822 ) ) ;
#5503 = LINE ( 'NONE', #3143, #7503 ) ;
#5504 = DIRECTION ( 'NONE',  ( -0.2115545052199097886, -0.9773662012373659502, 0.000000000000000000 ) ) ;
#5505 = LINE ( 'NONE', #1682, #8837 ) ;
#5506 = ORIENTED_EDGE ( 'NONE', *, *, #1604, .T. ) ;
#5507 = ORIENTED_EDGE ( 'NONE', *, *, #677, .T. ) ;
#5508 = DIRECTION ( 'NONE',  ( -0.000000000000000000, -1.000000000000000000, -0.000000000000000000 ) ) ;
#5509 = CARTESIAN_POINT ( 'NONE',  ( 14.28787878787878718, -14.70101010101010175, -6.349999999999999645 ) ) ;
#5510 = DIRECTION ( 'NONE',  ( 0.9954634589491007102, -0.09514463672268561045, 0.000000000000000000 ) ) ;
#5511 = FACE_OUTER_BOUND ( 'NONE', #1130, .T. ) ;
#5512 = DIRECTION ( 'NONE',  ( 0.000000000000000000, 1.000000000000000000, 0.000000000000000000 ) ) ;
#5513 = CARTESIAN_POINT ( 'NONE',  ( 12.64489337822671189, -15.59259259259259345, -6.049999999999999822 ) ) ;
#5514 = CARTESIAN_POINT ( 'NONE',  ( 15.63894500561167256, -13.75342312008978851, -6.049999999999999822 ) ) ;
#5515 = VECTOR ( 'NONE', #6125, 1000.000000000000114 ) ;
#5516 = AXIS2_PLACEMENT_3D ( 'NONE', #6369, #9445, #9499 ) ;
#5517 = ADVANCED_FACE ( 'NONE', ( #2254 ), #9849, .T. ) ;
#5518 = VERTEX_POINT ( 'NONE', #8451 ) ;
#5519 = ORIENTED_EDGE ( 'NONE', *, *, #170, .T. ) ;
#5520 = CARTESIAN_POINT ( 'NONE',  ( 7.956228956228954985, -12.39977553310886549, -6.049999999999999822 ) ) ;
#5521 = ADVANCED_FACE ( 'NONE', ( #3103 ), #6781, .F. ) ;
#5522 = DIRECTION ( 'NONE',  ( 0.000000000000000000, 0.000000000000000000, -1.000000000000000000 ) ) ;
#5523 = ORIENTED_EDGE ( 'NONE', *, *, #1094, .T. ) ;
#5524 = CARTESIAN_POINT ( 'NONE',  ( 14.80606060606060659, -16.29831649831649898, -6.349999999999999645 ) ) ;
#5525 = EDGE_CURVE ( 'NONE', #4989, #319, #4670, .T. ) ;
#5526 = VECTOR ( 'NONE', #9459, 1000.000000000000114 ) ;
#5527 = VECTOR ( 'NONE', #5376, 1000.000000000000227 ) ;
#5528 = LINE ( 'NONE', #4829, #6194 ) ;
#5529 = CARTESIAN_POINT ( 'NONE',  ( 11.95353535353535435, -19.00000000000000000, -6.049999999999999822 ) ) ;
#5530 = ADVANCED_FACE ( 'NONE', ( #6127 ), #7738, .T. ) ;
#5531 = VECTOR ( 'NONE', #6425, 1000.000000000000114 ) ;
#5532 = VECTOR ( 'NONE', #2550, 1000.000000000000227 ) ;
#5533 = ORIENTED_EDGE ( 'NONE', *, *, #9519, .F. ) ;
#5534 = DIRECTION ( 'NONE',  ( 0.8658756103146907357, -0.5002593601944512747, 0.000000000000000000 ) ) ;
#5535 = ORIENTED_EDGE ( 'NONE', *, *, #1608, .F. ) ;
#5536 = ORIENTED_EDGE ( 'NONE', *, *, #9176, .F. ) ;
#5537 = ORIENTED_EDGE ( 'NONE', *, *, #6334, .F. ) ;
#5538 = EDGE_CURVE ( 'NONE', #5267, #4689, #4566, .T. ) ;
#5539 = CARTESIAN_POINT ( 'NONE',  ( 9.295061728395060285, -18.06936026936027062, -6.349999999999999645 ) ) ;
#5540 = LINE ( 'NONE', #7812, #8989 ) ;
#5541 = VECTOR ( 'NONE', #1975, 1000.000000000000114 ) ;
#5542 = VECTOR ( 'NONE', #4395, 1000.000000000000000 ) ;
#5543 = FACE_OUTER_BOUND ( 'NONE', #1427, .T. ) ;
#5544 = EDGE_CURVE ( 'NONE', #1495, #9739, #6227, .T. ) ;
#5545 = ADVANCED_FACE ( 'NONE', ( #4469 ), #2202, .T. ) ;
#5546 = CARTESIAN_POINT ( 'NONE',  ( 15.78563411896745450, -12.15016835016835017, -6.049999999999999822 ) ) ;
#5547 = ORIENTED_EDGE ( 'NONE', *, *, #6094, .F. ) ;
#5548 = ORIENTED_EDGE ( 'NONE', *, *, #1800, .F. ) ;
#5549 = VECTOR ( 'NONE', #2095, 1000.000000000000000 ) ;
#5550 = ORIENTED_EDGE ( 'NONE', *, *, #7243, .T. ) ;
#5551 = VECTOR ( 'NONE', #6928, 1000.000000000000114 ) ;
#5552 = CARTESIAN_POINT ( 'NONE',  ( 16.16610549943883157, -12.56992143658810335, -6.349999999999999645 ) ) ;
#5553 = ORIENTED_EDGE ( 'NONE', *, *, #4124, .F. ) ;
#5554 = LINE ( 'NONE', #8632, #854 ) ;
#5555 = DIRECTION ( 'NONE',  ( 0.04587310748738101379, -0.9989472748896465193, 0.000000000000000000 ) ) ;
#5556 = CARTESIAN_POINT ( 'NONE',  ( 11.96969696969696884, -13.61010101010101003, -6.049999999999999822 ) ) ;
#5557 = CARTESIAN_POINT ( 'NONE',  ( 17.07586980920314090, -11.55667789001122259, -6.349999999999999645 ) ) ;
#5558 = FACE_OUTER_BOUND ( 'NONE', #2731, .T. ) ;
#5559 = VECTOR ( 'NONE', #1910, 1000.000000000000000 ) ;
#5560 = DIRECTION ( 'NONE',  ( 1.000000000000000000, 0.000000000000000000, 0.000000000000000000 ) ) ;
#5561 = DIRECTION ( 'NONE',  ( 0.2816217415042808203, 0.9595255049825909266, 0.000000000000000000 ) ) ;
#5562 = VERTEX_POINT ( 'NONE', #3208 ) ;
#5563 = VERTEX_POINT ( 'NONE', #4769 ) ;
#5564 = CARTESIAN_POINT ( 'NONE',  ( 15.47586980920314303, -12.43254769921436598, -6.049999999999999822 ) ) ;
#5565 = AXIS2_PLACEMENT_3D ( 'NONE', #8999, #2744, #434 ) ;
#5566 = CARTESIAN_POINT ( 'NONE',  ( 16.61857463524130196, -13.03333333333333499, -6.349999999999999645 ) ) ;
#5567 = CARTESIAN_POINT ( 'NONE',  ( 7.858698092031422888, -18.83793490460157116, -6.049999999999999822 ) ) ;
#5568 = CARTESIAN_POINT ( 'NONE',  ( 17.39820426487093030, -17.87856341189674581, -6.049999999999999822 ) ) ;
#5569 = DIRECTION ( 'NONE',  ( -0.9391570653227068188, -0.3434880007430261561, 0.000000000000000000 ) ) ;
#5570 = DIRECTION ( 'NONE',  ( -0.8569238989789446093, -0.5154429467542682719, 0.000000000000000000 ) ) ;
#5571 = CARTESIAN_POINT ( 'NONE',  ( 11.97777777777777786, -14.78742985409652100, -6.349999999999999645 ) ) ;
#5572 = VECTOR ( 'NONE', #3369, 1000.000000000000000 ) ;
#5573 = ORIENTED_EDGE ( 'NONE', *, *, #5122, .F. ) ;
#5574 = ORIENTED_EDGE ( 'NONE', *, *, #2660, .T. ) ;
#5575 = DIRECTION ( 'NONE',  ( -0.9912371275757810851, 0.1320944999434678635, 0.000000000000000000 ) ) ;
#5576 = LINE ( 'NONE', #2458, #690 ) ;
#5577 = VERTEX_POINT ( 'NONE', #2646 ) ;
#5578 = CARTESIAN_POINT ( 'NONE',  ( 17.36767676767677315, -13.03636363636363704, -6.049999999999999822 ) ) ;
#5579 = VECTOR ( 'NONE', #4780, 1000.000000000000114 ) ;
#5580 = CARTESIAN_POINT ( 'NONE',  ( -4.000000000000000000, 4.000000000000000000, -6.349999999999999645 ) ) ;
#5581 = LINE ( 'NONE', #9463, #1389 ) ;
#5582 = EDGE_CURVE ( 'NONE', #7421, #3564, #2513, .T. ) ;
#5583 = ADVANCED_FACE ( 'NONE', ( #1796, #7892, #2601 ), #9546, .F. ) ;
#5584 = VECTOR ( 'NONE', #5164, 1000.000000000000000 ) ;
#5585 = VERTEX_POINT ( 'NONE', #2502 ) ;
#5586 = DIRECTION ( 'NONE',  ( -0.9490991116688375362, 0.3149775805187150501, 0.000000000000000000 ) ) ;
#5587 = ORIENTED_EDGE ( 'NONE', *, *, #2532, .F. ) ;
#5588 = VERTEX_POINT ( 'NONE', #7180 ) ;
#5589 = AXIS2_PLACEMENT_3D ( 'NONE', #6801, #6198, #9877 ) ;
#5590 = ORIENTED_EDGE ( 'NONE', *, *, #7680, .F. ) ;
#5591 = CARTESIAN_POINT ( 'NONE',  ( 14.90303030303030418, -15.85656565656565498, -6.349999999999999645 ) ) ;
#5592 = EDGE_CURVE ( 'NONE', #7931, #6889, #3357, .T. ) ;
#5594 = LINE ( 'NONE', #8674, #8973 ) ;
#5593 = CIRCLE ( 'NONE', #9779, 1.100000000000000089 ) ;
#5595 = VECTOR ( 'NONE', #1209, 1000.000000000000227 ) ;
#5596 = EDGE_CURVE ( 'NONE', #5389, #4650, #6428, .T. ) ;
#5597 = CARTESIAN_POINT ( 'NONE',  ( 10.20707070707070585, -16.10404040404040416, -6.049999999999999822 ) ) ;
#5598 = ADVANCED_FACE ( 'NONE', ( #7841 ), #4109, .F. ) ;
#5599 = EDGE_CURVE ( 'NONE', #9274, #7212, #7121, .T. ) ;
#5600 = ORIENTED_EDGE ( 'NONE', *, *, #7138, .F. ) ;
#5601 = ADVANCED_FACE ( 'NONE', ( #226 ), #9504, .T. ) ;
#5602 = ORIENTED_EDGE ( 'NONE', *, *, #3252, .T. ) ;
#5603 = EDGE_LOOP ( 'NONE', ( #4428, #8094, #4599, #6129 ) ) ;
#5604 = LINE ( 'NONE', #3337, #721 ) ;
#5605 = VERTEX_POINT ( 'NONE', #4921 ) ;
#5606 = DIRECTION ( 'NONE',  ( -0.9875632611290710017, 0.1572221525997984926, 0.000000000000000000 ) ) ;
#5607 = DIRECTION ( 'NONE',  ( 1.000000000000000000, 0.000000000000000000, 0.000000000000000000 ) ) ;
#5608 = EDGE_CURVE ( 'NONE', #772, #5951, #2451, .T. ) ;
#5609 = AXIS2_PLACEMENT_3D ( 'NONE', #1078, #5561, #4962 ) ;
#5610 = PLANE ( 'NONE',  #4638 ) ;
#5611 = CARTESIAN_POINT ( 'NONE',  ( 8.897418630751962709, -15.86217732884399467, -6.349999999999999645 ) ) ;
#5612 = PLANE ( 'NONE',  #2519 ) ;
#5613 = DIRECTION ( 'NONE',  ( -0.9812166330323193186, 0.1929090953291699162, -0.000000000000000000 ) ) ;
#5614 = CARTESIAN_POINT ( 'NONE',  ( 12.73445566778900151, -15.53872053872053804, -6.349999999999999645 ) ) ;
#5615 = EDGE_CURVE ( 'NONE', #1013, #3421, #891, .T. ) ;
#5616 = ADVANCED_FACE ( 'NONE', ( #4165 ), #134, .T. ) ;
#5617 = VECTOR ( 'NONE', #7866, 1000.000000000000000 ) ;
#5618 = ORIENTED_EDGE ( 'NONE', *, *, #3572, .F. ) ;
#5619 = ADVANCED_FACE ( 'NONE', ( #3249 ), #3407, .T. ) ;
#5620 = EDGE_LOOP ( 'NONE', ( #1176, #1139 ) ) ;
#5621 = LINE ( 'NONE', #7782, #1196 ) ;
#5622 = LINE ( 'NONE', #2551, #8903 ) ;
#5623 = DIRECTION ( 'NONE',  ( 0.000000000000000000, 0.000000000000000000, -1.000000000000000000 ) ) ;
#5624 = ADVANCED_FACE ( 'NONE', ( #3957 ), #9351, .T. ) ;
#5625 = DIRECTION ( 'NONE',  ( -0.08205511845302967955, 0.9966277928773907835, 0.000000000000000000 ) ) ;
#5626 = CARTESIAN_POINT ( 'NONE',  ( 14.34006734006733907, -16.80516273849607245, -6.049999999999999822 ) ) ;
#5627 = DIRECTION ( 'NONE',  ( 0.000000000000000000, 0.000000000000000000, 1.000000000000000000 ) ) ;
#5628 = PLANE ( 'NONE',  #8158 ) ;
#5629 = DIRECTION ( 'NONE',  ( 0.4958447023784982033, 0.8684112108460937396, 0.000000000000000000 ) ) ;
#5630 = VERTEX_POINT ( 'NONE', #1694 ) ;
#5631 = VERTEX_POINT ( 'NONE', #181 ) ;
#5632 = DIRECTION ( 'NONE',  ( 0.000000000000000000, 0.000000000000000000, -1.000000000000000000 ) ) ;
#5633 = CARTESIAN_POINT ( 'NONE',  ( 17.18989898989898890, -16.26868686868686709, -6.049999999999999822 ) ) ;
#5634 = VERTEX_POINT ( 'NONE', #9398 ) ;
#5635 = DIRECTION ( 'NONE',  ( 0.3909727303069033821, -0.9204022621421382722, 0.000000000000000000 ) ) ;
#5636 = CARTESIAN_POINT ( 'NONE',  ( 18.71986531986532043, -13.44219977553310841, -6.049999999999999822 ) ) ;
#5637 = LINE ( 'NONE', #8709, #4949 ) ;
#5638 = CARTESIAN_POINT ( 'NONE',  ( 16.24500561167227985, -13.93389450056116807, -6.049999999999999822 ) ) ;
#5639 = ORIENTED_EDGE ( 'NONE', *, *, #7290, .F. ) ;
#5640 = CARTESIAN_POINT ( 'NONE',  ( 14.66060606060606020, -17.02154882154882287, -6.049999999999999822 ) ) ;
#5641 = ORIENTED_EDGE ( 'NONE', *, *, #6405, .F. ) ;
#5642 = VERTEX_POINT ( 'NONE', #8649 ) ;
#5643 = EDGE_LOOP ( 'NONE', ( #5537, #8830, #7756, #6496 ) ) ;
#5644 = DIRECTION ( 'NONE',  ( 0.9999190082869390261, 0.01272701325779580783, 0.000000000000000000 ) ) ;
#5645 = PLANE ( 'NONE',  #451 ) ;
#5646 = DIRECTION ( 'NONE',  ( 0.000000000000000000, -0.000000000000000000, -1.000000000000000000 ) ) ;
#5647 = ORIENTED_EDGE ( 'NONE', *, *, #9967, .T. ) ;
#5648 = VERTEX_POINT ( 'NONE', #1748 ) ;
#5649 = VERTEX_POINT ( 'NONE', #4821 ) ;
#5650 = ORIENTED_EDGE ( 'NONE', *, *, #6960, .F. ) ;
#5651 = DIRECTION ( 'NONE',  ( -0.9466561125653344400, 0.3222455655904187255, 0.000000000000000000 ) ) ;
#5652 = EDGE_CURVE ( 'NONE', #5335, #1092, #584, .T. ) ;
#5653 = ORIENTED_EDGE ( 'NONE', *, *, #7063, .T. ) ;
#5654 = DIRECTION ( 'NONE',  ( -0.000000000000000000, 0.000000000000000000, 1.000000000000000000 ) ) ;
#5655 = DIRECTION ( 'NONE',  ( 0.4669123116297188014, -0.8843036205108470993, 0.000000000000000000 ) ) ;
#5656 = FACE_OUTER_BOUND ( 'NONE', #819, .T. ) ;
#5657 = ADVANCED_FACE ( 'NONE', ( #3649 ), #7480, .T. ) ;
#5658 = DIRECTION ( 'NONE',  ( 0.7606028303162418736, -0.6492174785962883110, 0.000000000000000000 ) ) ;
#5659 = CARTESIAN_POINT ( 'NONE',  ( 12.15286195286195259, -14.69113355780022445, -6.349999999999999645 ) ) ;
#5660 = DIRECTION ( 'NONE',  ( -0.2837204054788457497, -0.9589070505085044438, 0.000000000000000000 ) ) ;
#5661 = LINE ( 'NONE', #3395, #3674 ) ;
#5662 = EDGE_CURVE ( 'NONE', #8767, #6233, #8046, .T. ) ;
#5663 = ORIENTED_EDGE ( 'NONE', *, *, #6752, .F. ) ;
#5664 = VERTEX_POINT ( 'NONE', #526 ) ;
#5665 = CARTESIAN_POINT ( 'NONE',  ( 7.342985409652076356, -18.55555555555555713, -6.049999999999999822 ) ) ;
#5666 = CARTESIAN_POINT ( 'NONE',  ( 10.72525252525252526, -13.40808080808080760, -6.349999999999999645 ) ) ;
#5667 = CARTESIAN_POINT ( 'NONE',  ( 16.06503928170594619, -17.85998877665544171, -6.049999999999999822 ) ) ;
#5668 = EDGE_CURVE ( 'NONE', #1002, #4951, #1990, .T. ) ;
#5669 = CARTESIAN_POINT ( 'NONE',  ( 10.72525252525252526, -14.44242424242424150, -6.049999999999999822 ) ) ;
#5670 = EDGE_CURVE ( 'NONE', #8681, #977, #4211, .T. ) ;
#5671 = CARTESIAN_POINT ( 'NONE',  ( 10.06891133557800089, -16.39797979797979721, -6.049999999999999822 ) ) ;
#5672 = DIRECTION ( 'NONE',  ( 0.7787065195114112326, -0.6273883617588263961, 0.000000000000000000 ) ) ;
#5673 = FACE_OUTER_BOUND ( 'NONE', #645, .T. ) ;
#5674 = ADVANCED_FACE ( 'NONE', ( #5920 ), #5163, .F. ) ;
#5675 = ORIENTED_EDGE ( 'NONE', *, *, #2575, .T. ) ;
#5676 = ORIENTED_EDGE ( 'NONE', *, *, #6377, .F. ) ;
#5677 = CARTESIAN_POINT ( 'NONE',  ( 8.376767676767677528, -18.47878787878788032, -6.349999999999999645 ) ) ;
#5678 = DIRECTION ( 'NONE',  ( 1.000000000000000000, -0.000000000000000000, -0.000000000000000000 ) ) ;
#5679 = LINE ( 'NONE', #1806, #3754 ) ;
#5680 = DIRECTION ( 'NONE',  ( 0.000000000000000000, 0.000000000000000000, -1.000000000000000000 ) ) ;
#5681 = AXIS2_PLACEMENT_3D ( 'NONE', #9510, #5026, #6586 ) ;
#5682 = LINE ( 'NONE', #3262, #2997 ) ;
#5683 = VECTOR ( 'NONE', #8334, 999.9999999999998863 ) ;
#5684 = DIRECTION ( 'NONE',  ( 0.000000000000000000, 1.000000000000000000, 0.000000000000000000 ) ) ;
#5685 = ORIENTED_EDGE ( 'NONE', *, *, #2661, .F. ) ;
#5686 = DIRECTION ( 'NONE',  ( -0.2805669918128242402, -0.9598344456754521747, 0.000000000000000000 ) ) ;
#5687 = VECTOR ( 'NONE', #4413, 1000.000000000000000 ) ;
#5688 = ORIENTED_EDGE ( 'NONE', *, *, #6658, .T. ) ;
#5689 = ORIENTED_EDGE ( 'NONE', *, *, #5830, .F. ) ;
#5690 = AXIS2_PLACEMENT_3D ( 'NONE', #7198, #9368, #5686 ) ;
#5691 = ORIENTED_EDGE ( 'NONE', *, *, #8560, .T. ) ;
#5692 = DIRECTION ( 'NONE',  ( 0.000000000000000000, -0.000000000000000000, -1.000000000000000000 ) ) ;
#5693 = FACE_OUTER_BOUND ( 'NONE', #5895, .T. ) ;
#5694 = APPLICATION_PROTOCOL_DEFINITION ( 'draft international standard', 'automotive_design', 1998, #140 ) ;
#5695 = VECTOR ( 'NONE', #6618, 1000.000000000000000 ) ;
#5696 = DIRECTION ( 'NONE',  ( 0.000000000000000000, 0.000000000000000000, -1.000000000000000000 ) ) ;
#5697 = AXIS2_PLACEMENT_3D ( 'NONE', #2851, #1905, #9698 ) ;
#5698 = VERTEX_POINT ( 'NONE', #1898 ) ;
#5699 = ORIENTED_EDGE ( 'NONE', *, *, #3093, .T. ) ;
#5700 = ORIENTED_EDGE ( 'NONE', *, *, #3436, .T. ) ;
#5701 = ORIENTED_EDGE ( 'NONE', *, *, #1526, .F. ) ;
#5702 = VERTEX_POINT ( 'NONE', #8235 ) ;
#5704 = DIRECTION ( 'NONE',  ( 0.000000000000000000, 0.000000000000000000, -1.000000000000000000 ) ) ;
#5703 = VECTOR ( 'NONE', #1259, 1000.000000000000000 ) ;
#5705 = DIRECTION ( 'NONE',  ( 0.4625660066950229021, -0.8865848461654529666, 0.000000000000000000 ) ) ;
#5706 = VECTOR ( 'NONE', #9286, 1000.000000000000000 ) ;
#5707 = DIRECTION ( 'NONE',  ( 0.9999709499781948008, -0.007622283103287838014, 0.000000000000000000 ) ) ;
#5708 = CARTESIAN_POINT ( 'NONE',  ( 17.52031425364758732, -12.53647586980920359, -6.049999999999999822 ) ) ;
#5709 = PLANE ( 'NONE',  #8810 ) ;
#5710 = ADVANCED_FACE ( 'NONE', ( #1185 ), #9692, .T. ) ;
#5711 = PLANE ( 'NONE',  #8991 ) ;
#5712 = VECTOR ( 'NONE', #674, 1000.000000000000000 ) ;
#5713 = VECTOR ( 'NONE', #8845, 1000.000000000000000 ) ;
#5714 = ORIENTED_EDGE ( 'NONE', *, *, #7510, .F. ) ;
#5715 = EDGE_CURVE ( 'NONE', #3613, #458, #8192, .T. ) ;
#5716 = ORIENTED_EDGE ( 'NONE', *, *, #5592, .F. ) ;
#5717 = CARTESIAN_POINT ( 'NONE',  ( 16.06503928170594619, -17.85998877665544171, -6.349999999999999645 ) ) ;
#5718 = DIRECTION ( 'NONE',  ( 0.000000000000000000, -1.000000000000000000, 0.000000000000000000 ) ) ;
#5719 = CARTESIAN_POINT ( 'NONE',  ( 16.38630751964085164, -11.34523007856341081, -6.349999999999999645 ) ) ;
#5720 = LINE ( 'NONE', #7276, #3367 ) ;
#5721 = CARTESIAN_POINT ( 'NONE',  ( 6.959595959595961112, -12.24444444444444358, -6.049999999999999822 ) ) ;
#5722 = VECTOR ( 'NONE', #4527, 1000.000000000000114 ) ;
#5723 = EDGE_CURVE ( 'NONE', #3631, #5034, #4310, .T. ) ;
#5724 = CARTESIAN_POINT ( 'NONE',  ( 0.000000000000000000, 0.000000000000000000, -6.049999999999999822 ) ) ;
#5725 = CARTESIAN_POINT ( 'NONE',  ( 15.72727272727272840, -11.11313131313131208, -6.349999999999999645 ) ) ;
#5726 = CARTESIAN_POINT ( 'NONE',  ( 8.357575757575757436, -14.44242424242424150, -6.049999999999999822 ) ) ;
#5727 = ADVANCED_FACE ( 'NONE', ( #8949 ), #2895, .T. ) ;
#5728 = VECTOR ( 'NONE', #8500, 1000.000000000000000 ) ;
#5729 = ADVANCED_FACE ( 'NONE', ( #6528 ), #9600, .T. ) ;
#5730 = ORIENTED_EDGE ( 'NONE', *, *, #1598, .F. ) ;
#5731 = ORIENTED_EDGE ( 'NONE', *, *, #1661, .T. ) ;
#5732 = PLANE ( 'NONE',  #7630 ) ;
#5733 = CARTESIAN_POINT ( 'NONE',  ( 17.36767676767677315, -13.03636363636363704, -6.349999999999999645 ) ) ;
#5734 = PLANE ( 'NONE',  #7619 ) ;
#5735 = EDGE_CURVE ( 'NONE', #2293, #3283, #8850, .T. ) ;
#5736 = LINE ( 'NONE', #4175, #8297 ) ;
#5737 = VECTOR ( 'NONE', #1126, 1000.000000000000000 ) ;
#5738 = DIRECTION ( 'NONE',  ( 0.000000000000000000, -1.000000000000000000, 0.000000000000000000 ) ) ;
#5739 = CARTESIAN_POINT ( 'NONE',  ( 16.46010101010101323, -13.00909090909090970, -6.049999999999999822 ) ) ;
#5740 = EDGE_LOOP ( 'NONE', ( #669, #7855, #1109, #667 ) ) ;
#5741 = FACE_OUTER_BOUND ( 'NONE', #4742, .T. ) ;
#5742 = VECTOR ( 'NONE', #9660, 1000.000000000000114 ) ;
#5743 = EDGE_LOOP ( 'NONE', ( #1148, #7359, #6703, #7255 ) ) ;
#5744 = ORIENTED_EDGE ( 'NONE', *, *, #1666, .T. ) ;
#5745 = VERTEX_POINT ( 'NONE', #2045 ) ;
#5746 = DIRECTION ( 'NONE',  ( 0.000000000000000000, -1.000000000000000000, 0.000000000000000000 ) ) ;
#5747 = DIRECTION ( 'NONE',  ( 0.000000000000000000, 0.000000000000000000, -1.000000000000000000 ) ) ;
#5748 = VECTOR ( 'NONE', #8851, 1000.000000000000227 ) ;
#5749 = DIRECTION ( 'NONE',  ( 0.4592960621984305547, 0.8882832471959691834, -0.000000000000000000 ) ) ;
#5750 = VERTEX_POINT ( 'NONE', #4261 ) ;
#5751 = ORIENTED_EDGE ( 'NONE', *, *, #1661, .F. ) ;
#5752 = ORIENTED_EDGE ( 'NONE', *, *, #5544, .F. ) ;
#5753 = VERTEX_POINT ( 'NONE', #7333 ) ;
#5754 = ORIENTED_EDGE ( 'NONE', *, *, #7553, .T. ) ;
#5755 = CARTESIAN_POINT ( 'NONE',  ( 10.92121212121212182, -18.45050505050505052, -6.049999999999999822 ) ) ;
#5756 = CARTESIAN_POINT ( 'NONE',  ( 15.72727272727272840, -11.11313131313131208, -6.049999999999999822 ) ) ;
#5757 = CARTESIAN_POINT ( 'NONE',  ( 16.85252525252525402, -18.82828282828282696, -6.349999999999999645 ) ) ;
#5758 = VECTOR ( 'NONE', #9338, 1000.000000000000000 ) ;
#5759 = VECTOR ( 'NONE', #4496, 1000.000000000000000 ) ;
#5760 = LINE ( 'NONE', #554, #9755 ) ;
#5761 = CARTESIAN_POINT ( 'NONE',  ( 12.66195286195286052, -14.42109988776655527, -6.049999999999999822 ) ) ;
#5762 = CARTESIAN_POINT ( 'NONE',  ( 17.07586980920314090, -11.55667789001122259, -6.049999999999999822 ) ) ;
#5763 = ORIENTED_EDGE ( 'NONE', *, *, #7290, .T. ) ;
#5764 = VECTOR ( 'NONE', #8717, 1000.000000000000000 ) ;
#5765 = ORIENTED_EDGE ( 'NONE', *, *, #1737, .F. ) ;
#5766 = AXIS2_PLACEMENT_3D ( 'NONE', #2558, #8516, #807 ) ;
#5767 = PLANE ( 'NONE',  #8449 ) ;
#5768 = LINE ( 'NONE', #283, #6460 ) ;
#5769 = CARTESIAN_POINT ( 'NONE',  ( 20.82626262626262559, -11.01616161616161627, -6.349999999999999645 ) ) ;
#5770 = LINE ( 'NONE', #8697, #7870 ) ;
#5771 = EDGE_CURVE ( 'NONE', #3855, #8520, #3503, .T. ) ;
#5772 = LINE ( 'NONE', #2696, #3302 ) ;
#5773 = DIRECTION ( 'NONE',  ( 1.000000000000000000, 0.000000000000000000, 0.000000000000000000 ) ) ;
#5774 = AXIS2_PLACEMENT_3D ( 'NONE', #4646, #2980, #3125 ) ;
#5775 = FACE_OUTER_BOUND ( 'NONE', #5993, .T. ) ;
#5776 = AXIS2_PLACEMENT_3D ( 'NONE', #5303, #2327, #6954 ) ;
#5777 = DIRECTION ( 'NONE',  ( -0.8882832471959692944, 0.4592960621984306102, 0.000000000000000000 ) ) ;
#5778 = VERTEX_POINT ( 'NONE', #8893 ) ;
#5779 = ORIENTED_EDGE ( 'NONE', *, *, #8434, .T. ) ;
#5780 = DIRECTION ( 'NONE',  ( -0.9790274745055249639, 0.2037282605907531352, 0.000000000000000000 ) ) ;
#5781 = DIRECTION ( 'NONE',  ( 0.9664637130644359031, -0.2568032151856820544, 0.000000000000000000 ) ) ;
#5782 = CARTESIAN_POINT ( 'NONE',  ( 12.22020202020201829, -18.67497194163860996, -6.049999999999999822 ) ) ;
#5783 = AXIS2_PLACEMENT_3D ( 'NONE', #5037, #8109, #1690 ) ;
#5784 = EDGE_CURVE ( 'NONE', #3474, #5804, #7494, .T. ) ;
#5785 = PLANE ( 'NONE',  #6200 ) ;
#5786 = EDGE_CURVE ( 'NONE', #5664, #7212, #8142, .T. ) ;
#5787 = FACE_OUTER_BOUND ( 'NONE', #4914, .T. ) ;
#5788 = CARTESIAN_POINT ( 'NONE',  ( 16.54747474747474811, -18.70303030303030312, -6.049999999999999822 ) ) ;
#5789 = EDGE_CURVE ( 'NONE', #151, #5630, #483, .T. ) ;
#5790 = ORIENTED_EDGE ( 'NONE', *, *, #3624, .F. ) ;
#5791 = FACE_OUTER_BOUND ( 'NONE', #465, .T. ) ;
#5792 = EDGE_LOOP ( 'NONE', ( #4328, #9677, #9345, #4133 ) ) ;
#5793 = ORIENTED_EDGE ( 'NONE', *, *, #7617, .T. ) ;
#5794 = ORIENTED_EDGE ( 'NONE', *, *, #6713, .T. ) ;
#5795 = FACE_OUTER_BOUND ( 'NONE', #4393, .T. ) ;
#5796 = DIRECTION ( 'NONE',  ( -0.1695854569747677343, 0.9855154858157527675, 0.000000000000000000 ) ) ;
#5797 = ADVANCED_FACE ( 'NONE', ( #6920 ), #8435, .F. ) ;
#5798 = EDGE_CURVE ( 'NONE', #903, #855, #782, .T. ) ;
#5799 = ADVANCED_FACE ( 'NONE', ( #6870 ), #4608, .T. ) ;
#5800 = CARTESIAN_POINT ( 'NONE',  ( 8.617957351290684187, -18.28170594837261476, -6.049999999999999822 ) ) ;
#5801 = EDGE_CURVE ( 'NONE', #5488, #786, #3851, .T. ) ;
#5802 = ORIENTED_EDGE ( 'NONE', *, *, #3678, .T. ) ;
#5803 = ORIENTED_EDGE ( 'NONE', *, *, #4565, .T. ) ;
#5804 = VERTEX_POINT ( 'NONE', #6161 ) ;
#5805 = ORIENTED_EDGE ( 'NONE', *, *, #3458, .T. ) ;
#5806 = ORIENTED_EDGE ( 'NONE', *, *, #2781, .F. ) ;
#5807 = CARTESIAN_POINT ( 'NONE',  ( 8.634343434343435320, -15.32525252525252490, -6.049999999999999822 ) ) ;
#5808 = CARTESIAN_POINT ( 'NONE',  ( 18.34006734006733907, -13.81661054994388316, -6.049999999999999822 ) ) ;
#5809 = LINE ( 'NONE', #9778, #9309 ) ;
#5810 = CARTESIAN_POINT ( 'NONE',  ( 17.43209876543209802, -11.65465768799102264, -6.049999999999999822 ) ) ;
#5811 = PLANE ( 'NONE',  #1261 ) ;
#5812 = EDGE_LOOP ( 'NONE', ( #7282, #9566, #3732, #94 ) ) ;
#5813 = ORIENTED_EDGE ( 'NONE', *, *, #6268, .T. ) ;
#5814 = CARTESIAN_POINT ( 'NONE',  ( -4.000000000000000000, 4.000000000000000000, -6.349999999999999645 ) ) ;
#5815 = EDGE_LOOP ( 'NONE', ( #2737, #8068, #3492, #7559 ) ) ;
#5816 = CARTESIAN_POINT ( 'NONE',  ( 10.72525252525252526, -12.64040404040404120, -6.349999999999999645 ) ) ;
#5817 = PLANE ( 'NONE',  #2638 ) ;
#5818 = LINE ( 'NONE', #6619, #8038 ) ;
#5819 = PLANE ( 'NONE',  #7966 ) ;
#5820 = DIRECTION ( 'NONE',  ( -0.8977536859525809820, -0.4404978085740658411, 0.000000000000000000 ) ) ;
#5821 = CARTESIAN_POINT ( 'NONE',  ( 7.872278338945005949, -11.25432098765432087, -6.349999999999999645 ) ) ;
#5822 = LINE ( 'NONE', #3651, #3026 ) ;
#5823 = ORIENTED_EDGE ( 'NONE', *, *, #6833, .F. ) ;
#5824 = ORIENTED_EDGE ( 'NONE', *, *, #5891, .F. ) ;
#5825 = DIRECTION ( 'NONE',  ( -0.2037282605907531075, -0.9790274745055248529, 0.000000000000000000 ) ) ;
#5826 = DIRECTION ( 'NONE',  ( -0.7428040927239314417, 0.6695088347681283913, 0.000000000000000000 ) ) ;
#5827 = CARTESIAN_POINT ( 'NONE',  ( 20.82626262626262559, -13.98181818181818237, -6.049999999999999822 ) ) ;
#5828 = FACE_OUTER_BOUND ( 'NONE', #5327, .T. ) ;
#5829 = LINE ( 'NONE', #5081, #4778 ) ;
#5830 = EDGE_CURVE ( 'NONE', #463, #2595, #2244, .T. ) ;
#5831 = ORIENTED_EDGE ( 'NONE', *, *, #4715, .T. ) ;
#5832 = CARTESIAN_POINT ( 'NONE',  ( 16.05297418630751949, -11.23176206509539909, -6.049999999999999822 ) ) ;
#5833 = EDGE_CURVE ( 'NONE', #5449, #7213, #73, .T. ) ;
#5834 = VERTEX_POINT ( 'NONE', #6770 ) ;
#5835 = ORIENTED_EDGE ( 'NONE', *, *, #7819, .F. ) ;
#5836 = CARTESIAN_POINT ( 'NONE',  ( 23.14545454545454461, -12.85858585858585990, -6.049999999999999822 ) ) ;
#5837 = VERTEX_POINT ( 'NONE', #4459 ) ;
#5838 = DIRECTION ( 'NONE',  ( 0.4005288483999243643, -0.9162841489403984463, 0.000000000000000000 ) ) ;
#5839 = CARTESIAN_POINT ( 'NONE',  ( 15.76049382716049330, -13.82109988776655385, -6.049999999999999822 ) ) ;
#5840 = EDGE_CURVE ( 'NONE', #7216, #5179, #5409, .T. ) ;
#5841 = CARTESIAN_POINT ( 'NONE',  ( 9.327272727272728048, -15.61683501683501696, -6.349999999999999645 ) ) ;
#5842 = VECTOR ( 'NONE', #8347, 1000.000000000000000 ) ;
#5843 = AXIS2_PLACEMENT_3D ( 'NONE', #3544, #2787, #6671 ) ;
#5844 = EDGE_LOOP ( 'NONE', ( #3982, #8736, #611, #7351 ) ) ;
#5845 = ORIENTED_EDGE ( 'NONE', *, *, #5582, .F. ) ;
#5846 = ADVANCED_FACE ( 'NONE', ( #1582 ), #3795, .T. ) ;
#5847 = ORIENTED_EDGE ( 'NONE', *, *, #5771, .T. ) ;
#5848 = VERTEX_POINT ( 'NONE', #8339 ) ;
#5849 = ORIENTED_EDGE ( 'NONE', *, *, #9786, .T. ) ;
#5850 = CARTESIAN_POINT ( 'NONE',  ( 17.31010101010101110, -17.81010101010101110, -6.049999999999999822 ) ) ;
#5851 = DIRECTION ( 'NONE',  ( 0.2776608199232006302, -0.9606791707326520768, 0.000000000000000000 ) ) ;
#5852 = DIRECTION ( 'NONE',  ( 0.000000000000000000, 0.000000000000000000, -1.000000000000000000 ) ) ;
#5853 = VECTOR ( 'NONE', #5173, 1000.000000000000227 ) ;
#5854 = EDGE_CURVE ( 'NONE', #4331, #9085, #9040, .T. ) ;
#5855 = VECTOR ( 'NONE', #2810, 1000.000000000000000 ) ;
#5856 = CARTESIAN_POINT ( 'NONE',  ( 19.18585858585858617, -17.90909090909091006, -6.049999999999999822 ) ) ;
#5857 = CARTESIAN_POINT ( 'NONE',  ( -4.000000000000000000, -54.00000000000000000, -6.349999999999999645 ) ) ;
#5858 = ORIENTED_EDGE ( 'NONE', *, *, #5472, .F. ) ;
#5859 = VECTOR ( 'NONE', #3246, 999.9999999999998863 ) ;
#5860 = ORIENTED_EDGE ( 'NONE', *, *, #2049, .F. ) ;
#5861 = VECTOR ( 'NONE', #5632, 1000.000000000000000 ) ;
#5862 = LINE ( 'NONE', #1082, #1524 ) ;
#5863 = ORIENTED_EDGE ( 'NONE', *, *, #5482, .F. ) ;
#5864 = CARTESIAN_POINT ( 'NONE',  ( 6.854545454545455385, -17.77979797979797993, -6.349999999999999645 ) ) ;
#5865 = CARTESIAN_POINT ( 'NONE',  ( 12.35555555555555785, -18.51919191919191832, -6.349999999999999645 ) ) ;
#5866 = LINE ( 'NONE', #1183, #2408 ) ;
#5867 = DIRECTION ( 'NONE',  ( 0.2973489441593833438, -0.9547688753867608069, 0.000000000000000000 ) ) ;
#5868 = DIRECTION ( 'NONE',  ( 0.5087173015509405261, 0.8609336252596534456, 0.000000000000000000 ) ) ;
#5869 = VECTOR ( 'NONE', #4957, 1000.000000000000000 ) ;
#5870 = CARTESIAN_POINT ( 'NONE',  ( 33.09999999999999432, -52.00000000000000711, -4.349999999999999645 ) ) ;
#5871 = VECTOR ( 'NONE', #3200, 1000.000000000000000 ) ;
#5872 = CARTESIAN_POINT ( 'NONE',  ( 8.117171717171714818, -17.16026936026936056, -6.349999999999999645 ) ) ;
#5873 = ORIENTED_EDGE ( 'NONE', *, *, #4538, .T. ) ;
#5874 = ORIENTED_EDGE ( 'NONE', *, *, #6101, .F. ) ;
#5875 = LINE ( 'NONE', #7435, #7473 ) ;
#5876 = AXIS2_PLACEMENT_3D ( 'NONE', #5626, #1135, #7937 ) ;
#5877 = FACE_OUTER_BOUND ( 'NONE', #204, .T. ) ;
#5878 = CARTESIAN_POINT ( 'NONE',  ( 12.38967452300785510, -15.75420875420875255, -6.349999999999999645 ) ) ;
#5879 = PLANE ( 'NONE',  #4926 ) ;
#5880 = CARTESIAN_POINT ( 'NONE',  ( 10.22999999999999865, -36.59999999999999432, -6.349999999999999645 ) ) ;
#5881 = VECTOR ( 'NONE', #3824, 1000.000000000000000 ) ;
#5882 = ORIENTED_EDGE ( 'NONE', *, *, #7811, .F. ) ;
#5883 = PLANE ( 'NONE',  #4723 ) ;
#5884 = ORIENTED_EDGE ( 'NONE', *, *, #4013, .F. ) ;
#5885 = ORIENTED_EDGE ( 'NONE', *, *, #9039, .T. ) ;
#5886 = DIRECTION ( 'NONE',  ( -0.9406998940795467945, -0.3392398993024396403, 0.000000000000000000 ) ) ;
#5887 = ORIENTED_EDGE ( 'NONE', *, *, #2342, .T. ) ;
#5888 = FACE_OUTER_BOUND ( 'NONE', #908, .T. ) ;
#5889 = VECTOR ( 'NONE', #7690, 1000.000000000000000 ) ;
#5890 = FACE_OUTER_BOUND ( 'NONE', #7961, .T. ) ;
#5891 = EDGE_CURVE ( 'NONE', #6003, #4502, #9889, .T. ) ;
#5892 = ADVANCED_FACE ( 'NONE', ( #6065 ), #728, .T. ) ;
#5893 = LINE ( 'NONE', #2073, #2068 ) ;
#5894 = VECTOR ( 'NONE', #8839, 1000.000000000000000 ) ;
#5895 = EDGE_LOOP ( 'NONE', ( #2571, #5464, #2424, #8778 ) ) ;
#5896 = VERTEX_POINT ( 'NONE', #631 ) ;
#5897 = ORIENTED_EDGE ( 'NONE', *, *, #9287, .F. ) ;
#5898 = VERTEX_POINT ( 'NONE', #7531 ) ;
#5899 = EDGE_CURVE ( 'NONE', #9055, #141, #9837, .T. ) ;
#5900 = ORIENTED_EDGE ( 'NONE', *, *, #7243, .F. ) ;
#5901 = LINE ( 'NONE', #8979, #6174 ) ;
#5902 = DIRECTION ( 'NONE',  ( -0.5087173015509404150, -0.8609336252596534456, 0.000000000000000000 ) ) ;
#5903 = CARTESIAN_POINT ( 'NONE',  ( 17.92098765432098872, -18.89292929292929202, -6.049999999999999822 ) ) ;
#5904 = VECTOR ( 'NONE', #5980, 1000.000000000000000 ) ;
#5905 = ADVANCED_FACE ( 'NONE', ( #2937 ), #8287, .T. ) ;
#5906 = DIRECTION ( 'NONE',  ( 0.9999709499781948008, -0.007622283103287838014, 0.000000000000000000 ) ) ;
#5907 = EDGE_CURVE ( 'NONE', #6122, #400, #2191, .T. ) ;
#5908 = DIRECTION ( 'NONE',  ( 0.9709108512384118095, -0.2394412640868367748, 0.000000000000000000 ) ) ;
#5909 = ORIENTED_EDGE ( 'NONE', *, *, #6633, .T. ) ;
#5910 = VECTOR ( 'NONE', #4404, 1000.000000000000114 ) ;
#5911 = VERTEX_POINT ( 'NONE', #8386 ) ;
#5912 = EDGE_CURVE ( 'NONE', #9665, #7920, #1480, .T. ) ;
#5913 = LINE ( 'NONE', #8992, #3294 ) ;
#5914 = EDGE_LOOP ( 'NONE', ( #5157, #4639, #2884, #4795 ) ) ;
#5915 = PLANE ( 'NONE',  #5843 ) ;
#5916 = LINE ( 'NONE', #5159, #2483 ) ;
#5917 = VECTOR ( 'NONE', #571, 1000.000000000000114 ) ;
#5918 = PLANE ( 'NONE',  #8983 ) ;
#5919 = CARTESIAN_POINT ( 'NONE',  ( 10.84601571268237841, -11.53984287317620527, -6.049999999999999822 ) ) ;
#5920 = FACE_OUTER_BOUND ( 'NONE', #3148, .T. ) ;
#5921 = ADVANCED_FACE ( 'NONE', ( #2290 ), #7167, .T. ) ;
#5922 = CARTESIAN_POINT ( 'NONE',  ( 12.47250280583613957, -15.70033670033670070, -6.049999999999999822 ) ) ;
#5923 = EDGE_CURVE ( 'NONE', #5002, #5940, #276, .T. ) ;
#5924 = ADVANCED_FACE ( 'NONE', ( #3290 ), #168, .T. ) ;
#5925 = DIRECTION ( 'NONE',  ( -0.2107281972989952790, -0.9775446930259075184, 0.000000000000000000 ) ) ;
#5926 = AXIS2_PLACEMENT_3D ( 'NONE', #7770, #9292, #3849 ) ;
#5927 = VECTOR ( 'NONE', #2247, 1000.000000000000000 ) ;
#5928 = ORIENTED_EDGE ( 'NONE', *, *, #3144, .T. ) ;
#5929 = ADVANCED_FACE ( 'NONE', ( #9340 ), #5612, .T. ) ;
#5930 = ORIENTED_EDGE ( 'NONE', *, *, #2750, .T. ) ;
#5931 = DIRECTION ( 'NONE',  ( -0.000000000000000000, 1.000000000000000000, -0.000000000000000000 ) ) ;
#5932 = CYLINDRICAL_SURFACE ( 'NONE', #1656, 1.099999999999996758 ) ;
#5933 = LINE ( 'NONE', #9049, #386 ) ;
#5934 = VECTOR ( 'NONE', #2782, 1000.000000000000000 ) ;
#5935 = LINE ( 'NONE', #3659, #262 ) ;
#5936 = CARTESIAN_POINT ( 'NONE',  ( 9.788888888888887863, -18.47070707070707130, -6.049999999999999822 ) ) ;
#5937 = EDGE_LOOP ( 'NONE', ( #4561, #6955, #8330, #1163 ) ) ;
#5938 = VECTOR ( 'NONE', #4401, 1000.000000000000000 ) ;
#5939 = CARTESIAN_POINT ( 'NONE',  ( 17.24601571268237876, -17.71425364758698251, -6.049999999999999822 ) ) ;
#5940 = VERTEX_POINT ( 'NONE', #1782 ) ;
#5941 = ORIENTED_EDGE ( 'NONE', *, *, #2053, .F. ) ;
#5942 = CARTESIAN_POINT ( 'NONE',  ( 16.34248035914702513, -12.96060606060606091, -6.349999999999999645 ) ) ;
#5943 = ORIENTED_EDGE ( 'NONE', *, *, #2355, .T. ) ;
#5944 = CARTESIAN_POINT ( 'NONE',  ( 10.75937149270482607, -15.86419753086419959, -6.049999999999999822 ) ) ;
#5945 = DIRECTION ( 'NONE',  ( 0.000000000000000000, 0.000000000000000000, 1.000000000000000000 ) ) ;
#5946 = DIRECTION ( 'NONE',  ( 0.9406998940795467945, 0.3392398993024396403, 0.000000000000000000 ) ) ;
#5947 = DIRECTION ( 'NONE',  ( 0.000000000000000000, 0.000000000000000000, -1.000000000000000000 ) ) ;
#5948 = ORIENTED_EDGE ( 'NONE', *, *, #4360, .F. ) ;
#5949 = VERTEX_POINT ( 'NONE', #3345 ) ;
#5950 = ORIENTED_EDGE ( 'NONE', *, *, #4541, .F. ) ;
#5951 = VERTEX_POINT ( 'NONE', #1631 ) ;
#5952 = VERTEX_POINT ( 'NONE', #4852 ) ;
#5953 = CARTESIAN_POINT ( 'NONE',  ( 15.66868686868686922, -12.12020202020202042, -6.049999999999999822 ) ) ;
#5954 = CARTESIAN_POINT ( 'NONE',  ( 17.00162738496071668, -18.85202020202020279, -6.049999999999999822 ) ) ;
#5955 = LINE ( 'NONE', #9028, #1090 ) ;
#5956 = CARTESIAN_POINT ( 'NONE',  ( 19.03232323232323253, -18.43434343434343248, -6.349999999999999645 ) ) ;
#5957 = ORIENTED_EDGE ( 'NONE', *, *, #3828, .T. ) ;
#5958 = EDGE_CURVE ( 'NONE', #8171, #3421, #5503, .T. ) ;
#5959 = ORIENTED_EDGE ( 'NONE', *, *, #3060, .F. ) ;
#5960 = CARTESIAN_POINT ( 'NONE',  ( 22.92727272727272947, -11.51717171717171695, -6.349999999999999645 ) ) ;
#5961 = EDGE_CURVE ( 'NONE', #1092, #2521, #4040, .T. ) ;
#5962 = EDGE_LOOP ( 'NONE', ( #4698, #6220, #4156, #1708 ) ) ;
#5963 = PLANE ( 'NONE',  #6968 ) ;
#5964 = DIRECTION ( 'NONE',  ( 0.000000000000000000, 0.000000000000000000, 1.000000000000000000 ) ) ;
#5965 = DIRECTION ( 'NONE',  ( 0.9963250278704888219, -0.08565301418438023284, 0.000000000000000000 ) ) ;
#5966 = CARTESIAN_POINT ( 'NONE',  ( 12.82626262626262736, -12.55151515151515085, -6.349999999999999645 ) ) ;
#5967 = CARTESIAN_POINT ( 'NONE',  ( 6.854545454545455385, -17.77979797979797993, -6.049999999999999822 ) ) ;
#5968 = DIRECTION ( 'NONE',  ( -0.9576575219705896203, 0.2879098306990395262, 0.000000000000000000 ) ) ;
#5969 = EDGE_CURVE ( 'NONE', #6607, #8715, #4703, .T. ) ;
#5970 = CARTESIAN_POINT ( 'NONE',  ( 12.49225589225589061, -18.36790123456790269, -6.349999999999999645 ) ) ;
#5971 = DIRECTION ( 'NONE',  ( -0.000000000000000000, -1.000000000000000000, -0.000000000000000000 ) ) ;
#5972 = ORIENTED_EDGE ( 'NONE', *, *, #3615, .T. ) ;
#5973 = ORIENTED_EDGE ( 'NONE', *, *, #9341, .F. ) ;
#5974 = LINE ( 'NONE', #2198, #3287 ) ;
#5975 = EDGE_CURVE ( 'NONE', #7, #5169, #8686, .T. ) ;
#5976 = PLANE ( 'NONE',  #2308 ) ;
#5977 = LINE ( 'NONE', #8901, #7779 ) ;
#5978 = DIRECTION ( 'NONE',  ( 0.9490991116688374252, -0.3149775805187151057, -0.000000000000000000 ) ) ;
#5979 = EDGE_CURVE ( 'NONE', #3975, #6352, #4153, .T. ) ;
#5980 = DIRECTION ( 'NONE',  ( -0.000000000000000000, -0.000000000000000000, 1.000000000000000000 ) ) ;
#5981 = EDGE_CURVE ( 'NONE', #8914, #1929, #878, .T. ) ;
#5982 = ORIENTED_EDGE ( 'NONE', *, *, #2162, .T. ) ;
#5983 = CARTESIAN_POINT ( 'NONE',  ( 12.82626262626262736, -18.94343434343434396, -6.049999999999999822 ) ) ;
#5984 = ORIENTED_EDGE ( 'NONE', *, *, #5801, .T. ) ;
#5985 = ORIENTED_EDGE ( 'NONE', *, *, #6902, .F. ) ;
#5986 = LINE ( 'NONE', #4146, #8909 ) ;
#5987 = CARTESIAN_POINT ( 'NONE',  ( 12.82626262626262736, -15.48484848484848442, -6.349999999999999645 ) ) ;
#5988 = CARTESIAN_POINT ( 'NONE',  ( 16.39977553310886549, -12.29943883277216621, -6.049999999999999822 ) ) ;
#5989 = CARTESIAN_POINT ( 'NONE',  ( 15.30886644219977555, -12.49483726150392826, -6.049999999999999822 ) ) ;
#5990 = CARTESIAN_POINT ( 'NONE',  ( 16.44646464646464779, -13.94141414141414259, -6.049999999999999822 ) ) ;
#5991 = ORIENTED_EDGE ( 'NONE', *, *, #6504, .F. ) ;
#5992 = VERTEX_POINT ( 'NONE', #5659 ) ;
#5993 = EDGE_LOOP ( 'NONE', ( #6932, #7909, #7593, #8071 ) ) ;
#5994 = EDGE_LOOP ( 'NONE', ( #4612, #3270, #8318, #6048 ) ) ;
#5995 = PLANE ( 'NONE',  #6828 ) ;
#5996 = DIRECTION ( 'NONE',  ( 0.000000000000000000, -1.000000000000000000, 0.000000000000000000 ) ) ;
#5997 = LINE ( 'NONE', #9078, #4786 ) ;
#5998 = VECTOR ( 'NONE', #1728, 1000.000000000000000 ) ;
#5999 = CARTESIAN_POINT ( 'NONE',  ( 7.315151515151515405, -11.16161616161616266, -6.049999999999999822 ) ) ;
#6000 = ORIENTED_EDGE ( 'NONE', *, *, #8020, .T. ) ;
#6001 = VERTEX_POINT ( 'NONE', #1680 ) ;
#6002 = DIRECTION ( 'NONE',  ( -0.2923715273016661564, 0.9563048102060822675, 0.000000000000000000 ) ) ;
#6003 = VERTEX_POINT ( 'NONE', #8732 ) ;
#6005 = DIRECTION ( 'NONE',  ( 0.000000000000000000, 0.000000000000000000, -1.000000000000000000 ) ) ;
#6004 = VECTOR ( 'NONE', #835, 1000.000000000000000 ) ;
#6006 = CARTESIAN_POINT ( 'NONE',  ( 0.000000000000000000, -50.00000000000000000, 0.000000000000000000 ) ) ;
#6007 = VECTOR ( 'NONE', #7646, 1000.000000000000227 ) ;
#6008 = PLANE ( 'NONE',  #1739 ) ;
#6009 = DIRECTION ( 'NONE',  ( -0.7394485513427015988, -0.6732130717070041737, 0.000000000000000000 ) ) ;
#6010 = DIRECTION ( 'NONE',  ( -0.9749645535258943951, 0.2223603367690682731, 0.000000000000000000 ) ) ;
#6011 = ADVANCED_FACE ( 'NONE', ( #4757 ), #1832, .F. ) ;
#6012 = DIRECTION ( 'NONE',  ( 0.03900552091333166910, -0.9992389951049145402, 0.000000000000000000 ) ) ;
#6013 = LINE ( 'NONE', #2193, #8342 ) ;
#6014 = EDGE_CURVE ( 'NONE', #5949, #9750, #7222, .T. ) ;
#6015 = VECTOR ( 'NONE', #83, 1000.000000000000000 ) ;
#6016 = AXIS2_PLACEMENT_3D ( 'NONE', #7932, #2597, #936 ) ;
#6017 = ORIENTED_EDGE ( 'NONE', *, *, #9795, .F. ) ;
#6018 = EDGE_LOOP ( 'NONE', ( #4450, #5243, #6045, #4841 ) ) ;
#6019 = ORIENTED_EDGE ( 'NONE', *, *, #8381, .F. ) ;
#6020 = LINE ( 'NONE', #9098, #6501 ) ;
#6021 = LINE ( 'NONE', #9847, #4396 ) ;
#6022 = EDGE_CURVE ( 'NONE', #5698, #1174, #6213, .T. ) ;
#6023 = DIRECTION ( 'NONE',  ( 0.5506122267585168428, 0.8347611489186758105, 0.000000000000000000 ) ) ;
#6024 = AXIS2_PLACEMENT_3D ( 'NONE', #5443, #54, #3124 ) ;
#6025 = AXIS2_PLACEMENT_3D ( 'NONE', #5564, #81, #9302 ) ;
#6026 = DIRECTION ( 'NONE',  ( -0.4699072675221029893, 0.8827157866096599914, 0.000000000000000000 ) ) ;
#6027 = CARTESIAN_POINT ( 'NONE',  ( 11.02514029180695765, -18.28080808080807884, -6.349999999999999645 ) ) ;
#6028 = EDGE_CURVE ( 'NONE', #4896, #5952, #5458, .T. ) ;
#6029 = EDGE_CURVE ( 'NONE', #9482, #9177, #8581, .T. ) ;
#6030 = ADVANCED_FACE ( 'NONE', ( #5558 ), #8638, .T. ) ;
#6031 = AXIS2_PLACEMENT_3D ( 'NONE', #4164, #5512, #8592 ) ;
#6032 = VECTOR ( 'NONE', #6684, 1000.000000000000114 ) ;
#6033 = ORIENTED_EDGE ( 'NONE', *, *, #3129, .F. ) ;
#6034 = LINE ( 'NONE', #6177, #6007 ) ;
#6035 = ORIENTED_EDGE ( 'NONE', *, *, #5833, .F. ) ;
#6036 = ORIENTED_EDGE ( 'NONE', *, *, #3404, .F. ) ;
#6037 = ADVANCED_FACE ( 'NONE', ( #9118 ), #5239, .T. ) ;
#6038 = CARTESIAN_POINT ( 'NONE',  ( 11.23434343434343496, -17.95757575757576063, -6.049999999999999822 ) ) ;
#6039 = LINE ( 'NONE', #9113, #4653 ) ;
#6040 = CARTESIAN_POINT ( 'NONE',  ( 14.47272727272727266, -17.04253647586980946, -6.049999999999999822 ) ) ;
#6041 = CARTESIAN_POINT ( 'NONE',  ( 12.64489337822671189, -15.59259259259259345, -6.049999999999999822 ) ) ;
#6042 = VECTOR ( 'NONE', #7166, 1000.000000000000000 ) ;
#6043 = CARTESIAN_POINT ( 'NONE',  ( 15.90202020202020172, -13.87373737373737370, -6.049999999999999822 ) ) ;
#6044 = DIRECTION ( 'NONE',  ( -0.5362037955457885641, -0.8440885555688396602, 0.000000000000000000 ) ) ;
#6045 = ORIENTED_EDGE ( 'NONE', *, *, #4365, .F. ) ;
#6046 = FACE_BOUND ( 'NONE', #6059, .T. ) ;
#6047 = VECTOR ( 'NONE', #1446, 1000.000000000000000 ) ;
#6048 = ORIENTED_EDGE ( 'NONE', *, *, #5538, .T. ) ;
#6049 = ORIENTED_EDGE ( 'NONE', *, *, #2818, .F. ) ;
#6050 = ORIENTED_EDGE ( 'NONE', *, *, #7518, .T. ) ;
#6051 = CARTESIAN_POINT ( 'NONE',  ( 14.75757575757575779, -16.53131313131313007, -6.349999999999999645 ) ) ;
#6052 = PLANE ( 'NONE',  #5445 ) ;
#6053 = VECTOR ( 'NONE', #9066, 1000.000000000000114 ) ;
#6054 = CARTESIAN_POINT ( 'NONE',  ( 17.94287317620651123, -17.93265993265993430, -6.349999999999999645 ) ) ;
#6055 = CARTESIAN_POINT ( 'NONE',  ( 9.064646464646465063, -17.85252525252525402, -6.049999999999999822 ) ) ;
#6056 = EDGE_LOOP ( 'NONE', ( #8706, #7869, #5885, #8040 ) ) ;
#6057 = ORIENTED_EDGE ( 'NONE', *, *, #4549, .T. ) ;
#6058 = CARTESIAN_POINT ( 'NONE',  ( 10.22999999999999865, -36.59999999999999432, -4.349999999999999645 ) ) ;
#6059 = EDGE_LOOP ( 'NONE', ( #7245, #2478, #8423, #4224, #8668, #6365, #8219, #4696, #9467, #4871, #1644, #7149, #3199, #9376, #1252, #9965, #1904, #7259, #331, #5972, #8877, #7128, #3242, #7821, #3579, #8993 ) ) ;
#6060 = AXIS2_PLACEMENT_3D ( 'NONE', #3904, #3055, #743 ) ;
#6061 = CARTESIAN_POINT ( 'NONE',  ( 9.763636363636363669, -14.44242424242424150, -6.349999999999999645 ) ) ;
#6062 = CARTESIAN_POINT ( 'NONE',  ( 9.064646464646465063, -17.85252525252525402, -6.349999999999999645 ) ) ;
#6063 = CARTESIAN_POINT ( 'NONE',  ( 16.37104377104376951, -18.56790123456790198, -6.049999999999999822 ) ) ;
#6064 = CARTESIAN_POINT ( 'NONE',  ( 9.564309764309763651, -15.05925925925925846, -6.349999999999999645 ) ) ;
#6065 = FACE_OUTER_BOUND ( 'NONE', #3427, .T. ) ;
#6066 = PLANE ( 'NONE',  #4629 ) ;
#6067 = LINE ( 'NONE', #880, #6401 ) ;
#6068 = VECTOR ( 'NONE', #1534, 1000.000000000000000 ) ;
#6069 = VERTEX_POINT ( 'NONE', #3623 ) ;
#6070 = ORIENTED_EDGE ( 'NONE', *, *, #3678, .F. ) ;
#6071 = ORIENTED_EDGE ( 'NONE', *, *, #9284, .T. ) ;
#6072 = VECTOR ( 'NONE', #715, 1000.000000000000000 ) ;
#6073 = CARTESIAN_POINT ( 'NONE',  ( 20.82626262626262559, -12.30101010101010317, -6.349999999999999645 ) ) ;
#6074 = ADVANCED_FACE ( 'NONE', ( #3672 ), #2916, .T. ) ;
#6075 = DIRECTION ( 'NONE',  ( 0.5436227709448048229, -0.8393296628323654307, 0.000000000000000000 ) ) ;
#6076 = CARTESIAN_POINT ( 'NONE',  ( 15.29797979797979757, -13.25757575757575779, -6.349999999999999645 ) ) ;
#6077 = DIRECTION ( 'NONE',  ( 0.000000000000000000, 0.000000000000000000, -1.000000000000000000 ) ) ;
#6078 = VECTOR ( 'NONE', #3882, 1000.000000000000000 ) ;
#6079 = DIRECTION ( 'NONE',  ( 0.000000000000000000, 0.000000000000000000, -1.000000000000000000 ) ) ;
#6080 = VECTOR ( 'NONE', #8291, 1000.000000000000000 ) ;
#6081 = ORIENTED_EDGE ( 'NONE', *, *, #6225, .F. ) ;
#6082 = DIRECTION ( 'NONE',  ( 0.4130437824993967166, -0.9107111692180958062, -0.000000000000000000 ) ) ;
#6083 = ADVANCED_FACE ( 'NONE', ( #8313 ), #9767, .T. ) ;
#6084 = ORIENTED_EDGE ( 'NONE', *, *, #3326, .F. ) ;
#6085 = VERTEX_POINT ( 'NONE', #1408 ) ;
#6086 = FACE_BOUND ( 'NONE', #6739, .T. ) ;
#6087 = AXIS2_PLACEMENT_3D ( 'NONE', #6307, #8640, #1736 ) ;
#6088 = LINE ( 'NONE', #468, #7943 ) ;
#6089 = EDGE_CURVE ( 'NONE', #9369, #5194, #2216, .T. ) ;
#6090 = LINE ( 'NONE', #2071, #8455 ) ;
#6091 = LINE ( 'NONE', #845, #1212 ) ;
#6092 = CARTESIAN_POINT ( 'NONE',  ( 10.43535353535353494, -17.49595959595959727, -6.349999999999999645 ) ) ;
#6093 = DIRECTION ( 'NONE',  ( 0.000000000000000000, 1.000000000000000000, 0.000000000000000000 ) ) ;
#6094 = EDGE_CURVE ( 'NONE', #3384, #2637, #1937, .T. ) ;
#6095 = VECTOR ( 'NONE', #573, 1000.000000000000114 ) ;
#6096 = ORIENTED_EDGE ( 'NONE', *, *, #5030, .F. ) ;
#6097 = DIRECTION ( 'NONE',  ( -0.9389674199351685235, 0.3440060817780590252, 0.000000000000000000 ) ) ;
#6098 = VERTEX_POINT ( 'NONE', #368 ) ;
#6099 = ORIENTED_EDGE ( 'NONE', *, *, #5180, .F. ) ;
#6100 = ORIENTED_EDGE ( 'NONE', *, *, #932, .F. ) ;
#6101 = EDGE_CURVE ( 'NONE', #2239, #2349, #8786, .T. ) ;
#6102 = CARTESIAN_POINT ( 'NONE',  ( 18.34006734006733907, -13.81661054994388316, -6.049999999999999822 ) ) ;
#6103 = ADVANCED_FACE ( 'NONE', ( #5287 ), #8361, .T. ) ;
#6104 = AXIS2_PLACEMENT_3D ( 'NONE', #8044, #2553, #939 ) ;
#6105 = EDGE_CURVE ( 'NONE', #3510, #1265, #6697, .T. ) ;
#6106 = LINE ( 'NONE', #9179, #7218 ) ;
#6107 = LINE ( 'NONE', #9181, #5759 ) ;
#6108 = EDGE_CURVE ( 'NONE', #3553, #8029, #3718, .T. ) ;
#6109 = DIRECTION ( 'NONE',  ( -0.000000000000000000, -0.000000000000000000, 1.000000000000000000 ) ) ;
#6110 = ORIENTED_EDGE ( 'NONE', *, *, #9464, .F. ) ;
#6111 = ORIENTED_EDGE ( 'NONE', *, *, #9044, .T. ) ;
#6112 = FACE_OUTER_BOUND ( 'NONE', #7496, .T. ) ;
#6113 = ORIENTED_EDGE ( 'NONE', *, *, #7708, .T. ) ;
#6114 = DIRECTION ( 'NONE',  ( -0.000000000000000000, -0.000000000000000000, -1.000000000000000000 ) ) ;
#6115 = CARTESIAN_POINT ( 'NONE',  ( 17.74837261503928332, -12.86397306397306295, -6.349999999999999645 ) ) ;
#6116 = CARTESIAN_POINT ( 'NONE',  ( 17.51032547699214348, -17.91964085297418663, -6.049999999999999822 ) ) ;
#6117 = DIRECTION ( 'NONE',  ( 0.000000000000000000, 0.000000000000000000, -1.000000000000000000 ) ) ;
#6118 = DIRECTION ( 'NONE',  ( 1.000000000000000000, 0.000000000000000000, 0.000000000000000000 ) ) ;
#6119 = CARTESIAN_POINT ( 'NONE',  ( 20.82626262626262559, -13.98181818181818237, -6.349999999999999645 ) ) ;
#6120 = DIRECTION ( 'NONE',  ( 0.000000000000000000, 0.000000000000000000, -1.000000000000000000 ) ) ;
#6121 = ORIENTED_EDGE ( 'NONE', *, *, #6138, .T. ) ;
#6122 = VERTEX_POINT ( 'NONE', #5009 ) ;
#6123 = VERTEX_POINT ( 'NONE', #6461 ) ;
#6124 = DIRECTION ( 'NONE',  ( -0.7743585062527301721, -0.6327471088784527575, 0.000000000000000000 ) ) ;
#6125 = DIRECTION ( 'NONE',  ( 0.8382878711275010275, 0.5452278836601464063, 0.000000000000000000 ) ) ;
#6126 = DIRECTION ( 'NONE',  ( 0.4826472015006087468, -0.8758148656443499602, 0.000000000000000000 ) ) ;
#6127 = FACE_OUTER_BOUND ( 'NONE', #4289, .T. ) ;
#6128 = DIRECTION ( 'NONE',  ( 1.000000000000000000, 0.000000000000000000, 0.000000000000000000 ) ) ;
#6129 = ORIENTED_EDGE ( 'NONE', *, *, #2452, .T. ) ;
#6130 = ORIENTED_EDGE ( 'NONE', *, *, #7456, .T. ) ;
#6131 = DIRECTION ( 'NONE',  ( 0.000000000000000000, -0.000000000000000000, 1.000000000000000000 ) ) ;
#6132 = ORIENTED_EDGE ( 'NONE', *, *, #9371, .F. ) ;
#6133 = ORIENTED_EDGE ( 'NONE', *, *, #3391, .F. ) ;
#6134 = CARTESIAN_POINT ( 'NONE',  ( 8.434118967452299387, -14.74702581369248122, -6.349999999999999645 ) ) ;
#6135 = DIRECTION ( 'NONE',  ( 0.9985538389640551404, -0.05376086578681478489, 0.000000000000000000 ) ) ;
#6136 = DIRECTION ( 'NONE',  ( 0.2438102404233514209, 0.9698229563506463036, 0.000000000000000000 ) ) ;
#6137 = LINE ( 'NONE', #1607, #2839 ) ;
#6138 = EDGE_CURVE ( 'NONE', #7591, #2773, #8262, .T. ) ;
#6139 = PLANE ( 'NONE',  #7047 ) ;
#6140 = EDGE_CURVE ( 'NONE', #3421, #6557, #1310, .T. ) ;
#6141 = ORIENTED_EDGE ( 'NONE', *, *, #6322, .F. ) ;
#6142 = CARTESIAN_POINT ( 'NONE',  ( 17.51032547699214348, -17.91964085297418663, -6.349999999999999645 ) ) ;
#6143 = ORIENTED_EDGE ( 'NONE', *, *, #9487, .F. ) ;
#6144 = VERTEX_POINT ( 'NONE', #3439 ) ;
#6145 = ORIENTED_EDGE ( 'NONE', *, *, #4192, .F. ) ;
#6146 = DIRECTION ( 'NONE',  ( 0.9687039990319731286, -0.2482187790225852397, 0.000000000000000000 ) ) ;
#6147 = EDGE_CURVE ( 'NONE', #2653, #7472, #9534, .T. ) ;
#6148 = CARTESIAN_POINT ( 'NONE',  ( 12.35555555555555785, -18.51919191919191832, -6.049999999999999822 ) ) ;
#6149 = DIRECTION ( 'NONE',  ( -0.3558840533475985390, 0.9345301175312027420, 0.000000000000000000 ) ) ;
#6150 = CARTESIAN_POINT ( 'NONE',  ( -0.9000000000000000222, 2.000000000000000000, -6.349999999999999645 ) ) ;
#6151 = EDGE_CURVE ( 'NONE', #511, #4655, #9863, .T. ) ;
#6152 = ORIENTED_EDGE ( 'NONE', *, *, #8939, .F. ) ;
#6153 = ORIENTED_EDGE ( 'NONE', *, *, #1401, .T. ) ;
#6154 = CARTESIAN_POINT ( 'NONE',  ( 6.978002244668909171, -17.95959595959595845, -6.049999999999999822 ) ) ;
#6155 = ORIENTED_EDGE ( 'NONE', *, *, #6462, .F. ) ;
#6156 = CARTESIAN_POINT ( 'NONE',  ( 10.86172839506172672, -16.56857463524130480, -6.349999999999999645 ) ) ;
#6157 = CARTESIAN_POINT ( 'NONE',  ( 10.22999999999999865, -31.39999999999999858, -6.349999999999999645 ) ) ;
#6158 = EDGE_CURVE ( 'NONE', #316, #1459, #5760, .T. ) ;
#6159 = CARTESIAN_POINT ( 'NONE',  ( -4.000000000000000000, -54.00000000000000000, -6.349999999999999645 ) ) ;
#6160 = DIRECTION ( 'NONE',  ( -0.5848365564199962119, -0.8111511587089058617, 0.000000000000000000 ) ) ;
#6161 = CARTESIAN_POINT ( 'NONE',  ( 33.09999999999999432, 2.000000000000000000, -4.349999999999999645 ) ) ;
#6162 = LINE ( 'NONE', #8340, #4462 ) ;
#6163 = CARTESIAN_POINT ( 'NONE',  ( 13.99786756453423031, -13.96655443322110024, -6.049999999999999822 ) ) ;
#6164 = ORIENTED_EDGE ( 'NONE', *, *, #4127, .F. ) ;
#6165 = ORIENTED_EDGE ( 'NONE', *, *, #9366, .T. ) ;
#6166 = VECTOR ( 'NONE', #6472, 1000.000000000000000 ) ;
#6167 = ORIENTED_EDGE ( 'NONE', *, *, #858, .T. ) ;
#6168 = CARTESIAN_POINT ( 'NONE',  ( 16.05297418630751949, -11.23176206509539909, -6.049999999999999822 ) ) ;
#6169 = DIRECTION ( 'NONE',  ( -0.9994164030426614387, -0.03415923490461698214, 0.000000000000000000 ) ) ;
#6170 = FACE_OUTER_BOUND ( 'NONE', #5426, .T. ) ;
#6171 = CARTESIAN_POINT ( 'NONE',  ( 16.13933782267115546, -12.41436588103254657, -6.049999999999999822 ) ) ;
#6172 = VECTOR ( 'NONE', #5623, 1000.000000000000000 ) ;
#6173 = FACE_OUTER_BOUND ( 'NONE', #8510, .T. ) ;
#6174 = VECTOR ( 'NONE', #5684, 1000.000000000000000 ) ;
#6175 = ORIENTED_EDGE ( 'NONE', *, *, #3811, .F. ) ;
#6176 = ORIENTED_EDGE ( 'NONE', *, *, #6897, .T. ) ;
#6177 = CARTESIAN_POINT ( 'NONE',  ( 8.526374859708193199, -15.04130190796857391, -6.349999999999999645 ) ) ;
#6178 = VECTOR ( 'NONE', #5340, 1000.000000000000000 ) ;
#6179 = CARTESIAN_POINT ( 'NONE',  ( 7.956228956228954985, -12.39977553310886549, -6.049999999999999822 ) ) ;
#6180 = ORIENTED_EDGE ( 'NONE', *, *, #6398, .F. ) ;
#6182 = VECTOR ( 'NONE', #8753, 1000.000000000000000 ) ;
#6181 = DIRECTION ( 'NONE',  ( 0.5470857247705513959, -0.8370765853566091153, 0.000000000000000000 ) ) ;
#6183 = DIRECTION ( 'NONE',  ( 0.000000000000000000, 0.000000000000000000, -1.000000000000000000 ) ) ;
#6184 = CARTESIAN_POINT ( 'NONE',  ( 11.97777777777777786, -14.78742985409652100, -6.049999999999999822 ) ) ;
#6185 = AXIS2_PLACEMENT_3D ( 'NONE', #1502, #2816, #8359 ) ;
#6186 = PLANE ( 'NONE',  #4966 ) ;
#6187 = VECTOR ( 'NONE', #7523, 1000.000000000000000 ) ;
#6188 = VERTEX_POINT ( 'NONE', #9019 ) ;
#6189 = LINE ( 'NONE', #3171, #2505 ) ;
#6190 = ORIENTED_EDGE ( 'NONE', *, *, #2449, .T. ) ;
#6191 = ORIENTED_EDGE ( 'NONE', *, *, #2762, .T. ) ;
#6192 = EDGE_CURVE ( 'NONE', #733, #9749, #2118, .T. ) ;
#6193 = VERTEX_POINT ( 'NONE', #5189 ) ;
#6194 = VECTOR ( 'NONE', #9462, 1000.000000000000000 ) ;
#6195 = DIRECTION ( 'NONE',  ( -0.5041781751006072509, 0.8635996571052014792, 0.000000000000000000 ) ) ;
#6196 = CARTESIAN_POINT ( 'NONE',  ( 12.82626262626262736, -12.55151515151515085, -6.049999999999999822 ) ) ;
#6197 = EDGE_CURVE ( 'NONE', #4385, #3923, #6747, .T. ) ;
#6198 = DIRECTION ( 'NONE',  ( 0.8843036205108472103, 0.4669123116297188014, 0.000000000000000000 ) ) ;
#6199 = DIRECTION ( 'NONE',  ( 0.4404978085740658411, -0.8977536859525810931, 0.000000000000000000 ) ) ;
#6200 = AXIS2_PLACEMENT_3D ( 'NONE', #1247, #4325, #1955 ) ;
#6201 = EDGE_CURVE ( 'NONE', #978, #9210, #1652, .T. ) ;
#6202 = EDGE_LOOP ( 'NONE', ( #317, #8320, #3800, #6366 ) ) ;
#6203 = ORIENTED_EDGE ( 'NONE', *, *, #442, .T. ) ;
#6204 = ORIENTED_EDGE ( 'NONE', *, *, #4110, .F. ) ;
#6205 = CARTESIAN_POINT ( 'NONE',  ( 12.82626262626262736, -12.55151515151515085, -6.049999999999999822 ) ) ;
#6206 = VERTEX_POINT ( 'NONE', #8558 ) ;
#6207 = LINE ( 'NONE', #6916, #3106 ) ;
#6208 = PLANE ( 'NONE',  #3117 ) ;
#6209 = LINE ( 'NONE', #4507, #7691 ) ;
#6210 = EDGE_CURVE ( 'NONE', #7306, #4383, #2421, .T. ) ;
#6211 = CARTESIAN_POINT ( 'NONE',  ( 23.14545454545454461, -12.85858585858585990, -6.049999999999999822 ) ) ;
#6212 = AXIS2_PLACEMENT_3D ( 'NONE', #3825, #6898, #5383 ) ;
#6213 = LINE ( 'NONE', #9294, #3479 ) ;
#6214 = PLANE ( 'NONE',  #8970 ) ;
#6215 = CARTESIAN_POINT ( 'NONE',  ( 20.82626262626262559, -13.43232323232323289, -6.049999999999999822 ) ) ;
#6216 = EDGE_CURVE ( 'NONE', #5837, #6784, #6137, .T. ) ;
#6217 = ORIENTED_EDGE ( 'NONE', *, *, #1924, .F. ) ;
#6218 = VECTOR ( 'NONE', #9413, 1000.000000000000000 ) ;
#6219 = ORIENTED_EDGE ( 'NONE', *, *, #4013, .T. ) ;
#6220 = ORIENTED_EDGE ( 'NONE', *, *, #5039, .F. ) ;
#6221 = CARTESIAN_POINT ( 'NONE',  ( 13.87676767676767753, -11.05656565656565604, -6.049999999999999822 ) ) ;
#6222 = CARTESIAN_POINT ( 'NONE',  ( 18.05521885521885395, -13.91021324354657551, -6.049999999999999822 ) ) ;
#6223 = DIRECTION ( 'NONE',  ( 1.000000000000000000, 0.000000000000000000, 0.000000000000000000 ) ) ;
#6224 = CARTESIAN_POINT ( 'NONE',  ( 17.00162738496071668, -18.85202020202020279, -6.349999999999999645 ) ) ;
#6225 = EDGE_CURVE ( 'NONE', #4184, #9122, #5481, .T. ) ;
#6226 = EDGE_CURVE ( 'NONE', #2704, #4239, #846, .T. ) ;
#6227 = LINE ( 'NONE', #9308, #7338 ) ;
#6228 = EDGE_CURVE ( 'NONE', #1738, #5389, #7799, .T. ) ;
#6229 = VECTOR ( 'NONE', #5029, 1000.000000000000000 ) ;
#6230 = DIRECTION ( 'NONE',  ( 0.5506122267585168428, 0.8347611489186758105, 0.000000000000000000 ) ) ;
#6231 = EDGE_CURVE ( 'NONE', #1304, #4543, #4582, .T. ) ;
#6232 = VERTEX_POINT ( 'NONE', #902 ) ;
#6233 = VERTEX_POINT ( 'NONE', #8464 ) ;
#6234 = DIRECTION ( 'NONE',  ( 0.000000000000000000, -1.000000000000000000, 0.000000000000000000 ) ) ;
#6235 = CARTESIAN_POINT ( 'NONE',  ( 8.551515151515150848, -12.46868686868686815, -6.349999999999999645 ) ) ;
#6236 = ORIENTED_EDGE ( 'NONE', *, *, #7569, .F. ) ;
#6237 = DIRECTION ( 'NONE',  ( 0.000000000000000000, -1.000000000000000000, -0.000000000000000000 ) ) ;
#6238 = VECTOR ( 'NONE', #4893, 1000.000000000000000 ) ;
#6239 = CARTESIAN_POINT ( 'NONE',  ( 17.94287317620651123, -17.93265993265993430, -6.049999999999999822 ) ) ;
#6240 = DIRECTION ( 'NONE',  ( 0.9960081932592745879, 0.08926185613348951164, 0.000000000000000000 ) ) ;
#6241 = VECTOR ( 'NONE', #8946, 1000.000000000000114 ) ;
#6242 = EDGE_LOOP ( 'NONE', ( #2826, #3323, #7159, #1367 ) ) ;
#6243 = VECTOR ( 'NONE', #2847, 1000.000000000000114 ) ;
#6244 = DIRECTION ( 'NONE',  ( -0.000000000000000000, -1.000000000000000000, -0.000000000000000000 ) ) ;
#6245 = EDGE_LOOP ( 'NONE', ( #5548, #5835, #2120, #7999 ) ) ;
#6246 = VERTEX_POINT ( 'NONE', #5434 ) ;
#6247 = ORIENTED_EDGE ( 'NONE', *, *, #3635, .T. ) ;
#6248 = DIRECTION ( 'NONE',  ( 0.9606791707326520768, 0.2776608199232006302, 0.000000000000000000 ) ) ;
#6249 = LINE ( 'NONE', #7151, #5764 ) ;
#6250 = VECTOR ( 'NONE', #6567, 1000.000000000000000 ) ;
#6251 = CARTESIAN_POINT ( 'NONE',  ( 15.17766554433221060, -12.82390572390572281, -6.049999999999999822 ) ) ;
#6252 = PLANE ( 'NONE',  #950 ) ;
#6253 = ORIENTED_EDGE ( 'NONE', *, *, #6956, .T. ) ;
#6254 = ORIENTED_EDGE ( 'NONE', *, *, #3836, .T. ) ;
#6255 = VERTEX_POINT ( 'NONE', #3916 ) ;
#6256 = VECTOR ( 'NONE', #4525, 1000.000000000000000 ) ;
#6257 = DIRECTION ( 'NONE',  ( 0.8834181286515833120, 0.4685855417847785698, 0.000000000000000000 ) ) ;
#6258 = VERTEX_POINT ( 'NONE', #7044 ) ;
#6259 = PLANE ( 'NONE',  #7457 ) ;
#6260 = PLANE ( 'NONE',  #66 ) ;
#6261 = DIRECTION ( 'NONE',  ( 0.000000000000000000, 0.000000000000000000, -1.000000000000000000 ) ) ;
#6262 = FACE_OUTER_BOUND ( 'NONE', #8413, .T. ) ;
#6263 = CARTESIAN_POINT ( 'NONE',  ( 16.21992143658810193, -18.38928170594837042, -6.049999999999999822 ) ) ;
#6264 = PLANE ( 'NONE',  #7681 ) ;
#6265 = ADVANCED_FACE ( 'NONE', ( #1 ), #6995, .T. ) ;
#6266 = LINE ( 'NONE', #3949, #779 ) ;
#6267 = ORIENTED_EDGE ( 'NONE', *, *, #7125, .T. ) ;
#6268 = EDGE_CURVE ( 'NONE', #8408, #2860, #2265, .T. ) ;
#6269 = ORIENTED_EDGE ( 'NONE', *, *, #7025, .T. ) ;
#6270 = FACE_OUTER_BOUND ( 'NONE', #3972, .T. ) ;
#6271 = CARTESIAN_POINT ( 'NONE',  ( 10.84601571268237841, -11.53984287317620527, -6.049999999999999822 ) ) ;
#6272 = CARTESIAN_POINT ( 'NONE',  ( -3.100000000000000533, -52.00000000000000711, -6.349999999999999645 ) ) ;
#6273 = FACE_BOUND ( 'NONE', #9300, .T. ) ;
#6274 = EDGE_CURVE ( 'NONE', #8344, #3553, #2463, .T. ) ;
#6275 = DIRECTION ( 'NONE',  ( 1.000000000000000000, 0.000000000000000000, 0.000000000000000000 ) ) ;
#6276 = CARTESIAN_POINT ( 'NONE',  ( 18.96913580246913611, -17.91649831649831626, -6.049999999999999822 ) ) ;
#6277 = EDGE_CURVE ( 'NONE', #8106, #5563, #8607, .T. ) ;
#6278 = EDGE_LOOP ( 'NONE', ( #8844, #9810, #3854, #9688 ) ) ;
#6279 = ORIENTED_EDGE ( 'NONE', *, *, #4008, .F. ) ;
#6280 = LINE ( 'NONE', #1093, #7789 ) ;
#6281 = VERTEX_POINT ( 'NONE', #1705 ) ;
#6282 = ORIENTED_EDGE ( 'NONE', *, *, #8862, .T. ) ;
#6283 = PLANE ( 'NONE',  #8265 ) ;
#6284 = EDGE_CURVE ( 'NONE', #79, #7307, #5333, .T. ) ;
#6285 = DIRECTION ( 'NONE',  ( 0.8652331064430718310, 0.5013697951760476279, 0.000000000000000000 ) ) ;
#6286 = DIRECTION ( 'NONE',  ( 0.5470857247705513959, -0.8370765853566091153, 0.000000000000000000 ) ) ;
#6287 = VERTEX_POINT ( 'NONE', #9167 ) ;
#6288 = CARTESIAN_POINT ( 'NONE',  ( 7.315151515151515405, -11.16161616161616266, -6.049999999999999822 ) ) ;
#6289 = ORIENTED_EDGE ( 'NONE', *, *, #8671, .T. ) ;
#6290 = ORIENTED_EDGE ( 'NONE', *, *, #918, .F. ) ;
#6291 = VERTEX_POINT ( 'NONE', #1558 ) ;
#6292 = LINE ( 'NONE', #156, #4583 ) ;
#6293 = CARTESIAN_POINT ( 'NONE',  ( 18.22334455667789044, -17.93063973063972938, -6.049999999999999822 ) ) ;
#6294 = LINE ( 'NONE', #315, #4634 ) ;
#6295 = CARTESIAN_POINT ( 'NONE',  ( 15.90213243546576649, -12.17946127946127888, -6.049999999999999822 ) ) ;
#6296 = ORIENTED_EDGE ( 'NONE', *, *, #4877, .F. ) ;
#6297 = VERTEX_POINT ( 'NONE', #8406 ) ;
#6298 = ORIENTED_EDGE ( 'NONE', *, *, #7642, .T. ) ;
#6299 = PLANE ( 'NONE',  #3930 ) ;
#6300 = ORIENTED_EDGE ( 'NONE', *, *, #5907, .F. ) ;
#6301 = CARTESIAN_POINT ( 'NONE',  ( 8.090684624017958626, -16.60852974186307662, -6.049999999999999822 ) ) ;
#6302 = CARTESIAN_POINT ( 'NONE',  ( 14.83030303030303010, -12.55151515151515085, -6.349999999999999645 ) ) ;
#6303 = DIRECTION ( 'NONE',  ( -0.9976618314957573785, 0.06834376325994336032, 0.000000000000000000 ) ) ;
#6304 = DIRECTION ( 'NONE',  ( -0.9997515934619009004, 0.02228791983092580711, 0.000000000000000000 ) ) ;
#6305 = CARTESIAN_POINT ( 'NONE',  ( 12.32525252525252490, -14.59797979797979828, -6.049999999999999822 ) ) ;
#6306 = DIRECTION ( 'NONE',  ( 0.4370057769617664012, -0.8994586988306039199, 0.000000000000000000 ) ) ;
#6307 = CARTESIAN_POINT ( 'NONE',  ( 14.28787878787878718, -14.70101010101010175, -6.049999999999999822 ) ) ;
#6308 = VERTEX_POINT ( 'NONE', #1505 ) ;
#6309 = ORIENTED_EDGE ( 'NONE', *, *, #2279, .F. ) ;
#6310 = LINE ( 'NONE', #8644, #2971 ) ;
#6311 = VECTOR ( 'NONE', #8553, 1000.000000000000000 ) ;
#6312 = FACE_OUTER_BOUND ( 'NONE', #8221, .T. ) ;
#6313 = DIRECTION ( 'NONE',  ( -0.8362763182415593466, -0.5483082340694348522, 0.000000000000000000 ) ) ;
#6314 = CARTESIAN_POINT ( 'NONE',  ( 17.31010101010101110, -17.81010101010101110, -6.349999999999999645 ) ) ;
#6315 = ADVANCED_FACE ( 'NONE', ( #7654 ), #758, .T. ) ;
#6316 = CARTESIAN_POINT ( 'NONE',  ( 34.00000000000000000, -54.00000000000000000, -6.349999999999999645 ) ) ;
#6317 = CARTESIAN_POINT ( 'NONE',  ( 16.44646464646464779, -13.94141414141414259, -6.049999999999999822 ) ) ;
#6318 = EDGE_CURVE ( 'NONE', #2507, #4952, #4636, .T. ) ;
#6319 = DIRECTION ( 'NONE',  ( -0.000000000000000000, -0.000000000000000000, -1.000000000000000000 ) ) ;
#6320 = VECTOR ( 'NONE', #2056, 1000.000000000000114 ) ;
#6321 = AXIS2_PLACEMENT_3D ( 'NONE', #5006, #8031, #7977 ) ;
#6322 = EDGE_CURVE ( 'NONE', #4062, #3241, #806, .T. ) ;
#6323 = ORIENTED_EDGE ( 'NONE', *, *, #1720, .T. ) ;
#6324 = ORIENTED_EDGE ( 'NONE', *, *, #7076, .T. ) ;
#6325 = CARTESIAN_POINT ( 'NONE',  ( 17.79595959595959442, -11.00000000000000000, -6.049999999999999822 ) ) ;
#6326 = FACE_OUTER_BOUND ( 'NONE', #8117, .T. ) ;
#6327 = ORIENTED_EDGE ( 'NONE', *, *, #2806, .T. ) ;
#6328 = LINE ( 'NONE', #9409, #4747 ) ;
#6329 = AXIS2_PLACEMENT_3D ( 'NONE', #8053, #3965, #6484 ) ;
#6330 = AXIS2_PLACEMENT_3D ( 'NONE', #5739, #6391, #5586 ) ;
#6331 = CARTESIAN_POINT ( 'NONE',  ( 18.84646464646464636, -12.81818181818181834, -6.049999999999999822 ) ) ;
#6332 = ADVANCED_FACE ( 'NONE', ( #43 ), #3115, .T. ) ;
#6333 = CARTESIAN_POINT ( 'NONE',  ( 16.05858585858585741, -17.69090909090909136, -6.349999999999999645 ) ) ;
#6334 = EDGE_CURVE ( 'NONE', #5952, #9653, #193, .T. ) ;
#6335 = EDGE_CURVE ( 'NONE', #2021, #772, #5581, .T. ) ;
#6336 = VECTOR ( 'NONE', #2093, 1000.000000000000114 ) ;
#6337 = EDGE_CURVE ( 'NONE', #2171, #5648, #5682, .T. ) ;
#6338 = AXIS2_PLACEMENT_3D ( 'NONE', #7075, #175, #979 ) ;
#6339 = ORIENTED_EDGE ( 'NONE', *, *, #6522, .T. ) ;
#6340 = CARTESIAN_POINT ( 'NONE',  ( 14.83030303030303010, -13.61010101010101003, -6.349999999999999645 ) ) ;
#6341 = ORIENTED_EDGE ( 'NONE', *, *, #8250, .T. ) ;
#6342 = VERTEX_POINT ( 'NONE', #4830 ) ;
#6343 = VERTEX_POINT ( 'NONE', #6333 ) ;
#6344 = CARTESIAN_POINT ( 'NONE',  ( 16.24500561167227985, -13.93389450056116807, -6.349999999999999645 ) ) ;
#6345 = EDGE_CURVE ( 'NONE', #4782, #530, #1864, .T. ) ;
#6346 = VECTOR ( 'NONE', #5851, 999.9999999999998863 ) ;
#6347 = VECTOR ( 'NONE', #7405, 1000.000000000000000 ) ;
#6348 = CARTESIAN_POINT ( 'NONE',  ( 8.617957351290684187, -18.28170594837261476, -6.049999999999999822 ) ) ;
#6349 = DIRECTION ( 'NONE',  ( 0.000000000000000000, 0.000000000000000000, -1.000000000000000000 ) ) ;
#6350 = EDGE_CURVE ( 'NONE', #3497, #2874, #1101, .T. ) ;
#6351 = ORIENTED_EDGE ( 'NONE', *, *, #7005, .T. ) ;
#6352 = VERTEX_POINT ( 'NONE', #8007 ) ;
#6353 = AXIS2_PLACEMENT_3D ( 'NONE', #3064, #1034, #6135 ) ;
#6354 = ORIENTED_EDGE ( 'NONE', *, *, #1793, .F. ) ;
#6355 = DIRECTION ( 'NONE',  ( -0.7676329112972751778, -0.6408897826407202736, 0.000000000000000000 ) ) ;
#6356 = EDGE_LOOP ( 'NONE', ( #5730, #8879, #706, #1941 ) ) ;
#6357 = CARTESIAN_POINT ( 'NONE',  ( 8.333333333333332149, -16.97979797979797922, -6.049999999999999822 ) ) ;
#6358 = DIRECTION ( 'NONE',  ( 0.000000000000000000, 0.000000000000000000, 1.000000000000000000 ) ) ;
#6359 = CARTESIAN_POINT ( 'NONE',  ( 16.29090909090908923, -18.48484848484848442, -6.349999999999999645 ) ) ;
#6360 = CARTESIAN_POINT ( 'NONE',  ( 9.936026936026939538, -12.58900112233445512, -6.349999999999999645 ) ) ;
#6361 = CARTESIAN_POINT ( 'NONE',  ( 14.09494949494949445, -16.32704826038159496, -6.049999999999999822 ) ) ;
#6362 = VECTOR ( 'NONE', #1020, 1000.000000000000000 ) ;
#6363 = LINE ( 'NONE', #1938, #9622 ) ;
#6364 = PLANE ( 'NONE',  #6087 ) ;
#6365 = ORIENTED_EDGE ( 'NONE', *, *, #657, .T. ) ;
#6366 = ORIENTED_EDGE ( 'NONE', *, *, #7387, .T. ) ;
#6367 = DIRECTION ( 'NONE',  ( -0.9942413853645398758, 0.1071637421351118585, 0.000000000000000000 ) ) ;
#6368 = AXIS2_PLACEMENT_3D ( 'NONE', #2792, #5773, #4972 ) ;
#6369 = CARTESIAN_POINT ( 'NONE',  ( 32.00000000000000000, 2.000000000000000000, -6.349999999999999645 ) ) ;
#6370 = DIRECTION ( 'NONE',  ( 0.000000000000000000, 0.000000000000000000, -1.000000000000000000 ) ) ;
#6371 = CARTESIAN_POINT ( 'NONE',  ( 19.03232323232323253, -18.43434343434343248, -6.049999999999999822 ) ) ;
#6372 = DIRECTION ( 'NONE',  ( 0.5778169244170958674, -0.8161664057391532223, 0.000000000000000000 ) ) ;
#6373 = DIRECTION ( 'NONE',  ( 0.4540169489009931447, -0.8909930471730028723, 0.000000000000000000 ) ) ;
#6374 = DIRECTION ( 'NONE',  ( -0.6273883617588265071, -0.7787065195114113436, 0.000000000000000000 ) ) ;
#6375 = CARTESIAN_POINT ( 'NONE',  ( 9.327272727272728048, -15.61683501683501696, -6.049999999999999822 ) ) ;
#6376 = VECTOR ( 'NONE', #3695, 1000.000000000000114 ) ;
#6377 = EDGE_CURVE ( 'NONE', #5648, #6188, #6386, .T. ) ;
#6378 = ORIENTED_EDGE ( 'NONE', *, *, #9341, .T. ) ;
#6379 = VERTEX_POINT ( 'NONE', #7242 ) ;
#6380 = LINE ( 'NONE', #3962, #6182 ) ;
#6381 = CARTESIAN_POINT ( 'NONE',  ( 9.990796857463521974, -11.48125701459034786, -6.049999999999999822 ) ) ;
#6382 = ORIENTED_EDGE ( 'NONE', *, *, #5923, .F. ) ;
#6383 = CARTESIAN_POINT ( 'NONE',  ( 14.67396184062850750, -15.46419753086419746, -6.049999999999999822 ) ) ;
#6384 = VECTOR ( 'NONE', #88, 1000.000000000000114 ) ;
#6385 = LINE ( 'NONE', #1863, #3947 ) ;
#6386 = LINE ( 'NONE', #4176, #4138 ) ;
#6388 = EDGE_CURVE ( 'NONE', #9592, #111, #9615, .T. ) ;
#6387 = DIRECTION ( 'NONE',  ( -0.9205034131083019711, -0.3907345217100309798, 0.000000000000000000 ) ) ;
#6389 = VECTOR ( 'NONE', #3797, 1000.000000000000000 ) ;
#6390 = EDGE_LOOP ( 'NONE', ( #9631, #8925, #5533, #5168 ) ) ;
#6391 = DIRECTION ( 'NONE',  ( 0.3149775805187150501, 0.9490991116688375362, 0.000000000000000000 ) ) ;
#6392 = EDGE_CURVE ( 'NONE', #9071, #9177, #2567, .T. ) ;
#6393 = EDGE_LOOP ( 'NONE', ( #6493, #3730, #4557, #8561 ) ) ;
#6394 = ORIENTED_EDGE ( 'NONE', *, *, #3557, .T. ) ;
#6395 = VECTOR ( 'NONE', #7968, 1000.000000000000000 ) ;
#6396 = ORIENTED_EDGE ( 'NONE', *, *, #224, .F. ) ;
#6397 = PLANE ( 'NONE',  #6024 ) ;
#6398 = EDGE_CURVE ( 'NONE', #9960, #9359, #6543, .T. ) ;
#6400 = CARTESIAN_POINT ( 'NONE',  ( 7.581818181818182012, -19.00000000000000000, -6.049999999999999822 ) ) ;
#6399 = VECTOR ( 'NONE', #3647, 1000.000000000000000 ) ;
#6401 = VECTOR ( 'NONE', #4705, 1000.000000000000227 ) ;
#6402 = DIRECTION ( 'NONE',  ( -0.9999974193207997741, -0.002271860854180602664, 0.000000000000000000 ) ) ;
#6403 = ORIENTED_EDGE ( 'NONE', *, *, #7815, .T. ) ;
#6404 = EDGE_LOOP ( 'NONE', ( #9335, #1068, #1010, #4690 ) ) ;
#6405 = EDGE_CURVE ( 'NONE', #5577, #3107, #6486, .T. ) ;
#6406 = ORIENTED_EDGE ( 'NONE', *, *, #1275, .F. ) ;
#6407 = VERTEX_POINT ( 'NONE', #1145 ) ;
#6408 = ADVANCED_FACE ( 'NONE', ( #9562 ), #1760, .F. ) ;
#6409 = DIRECTION ( 'NONE',  ( 0.000000000000000000, 0.000000000000000000, -1.000000000000000000 ) ) ;
#6410 = EDGE_LOOP ( 'NONE', ( #7046, #6667, #6874, #9126 ) ) ;
#6411 = LINE ( 'NONE', #2586, #2789 ) ;
#6412 = DIRECTION ( 'NONE',  ( 0.2776608199232006302, -0.9606791707326520768, 0.000000000000000000 ) ) ;
#6413 = VECTOR ( 'NONE', #5908, 1000.000000000000114 ) ;
#6414 = CARTESIAN_POINT ( 'NONE',  ( 12.15286195286195259, -14.69113355780022445, -6.049999999999999822 ) ) ;
#6415 = PLANE ( 'NONE',  #7972 ) ;
#6416 = ADVANCED_FACE ( 'NONE', ( #5787 ), #7903, .F. ) ;
#6417 = CARTESIAN_POINT ( 'NONE',  ( 7.425589225589224185, -12.32502805836139181, -6.049999999999999822 ) ) ;
#6418 = LINE ( 'NONE', #1077, #4148 ) ;
#6419 = PLANE ( 'NONE',  #2237 ) ;
#6420 = CIRCLE ( 'NONE', #6104, 1.099999999999996758 ) ;
#6421 = ORIENTED_EDGE ( 'NONE', *, *, #2518, .F. ) ;
#6422 = ORIENTED_EDGE ( 'NONE', *, *, #7330, .F. ) ;
#6423 = PLANE ( 'NONE',  #9410 ) ;
#6424 = DIRECTION ( 'NONE',  ( 0.9442508320037008573, 0.3292269221377843169, 0.000000000000000000 ) ) ;
#6425 = DIRECTION ( 'NONE',  ( -0.9942170480843447455, 0.1073892978767058554, 0.000000000000000000 ) ) ;
#6426 = SURFACE_STYLE_USAGE ( .BOTH. , #285 ) ;
#6427 = CARTESIAN_POINT ( 'NONE',  ( 15.63030303030303259, -12.37272727272727302, -6.349999999999999645 ) ) ;
#6428 = LINE ( 'NONE', #5671, #5244 ) ;
#6429 = FACE_OUTER_BOUND ( 'NONE', #9220, .T. ) ;
#6430 = DIRECTION ( 'NONE',  ( 0.5867357041029339637, 0.8097784965846119842, 0.000000000000000000 ) ) ;
#6431 = ORIENTED_EDGE ( 'NONE', *, *, #3399, .F. ) ;
#6432 = ORIENTED_EDGE ( 'NONE', *, *, #7994, .F. ) ;
#6433 = LINE ( 'NONE', #5520, #1850 ) ;
#6434 = PLANE ( 'NONE',  #5681 ) ;
#6435 = FACE_OUTER_BOUND ( 'NONE', #3295, .T. ) ;
#6436 = DIRECTION ( 'NONE',  ( 0.4753972311620315860, -0.8797712615239678957, 0.000000000000000000 ) ) ;
#6437 = CARTESIAN_POINT ( 'NONE',  ( 10.72525252525252526, -14.44242424242424150, -6.349999999999999645 ) ) ;
#6438 = PLANE ( 'NONE',  #7135 ) ;
#6439 = ORIENTED_EDGE ( 'NONE', *, *, #4245, .F. ) ;
#6440 = CARTESIAN_POINT ( 'NONE',  ( 10.72525252525252526, -12.64040404040404120, -6.049999999999999822 ) ) ;
#6441 = ORIENTED_EDGE ( 'NONE', *, *, #1301, .F. ) ;
#6442 = ORIENTED_EDGE ( 'NONE', *, *, #5364, .T. ) ;
#6443 = ORIENTED_EDGE ( 'NONE', *, *, #7203, .F. ) ;
#6444 = CARTESIAN_POINT ( 'NONE',  ( 17.31010101010101110, -17.81010101010101110, -6.049999999999999822 ) ) ;
#6445 = DIRECTION ( 'NONE',  ( 0.8362763182415593466, 0.5483082340694348522, 0.000000000000000000 ) ) ;
#6446 = PRODUCT_CONTEXT ( 'NONE', #140, 'mechanical' ) ;
#6447 = EDGE_CURVE ( 'NONE', #6297, #5518, #396, .T. ) ;
#6448 = EDGE_CURVE ( 'NONE', #5804, #3474, #1560, .T. ) ;
#6449 = DIRECTION ( 'NONE',  ( -0.2259865018656418700, 0.9741304332452251913, 0.000000000000000000 ) ) ;
#6450 = VERTEX_POINT ( 'NONE', #7853 ) ;
#6451 = EDGE_LOOP ( 'NONE', ( #6247, #8666 ) ) ;
#6452 = VERTEX_POINT ( 'NONE', #1051 ) ;
#6453 = ORIENTED_EDGE ( 'NONE', *, *, #7872, .F. ) ;
#6454 = EDGE_CURVE ( 'NONE', #6069, #4410, #5637, .T. ) ;
#6455 = CARTESIAN_POINT ( 'NONE',  ( 15.63030303030303259, -12.37272727272727302, -6.049999999999999822 ) ) ;
#6456 = ORIENTED_EDGE ( 'NONE', *, *, #4534, .T. ) ;
#6457 = CARTESIAN_POINT ( 'NONE',  ( 18.71986531986532043, -13.44219977553310841, -6.049999999999999822 ) ) ;
#6458 = LINE ( 'NONE', #366, #2168 ) ;
#6459 = LINE ( 'NONE', #2438, #1908 ) ;
#6460 = VECTOR ( 'NONE', #2693, 1000.000000000000000 ) ;
#6461 = CARTESIAN_POINT ( 'NONE',  ( 18.84646464646464636, -11.00000000000000000, -6.049999999999999822 ) ) ;
#6462 = EDGE_CURVE ( 'NONE', #855, #7615, #1808, .T. ) ;
#6463 = ADVANCED_BREP_SHAPE_REPRESENTATION ( '\X2\80cc677f\X0\', ( #9254, #1422 ), #2072 ) ;
#6464 = DIRECTION ( 'NONE',  ( 0.9990114609012247238, -0.04445335744351251034, 0.000000000000000000 ) ) ;
#6465 = ADVANCED_FACE ( 'NONE', ( #7193 ), #4880, .F. ) ;
#6466 = PLANE ( 'NONE',  #9949 ) ;
#6467 = EDGE_LOOP ( 'NONE', ( #7711, #3279, #6550, #5379 ) ) ;
#6468 = EDGE_CURVE ( 'NONE', #2280, #1673, #1397, .T. ) ;
#6469 = ORIENTED_EDGE ( 'NONE', *, *, #6216, .F. ) ;
#6470 = EDGE_CURVE ( 'NONE', #5630, #9526, #9756, .T. ) ;
#6471 = DIRECTION ( 'NONE',  ( 0.5660482612213608711, -0.8243721040696815328, 0.000000000000000000 ) ) ;
#6472 = DIRECTION ( 'NONE',  ( 0.1317033399538821425, -0.9912891758941949627, -0.000000000000000000 ) ) ;
#6473 = DIRECTION ( 'NONE',  ( -0.9939944406408657285, 0.1094305806210156135, 0.000000000000000000 ) ) ;
#6474 = DIRECTION ( 'NONE',  ( -0.9966277928773907835, -0.08205511845302967955, 0.000000000000000000 ) ) ;
#6475 = PLANE ( 'NONE',  #4911 ) ;
#6476 = CARTESIAN_POINT ( 'NONE',  ( 8.333333333333332149, -16.97979797979797922, -6.049999999999999822 ) ) ;
#6477 = LINE ( 'NONE', #7894, #4622 ) ;
#6478 = DIRECTION ( 'NONE',  ( 0.3037525399076988486, -0.9527509614267632987, 0.000000000000000000 ) ) ;
#6479 = AXIS2_PLACEMENT_3D ( 'NONE', #4118, #4270, #8755 ) ;
#6480 = ORIENTED_EDGE ( 'NONE', *, *, #139, .F. ) ;
#6481 = ORIENTED_EDGE ( 'NONE', *, *, #6337, .T. ) ;
#6482 = LINE ( 'NONE', #3461, #2803 ) ;
#6483 = CARTESIAN_POINT ( 'NONE',  ( 18.81481481481481310, -13.16139169472502779, -6.049999999999999822 ) ) ;
#6484 = DIRECTION ( 'NONE',  ( -0.8630293487381561768, -0.5051537817502647076, 0.000000000000000000 ) ) ;
#6485 = CARTESIAN_POINT ( 'NONE',  ( 14.70909090909090899, -16.77239057239057374, -6.049999999999999822 ) ) ;
#6486 = LINE ( 'NONE', #3416, #1080 ) ;
#6487 = VECTOR ( 'NONE', #3089, 1000.000000000000000 ) ;
#6488 = DIRECTION ( 'NONE',  ( 0.000000000000000000, 0.000000000000000000, -1.000000000000000000 ) ) ;
#6489 = ORIENTED_EDGE ( 'NONE', *, *, #564, .T. ) ;
#6490 = PLANE ( 'NONE',  #5690 ) ;
#6491 = VECTOR ( 'NONE', #6169, 999.9999999999998863 ) ;
#6492 = VECTOR ( 'NONE', #6735, 999.9999999999998863 ) ;
#6493 = ORIENTED_EDGE ( 'NONE', *, *, #4312, .F. ) ;
#6494 = VERTEX_POINT ( 'NONE', #7441 ) ;
#6495 = AXIS2_PLACEMENT_3D ( 'NONE', #2468, #1868, #5534 ) ;
#6496 = ORIENTED_EDGE ( 'NONE', *, *, #173, .T. ) ;
#6497 = DIRECTION ( 'NONE',  ( 0.000000000000000000, 1.000000000000000000, 0.000000000000000000 ) ) ;
#6498 = CARTESIAN_POINT ( 'NONE',  ( 8.758024691358025748, -15.59887766554433242, -6.049999999999999822 ) ) ;
#6499 = AXIS2_PLACEMENT_3D ( 'NONE', #7177, #6473, #9542 ) ;
#6500 = CARTESIAN_POINT ( 'NONE',  ( 8.434118967452299387, -14.74702581369248122, -6.049999999999999822 ) ) ;
#6501 = VECTOR ( 'NONE', #7586, 1000.000000000000000 ) ;
#6502 = VERTEX_POINT ( 'NONE', #596 ) ;
#6503 = ORIENTED_EDGE ( 'NONE', *, *, #6544, .T. ) ;
#6504 = EDGE_CURVE ( 'NONE', #9454, #5518, #4471, .T. ) ;
#6505 = VERTEX_POINT ( 'NONE', #7544 ) ;
#6506 = ORIENTED_EDGE ( 'NONE', *, *, #3624, .T. ) ;
#6507 = EDGE_LOOP ( 'NONE', ( #9569, #7227, #6583, #3132 ) ) ;
#6509 = CARTESIAN_POINT ( 'NONE',  ( 0.000000000000000000, 0.000000000000000000, -6.349999999999999645 ) ) ;
#6508 = VECTOR ( 'NONE', #5655, 1000.000000000000227 ) ;
#6510 = DIRECTION ( 'NONE',  ( 0.000000000000000000, 0.000000000000000000, -1.000000000000000000 ) ) ;
#6511 = VECTOR ( 'NONE', #4427, 1000.000000000000000 ) ;
#6512 = LINE ( 'NONE', #4850, #3978 ) ;
#6513 = DIRECTION ( 'NONE',  ( 0.8737002439658837494, -0.4864646787732436195, 0.000000000000000000 ) ) ;
#6514 = LINE ( 'NONE', #5761, #1249 ) ;
#6515 = EDGE_CURVE ( 'NONE', #8000, #7269, #9809, .T. ) ;
#6516 = DIRECTION ( 'NONE',  ( 0.000000000000000000, 0.000000000000000000, -1.000000000000000000 ) ) ;
#6517 = AXIS2_PLACEMENT_3D ( 'NONE', #4458, #3850, #8385 ) ;
#6518 = VECTOR ( 'NONE', #740, 1000.000000000000000 ) ;
#6519 = ORIENTED_EDGE ( 'NONE', *, *, #4669, .F. ) ;
#6520 = ORIENTED_EDGE ( 'NONE', *, *, #3238, .F. ) ;
#6521 = DIRECTION ( 'NONE',  ( 0.8796137718424192897, -0.4756885665907395477, 0.000000000000000000 ) ) ;
#6522 = EDGE_CURVE ( 'NONE', #3564, #5804, #2908, .T. ) ;
#6523 = DIRECTION ( 'NONE',  ( -1.000000000000000000, -0.000000000000000000, -0.000000000000000000 ) ) ;
#6524 = LINE ( 'NONE', #5769, #5695 ) ;
#6525 = DIRECTION ( 'NONE',  ( 0.4826472015006087468, -0.8758148656443499602, 0.000000000000000000 ) ) ;
#6526 = CARTESIAN_POINT ( 'NONE',  ( 17.74837261503928332, -12.86397306397306295, -6.049999999999999822 ) ) ;
#6527 = VECTOR ( 'NONE', #5680, 1000.000000000000000 ) ;
#6528 = FACE_OUTER_BOUND ( 'NONE', #3524, .T. ) ;
#6529 = LINE ( 'NONE', #9000, #1402 ) ;
#6530 = ADVANCED_FACE ( 'NONE', ( #3518 ), #9052, .F. ) ;
#6531 = DIRECTION ( 'NONE',  ( -0.4592960621984305547, -0.8882832471959691834, 0.000000000000000000 ) ) ;
#6532 = VECTOR ( 'NONE', #7993, 1000.000000000000000 ) ;
#6533 = EDGE_LOOP ( 'NONE', ( #9813, #5498, #2885, #1961 ) ) ;
#6534 = ORIENTED_EDGE ( 'NONE', *, *, #1295, .F. ) ;
#6535 = DIRECTION ( 'NONE',  ( 0.4319386859891515829, -0.9019029723567636436, 0.000000000000000000 ) ) ;
#6536 = ADVANCED_FACE ( 'NONE', ( #4368 ), #2152, .T. ) ;
#6537 = DIRECTION ( 'NONE',  ( -1.000000000000000000, 0.000000000000000000, 0.000000000000000000 ) ) ;
#6538 = DIRECTION ( 'NONE',  ( -1.000000000000000000, 0.000000000000000000, 0.000000000000000000 ) ) ;
#6539 = ADVANCED_FACE ( 'NONE', ( #8960 ), #9851, .T. ) ;
#6540 = EDGE_CURVE ( 'NONE', #530, #3834, #3710, .T. ) ;
#6541 = LINE ( 'NONE', #3517, #4758 ) ;
#6542 = VECTOR ( 'NONE', #7554, 1000.000000000000000 ) ;
#6543 = LINE ( 'NONE', #8055, #5579 ) ;
#6544 = EDGE_CURVE ( 'NONE', #4026, #8253, #2952, .T. ) ;
#6545 = LINE ( 'NONE', #3417, #4400 ) ;
#6546 = ORIENTED_EDGE ( 'NONE', *, *, #8143, .F. ) ;
#6547 = DIRECTION ( 'NONE',  ( -0.9687039990319731286, 0.2482187790225852397, 0.000000000000000000 ) ) ;
#6548 = VECTOR ( 'NONE', #182, 1000.000000000000000 ) ;
#6549 = VERTEX_POINT ( 'NONE', #2755 ) ;
#6550 = ORIENTED_EDGE ( 'NONE', *, *, #7677, .T. ) ;
#6551 = ORIENTED_EDGE ( 'NONE', *, *, #1233, .F. ) ;
#6552 = CARTESIAN_POINT ( 'NONE',  ( 17.18989898989898890, -15.54141414141414224, -6.049999999999999822 ) ) ;
#6553 = CARTESIAN_POINT ( 'NONE',  ( 7.858698092031422888, -18.83793490460157116, -6.049999999999999822 ) ) ;
#6554 = VECTOR ( 'NONE', #7334, 1000.000000000000114 ) ;
#6555 = CARTESIAN_POINT ( 'NONE',  ( 16.34248035914702513, -12.96060606060606091, -6.049999999999999822 ) ) ;
#6556 = ORIENTED_EDGE ( 'NONE', *, *, #8112, .F. ) ;
#6557 = VERTEX_POINT ( 'NONE', #6027 ) ;
#6558 = ORIENTED_EDGE ( 'NONE', *, *, #1722, .T. ) ;
#6559 = VERTEX_POINT ( 'NONE', #7346 ) ;
#6560 = ORIENTED_EDGE ( 'NONE', *, *, #3314, .F. ) ;
#6561 = CARTESIAN_POINT ( 'NONE',  ( 15.63030303030303259, -12.37272727272727302, -6.049999999999999822 ) ) ;
#6562 = LINE ( 'NONE', #3581, #3771 ) ;
#6563 = LINE ( 'NONE', #3634, #1098 ) ;
#6564 = VECTOR ( 'NONE', #9141, 1000.000000000000227 ) ;
#6565 = AXIS2_PLACEMENT_3D ( 'NONE', #1518, #9130, #7665 ) ;
#6566 = PLANE ( 'NONE',  #8822 ) ;
#6567 = DIRECTION ( 'NONE',  ( -1.000000000000000000, -0.000000000000000000, -0.000000000000000000 ) ) ;
#6568 = ORIENTED_EDGE ( 'NONE', *, *, #6225, .T. ) ;
#6569 = VERTEX_POINT ( 'NONE', #5936 ) ;
#6570 = AXIS2_PLACEMENT_3D ( 'NONE', #4359, #7533, #4313 ) ;
#6571 = LINE ( 'NONE', #7376, #4264 ) ;
#6572 = VERTEX_POINT ( 'NONE', #1956 ) ;
#6573 = CARTESIAN_POINT ( 'NONE',  ( 8.117171717171714818, -17.16026936026936056, -6.049999999999999822 ) ) ;
#6574 = CARTESIAN_POINT ( 'NONE',  ( 10.92121212121212182, -18.45050505050505052, -6.349999999999999645 ) ) ;
#6575 = DIRECTION ( 'NONE',  ( 0.7743585062527301721, 0.6327471088784527575, 0.000000000000000000 ) ) ;
#6576 = DIRECTION ( 'NONE',  ( 0.4643015805666843576, -0.8856771659489017789, 0.000000000000000000 ) ) ;
#6577 = CARTESIAN_POINT ( 'NONE',  ( 7.648484848484848442, -17.46464646464646364, -6.349999999999999645 ) ) ;
#6578 = EDGE_CURVE ( 'NONE', #7049, #389, #7493, .T. ) ;
#6579 = PLANE ( 'NONE',  #3817 ) ;
#6580 = AXIS2_PLACEMENT_3D ( 'NONE', #1770, #7155, #5646 ) ;
#6581 = CARTESIAN_POINT ( 'NONE',  ( 10.86172839506172672, -16.56857463524130480, -6.049999999999999822 ) ) ;
#6582 = EDGE_CURVE ( 'NONE', #3867, #5179, #5829, .T. ) ;
#6583 = ORIENTED_EDGE ( 'NONE', *, *, #5662, .T. ) ;
#6584 = VERTEX_POINT ( 'NONE', #1248 ) ;
#6585 = CARTESIAN_POINT ( 'NONE',  ( 14.85454545454545539, -16.07340067340067336, -6.049999999999999822 ) ) ;
#6586 = DIRECTION ( 'NONE',  ( -0.6850519247062387684, -0.7284942418827192734, 0.000000000000000000 ) ) ;
#6587 = EDGE_CURVE ( 'NONE', #6569, #5664, #4326, .T. ) ;
#6588 = CARTESIAN_POINT ( 'NONE',  ( 17.79595959595959442, -12.64848484848484844, -6.049999999999999822 ) ) ;
#6589 = VECTOR ( 'NONE', #1792, 1000.000000000000227 ) ;
#6590 = CARTESIAN_POINT ( 'NONE',  ( 11.77575757575757542, -14.67676767676767646, -6.049999999999999822 ) ) ;
#6591 = DIRECTION ( 'NONE',  ( 0.2182138813464221394, 0.9759009693548468256, 0.000000000000000000 ) ) ;
#6592 = EDGE_CURVE ( 'NONE', #7916, #5588, #495, .T. ) ;
#6593 = ORIENTED_EDGE ( 'NONE', *, *, #191, .F. ) ;
#6594 = CARTESIAN_POINT ( 'NONE',  ( 15.90145903479236722, -12.26049382716049330, -6.349999999999999645 ) ) ;
#6595 = ORIENTED_EDGE ( 'NONE', *, *, #7262, .F. ) ;
#6596 = EDGE_CURVE ( 'NONE', #8213, #748, #6686, .T. ) ;
#6597 = ORIENTED_EDGE ( 'NONE', *, *, #4199, .T. ) ;
#6598 = EDGE_CURVE ( 'NONE', #8162, #658, #9010, .T. ) ;
#6599 = EDGE_LOOP ( 'NONE', ( #8279, #1011 ) ) ;
#6600 = CARTESIAN_POINT ( 'NONE',  ( 6.854545454545455385, -17.77979797979797993, -6.049999999999999822 ) ) ;
#6601 = FACE_OUTER_BOUND ( 'NONE', #2456, .T. ) ;
#6602 = DIRECTION ( 'NONE',  ( 0.9687041497646804444, 0.2482181907691044243, 0.000000000000000000 ) ) ;
#6603 = VERTEX_POINT ( 'NONE', #837 ) ;
#6604 = ORIENTED_EDGE ( 'NONE', *, *, #8450, .T. ) ;
#6605 = VERTEX_POINT ( 'NONE', #7034 ) ;
#6606 = ORIENTED_EDGE ( 'NONE', *, *, #484, .T. ) ;
#6607 = VERTEX_POINT ( 'NONE', #9310 ) ;
#6608 = CARTESIAN_POINT ( 'NONE',  ( 15.63030303030303259, -12.37272727272727302, -6.049999999999999822 ) ) ;
#6609 = CARTESIAN_POINT ( 'NONE',  ( 16.05858585858585741, -17.69090909090909136, -6.349999999999999645 ) ) ;
#6610 = DIRECTION ( 'NONE',  ( 1.000000000000000000, -0.000000000000000000, 0.000000000000000000 ) ) ;
#6611 = CARTESIAN_POINT ( 'NONE',  ( 21.14949494949495445, -15.09696969696969759, -6.349999999999999645 ) ) ;
#6612 = DIRECTION ( 'NONE',  ( -0.000000000000000000, -0.000000000000000000, -1.000000000000000000 ) ) ;
#6613 = EDGE_LOOP ( 'NONE', ( #7340, #2759, #3874, #7537 ) ) ;
#6614 = ORIENTED_EDGE ( 'NONE', *, *, #6817, .T. ) ;
#6615 = DIRECTION ( 'NONE',  ( 0.1244342458599936446, -0.9922278561183689449, 0.000000000000000000 ) ) ;
#6616 = ORIENTED_EDGE ( 'NONE', *, *, #3881, .F. ) ;
#6617 = CARTESIAN_POINT ( 'NONE',  ( 18.48787878787878824, -17.92727272727272592, -6.049999999999999822 ) ) ;
#6618 = DIRECTION ( 'NONE',  ( -1.000000000000000000, 0.000000000000000000, 0.000000000000000000 ) ) ;
#6619 = CARTESIAN_POINT ( 'NONE',  ( 6.959595959595961112, -12.24444444444444358, -6.349999999999999645 ) ) ;
#6620 = CARTESIAN_POINT ( 'NONE',  ( 17.36767676767677315, -13.03636363636363704, -6.349999999999999645 ) ) ;
#6621 = DIRECTION ( 'NONE',  ( 0.000000000000000000, 1.000000000000000000, 0.000000000000000000 ) ) ;
#6622 = DIRECTION ( 'NONE',  ( -0.9864368562289915765, 0.1641411851823413592, 0.000000000000000000 ) ) ;
#6623 = DIRECTION ( 'NONE',  ( 0.000000000000000000, 0.000000000000000000, -1.000000000000000000 ) ) ;
#6624 = ORIENTED_EDGE ( 'NONE', *, *, #6350, .F. ) ;
#6625 = ORIENTED_EDGE ( 'NONE', *, *, #4980, .F. ) ;
#6626 = FACE_OUTER_BOUND ( 'NONE', #8964, .T. ) ;
#6627 = EDGE_CURVE ( 'NONE', #7615, #7660, #9105, .T. ) ;
#6628 = LINE ( 'NONE', #6483, #9695 ) ;
#6629 = DIRECTION ( 'NONE',  ( -0.1261808605434604769, 0.9920072532156767320, 0.000000000000000000 ) ) ;
#6630 = EDGE_CURVE ( 'NONE', #8681, #7732, #2300, .T. ) ;
#6631 = CARTESIAN_POINT ( 'NONE',  ( 10.32671156004489532, -18.82895622895622978, -6.049999999999999822 ) ) ;
#6632 = CARTESIAN_POINT ( 'NONE',  ( 7.648484848484848442, -17.46464646464646364, -6.049999999999999822 ) ) ;
#6633 = EDGE_CURVE ( 'NONE', #3107, #2573, #1547, .T. ) ;
#6634 = ORIENTED_EDGE ( 'NONE', *, *, #5723, .F. ) ;
#6635 = FACE_OUTER_BOUND ( 'NONE', #332, .T. ) ;
#6636 = VERTEX_POINT ( 'NONE', #8502 ) ;
#6637 = VERTEX_POINT ( 'NONE', #1494 ) ;
#6638 = FACE_OUTER_BOUND ( 'NONE', #775, .T. ) ;
#6639 = EDGE_CURVE ( 'NONE', #205, #9454, #8351, .T. ) ;
#6640 = ORIENTED_EDGE ( 'NONE', *, *, #8381, .T. ) ;
#6641 = DIRECTION ( 'NONE',  ( 1.000000000000000000, 0.000000000000000000, 0.000000000000000000 ) ) ;
#6642 = EDGE_CURVE ( 'NONE', #5753, #8457, #5372, .T. ) ;
#6643 = LINE ( 'NONE', #1965, #236 ) ;
#6644 = ADVANCED_FACE ( 'NONE', ( #8396 ), #35, .T. ) ;
#6645 = LINE ( 'NONE', #9718, #3190 ) ;
#6646 = EDGE_CURVE ( 'NONE', #8457, #2086, #689, .T. ) ;
#6647 = AXIS2_PLACEMENT_3D ( 'NONE', #176, #8497, #790 ) ;
#6648 = VECTOR ( 'NONE', #4579, 1000.000000000000114 ) ;
#6649 = ORIENTED_EDGE ( 'NONE', *, *, #5122, .T. ) ;
#6650 = ORIENTED_EDGE ( 'NONE', *, *, #1926, .T. ) ;
#6651 = ORIENTED_EDGE ( 'NONE', *, *, #3696, .T. ) ;
#6652 = ORIENTED_EDGE ( 'NONE', *, *, #6231, .T. ) ;
#6653 = VERTEX_POINT ( 'NONE', #9259 ) ;
#6654 = EDGE_CURVE ( 'NONE', #91, #1996, #3104, .T. ) ;
#6655 = LINE ( 'NONE', #9727, #8587 ) ;
#6656 = PLANE ( 'NONE',  #3454 ) ;
#6657 = ADVANCED_FACE ( 'NONE', ( #1596 ), #3209, .T. ) ;
#6658 = EDGE_CURVE ( 'NONE', #3460, #1563, #3756, .T. ) ;
#6659 = DIRECTION ( 'NONE',  ( 0.000000000000000000, 0.000000000000000000, -1.000000000000000000 ) ) ;
#6660 = VECTOR ( 'NONE', #209, 1000.000000000000114 ) ;
#6661 = VECTOR ( 'NONE', #6234, 1000.000000000000000 ) ;
#6662 = LINE ( 'NONE', #7265, #7851 ) ;
#6663 = EDGE_CURVE ( 'NONE', #2223, #78, #1716, .T. ) ;
#6664 = LINE ( 'NONE', #3539, #305 ) ;
#6665 = ORIENTED_EDGE ( 'NONE', *, *, #3431, .F. ) ;
#6666 = VECTOR ( 'NONE', #6445, 1000.000000000000000 ) ;
#6667 = ORIENTED_EDGE ( 'NONE', *, *, #1224, .F. ) ;
#6668 = VECTOR ( 'NONE', #3656, 1000.000000000000000 ) ;
#6669 = DIRECTION ( 'NONE',  ( -0.8834181286515833120, -0.4685855417847786253, 0.000000000000000000 ) ) ;
#6670 = EDGE_LOOP ( 'NONE', ( #5909, #9111, #36, #8421, #2974, #9497, #7521, #2563, #3725, #1880, #6640, #7096, #3602, #8978, #7449, #5982, #2622, #8832, #2774, #590, #184, #4018, #1712, #9484, #3802, #4436, #2209, #4615, #3110, #5023, #8282, #6702, #1388, #9774, #8791, #4977, #7512, #4193, #7144, #1660, #9327, #1551 ) ) ;
#6671 = DIRECTION ( 'NONE',  ( 0.000000000000000000, 0.000000000000000000, -1.000000000000000000 ) ) ;
#6672 = DIRECTION ( 'NONE',  ( 0.9902240606247977306, -0.1394858765600906769, 0.000000000000000000 ) ) ;
#6673 = LINE ( 'NONE', #3452, #85 ) ;
#6674 = DIRECTION ( 'NONE',  ( -0.9978857117349254624, 0.06499312513859455132, 0.000000000000000000 ) ) ;
#6675 = AXIS2_PLACEMENT_3D ( 'NONE', #5117, #5867, #8191 ) ;
#6676 = LINE ( 'NONE', #5922, #5748 ) ;
#6677 = AXIS2_PLACEMENT_3D ( 'NONE', #9883, #5350, #3845 ) ;
#6678 = CARTESIAN_POINT ( 'NONE',  ( 7.131313131313131493, -17.69360269360269200, -6.349999999999999645 ) ) ;
#6679 = ORIENTED_EDGE ( 'NONE', *, *, #7438, .F. ) ;
#6680 = EDGE_LOOP ( 'NONE', ( #3777, #6439, #6132, #4559 ) ) ;
#6681 = DIRECTION ( 'NONE',  ( 0.8630293487381561768, 0.5051537817502647076, 0.000000000000000000 ) ) ;
#6682 = VECTOR ( 'NONE', #6576, 1000.000000000000114 ) ;
#6683 = DIRECTION ( 'NONE',  ( 0.04445335744351251728, 0.9990114609012248348, 0.000000000000000000 ) ) ;
#6684 = DIRECTION ( 'NONE',  ( 0.5019554406149285830, -0.8648934822491570751, 0.000000000000000000 ) ) ;
#6685 = PLANE ( 'NONE',  #8141 ) ;
#6686 = LINE ( 'NONE', #2060, #7024 ) ;
#6687 = VECTOR ( 'NONE', #6998, 1000.000000000000000 ) ;
#6688 = VERTEX_POINT ( 'NONE', #9905 ) ;
#6689 = CARTESIAN_POINT ( 'NONE',  ( 15.29797979797979757, -13.25757575757575779, -6.349999999999999645 ) ) ;
#6690 = ORIENTED_EDGE ( 'NONE', *, *, #4065, .T. ) ;
#6691 = ORIENTED_EDGE ( 'NONE', *, *, #3865, .T. ) ;
#6692 = CARTESIAN_POINT ( 'NONE',  ( 18.95690235690235781, -18.74859708193041641, -6.049999999999999822 ) ) ;
#6693 = ORIENTED_EDGE ( 'NONE', *, *, #5332, .F. ) ;
#6694 = DIRECTION ( 'NONE',  ( 0.000000000000000000, 0.000000000000000000, 1.000000000000000000 ) ) ;
#6695 = AXIS2_PLACEMENT_3D ( 'NONE', #7233, #7082, #338 ) ;
#6696 = CARTESIAN_POINT ( 'NONE',  ( 16.11666666666666714, -18.15404040404040487, -6.049999999999999822 ) ) ;
#6697 = LINE ( 'NONE', #4528, #4285 ) ;
#6698 = EDGE_CURVE ( 'NONE', #7487, #205, #8548, .T. ) ;
#6699 = DIRECTION ( 'NONE',  ( 0.5988397405033358822, -0.8008688813993819489, -0.000000000000000000 ) ) ;
#6700 = EDGE_CURVE ( 'NONE', #1450, #9617, #6984, .T. ) ;
#6701 = VECTOR ( 'NONE', #4095, 1000.000000000000000 ) ;
#6702 = ORIENTED_EDGE ( 'NONE', *, *, #9493, .T. ) ;
#6703 = ORIENTED_EDGE ( 'NONE', *, *, #1156, .T. ) ;
#6704 = ORIENTED_EDGE ( 'NONE', *, *, #6967, .F. ) ;
#6705 = ORIENTED_EDGE ( 'NONE', *, *, #8613, .F. ) ;
#6706 = ORIENTED_EDGE ( 'NONE', *, *, #7872, .T. ) ;
#6707 = CARTESIAN_POINT ( 'NONE',  ( 16.08439955106621611, -18.01436588103254621, -6.049999999999999822 ) ) ;
#6708 = EDGE_CURVE ( 'NONE', #4144, #2860, #7739, .T. ) ;
#6709 = DIRECTION ( 'NONE',  ( 0.9966516193529920686, -0.08176521045688499301, 0.000000000000000000 ) ) ;
#6710 = VECTOR ( 'NONE', #244, 999.9999999999998863 ) ;
#6711 = FACE_OUTER_BOUND ( 'NONE', #9897, .T. ) ;
#6712 = DIRECTION ( 'NONE',  ( 0.5798589771078296318, -0.8147168628839478455, 0.000000000000000000 ) ) ;
#6713 = EDGE_CURVE ( 'NONE', #3987, #4689, #3861, .T. ) ;
#6714 = ADVANCED_FACE ( 'NONE', ( #6173 ), #9155, .T. ) ;
#6715 = VERTEX_POINT ( 'NONE', #3007 ) ;
#6716 = ORIENTED_EDGE ( 'NONE', *, *, #9799, .F. ) ;
#6717 = CARTESIAN_POINT ( 'NONE',  ( 19.76999999999999957, -36.59999999999999432, -6.349999999999999645 ) ) ;
#6718 = ORIENTED_EDGE ( 'NONE', *, *, #4229, .T. ) ;
#6719 = CARTESIAN_POINT ( 'NONE',  ( 13.87676767676767753, -15.84444444444444500, -6.049999999999999822 ) ) ;
#6720 = LINE ( 'NONE', #3591, #1838 ) ;
#6721 = EDGE_CURVE ( 'NONE', #635, #658, #2255, .T. ) ;
#6722 = VECTOR ( 'NONE', #3130, 1000.000000000000000 ) ;
#6723 = CARTESIAN_POINT ( 'NONE',  ( 8.376767676767677528, -18.47878787878788032, -6.049999999999999822 ) ) ;
#6724 = CARTESIAN_POINT ( 'NONE',  ( 9.771717171717170913, -14.44242424242424150, -6.349999999999999645 ) ) ;
#6725 = DIRECTION ( 'NONE',  ( -0.2206172472838616172, -0.9753604616760367385, 0.000000000000000000 ) ) ;
#6726 = LINE ( 'NONE', #3455, #9612 ) ;
#6727 = FACE_OUTER_BOUND ( 'NONE', #5294, .T. ) ;
#6728 = VECTOR ( 'NONE', #971, 1000.000000000000000 ) ;
#6729 = VECTOR ( 'NONE', #6478, 1000.000000000000000 ) ;
#6730 = DIRECTION ( 'NONE',  ( 0.9205034131083019711, 0.3907345217100309243, 0.000000000000000000 ) ) ;
#6731 = EDGE_LOOP ( 'NONE', ( #6236, #2998, #8777, #5182 ) ) ;
#6732 = ORIENTED_EDGE ( 'NONE', *, *, #2524, .T. ) ;
#6733 = CARTESIAN_POINT ( 'NONE',  ( 11.77575757575757542, -14.67676767676767646, -6.349999999999999645 ) ) ;
#6734 = CARTESIAN_POINT ( 'NONE',  ( 32.00000000000000000, 2.000000000000000000, -6.349999999999999645 ) ) ;
#6735 = DIRECTION ( 'NONE',  ( 0.9942413853645398758, -0.1071637421351118724, -0.000000000000000000 ) ) ;
#6736 = VECTOR ( 'NONE', #3997, 1000.000000000000000 ) ;
#6737 = DIRECTION ( 'NONE',  ( 1.000000000000000000, 0.000000000000000000, 0.000000000000000000 ) ) ;
#6738 = DIRECTION ( 'NONE',  ( -0.9369487572002728193, -0.3494667743589712217, 0.000000000000000000 ) ) ;
#6739 = EDGE_LOOP ( 'NONE', ( #7097, #8805, #8063, #3762, #3666, #7696, #9629, #3325, #8307, #5700, #5496, #9619 ) ) ;
#6740 = VECTOR ( 'NONE', #6575, 1000.000000000000227 ) ;
#6741 = DIRECTION ( 'NONE',  ( 0.000000000000000000, 1.000000000000000000, 0.000000000000000000 ) ) ;
#6742 = ORIENTED_EDGE ( 'NONE', *, *, #3836, .F. ) ;
#6743 = ORIENTED_EDGE ( 'NONE', *, *, #1960, .T. ) ;
#6744 = FACE_OUTER_BOUND ( 'NONE', #1802, .T. ) ;
#6745 = LINE ( 'NONE', #131, #7709 ) ;
#6746 = DIRECTION ( 'NONE',  ( 0.2002506211881251164, 0.9797447058870846215, 0.000000000000000000 ) ) ;
#6747 = LINE ( 'NONE', #9817, #6053 ) ;
#6748 = CARTESIAN_POINT ( 'NONE',  ( 9.211447811447809997, -12.53176206509539803, -6.049999999999999822 ) ) ;
#6749 = ORIENTED_EDGE ( 'NONE', *, *, #4312, .T. ) ;
#6750 = EDGE_LOOP ( 'NONE', ( #80, #9696 ) ) ;
#6751 = ORIENTED_EDGE ( 'NONE', *, *, #2355, .F. ) ;
#6752 = EDGE_CURVE ( 'NONE', #7844, #4927, #9505, .T. ) ;
#6753 = ORIENTED_EDGE ( 'NONE', *, *, #3396, .F. ) ;
#6754 = DIRECTION ( 'NONE',  ( 0.000000000000000000, 1.000000000000000000, 0.000000000000000000 ) ) ;
#6755 = CARTESIAN_POINT ( 'NONE',  ( 19.77575757575757365, -13.98181818181818237, -6.349999999999999645 ) ) ;
#6756 = EDGE_CURVE ( 'NONE', #561, #7549, #4012, .T. ) ;
#6757 = LINE ( 'NONE', #1425, #770 ) ;
#6758 = DIRECTION ( 'NONE',  ( 0.000000000000000000, 0.000000000000000000, -1.000000000000000000 ) ) ;
#6759 = EDGE_CURVE ( 'NONE', #683, #7746, #4822, .T. ) ;
#6760 = ORIENTED_EDGE ( 'NONE', *, *, #5000, .F. ) ;
#6761 = VERTEX_POINT ( 'NONE', #3408 ) ;
#6762 = DIRECTION ( 'NONE',  ( -0.6414517406647552988, -0.7671633883327303449, 0.000000000000000000 ) ) ;
#6763 = VERTEX_POINT ( 'NONE', #8595 ) ;
#6764 = LINE ( 'NONE', #1475, #2309 ) ;
#6765 = CARTESIAN_POINT ( 'NONE',  ( 16.06352413019079606, -13.91133557800224452, -6.049999999999999822 ) ) ;
#6766 = CARTESIAN_POINT ( 'NONE',  ( 15.63030303030303259, -12.37272727272727302, -6.349999999999999645 ) ) ;
#6767 = EDGE_CURVE ( 'NONE', #8678, #7900, #2203, .T. ) ;
#6768 = LINE ( 'NONE', #8485, #7801 ) ;
#6769 = EDGE_CURVE ( 'NONE', #6193, #773, #4212, .T. ) ;
#6770 = CARTESIAN_POINT ( 'NONE',  ( 8.758024691358025748, -15.59887766554433242, -6.049999999999999822 ) ) ;
#6771 = EDGE_CURVE ( 'NONE', #1107, #3950, #384, .T. ) ;
#6772 = LINE ( 'NONE', #2938, #115 ) ;
#6773 = CARTESIAN_POINT ( 'NONE',  ( 9.971156004489337477, -17.14219977553310770, -6.049999999999999822 ) ) ;
#6774 = EDGE_CURVE ( 'NONE', #5898, #665, #6477, .T. ) ;
#6775 = ORIENTED_EDGE ( 'NONE', *, *, #9050, .T. ) ;
#6776 = ORIENTED_EDGE ( 'NONE', *, *, #3826, .F. ) ;
#6777 = ORIENTED_EDGE ( 'NONE', *, *, #8454, .F. ) ;
#6778 = CARTESIAN_POINT ( 'NONE',  ( 8.376767676767677528, -18.47878787878788032, -6.049999999999999822 ) ) ;
#6779 = DIRECTION ( 'NONE',  ( 0.000000000000000000, -1.000000000000000000, 0.000000000000000000 ) ) ;
#6780 = CARTESIAN_POINT ( 'NONE',  ( 10.19640852974186451, -17.32368125701459149, -6.349999999999999645 ) ) ;
#6781 = PLANE ( 'NONE',  #3953 ) ;
#6782 = DIRECTION ( 'NONE',  ( -1.000000000000000000, 0.000000000000000000, 0.000000000000000000 ) ) ;
#6783 = AXIS2_PLACEMENT_3D ( 'NONE', #1031, #4257, #4916 ) ;
#6784 = VERTEX_POINT ( 'NONE', #1798 ) ;
#6785 = CARTESIAN_POINT ( 'NONE',  ( 12.30909090909090864, -15.80808080808080973, -6.349999999999999645 ) ) ;
#6786 = ORIENTED_EDGE ( 'NONE', *, *, #8239, .F. ) ;
#6787 = VERTEX_POINT ( 'NONE', #4923 ) ;
#6788 = CARTESIAN_POINT ( 'NONE',  ( 8.526374859708193199, -15.04130190796857391, -6.049999999999999822 ) ) ;
#6789 = CARTESIAN_POINT ( 'NONE',  ( 14.61212121212121140, -17.27878787878787747, -6.049999999999999822 ) ) ;
#6790 = CARTESIAN_POINT ( 'NONE',  ( 17.70707070707070585, -13.94141414141414259, -6.049999999999999822 ) ) ;
#6791 = CARTESIAN_POINT ( 'NONE',  ( 18.81481481481481310, -13.16139169472502779, -6.349999999999999645 ) ) ;
#6792 = DIRECTION ( 'NONE',  ( -0.3119704441341707990, -0.9500918071358831485, 0.000000000000000000 ) ) ;
#6793 = VERTEX_POINT ( 'NONE', #2648 ) ;
#6794 = LINE ( 'NONE', #762, #8617 ) ;
#6795 = VECTOR ( 'NONE', #994, 1000.000000000000114 ) ;
#6796 = ORIENTED_EDGE ( 'NONE', *, *, #5830, .T. ) ;
#6797 = ORIENTED_EDGE ( 'NONE', *, *, #8488, .F. ) ;
#6798 = EDGE_LOOP ( 'NONE', ( #1810, #8538, #6651, #6649 ) ) ;
#6799 = CARTESIAN_POINT ( 'NONE',  ( 12.66195286195286052, -14.42109988776655527, -6.049999999999999822 ) ) ;
#6800 = DIRECTION ( 'NONE',  ( 1.000000000000000000, 0.000000000000000000, 0.000000000000000000 ) ) ;
#6801 = CARTESIAN_POINT ( 'NONE',  ( 14.21414141414141596, -16.56666666666666643, -6.049999999999999822 ) ) ;
#6802 = VECTOR ( 'NONE', #6005, 1000.000000000000000 ) ;
#6803 = EDGE_CURVE ( 'NONE', #8820, #9097, #7843, .T. ) ;
#6804 = LINE ( 'NONE', #4649, #4810 ) ;
#6805 = ORIENTED_EDGE ( 'NONE', *, *, #5098, .T. ) ;
#6806 = VERTEX_POINT ( 'NONE', #988 ) ;
#6807 = CARTESIAN_POINT ( 'NONE',  ( 17.79595959595959442, -11.74747474747474740, -6.049999999999999822 ) ) ;
#6808 = ORIENTED_EDGE ( 'NONE', *, *, #9732, .T. ) ;
#6810 = DIRECTION ( 'NONE',  ( 0.2991451774747893588, -0.9542076099013131474, -0.000000000000000000 ) ) ;
#6809 = VECTOR ( 'NONE', #4982, 1000.000000000000114 ) ;
#6811 = DIRECTION ( 'NONE',  ( 0.9573277107867143032, 0.2890045919356110105, -0.000000000000000000 ) ) ;
#6812 = VECTOR ( 'NONE', #2901, 1000.000000000000000 ) ;
#6813 = LINE ( 'NONE', #6063, #6564 ) ;
#6814 = PLANE ( 'NONE',  #6517 ) ;
#6815 = DIRECTION ( 'NONE',  ( 0.000000000000000000, 0.000000000000000000, 1.000000000000000000 ) ) ;
#6816 = CARTESIAN_POINT ( 'NONE',  ( 9.564309764309763651, -15.05925925925925846, -6.049999999999999822 ) ) ;
#6817 = EDGE_CURVE ( 'NONE', #6636, #1623, #2503, .T. ) ;
#6818 = FACE_OUTER_BOUND ( 'NONE', #8267, .T. ) ;
#6819 = VECTOR ( 'NONE', #379, 999.9999999999998863 ) ;
#6820 = VECTOR ( 'NONE', #1590, 1000.000000000000000 ) ;
#6821 = ORIENTED_EDGE ( 'NONE', *, *, #3986, .F. ) ;
#6822 = EDGE_CURVE ( 'NONE', #5315, #7807, #9547, .T. ) ;
#6823 = ORIENTED_EDGE ( 'NONE', *, *, #259, .T. ) ;
#6824 = ORIENTED_EDGE ( 'NONE', *, *, #11, .F. ) ;
#6825 = DIRECTION ( 'NONE',  ( 0.000000000000000000, 1.000000000000000000, 0.000000000000000000 ) ) ;
#6826 = CARTESIAN_POINT ( 'NONE',  ( 13.98249158249158164, -16.08630751964085448, -6.349999999999999645 ) ) ;
#6827 = DIRECTION ( 'NONE',  ( -0.9675877956245899636, 0.2525348644412226395, 0.000000000000000000 ) ) ;
#6828 = AXIS2_PLACEMENT_3D ( 'NONE', #9223, #766, #9929 ) ;
#6829 = ADVANCED_FACE ( 'NONE', ( #4974 ), #5628, .F. ) ;
#6830 = VECTOR ( 'NONE', #5452, 1000.000000000000000 ) ;
#6831 = PLANE ( 'NONE',  #9427 ) ;
#6832 = CARTESIAN_POINT ( 'NONE',  ( 8.333333333333332149, -16.97979797979797922, -6.049999999999999822 ) ) ;
#6833 = EDGE_CURVE ( 'NONE', #9235, #1538, #1899, .T. ) ;
#6834 = VECTOR ( 'NONE', #4260, 1000.000000000000114 ) ;
#6835 = EDGE_CURVE ( 'NONE', #6098, #511, #8700, .T. ) ;
#6836 = ORIENTED_EDGE ( 'NONE', *, *, #5399, .F. ) ;
#6837 = EDGE_CURVE ( 'NONE', #456, #9031, #1695, .T. ) ;
#6838 = DIRECTION ( 'NONE',  ( -0.2295099287747917605, -0.9733063200214976396, 0.000000000000000000 ) ) ;
#6839 = VERTEX_POINT ( 'NONE', #4055 ) ;
#6840 = ORIENTED_EDGE ( 'NONE', *, *, #4854, .F. ) ;
#6841 = FACE_BOUND ( 'NONE', #612, .T. ) ;
#6842 = LINE ( 'NONE', #696, #1021 ) ;
#6843 = CARTESIAN_POINT ( 'NONE',  ( 16.61857463524130196, -13.03333333333333499, -6.049999999999999822 ) ) ;
#6844 = EDGE_CURVE ( 'NONE', #9134, #3686, #3359, .T. ) ;
#6845 = CARTESIAN_POINT ( 'NONE',  ( 8.758024691358025748, -15.59887766554433242, -6.349999999999999645 ) ) ;
#6846 = AXIS2_PLACEMENT_3D ( 'NONE', #4755, #3343, #9436 ) ;
#6847 = DIRECTION ( 'NONE',  ( -0.9815877651510512836, 0.1910116732185882238, 0.000000000000000000 ) ) ;
#6848 = CARTESIAN_POINT ( 'NONE',  ( -3.100000000000000533, 2.000000000000000000, -6.349999999999999645 ) ) ;
#6849 = ORIENTED_EDGE ( 'NONE', *, *, #8323, .F. ) ;
#6850 = FACE_OUTER_BOUND ( 'NONE', #1822, .T. ) ;
#6851 = AXIS2_PLACEMENT_3D ( 'NONE', #5272, #987, #8699 ) ;
#6852 = VERTEX_POINT ( 'NONE', #7123 ) ;
#6853 = EDGE_LOOP ( 'NONE', ( #9232, #4088, #7360, #2444 ) ) ;
#6854 = VERTEX_POINT ( 'NONE', #229 ) ;
#6855 = DIRECTION ( 'NONE',  ( 0.000000000000000000, -1.000000000000000000, 0.000000000000000000 ) ) ;
#6856 = DIRECTION ( 'NONE',  ( -0.6704231442186413537, -0.7419789806294991852, 0.000000000000000000 ) ) ;
#6857 = VECTOR ( 'NONE', #604, 1000.000000000000227 ) ;
#6858 = LINE ( 'NONE', #2179, #6877 ) ;
#6859 = CARTESIAN_POINT ( 'NONE',  ( 12.82626262626262736, -13.61010101010101003, -6.049999999999999822 ) ) ;
#6860 = ORIENTED_EDGE ( 'NONE', *, *, #3698, .F. ) ;
#6861 = ORIENTED_EDGE ( 'NONE', *, *, #3204, .T. ) ;
#6862 = ORIENTED_EDGE ( 'NONE', *, *, #1722, .F. ) ;
#6863 = LINE ( 'NONE', #9938, #1200 ) ;
#6864 = EDGE_LOOP ( 'NONE', ( #6625, #1376, #3843, #7567 ) ) ;
#6865 = VECTOR ( 'NONE', #8747, 1000.000000000000000 ) ;
#6866 = CARTESIAN_POINT ( 'NONE',  ( 0.8000000000000000444, -0.8000000000000000444, 0.000000000000000000 ) ) ;
#6867 = LINE ( 'NONE', #725, #5060 ) ;
#6868 = DIRECTION ( 'NONE',  ( 0.5660482612213608711, -0.8243721040696815328, 0.000000000000000000 ) ) ;
#6869 = CARTESIAN_POINT ( 'NONE',  ( 17.39820426487093030, -17.87856341189674581, -6.049999999999999822 ) ) ;
#6870 = FACE_OUTER_BOUND ( 'NONE', #4883, .T. ) ;
#6871 = LINE ( 'NONE', #3146, #8490 ) ;
#6872 = DIRECTION ( 'NONE',  ( -0.000000000000000000, 1.000000000000000000, 0.000000000000000000 ) ) ;
#6873 = VECTOR ( 'NONE', #2344, 1000.000000000000227 ) ;
#6874 = ORIENTED_EDGE ( 'NONE', *, *, #5276, .T. ) ;
#6875 = EDGE_LOOP ( 'NONE', ( #6204, #4811, #5887, #8294 ) ) ;
#6876 = ORIENTED_EDGE ( 'NONE', *, *, #797, .T. ) ;
#6877 = VECTOR ( 'NONE', #6953, 1000.000000000000000 ) ;
#6878 = LINE ( 'NONE', #9150, #2486 ) ;
#6879 = CARTESIAN_POINT ( 'NONE',  ( 11.80336700336700240, -15.38406285072951718, -6.349999999999999645 ) ) ;
#6880 = LINE ( 'NONE', #9956, #2802 ) ;
#6881 = ADVANCED_FACE ( 'NONE', ( #6429 ), #3304, .T. ) ;
#6882 = CARTESIAN_POINT ( 'NONE',  ( 15.76049382716049330, -13.82109988776655385, -6.349999999999999645 ) ) ;
#6883 = EDGE_CURVE ( 'NONE', #1203, #3631, #9451, .T. ) ;
#6884 = VECTOR ( 'NONE', #4198, 1000.000000000000000 ) ;
#6885 = CARTESIAN_POINT ( 'NONE',  ( 16.29090909090908923, -18.48484848484848442, -6.049999999999999822 ) ) ;
#6886 = VECTOR ( 'NONE', #5213, 1000.000000000000000 ) ;
#6887 = EDGE_CURVE ( 'NONE', #8876, #5664, #7431, .T. ) ;
#6888 = ORIENTED_EDGE ( 'NONE', *, *, #4245, .T. ) ;
#6889 = VERTEX_POINT ( 'NONE', #3504 ) ;
#6890 = CARTESIAN_POINT ( 'NONE',  ( 19.77575757575757365, -13.98181818181818237, -6.049999999999999822 ) ) ;
#6891 = ORIENTED_EDGE ( 'NONE', *, *, #9227, .F. ) ;
#6892 = ORIENTED_EDGE ( 'NONE', *, *, #6140, .T. ) ;
#6893 = LINE ( 'NONE', #9966, #704 ) ;
#6894 = VECTOR ( 'NONE', #4449, 1000.000000000000000 ) ;
#6895 = CARTESIAN_POINT ( 'NONE',  ( 14.75757575757575779, -16.53131313131313007, -6.049999999999999822 ) ) ;
#6896 = CARTESIAN_POINT ( 'NONE',  ( 14.80606060606060659, -16.29831649831649898, -6.049999999999999822 ) ) ;
#6897 = EDGE_CURVE ( 'NONE', #2235, #7896, #6676, .T. ) ;
#6898 = DIRECTION ( 'NONE',  ( -0.9413065023061283343, -0.3375530605937425710, 0.000000000000000000 ) ) ;
#6899 = DIRECTION ( 'NONE',  ( 0.1394858765600906769, 0.9902240606247977306, 0.000000000000000000 ) ) ;
#6900 = MECHANICAL_DESIGN_GEOMETRIC_PRESENTATION_REPRESENTATION (  '', ( #9798 ), #314 ) ;
#6901 = ADVANCED_FACE ( 'NONE', ( #5775 ), #3550, .F. ) ;
#6902 = EDGE_CURVE ( 'NONE', #7324, #7746, #7532, .T. ) ;
#6903 = VERTEX_POINT ( 'NONE', #5870 ) ;
#6904 = DIRECTION ( 'NONE',  ( 0.1695854569747677343, -0.9855154858157527675, -0.000000000000000000 ) ) ;
#6905 = ORIENTED_EDGE ( 'NONE', *, *, #60, .F. ) ;
#6906 = EDGE_LOOP ( 'NONE', ( #1441, #7013, #6191, #6489 ) ) ;
#6907 = ORIENTED_EDGE ( 'NONE', *, *, #5786, .T. ) ;
#6908 = CARTESIAN_POINT ( 'NONE',  ( 11.80336700336700240, -15.38406285072951718, -6.049999999999999822 ) ) ;
#6909 = DIRECTION ( 'NONE',  ( -1.000000000000000000, 0.000000000000000000, 0.000000000000000000 ) ) ;
#6910 = LINE ( 'NONE', #3728, #2061 ) ;
#6911 = PLANE ( 'NONE',  #3033 ) ;
#6912 = ORIENTED_EDGE ( 'NONE', *, *, #716, .T. ) ;
#6913 = ORIENTED_EDGE ( 'NONE', *, *, #4756, .F. ) ;
#6914 = FACE_OUTER_BOUND ( 'NONE', #9183, .T. ) ;
#6915 = EDGE_LOOP ( 'NONE', ( #3253, #7323, #2317, #4291 ) ) ;
#6916 = CARTESIAN_POINT ( 'NONE',  ( 9.936026936026939538, -12.58900112233445512, -6.049999999999999822 ) ) ;
#6917 = CARTESIAN_POINT ( 'NONE',  ( 17.70707070707070585, -13.94141414141414259, -6.049999999999999822 ) ) ;
#6918 = CARTESIAN_POINT ( 'NONE',  ( 10.61212121212121318, -18.99191919191919098, -6.349999999999999645 ) ) ;
#6919 = CARTESIAN_POINT ( 'NONE',  ( 17.43209876543209802, -11.65465768799102264, -6.049999999999999822 ) ) ;
#6920 = FACE_OUTER_BOUND ( 'NONE', #8654, .T. ) ;
#6921 = LINE ( 'NONE', #3895, #768 ) ;
#6922 = DIRECTION ( 'NONE',  ( 0.9122494656769595256, 0.4096350966068483257, 0.000000000000000000 ) ) ;
#6923 = EDGE_LOOP ( 'NONE', ( #3280, #840, #2347, #5744 ) ) ;
#6924 = EDGE_LOOP ( 'NONE', ( #5884, #2824, #2413, #8898 ) ) ;
#6925 = ORIENTED_EDGE ( 'NONE', *, *, #5293, .T. ) ;
#6926 = LINE ( 'NONE', #1443, #3607 ) ;
#6927 = DIRECTION ( 'NONE',  ( 1.000000000000000000, 0.000000000000000000, 0.000000000000000000 ) ) ;
#6928 = DIRECTION ( 'NONE',  ( 0.3292269221377843724, -0.9442508320037007463, 0.000000000000000000 ) ) ;
#6929 = CARTESIAN_POINT ( 'NONE',  ( 9.763636363636363669, -14.44242424242424150, -6.049999999999999822 ) ) ;
#6930 = DIRECTION ( 'NONE',  ( -1.000000000000000000, -0.000000000000000000, -0.000000000000000000 ) ) ;
#6931 = ADVANCED_FACE ( 'NONE', ( #7384 ), #435, .F. ) ;
#6932 = ORIENTED_EDGE ( 'NONE', *, *, #1111, .F. ) ;
#6933 = ORIENTED_EDGE ( 'NONE', *, *, #132, .F. ) ;
#6934 = DIRECTION ( 'NONE',  ( -0.1320944999434678913, -0.9912371275757810851, 0.000000000000000000 ) ) ;
#6935 = EDGE_CURVE ( 'NONE', #6352, #5642, #7482, .T. ) ;
#6936 = CARTESIAN_POINT ( 'NONE',  ( 10.68799102132435408, -17.65903479236812501, -6.049999999999999822 ) ) ;
#6937 = ORIENTED_EDGE ( 'NONE', *, *, #6642, .F. ) ;
#6938 = CARTESIAN_POINT ( 'NONE',  ( 0.000000000000000000, 0.000000000000000000, -6.349999999999999645 ) ) ;
#6939 = CARTESIAN_POINT ( 'NONE',  ( 0.8000000000000000444, -49.20000000000000284, -4.349999999999999645 ) ) ;
#6940 = DIRECTION ( 'NONE',  ( 0.000000000000000000, 0.000000000000000000, -1.000000000000000000 ) ) ;
#6941 = EDGE_CURVE ( 'NONE', #475, #29, #2699, .T. ) ;
#6942 = CARTESIAN_POINT ( 'NONE',  ( 15.23389450056116701, -13.05656565656565604, -6.049999999999999822 ) ) ;
#6943 = ORIENTED_EDGE ( 'NONE', *, *, #4177, .F. ) ;
#6944 = CARTESIAN_POINT ( 'NONE',  ( 12.46599326599326574, -17.65207631874298499, -6.049999999999999822 ) ) ;
#6945 = ADVANCED_FACE ( 'NONE', ( #3650 ), #6579, .T. ) ;
#6946 = ORIENTED_EDGE ( 'NONE', *, *, #263, .T. ) ;
#6947 = ORIENTED_EDGE ( 'NONE', *, *, #7584, .F. ) ;
#6948 = EDGE_CURVE ( 'NONE', #7757, #9869, #6726, .T. ) ;
#6949 = ORIENTED_EDGE ( 'NONE', *, *, #7389, .F. ) ;
#6950 = CARTESIAN_POINT ( 'NONE',  ( 17.68888888888888999, -12.93939393939393945, -6.049999999999999822 ) ) ;
#6951 = LINE ( 'NONE', #6196, #3830 ) ;
#6952 = EDGE_CURVE ( 'NONE', #9299, #6450, #6529, .T. ) ;
#6953 = DIRECTION ( 'NONE',  ( 0.000000000000000000, 0.000000000000000000, -1.000000000000000000 ) ) ;
#6954 = DIRECTION ( 'NONE',  ( 0.000000000000000000, 0.000000000000000000, -1.000000000000000000 ) ) ;
#6955 = ORIENTED_EDGE ( 'NONE', *, *, #1795, .F. ) ;
#6956 = EDGE_CURVE ( 'NONE', #2431, #6763, #5021, .T. ) ;
#6957 = ORIENTED_EDGE ( 'NONE', *, *, #69, .T. ) ;
#6958 = ADVANCED_FACE ( 'NONE', ( #2897 ), #8091, .F. ) ;
#6959 = CARTESIAN_POINT ( 'NONE',  ( 20.82626262626262559, -13.43232323232323289, -6.049999999999999822 ) ) ;
#6960 = EDGE_CURVE ( 'NONE', #5992, #9134, #2138, .T. ) ;
#6961 = VERTEX_POINT ( 'NONE', #5071 ) ;
#6962 = CARTESIAN_POINT ( 'NONE',  ( 11.80336700336700240, -15.38406285072951718, -6.349999999999999645 ) ) ;
#6963 = CARTESIAN_POINT ( 'NONE',  ( 15.30886644219977555, -12.49483726150392826, -6.049999999999999822 ) ) ;
#6964 = LINE ( 'NONE', #3792, #2388 ) ;
#6965 = VECTOR ( 'NONE', #8857, 1000.000000000000114 ) ;
#6966 = PLANE ( 'NONE',  #1369 ) ;
#6967 = EDGE_CURVE ( 'NONE', #3062, #9822, #9601, .T. ) ;
#6968 = AXIS2_PLACEMENT_3D ( 'NONE', #7476, #579, #8943 ) ;
#6969 = DIRECTION ( 'NONE',  ( 0.2182138813464221394, 0.9759009693548468256, 0.000000000000000000 ) ) ;
#6970 = CARTESIAN_POINT ( 'NONE',  ( 7.100561167227831483, -18.14882154882154808, -6.049999999999999822 ) ) ;
#6971 = CARTESIAN_POINT ( 'NONE',  ( 18.84646464646464636, -12.81818181818181834, -6.049999999999999822 ) ) ;
#6972 = ORIENTED_EDGE ( 'NONE', *, *, #1344, .F. ) ;
#6973 = AXIS2_PLACEMENT_3D ( 'NONE', #5127, #8201, #1293 ) ;
#6974 = AXIS2_PLACEMENT_3D ( 'NONE', #9511, #3259, #2608 ) ;
#6975 = ORIENTED_EDGE ( 'NONE', *, *, #2156, .F. ) ;
#6976 = VECTOR ( 'NONE', #4990, 1000.000000000000000 ) ;
#6977 = ORIENTED_EDGE ( 'NONE', *, *, #557, .T. ) ;
#6978 = CARTESIAN_POINT ( 'NONE',  ( 10.72525252525252526, -14.44242424242424150, -6.049999999999999822 ) ) ;
#6979 = CARTESIAN_POINT ( 'NONE',  ( 8.897418630751960933, -15.86217732884399467, -6.049999999999999822 ) ) ;
#6980 = DIRECTION ( 'NONE',  ( -1.000000000000000000, -0.000000000000000000, -0.000000000000000000 ) ) ;
#6981 = DIRECTION ( 'NONE',  ( 0.5636924539702068415, -0.8259847561166284713, 0.000000000000000000 ) ) ;
#6982 = CARTESIAN_POINT ( 'NONE',  ( -4.000000000000000000, 4.000000000000000000, -6.349999999999999645 ) ) ;
#6983 = VECTOR ( 'NONE', #222, 1000.000000000000000 ) ;
#6984 = LINE ( 'NONE', #7641, #9289 ) ;
#6985 = VECTOR ( 'NONE', #8806, 1000.000000000000000 ) ;
#6986 = VERTEX_POINT ( 'NONE', #8894 ) ;
#6987 = EDGE_LOOP ( 'NONE', ( #6049, #7390, #3776, #1523 ) ) ;
#6988 = DIRECTION ( 'NONE',  ( 1.000000000000000000, 0.000000000000000000, 0.000000000000000000 ) ) ;
#6989 = VECTOR ( 'NONE', #5705, 1000.000000000000114 ) ;
#6990 = CARTESIAN_POINT ( 'NONE',  ( 0.8000000000000000444, -0.8000000000000000444, -4.349999999999999645 ) ) ;
#6991 = ORIENTED_EDGE ( 'NONE', *, *, #9588, .T. ) ;
#6993 = VECTOR ( 'NONE', #4034, 1000.000000000000000 ) ;
#6992 = FACE_OUTER_BOUND ( 'NONE', #5914, .T. ) ;
#6994 = PLANE ( 'NONE',  #7981 ) ;
#6995 = PLANE ( 'NONE',  #4130 ) ;
#6996 = VECTOR ( 'NONE', #7343, 1000.000000000000227 ) ;
#6997 = ORIENTED_EDGE ( 'NONE', *, *, #8874, .F. ) ;
#6998 = DIRECTION ( 'NONE',  ( 0.000000000000000000, -1.000000000000000000, 0.000000000000000000 ) ) ;
#6999 = VERTEX_POINT ( 'NONE', #8144 ) ;
#7000 = ORIENTED_EDGE ( 'NONE', *, *, #1653, .F. ) ;
#7001 = ORIENTED_EDGE ( 'NONE', *, *, #7577, .T. ) ;
#7002 = VECTOR ( 'NONE', #1759, 1000.000000000000000 ) ;
#7003 = DIRECTION ( 'NONE',  ( 0.9864368562289915765, -0.1641411851823413315, 0.000000000000000000 ) ) ;
#7004 = EDGE_CURVE ( 'NONE', #8715, #4014, #1236, .T. ) ;
#7005 = EDGE_CURVE ( 'NONE', #7089, #4643, #9693, .T. ) ;
#7006 = CARTESIAN_POINT ( 'NONE',  ( 14.21414141414141596, -16.56666666666666643, -6.049999999999999822 ) ) ;
#7007 = DIRECTION ( 'NONE',  ( 0.9698118476474546501, -0.2438544241194532669, 0.000000000000000000 ) ) ;
#7008 = VECTOR ( 'NONE', #5868, 1000.000000000000114 ) ;
#7009 = EDGE_LOOP ( 'NONE', ( #8676, #3844, #4278, #8401 ) ) ;
#7010 = ORIENTED_EDGE ( 'NONE', *, *, #9352, .F. ) ;
#7011 = EDGE_CURVE ( 'NONE', #2320, #6505, #5119, .T. ) ;
#7012 = CARTESIAN_POINT ( 'NONE',  ( 17.51032547699214348, -17.91964085297418663, -6.049999999999999822 ) ) ;
#7013 = ORIENTED_EDGE ( 'NONE', *, *, #9056, .F. ) ;
#7014 = LINE ( 'NONE', #7824, #6487 ) ;
#7015 = CARTESIAN_POINT ( 'NONE',  ( 10.71470258136924691, -18.80606060606060481, -6.049999999999999822 ) ) ;
#7016 = LINE ( 'NONE', #118, #5758 ) ;
#7017 = CARTESIAN_POINT ( 'NONE',  ( 17.07586980920314090, -11.55667789001122259, -6.049999999999999822 ) ) ;
#7018 = VECTOR ( 'NONE', #6969, 1000.000000000000114 ) ;
#7019 = CARTESIAN_POINT ( 'NONE',  ( 11.23434343434343496, -17.95757575757576063, -6.049999999999999822 ) ) ;
#7020 = EDGE_CURVE ( 'NONE', #7920, #6852, #26, .T. ) ;
#7021 = DIRECTION ( 'NONE',  ( 0.9589070505085043328, -0.2837204054788456942, 0.000000000000000000 ) ) ;
#7022 = DIRECTION ( 'NONE',  ( -0.3554114530542287209, 0.9347099544981223307, 0.000000000000000000 ) ) ;
#7023 = ORIENTED_EDGE ( 'NONE', *, *, #4444, .T. ) ;
#7024 = VECTOR ( 'NONE', #5131, 1000.000000000000000 ) ;
#7025 = EDGE_CURVE ( 'NONE', #2008, #234, #6162, .T. ) ;
#7026 = ORIENTED_EDGE ( 'NONE', *, *, #975, .T. ) ;
#7027 = EDGE_CURVE ( 'NONE', #2920, #1043, #5410, .T. ) ;
#7028 = CARTESIAN_POINT ( 'NONE',  ( 9.919753086419753174, -16.68047138047138134, -6.049999999999999822 ) ) ;
#7029 = CARTESIAN_POINT ( 'NONE',  ( 8.123681257014588653, -18.66419753086419675, -6.049999999999999822 ) ) ;
#7030 = DIRECTION ( 'NONE',  ( 0.9922278561183689449, 0.1244342458599936585, 0.000000000000000000 ) ) ;
#7031 = LINE ( 'NONE', #5987, #9158 ) ;
#7032 = DIRECTION ( 'NONE',  ( 0.000000000000000000, 1.000000000000000000, 0.000000000000000000 ) ) ;
#7033 = VECTOR ( 'NONE', #8387, 1000.000000000000000 ) ;
#7034 = CARTESIAN_POINT ( 'NONE',  ( 16.68260381593714925, -12.36341189674523022, -6.349999999999999645 ) ) ;
#7035 = ORIENTED_EDGE ( 'NONE', *, *, #6948, .T. ) ;
#7036 = ORIENTED_EDGE ( 'NONE', *, *, #4854, .T. ) ;
#7037 = LINE ( 'NONE', #1803, #7304 ) ;
#7038 = CARTESIAN_POINT ( 'NONE',  ( 17.78406285072951576, -12.76700336700336713, -6.049999999999999822 ) ) ;
#7039 = VERTEX_POINT ( 'NONE', #8536 ) ;
#7040 = DIRECTION ( 'NONE',  ( 0.000000000000000000, 1.000000000000000000, 0.000000000000000000 ) ) ;
#7041 = VECTOR ( 'NONE', #5707, 1000.000000000000000 ) ;
#7042 = VECTOR ( 'NONE', #2126, 999.9999999999998863 ) ;
#7043 = LINE ( 'NONE', #7749, #3306 ) ;
#7044 = CARTESIAN_POINT ( 'NONE',  ( 9.936026936026939538, -12.58900112233445512, -6.049999999999999822 ) ) ;
#7045 = PRODUCT_DEFINITION_FORMATION_WITH_SPECIFIED_SOURCE ( 'ANY', '', #7292, .NOT_KNOWN. ) ;
#7046 = ORIENTED_EDGE ( 'NONE', *, *, #2698, .F. ) ;
#7047 = AXIS2_PLACEMENT_3D ( 'NONE', #5385, #3625, #5947 ) ;
#7048 = FACE_OUTER_BOUND ( 'NONE', #198, .T. ) ;
#7049 = VERTEX_POINT ( 'NONE', #2994 ) ;
#7050 = ORIENTED_EDGE ( 'NONE', *, *, #3, .F. ) ;
#7051 = EDGE_LOOP ( 'NONE', ( #3532, #6937, #4823, #6805 ) ) ;
#7052 = CARTESIAN_POINT ( 'NONE',  ( 16.54747474747474811, -18.70303030303030312, -6.049999999999999822 ) ) ;
#7053 = DIRECTION ( 'NONE',  ( 0.000000000000000000, 1.000000000000000000, 0.000000000000000000 ) ) ;
#7054 = VECTOR ( 'NONE', #9182, 1000.000000000000000 ) ;
#7055 = LINE ( 'NONE', #7865, #291 ) ;
#7056 = DIRECTION ( 'NONE',  ( 0.000000000000000000, 0.000000000000000000, -1.000000000000000000 ) ) ;
#7057 = ORIENTED_EDGE ( 'NONE', *, *, #8434, .F. ) ;
#7058 = ORIENTED_EDGE ( 'NONE', *, *, #9674, .F. ) ;
#7059 = EDGE_CURVE ( 'NONE', #5169, #3987, #6772, .T. ) ;
#7060 = ORIENTED_EDGE ( 'NONE', *, *, #7409, .F. ) ;
#7061 = VECTOR ( 'NONE', #9668, 1000.000000000000000 ) ;
#7062 = LINE ( 'NONE', #9379, #9565 ) ;
#7063 = EDGE_CURVE ( 'NONE', #5335, #4236, #1632, .T. ) ;
#7064 = EDGE_LOOP ( 'NONE', ( #5400, #1055, #3907, #518 ) ) ;
#7065 = DIRECTION ( 'NONE',  ( -0.9994868748016842996, 0.03203103337643598003, 0.000000000000000000 ) ) ;
#7066 = DIRECTION ( 'NONE',  ( -0.2437125989475458221, 0.9698474978646037803, 0.000000000000000000 ) ) ;
#7067 = CARTESIAN_POINT ( 'NONE',  ( 12.66195286195286052, -14.42109988776655527, -6.349999999999999645 ) ) ;
#7068 = PLANE ( 'NONE',  #2823 ) ;
#7069 = DIRECTION ( 'NONE',  ( 0.3558840533475985390, -0.9345301175312027420, 0.000000000000000000 ) ) ;
#7070 = CARTESIAN_POINT ( 'NONE',  ( 17.24287317620650839, -12.48193041526374891, -6.049999999999999822 ) ) ;
#7071 = EDGE_CURVE ( 'NONE', #6502, #4896, #783, .T. ) ;
#7072 = DIRECTION ( 'NONE',  ( 0.9905874737037700939, -0.1368811781845211406, 0.000000000000000000 ) ) ;
#7073 = ORIENTED_EDGE ( 'NONE', *, *, #6803, .F. ) ;
#7074 = ORIENTED_EDGE ( 'NONE', *, *, #8937, .F. ) ;
#7075 = CARTESIAN_POINT ( 'NONE',  ( 11.12951739618406322, -18.11649831649831555, -6.049999999999999822 ) ) ;
#7076 = EDGE_CURVE ( 'NONE', #9870, #1416, #4704, .T. ) ;
#7077 = DIRECTION ( 'NONE',  ( -0.8624758157753493748, -0.5060982782055730711, 0.000000000000000000 ) ) ;
#7078 = LINE ( 'NONE', #938, #713 ) ;
#7079 = EDGE_CURVE ( 'NONE', #4410, #2887, #1437, .T. ) ;
#7080 = FACE_OUTER_BOUND ( 'NONE', #4776, .T. ) ;
#7081 = CARTESIAN_POINT ( 'NONE',  ( 17.70707070707070585, -13.94141414141414259, -6.049999999999999822 ) ) ;
#7082 = DIRECTION ( 'NONE',  ( -0.3222455655904187255, -0.9466561125653345510, 0.000000000000000000 ) ) ;
#7083 = CARTESIAN_POINT ( 'NONE',  ( 23.04848484848484702, -13.73939393939394016, -6.049999999999999822 ) ) ;
#7084 = ADVANCED_FACE ( 'NONE', ( #5263 ), #6066, .T. ) ;
#7085 = EDGE_LOOP ( 'NONE', ( #5003, #8442, #4993, #5031 ) ) ;
#7086 = ORIENTED_EDGE ( 'NONE', *, *, #795, .T. ) ;
#7087 = LINE ( 'NONE', #9315, #5861 ) ;
#7088 = ORIENTED_EDGE ( 'NONE', *, *, #8513, .T. ) ;
#7089 = VERTEX_POINT ( 'NONE', #6816 ) ;
#7090 = CARTESIAN_POINT ( 'NONE',  ( 16.74545454545454604, -18.79685746352413389, -6.049999999999999822 ) ) ;
#7091 = DIRECTION ( 'NONE',  ( -0.9473114472917564255, 0.3203139426094309128, 0.000000000000000000 ) ) ;
#7092 = CARTESIAN_POINT ( 'NONE',  ( 9.450505050505050519, -15.34545454545454568, -6.049999999999999822 ) ) ;
#7093 = ORIENTED_EDGE ( 'NONE', *, *, #1977, .F. ) ;
#7094 = LINE ( 'NONE', #7246, #7953 ) ;
#7095 = EDGE_LOOP ( 'NONE', ( #6862, #7000, #2625, #1004 ) ) ;
#7096 = ORIENTED_EDGE ( 'NONE', *, *, #6334, .T. ) ;
#7097 = ORIENTED_EDGE ( 'NONE', *, *, #7187, .T. ) ;
#7098 = FACE_OUTER_BOUND ( 'NONE', #5815, .T. ) ;
#7099 = DIRECTION ( 'NONE',  ( 0.000000000000000000, 0.000000000000000000, -1.000000000000000000 ) ) ;
#7100 = DIRECTION ( 'NONE',  ( -0.9793196221928240908, 0.2023192467070402401, -0.000000000000000000 ) ) ;
#7101 = ORIENTED_EDGE ( 'NONE', *, *, #4671, .T. ) ;
#7102 = ORIENTED_EDGE ( 'NONE', *, *, #6226, .T. ) ;
#7103 = ORIENTED_EDGE ( 'NONE', *, *, #1097, .F. ) ;
#7104 = CARTESIAN_POINT ( 'NONE',  ( 7.872278338945007725, -11.25432098765432265, -6.349999999999999645 ) ) ;
#7105 = ORIENTED_EDGE ( 'NONE', *, *, #3570, .T. ) ;
#7106 = CARTESIAN_POINT ( 'NONE',  ( 15.53737373737373773, -13.67070707070707059, -6.049999999999999822 ) ) ;
#7107 = CARTESIAN_POINT ( 'NONE',  ( 14.21414141414141596, -16.56666666666666643, -6.049999999999999822 ) ) ;
#7108 = PLANE ( 'NONE',  #4791 ) ;
#7109 = CARTESIAN_POINT ( 'NONE',  ( 12.47250280583613957, -15.70033670033670070, -6.049999999999999822 ) ) ;
#7110 = DIRECTION ( 'NONE',  ( 0.4576001790596597729, -0.8891580715061677687, 0.000000000000000000 ) ) ;
#7111 = EDGE_CURVE ( 'NONE', #6233, #2738, #9892, .T. ) ;
#7112 = LINE ( 'NONE', #9387, #4781 ) ;
#7113 = CARTESIAN_POINT ( 'NONE',  ( 9.450505050505050519, -15.34545454545454568, -6.349999999999999645 ) ) ;
#7114 = ORIENTED_EDGE ( 'NONE', *, *, #7076, .F. ) ;
#7115 = ORIENTED_EDGE ( 'NONE', *, *, #9168, .T. ) ;
#7116 = PLANE ( 'NONE',  #6338 ) ;
#7117 = CARTESIAN_POINT ( 'NONE',  ( 16.68260381593714925, -12.36341189674523022, -6.349999999999999645 ) ) ;
#7118 = LINE ( 'NONE', #3354, #4892 ) ;
#7119 = PLANE ( 'NONE',  #8195 ) ;
#7120 = PLANE ( 'NONE',  #7158 ) ;
#7121 = LINE ( 'NONE', #1641, #1065 ) ;
#7122 = EDGE_CURVE ( 'NONE', #9359, #6961, #9144, .T. ) ;
#7123 = CARTESIAN_POINT ( 'NONE',  ( 16.53423120089786735, -13.02424242424242351, -6.349999999999999645 ) ) ;
#7124 = CARTESIAN_POINT ( 'NONE',  ( 7.331088664421997692, -14.91694725028058244, -6.049999999999999822 ) ) ;
#7125 = EDGE_CURVE ( 'NONE', #5488, #9667, #5313, .T. ) ;
#7126 = VECTOR ( 'NONE', #3941, 1000.000000000000114 ) ;
#7127 = ORIENTED_EDGE ( 'NONE', *, *, #484, .F. ) ;
#7128 = ORIENTED_EDGE ( 'NONE', *, *, #7267, .T. ) ;
#7129 = CARTESIAN_POINT ( 'NONE',  ( 8.503928170594836189, -11.33849607182940566, -6.349999999999999645 ) ) ;
#7130 = LINE ( 'NONE', #144, #5035 ) ;
#7131 = VERTEX_POINT ( 'NONE', #4554 ) ;
#7132 = EDGE_CURVE ( 'NONE', #7400, #8171, #6871, .T. ) ;
#7133 = DIRECTION ( 'NONE',  ( 0.000000000000000000, 0.000000000000000000, -1.000000000000000000 ) ) ;
#7134 = AXIS2_PLACEMENT_3D ( 'NONE', #3464, #6538, #9611 ) ;
#7135 = AXIS2_PLACEMENT_3D ( 'NONE', #4069, #3319, #7195 ) ;
#7136 = FACE_OUTER_BOUND ( 'NONE', #102, .T. ) ;
#7137 = DIRECTION ( 'NONE',  ( 0.3558840533475985390, -0.9345301175312027420, 0.000000000000000000 ) ) ;
#7138 = EDGE_CURVE ( 'NONE', #5217, #7414, #6921, .T. ) ;
#7139 = EDGE_CURVE ( 'NONE', #8565, #3855, #632, .T. ) ;
#7140 = EDGE_CURVE ( 'NONE', #1657, #2480, #4609, .T. ) ;
#7141 = FACE_OUTER_BOUND ( 'NONE', #8270, .T. ) ;
#7142 = VECTOR ( 'NONE', #8795, 1000.000000000000000 ) ;
#7143 = VECTOR ( 'NONE', #7488, 1000.000000000000000 ) ;
#7144 = ORIENTED_EDGE ( 'NONE', *, *, #500, .T. ) ;
#7145 = DIRECTION ( 'NONE',  ( -0.8909930471730027612, -0.4540169489009931447, 0.000000000000000000 ) ) ;
#7146 = ORIENTED_EDGE ( 'NONE', *, *, #7564, .F. ) ;
#7147 = ORIENTED_EDGE ( 'NONE', *, *, #1401, .F. ) ;
#7148 = ADVANCED_FACE ( 'NONE', ( #5358 ), #6214, .T. ) ;
#7149 = ORIENTED_EDGE ( 'NONE', *, *, #9604, .T. ) ;
#7150 = DIRECTION ( 'NONE',  ( -0.8796137718424192897, 0.4756885665907394922, 0.000000000000000000 ) ) ;
#7151 = CARTESIAN_POINT ( 'NONE',  ( 12.22020202020201829, -18.67497194163860996, -6.049999999999999822 ) ) ;
#7152 = AXIS2_PLACEMENT_3D ( 'NONE', #5248, #8322, #1420 ) ;
#7153 = VECTOR ( 'NONE', #4160, 1000.000000000000114 ) ;
#7154 = LINE ( 'NONE', #7206, #6238 ) ;
#7155 = DIRECTION ( 'NONE',  ( 0.000000000000000000, -1.000000000000000000, 0.000000000000000000 ) ) ;
#7156 = ORIENTED_EDGE ( 'NONE', *, *, #5332, .T. ) ;
#7157 = ORIENTED_EDGE ( 'NONE', *, *, #1155, .T. ) ;
#7158 = AXIS2_PLACEMENT_3D ( 'NONE', #225, #6372, #9448 ) ;
#7159 = ORIENTED_EDGE ( 'NONE', *, *, #1220, .T. ) ;
#7160 = EDGE_LOOP ( 'NONE', ( #843, #3567, #5245, #2729 ) ) ;
#7161 = PLANE ( 'NONE',  #240 ) ;
#7162 = ORIENTED_EDGE ( 'NONE', *, *, #1220, .F. ) ;
#7163 = DIRECTION ( 'NONE',  ( -1.000000000000000000, 0.000000000000000000, 0.000000000000000000 ) ) ;
#7164 = DIRECTION ( 'NONE',  ( 0.6478225209405595875, 0.7617912977727026025, 0.000000000000000000 ) ) ;
#7165 = CARTESIAN_POINT ( 'NONE',  ( 20.82626262626262559, -12.60808080808080867, -6.049999999999999822 ) ) ;
#7166 = DIRECTION ( 'NONE',  ( 0.000000000000000000, 0.000000000000000000, -1.000000000000000000 ) ) ;
#7167 = PLANE ( 'NONE',  #4934 ) ;
#7168 = VECTOR ( 'NONE', #4702, 1000.000000000000000 ) ;
#7169 = DIRECTION ( 'NONE',  ( 0.000000000000000000, -1.000000000000000000, 0.000000000000000000 ) ) ;
#7170 = CARTESIAN_POINT ( 'NONE',  ( 7.668686868686868330, -15.80404040404040344, -6.049999999999999822 ) ) ;
#7171 = ORIENTED_EDGE ( 'NONE', *, *, #6642, .T. ) ;
#7172 = ORIENTED_EDGE ( 'NONE', *, *, #2087, .T. ) ;
#7173 = PLANE ( 'NONE',  #9077 ) ;
#7174 = PRODUCT_RELATED_PRODUCT_CATEGORY ( 'part', '', ( #7292 ) ) ;
#7175 = AXIS2_PLACEMENT_3D ( 'NONE', #8090, #6725, #7278 ) ;
#7176 = CARTESIAN_POINT ( 'NONE',  ( 8.758024691358025748, -15.59887766554433242, -6.049999999999999822 ) ) ;
#7177 = CARTESIAN_POINT ( 'NONE',  ( 23.04848484848484702, -13.73939393939394016, -6.049999999999999822 ) ) ;
#7178 = SURFACE_STYLE_FILL_AREA ( #4105 ) ;
#7179 = PLANE ( 'NONE',  #5876 ) ;
#7180 = CARTESIAN_POINT ( 'NONE',  ( 7.395959595959595845, -17.58855218855218894, -6.049999999999999822 ) ) ;
#7181 = DIRECTION ( 'NONE',  ( -0.3899127370809811755, 0.9208518108045493644, 0.000000000000000000 ) ) ;
#7182 = LINE ( 'NONE', #8852, #3668 ) ;
#7183 = VECTOR ( 'NONE', #7750, 1000.000000000000227 ) ;
#7184 = VERTEX_POINT ( 'NONE', #9295 ) ;
#7185 = ORIENTED_EDGE ( 'NONE', *, *, #6592, .F. ) ;
#7186 = CARTESIAN_POINT ( 'NONE',  ( 13.87676767676767753, -18.94343434343434396, -6.349999999999999645 ) ) ;
#7187 = EDGE_CURVE ( 'NONE', #6653, #8220, #5460, .T. ) ;
#7188 = DIRECTION ( 'NONE',  ( 0.2107281972989952790, 0.9775446930259075184, 0.000000000000000000 ) ) ;
#7189 = CARTESIAN_POINT ( 'NONE',  ( 21.14949494949495445, -18.93535353535353494, -6.049999999999999822 ) ) ;
#7190 = EDGE_CURVE ( 'NONE', #9299, #7861, #2490, .T. ) ;
#7191 = VECTOR ( 'NONE', #2805, 1000.000000000000227 ) ;
#7192 = CARTESIAN_POINT ( 'NONE',  ( 16.96363636363636473, -12.42424242424242387, -6.049999999999999822 ) ) ;
#7193 = FACE_OUTER_BOUND ( 'NONE', #6533, .T. ) ;
#7194 = EDGE_CURVE ( 'NONE', #3690, #8616, #4759, .T. ) ;
#7195 = DIRECTION ( 'NONE',  ( -0.7936887705068162990, 0.6083240382981576211, 0.000000000000000000 ) ) ;
#7196 = AXIS2_PLACEMENT_3D ( 'NONE', #8788, #5504, #1024 ) ;
#7197 = ORIENTED_EDGE ( 'NONE', *, *, #1117, .T. ) ;
#7198 = CARTESIAN_POINT ( 'NONE',  ( 19.07811447811447891, -18.26644219977553263, -6.049999999999999822 ) ) ;
#7199 = ORIENTED_EDGE ( 'NONE', *, *, #1483, .F. ) ;
#7200 = ORIENTED_EDGE ( 'NONE', *, *, #5596, .T. ) ;
#7201 = AXIS2_PLACEMENT_3D ( 'NONE', #5810, #5054, #5150 ) ;
#7202 = ORIENTED_EDGE ( 'NONE', *, *, #1117, .F. ) ;
#7203 = EDGE_CURVE ( 'NONE', #5389, #2021, #7112, .T. ) ;
#7204 = LINE ( 'NONE', #6553, #6666 ) ;
#7206 = CARTESIAN_POINT ( 'NONE',  ( 19.77575757575757365, -11.01616161616161627, -6.049999999999999822 ) ) ;
#7205 = VECTOR ( 'NONE', #8634, 1000.000000000000000 ) ;
#7207 = ADVANCED_FACE ( 'NONE', ( #8639 ), #3948, .F. ) ;
#7208 = ADVANCED_FACE ( 'NONE', ( #4096 ), #5709, .T. ) ;
#7209 = AXIS2_PLACEMENT_3D ( 'NONE', #9818, #9067, #2169 ) ;
#7210 = DIRECTION ( 'NONE',  ( -0.06834376325994336032, -0.9976618314957573785, 0.000000000000000000 ) ) ;
#7211 = ORIENTED_EDGE ( 'NONE', *, *, #8630, .F. ) ;
#7212 = VERTEX_POINT ( 'NONE', #1735 ) ;
#7213 = VERTEX_POINT ( 'NONE', #2634 ) ;
#7214 = VERTEX_POINT ( 'NONE', #7775 ) ;
#7215 = CARTESIAN_POINT ( 'NONE',  ( 22.28080808080807884, -14.27272727272727337, -6.349999999999999645 ) ) ;
#7216 = VERTEX_POINT ( 'NONE', #3194 ) ;
#7217 = LINE ( 'NONE', #1165, #9229 ) ;
#7218 = VECTOR ( 'NONE', #2276, 1000.000000000000000 ) ;
#7219 = DIRECTION ( 'NONE',  ( 0.000000000000000000, 0.000000000000000000, -1.000000000000000000 ) ) ;
#7220 = AXIS2_PLACEMENT_3D ( 'NONE', #6055, #5345, #2381 ) ;
#7221 = CARTESIAN_POINT ( 'NONE',  ( 16.34248035914702513, -12.96060606060606091, -6.049999999999999822 ) ) ;
#7222 = LINE ( 'NONE', #7019, #2195 ) ;
#7223 = DIRECTION ( 'NONE',  ( 0.6192653754519867881, 0.7851817590636641642, -0.000000000000000000 ) ) ;
#7224 = DIRECTION ( 'NONE',  ( 0.2438544241194532669, 0.9698118476474546501, 0.000000000000000000 ) ) ;
#7225 = VECTOR ( 'NONE', #3227, 1000.000000000000000 ) ;
#7226 = ORIENTED_EDGE ( 'NONE', *, *, #6544, .F. ) ;
#7227 = ORIENTED_EDGE ( 'NONE', *, *, #1146, .F. ) ;
#7228 = CARTESIAN_POINT ( 'NONE',  ( 6.854545454545455385, -17.77979797979797993, -6.349999999999999645 ) ) ;
#7229 = DIRECTION ( 'NONE',  ( 1.000000000000000000, 0.000000000000000000, 0.000000000000000000 ) ) ;
#7230 = DIRECTION ( 'NONE',  ( -0.000000000000000000, -0.000000000000000000, 1.000000000000000000 ) ) ;
#7231 = CARTESIAN_POINT ( 'NONE',  ( 10.19640852974186451, -17.32368125701459149, -6.349999999999999645 ) ) ;
#7232 = LINE ( 'NONE', #6316, #9735 ) ;
#7233 = CARTESIAN_POINT ( 'NONE',  ( 16.38630751964085164, -11.34523007856341081, -6.049999999999999822 ) ) ;
#7234 = CARTESIAN_POINT ( 'NONE',  ( 17.52031425364758732, -12.53647586980920359, -6.349999999999999645 ) ) ;
#7235 = DIRECTION ( 'NONE',  ( 0.000000000000000000, 0.000000000000000000, -1.000000000000000000 ) ) ;
#7236 = ORIENTED_EDGE ( 'NONE', *, *, #6454, .F. ) ;
#7237 = ORIENTED_EDGE ( 'NONE', *, *, #6540, .T. ) ;
#7238 = DIRECTION ( 'NONE',  ( 0.9933662150481338271, -0.1149937511386795314, 0.000000000000000000 ) ) ;
#7239 = CARTESIAN_POINT ( 'NONE',  ( 10.72525252525252526, -13.40808080808080760, -6.049999999999999822 ) ) ;
#7240 = CARTESIAN_POINT ( 'NONE',  ( 15.29797979797979757, -13.25757575757575779, -6.049999999999999822 ) ) ;
#7241 = CARTESIAN_POINT ( 'NONE',  ( 15.17766554433221060, -12.82390572390572281, -6.349999999999999645 ) ) ;
#7242 = CARTESIAN_POINT ( 'NONE',  ( 16.05858585858585741, -17.69090909090909136, -6.049999999999999822 ) ) ;
#7243 = EDGE_CURVE ( 'NONE', #196, #3049, #122, .T. ) ;
#7244 = LINE ( 'NONE', #348, #3277 ) ;
#7245 = ORIENTED_EDGE ( 'NONE', *, *, #7275, .T. ) ;
#7246 = CARTESIAN_POINT ( 'NONE',  ( 17.79595959595959442, -11.74747474747474740, -6.349999999999999645 ) ) ;
#7247 = ORIENTED_EDGE ( 'NONE', *, *, #4565, .F. ) ;
#7248 = ORIENTED_EDGE ( 'NONE', *, *, #5057, .F. ) ;
#7249 = VERTEX_POINT ( 'NONE', #2544 ) ;
#7250 = PLANE ( 'NONE',  #7385 ) ;
#7251 = CARTESIAN_POINT ( 'NONE',  ( 18.95690235690235781, -18.74859708193041641, -6.049999999999999822 ) ) ;
#7252 = ADVANCED_FACE ( 'NONE', ( #7982 ), #6264, .T. ) ;
#7253 = CARTESIAN_POINT ( 'NONE',  ( 8.526374859708193199, -15.04130190796857391, -6.349999999999999645 ) ) ;
#7254 = ADVANCED_FACE ( 'NONE', ( #329 ), #3346, .F. ) ;
#7255 = ORIENTED_EDGE ( 'NONE', *, *, #6022, .T. ) ;
#7256 = ORIENTED_EDGE ( 'NONE', *, *, #6151, .F. ) ;
#7257 = EDGE_LOOP ( 'NONE', ( #9313, #839, #5731, #4800 ) ) ;
#7258 = EDGE_LOOP ( 'NONE', ( #3785, #956, #682, #1772 ) ) ;
#7259 = ORIENTED_EDGE ( 'NONE', *, *, #5228, .T. ) ;
#7260 = DIRECTION ( 'NONE',  ( 0.000000000000000000, 0.000000000000000000, -1.000000000000000000 ) ) ;
#7261 = DIRECTION ( 'NONE',  ( 0.9709108512384118095, -0.2394412640868367748, 0.000000000000000000 ) ) ;
#7262 = EDGE_CURVE ( 'NONE', #5896, #9221, #1681, .T. ) ;
#7263 = DIRECTION ( 'NONE',  ( 0.8027631888155765116, 0.5962979646809529743, 0.000000000000000000 ) ) ;
#7264 = CARTESIAN_POINT ( 'NONE',  ( 17.79595959595959442, -11.74747474747474740, -6.049999999999999822 ) ) ;
#7265 = CARTESIAN_POINT ( 'NONE',  ( 17.92098765432098872, -18.89292929292929202, -6.049999999999999822 ) ) ;
#7266 = PLANE ( 'NONE',  #8184 ) ;
#7267 = EDGE_CURVE ( 'NONE', #4062, #2320, #6418, .T. ) ;
#7268 = EDGE_CURVE ( 'NONE', #1495, #1773, #3394, .T. ) ;
#7269 = VERTEX_POINT ( 'NONE', #928 ) ;
#7270 = ADVANCED_FACE ( 'NONE', ( #2441 ), #4853, .F. ) ;
#7271 = ORIENTED_EDGE ( 'NONE', *, *, #2708, .T. ) ;
#7272 = FACE_OUTER_BOUND ( 'NONE', #3215, .T. ) ;
#7273 = CARTESIAN_POINT ( 'NONE',  ( 16.44646464646464779, -13.94141414141414259, -6.049999999999999822 ) ) ;
#7274 = CARTESIAN_POINT ( 'NONE',  ( 7.425589225589224185, -12.32502805836139181, -6.349999999999999645 ) ) ;
#7275 = EDGE_CURVE ( 'NONE', #5194, #5605, #3996, .T. ) ;
#7276 = CARTESIAN_POINT ( 'NONE',  ( 12.35555555555555785, -18.51919191919191832, -6.049999999999999822 ) ) ;
#7277 = CARTESIAN_POINT ( 'NONE',  ( 18.38479236812570150, -18.89646464646464707, -6.349999999999999645 ) ) ;
#7278 = DIRECTION ( 'NONE',  ( 0.9753604616760367385, -0.2206172472838616172, 0.000000000000000000 ) ) ;
#7279 = CARTESIAN_POINT ( 'NONE',  ( 16.26189674523007866, -12.87766554433220989, -6.049999999999999822 ) ) ;
#7280 = CARTESIAN_POINT ( 'NONE',  ( 13.87676767676767753, -15.84444444444444500, -6.349999999999999645 ) ) ;
#7281 = ORIENTED_EDGE ( 'NONE', *, *, #1275, .T. ) ;
#7282 = ORIENTED_EDGE ( 'NONE', *, *, #6837, .F. ) ;
#7283 = LINE ( 'NONE', #1192, #77 ) ;
#7284 = CARTESIAN_POINT ( 'NONE',  ( 16.08439955106621611, -18.01436588103254621, -6.349999999999999645 ) ) ;
#7285 = PLANE ( 'NONE',  #7134 ) ;
#7286 = CARTESIAN_POINT ( 'NONE',  ( 9.971156004489337477, -17.14219977553310770, -6.049999999999999822 ) ) ;
#7287 = AXIS2_PLACEMENT_3D ( 'NONE', #3245, #9347, #7077 ) ;
#7288 = DIRECTION ( 'NONE',  ( 0.6943515034221268145, -0.7196360119500913033, 0.000000000000000000 ) ) ;
#7289 = VECTOR ( 'NONE', #6810, 1000.000000000000227 ) ;
#7290 = EDGE_CURVE ( 'NONE', #7406, #1623, #169, .T. ) ;
#7291 = DIRECTION ( 'NONE',  ( 0.8796137718424192897, -0.4756885665907395477, 0.000000000000000000 ) ) ;
#7292 = PRODUCT ( '\X2\80cc677f\X0\', '\X2\80cc677f\X0\', '', ( #6446 ) ) ;
#7293 = VERTEX_POINT ( 'NONE', #7880 ) ;
#7294 = DIRECTION ( 'NONE',  ( 0.000000000000000000, 0.000000000000000000, -1.000000000000000000 ) ) ;
#7295 = VECTOR ( 'NONE', #3821, 1000.000000000000227 ) ;
#7296 = ORIENTED_EDGE ( 'NONE', *, *, #3574, .F. ) ;
#7297 = ORIENTED_EDGE ( 'NONE', *, *, #9528, .F. ) ;
#7298 = AXIS2_PLACEMENT_3D ( 'NONE', #5278, #692, #6131 ) ;
#7299 = VERTEX_POINT ( 'NONE', #974 ) ;
#7300 = LINE ( 'NONE', #405, #8353 ) ;
#7301 = PLANE ( 'NONE',  #9717 ) ;
#7302 = AXIS2_PLACEMENT_3D ( 'NONE', #5567, #983, #6313 ) ;
#7303 = DIRECTION ( 'NONE',  ( -0.2482181907691044243, 0.9687041497646804444, 0.000000000000000000 ) ) ;
#7304 = VECTOR ( 'NONE', #4872, 1000.000000000000000 ) ;
#7305 = VERTEX_POINT ( 'NONE', #214 ) ;
#7306 = VERTEX_POINT ( 'NONE', #9439 ) ;
#7307 = VERTEX_POINT ( 'NONE', #3291 ) ;
#7308 = EDGE_CURVE ( 'NONE', #2088, #6297, #6363, .T. ) ;
#7309 = ORIENTED_EDGE ( 'NONE', *, *, #9967, .F. ) ;
#7310 = EDGE_CURVE ( 'NONE', #1107, #2422, #5105, .T. ) ;
#7311 = EDGE_LOOP ( 'NONE', ( #9470, #3472, #4237, #7023 ) ) ;
#7313 = FACE_OUTER_BOUND ( 'NONE', #6467, .T. ) ;
#7312 = VECTOR ( 'NONE', #2523, 1000.000000000000114 ) ;
#7314 = CARTESIAN_POINT ( 'NONE',  ( 15.17766554433221060, -12.82390572390572281, -6.049999999999999822 ) ) ;
#7315 = VECTOR ( 'NONE', #2913, 1000.000000000000114 ) ;
#7316 = LINE ( 'NONE', #8272, #4157 ) ;
#7317 = ADVANCED_FACE ( 'NONE', ( #9587 ), #2735, .T. ) ;
#7318 = PLANE ( 'NONE',  #3017 ) ;
#7319 = LINE ( 'NONE', #8276, #1751 ) ;
#7320 = AXIS2_PLACEMENT_3D ( 'NONE', #6211, #3092, #7675 ) ;
#7321 = EDGE_CURVE ( 'NONE', #7900, #8678, #4307, .T. ) ;
#7322 = AXIS2_PLACEMENT_3D ( 'NONE', #3708, #6223, #2201 ) ;
#7323 = ORIENTED_EDGE ( 'NONE', *, *, #3072, .F. ) ;
#7324 = VERTEX_POINT ( 'NONE', #4296 ) ;
#7325 = CARTESIAN_POINT ( 'NONE',  ( 9.759595959595959158, -16.95151515151515653, -6.349999999999999645 ) ) ;
#7326 = EDGE_LOOP ( 'NONE', ( #4835, #2172, #5153, #6796 ) ) ;
#7327 = LINE ( 'NONE', #6573, #2889 ) ;
#7328 = CARTESIAN_POINT ( 'NONE',  ( 16.72727272727272663, -11.45353535353535435, -6.049999999999999822 ) ) ;
#7329 = CARTESIAN_POINT ( 'NONE',  ( 7.193939393939395188, -13.40808080808080760, -6.049999999999999822 ) ) ;
#7330 = EDGE_CURVE ( 'NONE', #3889, #9538, #6514, .T. ) ;
#7331 = CARTESIAN_POINT ( 'NONE',  ( 16.13933782267115546, -12.41436588103254657, -6.049999999999999822 ) ) ;
#7332 = VECTOR ( 'NONE', #6183, 1000.000000000000000 ) ;
#7333 = CARTESIAN_POINT ( 'NONE',  ( 11.12951739618406322, -18.11649831649831555, -6.049999999999999822 ) ) ;
#7334 = DIRECTION ( 'NONE',  ( 0.6558824449652694843, 0.7548630461125914737, 0.000000000000000000 ) ) ;
#7335 = FACE_OUTER_BOUND ( 'NONE', #7424, .T. ) ;
#7336 = EDGE_CURVE ( 'NONE', #2480, #8441, #2031, .T. ) ;
#7337 = EDGE_CURVE ( 'NONE', #1915, #6255, #6662, .T. ) ;
#7338 = VECTOR ( 'NONE', #2409, 1000.000000000000000 ) ;
#7339 = ORIENTED_EDGE ( 'NONE', *, *, #628, .F. ) ;
#7340 = ORIENTED_EDGE ( 'NONE', *, *, #1541, .F. ) ;
#7341 = LINE ( 'NONE', #4979, #7143 ) ;
#7342 = DIRECTION ( 'NONE',  ( 0.000000000000000000, 0.000000000000000000, -1.000000000000000000 ) ) ;
#7343 = DIRECTION ( 'NONE',  ( 0.8510568142285696025, 0.5250736128916762002, 0.000000000000000000 ) ) ;
#7344 = LINE ( 'NONE', #7439, #7658 ) ;
#7345 = VECTOR ( 'NONE', #3968, 1000.000000000000000 ) ;
#7346 = CARTESIAN_POINT ( 'NONE',  ( 17.94287317620651123, -17.93265993265993430, -6.349999999999999645 ) ) ;
#7347 = ORIENTED_EDGE ( 'NONE', *, *, #8808, .T. ) ;
#7348 = FACE_OUTER_BOUND ( 'NONE', #5495, .T. ) ;
#7349 = VECTOR ( 'NONE', #339, 999.9999999999998863 ) ;
#7350 = ORIENTED_EDGE ( 'NONE', *, *, #7268, .T. ) ;
#7351 = ORIENTED_EDGE ( 'NONE', *, *, #3812, .T. ) ;
#7352 = ORIENTED_EDGE ( 'NONE', *, *, #967, .T. ) ;
#7353 = CARTESIAN_POINT ( 'NONE',  ( 9.536475869809201811, -18.27542087542087401, -6.349999999999999645 ) ) ;
#7354 = CARTESIAN_POINT ( 'NONE',  ( 18.48787878787878824, -17.92727272727272592, -6.049999999999999822 ) ) ;
#7355 = VECTOR ( 'NONE', #2245, 1000.000000000000227 ) ;
#7356 = DIRECTION ( 'NONE',  ( 0.000000000000000000, 0.000000000000000000, -1.000000000000000000 ) ) ;
#7357 = ORIENTED_EDGE ( 'NONE', *, *, #1298, .T. ) ;
#7358 = AXIS2_PLACEMENT_3D ( 'NONE', #3638, #2687, #2881 ) ;
#7359 = ORIENTED_EDGE ( 'NONE', *, *, #5961, .F. ) ;
#7360 = ORIENTED_EDGE ( 'NONE', *, *, #9352, .T. ) ;
#7361 = ORIENTED_EDGE ( 'NONE', *, *, #7275, .F. ) ;
#7362 = ORIENTED_EDGE ( 'NONE', *, *, #3024, .F. ) ;
#7363 = DIRECTION ( 'NONE',  ( 0.9595255049825908156, -0.2816217415042807648, 0.000000000000000000 ) ) ;
#7364 = LINE ( 'NONE', #6609, #3606 ) ;
#7365 = DIRECTION ( 'NONE',  ( 0.000000000000000000, 0.000000000000000000, -1.000000000000000000 ) ) ;
#7366 = VECTOR ( 'NONE', #3288, 1000.000000000000114 ) ;
#7367 = VECTOR ( 'NONE', #9651, 1000.000000000000000 ) ;
#7368 = DIRECTION ( 'NONE',  ( 0.000000000000000000, 0.000000000000000000, -1.000000000000000000 ) ) ;
#7369 = ADVANCED_FACE ( 'NONE', ( #8985 ), #6566, .T. ) ;
#7370 = FACE_OUTER_BOUND ( 'NONE', #1801, .T. ) ;
#7371 = VERTEX_POINT ( 'NONE', #8883 ) ;
#7372 = EDGE_CURVE ( 'NONE', #4927, #3540, #370, .T. ) ;
#7373 = VECTOR ( 'NONE', #3928, 1000.000000000000227 ) ;
#7374 = ORIENTED_EDGE ( 'NONE', *, *, #1418, .T. ) ;
#7375 = VECTOR ( 'NONE', #7720, 1000.000000000000000 ) ;
#7376 = CARTESIAN_POINT ( 'NONE',  ( 16.39977553310886549, -12.29943883277216621, -6.049999999999999822 ) ) ;
#7377 = ORIENTED_EDGE ( 'NONE', *, *, #7020, .F. ) ;
#7378 = CARTESIAN_POINT ( 'NONE',  ( 17.79595959595959442, -11.74747474747474740, -6.049999999999999822 ) ) ;
#7379 = CARTESIAN_POINT ( 'NONE',  ( 12.66195286195286052, -14.42109988776655527, -6.349999999999999645 ) ) ;
#7380 = DIRECTION ( 'NONE',  ( 0.000000000000000000, 0.000000000000000000, -1.000000000000000000 ) ) ;
#7381 = DIRECTION ( 'NONE',  ( -0.9864368562289915765, 0.1641411851823413592, 0.000000000000000000 ) ) ;
#7382 = EDGE_CURVE ( 'NONE', #4952, #8833, #1979, .T. ) ;
#7383 = DIRECTION ( 'NONE',  ( 0.8190515356351851795, -0.5737199508241325185, 0.000000000000000000 ) ) ;
#7384 = FACE_OUTER_BOUND ( 'NONE', #4897, .T. ) ;
#7385 = AXIS2_PLACEMENT_3D ( 'NONE', #354, #5089, #4281 ) ;
#7386 = CARTESIAN_POINT ( 'NONE',  ( 10.81773288439954861, -18.62558922558922703, -6.349999999999999645 ) ) ;
#7387 = EDGE_CURVE ( 'NONE', #2088, #9454, #5955, .T. ) ;
#7388 = EDGE_CURVE ( 'NONE', #1205, #9640, #9733, .T. ) ;
#7389 = EDGE_CURVE ( 'NONE', #5911, #3030, #1170, .T. ) ;
#7390 = ORIENTED_EDGE ( 'NONE', *, *, #2954, .F. ) ;
#7391 = EDGE_LOOP ( 'NONE', ( #9013, #4194 ) ) ;
#7392 = PLANE ( 'NONE',  #4092 ) ;
#7393 = LINE ( 'NONE', #1858, #9219 ) ;
#7394 = CARTESIAN_POINT ( 'NONE',  ( 9.788888888888887863, -18.47070707070707130, -6.049999999999999822 ) ) ;
#7395 = ADVANCED_FACE ( 'NONE', ( #4246 ), #7468, .T. ) ;
#7396 = CARTESIAN_POINT ( 'NONE',  ( 16.85252525252525402, -18.82828282828282696, -6.049999999999999822 ) ) ;
#7397 = DIRECTION ( 'NONE',  ( 0.000000000000000000, 0.000000000000000000, -1.000000000000000000 ) ) ;
#7398 = EDGE_CURVE ( 'NONE', #9046, #6559, #4202, .T. ) ;
#7399 = ADVANCED_FACE ( 'NONE', ( #6711 ), #7318, .T. ) ;
#7400 = VERTEX_POINT ( 'NONE', #2780 ) ;
#7401 = EDGE_CURVE ( 'NONE', #8520, #8213, #3440, .T. ) ;
#7402 = DIRECTION ( 'NONE',  ( 0.3399453837765894493, -0.9404451797148982717, 0.000000000000000000 ) ) ;
#7403 = ORIENTED_EDGE ( 'NONE', *, *, #3683, .F. ) ;
#7404 = ORIENTED_EDGE ( 'NONE', *, *, #4997, .T. ) ;
#7405 = DIRECTION ( 'NONE',  ( 0.5067052501144436727, 0.8621193591994434913, -0.000000000000000000 ) ) ;
#7406 = VERTEX_POINT ( 'NONE', #3538 ) ;
#7407 = CARTESIAN_POINT ( 'NONE',  ( 18.99191919191919098, -18.59506172839506277, -6.049999999999999822 ) ) ;
#7408 = LINE ( 'NONE', #6498, #246 ) ;
#7409 = EDGE_CURVE ( 'NONE', #1996, #7920, #9683, .T. ) ;
#7410 = LINE ( 'NONE', #507, #7535 ) ;
#7411 = ORIENTED_EDGE ( 'NONE', *, *, #1233, .T. ) ;
#7412 = ORIENTED_EDGE ( 'NONE', *, *, #8859, .T. ) ;
#7413 = ORIENTED_EDGE ( 'NONE', *, *, #9064, .F. ) ;
#7414 = VERTEX_POINT ( 'NONE', #3841 ) ;
#7415 = EDGE_LOOP ( 'NONE', ( #9568, #7058, #61, #8119 ) ) ;
#7416 = CARTESIAN_POINT ( 'NONE',  ( 8.376767676767677528, -18.47878787878788032, -6.049999999999999822 ) ) ;
#7417 = CARTESIAN_POINT ( 'NONE',  ( 9.759595959595959158, -16.95151515151515653, -6.049999999999999822 ) ) ;
#7418 = CARTESIAN_POINT ( 'NONE',  ( 8.503928170594836189, -11.33849607182940566, -6.049999999999999822 ) ) ;
#7419 = DIRECTION ( 'NONE',  ( -0.4832170982296077888, -0.8755005630943691886, 0.000000000000000000 ) ) ;
#7420 = PLANE ( 'NONE',  #5129 ) ;
#7421 = VERTEX_POINT ( 'NONE', #8275 ) ;
#7422 = ORIENTED_EDGE ( 'NONE', *, *, #9425, .F. ) ;
#7423 = FACE_OUTER_BOUND ( 'NONE', #4887, .T. ) ;
#7424 = EDGE_LOOP ( 'NONE', ( #4185, #5573, #4626, #7963 ) ) ;
#7425 = DIRECTION ( 'NONE',  ( -0.9998202768455606293, -0.01895821743904890777, 0.000000000000000000 ) ) ;
#7426 = DIRECTION ( 'NONE',  ( 0.08176521045688497913, 0.9966516193529920686, 0.000000000000000000 ) ) ;
#7427 = CARTESIAN_POINT ( 'NONE',  ( 17.22940516273849454, -18.87070707070706987, -6.049999999999999822 ) ) ;
#7428 = EDGE_CURVE ( 'NONE', #7615, #6607, #57, .T. ) ;
#7429 = CARTESIAN_POINT ( 'NONE',  ( 16.08439955106621611, -18.01436588103254621, -6.049999999999999822 ) ) ;
#7430 = DIRECTION ( 'NONE',  ( 1.000000000000000000, 0.000000000000000000, 0.000000000000000000 ) ) ;
#7431 = LINE ( 'NONE', #527, #5910 ) ;
#7432 = PLANE ( 'NONE',  #7693 ) ;
#7433 = ORIENTED_EDGE ( 'NONE', *, *, #8917, .F. ) ;
#7434 = ORIENTED_EDGE ( 'NONE', *, *, #3201, .F. ) ;
#7435 = CARTESIAN_POINT ( 'NONE',  ( 17.60561167227833934, -12.99326599326599485, -6.349999999999999645 ) ) ;
#7436 = CARTESIAN_POINT ( 'NONE',  ( 17.18989898989898890, -17.44040404040404013, -6.049999999999999822 ) ) ;
#7437 = PLANE ( 'NONE',  #3437 ) ;
#7438 = EDGE_CURVE ( 'NONE', #6569, #9274, #6910, .T. ) ;
#7439 = CARTESIAN_POINT ( 'NONE',  ( 8.634343434343435320, -15.32525252525252490, -6.349999999999999645 ) ) ;
#7440 = EDGE_CURVE ( 'NONE', #7213, #9206, #7519, .T. ) ;
#7441 = CARTESIAN_POINT ( 'NONE',  ( 10.72525252525252526, -14.44242424242424150, -6.049999999999999822 ) ) ;
#7442 = ADVANCED_FACE ( 'NONE', ( #817 ), #9228, .T. ) ;
#7443 = ORIENTED_EDGE ( 'NONE', *, *, #8748, .F. ) ;
#7444 = CARTESIAN_POINT ( 'NONE',  ( 20.82626262626262559, -13.43232323232323289, -6.049999999999999822 ) ) ;
#7445 = ORIENTED_EDGE ( 'NONE', *, *, #7495, .F. ) ;
#7446 = ORIENTED_EDGE ( 'NONE', *, *, #9533, .F. ) ;
#7447 = LINE ( 'NONE', #5836, #7802 ) ;
#7448 = VECTOR ( 'NONE', #443, 1000.000000000000000 ) ;
#7449 = ORIENTED_EDGE ( 'NONE', *, *, #8134, .T. ) ;
#7450 = DIRECTION ( 'NONE',  ( 0.5558228678560303004, -0.8313007515744815779, 0.000000000000000000 ) ) ;
#7451 = CARTESIAN_POINT ( 'NONE',  ( 10.22999999999999865, -36.59999999999999432, -4.349999999999999645 ) ) ;
#7452 = VECTOR ( 'NONE', #670, 1000.000000000000000 ) ;
#7453 = ADVANCED_FACE ( 'NONE', ( #618 ), #2232, .F. ) ;
#7454 = DIRECTION ( 'NONE',  ( 0.5222710644115311496, 0.8527795349786755352, 0.000000000000000000 ) ) ;
#7455 = PLANE ( 'NONE',  #2549 ) ;
#7456 = EDGE_CURVE ( 'NONE', #6806, #9678, #6107, .T. ) ;
#7457 = AXIS2_PLACEMENT_3D ( 'NONE', #9336, #1528, #7065 ) ;
#7458 = ORIENTED_EDGE ( 'NONE', *, *, #3326, .T. ) ;
#7459 = EDGE_LOOP ( 'NONE', ( #4032, #1891, #5442, #5413 ) ) ;
#7460 = ORIENTED_EDGE ( 'NONE', *, *, #4121, .T. ) ;
#7461 = ORIENTED_EDGE ( 'NONE', *, *, #9533, .T. ) ;
#7462 = ORIENTED_EDGE ( 'NONE', *, *, #8129, .T. ) ;
#7463 = CARTESIAN_POINT ( 'NONE',  ( 15.53737373737373773, -13.67070707070707059, -6.049999999999999822 ) ) ;
#7464 = DIRECTION ( 'NONE',  ( -0.8176331017415437996, -0.5757396207805245414, 0.000000000000000000 ) ) ;
#7465 = CARTESIAN_POINT ( 'NONE',  ( 20.82626262626262559, -13.98181818181818237, -6.049999999999999822 ) ) ;
#7466 = VECTOR ( 'NONE', #3189, 1000.000000000000000 ) ;
#7467 = VECTOR ( 'NONE', #4882, 1000.000000000000000 ) ;
#7468 = PLANE ( 'NONE',  #7201 ) ;
#7469 = DIRECTION ( 'NONE',  ( 0.000000000000000000, -1.000000000000000000, 0.000000000000000000 ) ) ;
#7470 = ORIENTED_EDGE ( 'NONE', *, *, #7694, .F. ) ;
#7471 = VECTOR ( 'NONE', #9328, 1000.000000000000000 ) ;
#7472 = VERTEX_POINT ( 'NONE', #5344 ) ;
#7473 = VECTOR ( 'NONE', #9006, 1000.000000000000000 ) ;
#7474 = DIRECTION ( 'NONE',  ( -0.9826970089172648581, 0.1852203786440929922, 0.000000000000000000 ) ) ;
#7475 = ORIENTED_EDGE ( 'NONE', *, *, #9920, .F. ) ;
#7476 = CARTESIAN_POINT ( 'NONE',  ( 16.24500561167227985, -13.93389450056116807, -6.049999999999999822 ) ) ;
#7477 = CARTESIAN_POINT ( 'NONE',  ( 18.84646464646464636, -12.81818181818181834, -6.349999999999999645 ) ) ;
#7478 =( NAMED_UNIT ( * ) SI_UNIT ( $, .STERADIAN. ) SOLID_ANGLE_UNIT ( ) );
#7479 = LINE ( 'NONE', #7277, #3611 ) ;
#7480 = PLANE ( 'NONE',  #5090 ) ;
#7481 = AXIS2_PLACEMENT_3D ( 'NONE', #9142, #8433, #7728 ) ;
#7482 = LINE ( 'NONE', #1991, #5584 ) ;
#7483 = VECTOR ( 'NONE', #6471, 1000.000000000000114 ) ;
#7484 = CARTESIAN_POINT ( 'NONE',  ( 14.80606060606060659, -16.29831649831649898, -6.049999999999999822 ) ) ;
#7485 = CARTESIAN_POINT ( 'NONE',  ( 10.33423120089786806, -15.79865319865319684, -6.349999999999999645 ) ) ;
#7486 = VERTEX_POINT ( 'NONE', #3883 ) ;
#7487 = VERTEX_POINT ( 'NONE', #4594 ) ;
#7488 = DIRECTION ( 'NONE',  ( -0.000000000000000000, -0.000000000000000000, 1.000000000000000000 ) ) ;
#7489 = VECTOR ( 'NONE', #7852, 1000.000000000000000 ) ;
#7490 = LINE ( 'NONE', #9100, #7771 ) ;
#7491 = LINE ( 'NONE', #593, #6492 ) ;
#7492 = CARTESIAN_POINT ( 'NONE',  ( 13.98249158249158164, -16.08630751964085448, -6.049999999999999822 ) ) ;
#7493 = LINE ( 'NONE', #1198, #8481 ) ;
#7494 = CIRCLE ( 'NONE', #3153, 1.099999999999996758 ) ;
#7495 = EDGE_CURVE ( 'NONE', #5204, #7472, #6858, .T. ) ;
#7496 = EDGE_LOOP ( 'NONE', ( #3664, #7413, #5688, #1164 ) ) ;
#7497 = LINE ( 'NONE', #1149, #1347 ) ;
#7498 = EDGE_CURVE ( 'NONE', #3619, #2431, #2326, .T. ) ;
#7499 = ORIENTED_EDGE ( 'NONE', *, *, #7310, .T. ) ;
#7500 = ORIENTED_EDGE ( 'NONE', *, *, #5151, .F. ) ;
#7501 = DIRECTION ( 'NONE',  ( -0.4660247734821973964, 0.8847716713937368027, 0.000000000000000000 ) ) ;
#7502 = CARTESIAN_POINT ( 'NONE',  ( 18.34006734006733907, -13.81661054994388316, -6.349999999999999645 ) ) ;
#7503 = VECTOR ( 'NONE', #9438, 1000.000000000000227 ) ;
#7504 = DIRECTION ( 'NONE',  ( 1.000000000000000000, 0.000000000000000000, 0.000000000000000000 ) ) ;
#7505 = DIRECTION ( 'NONE',  ( 0.3392398993024396958, -0.9406998940795469055, 0.000000000000000000 ) ) ;
#7506 = ADVANCED_FACE ( 'NONE', ( #2277 ), #3782, .T. ) ;
#7507 = DIRECTION ( 'NONE',  ( -0.7428040927239314417, 0.6695088347681283913, 0.000000000000000000 ) ) ;
#7508 = VECTOR ( 'NONE', #6930, 1000.000000000000000 ) ;
#7509 = VERTEX_POINT ( 'NONE', #8417 ) ;
#7510 = EDGE_CURVE ( 'NONE', #6559, #8571, #14, .T. ) ;
#7511 = ORIENTED_EDGE ( 'NONE', *, *, #5981, .F. ) ;
#7512 = ORIENTED_EDGE ( 'NONE', *, *, #2454, .T. ) ;
#7513 = ADVANCED_FACE ( 'NONE', ( #5251 ), #1468, .F. ) ;
#7514 = VERTEX_POINT ( 'NONE', #3080 ) ;
#7515 = CARTESIAN_POINT ( 'NONE',  ( 20.82626262626262559, -12.60808080808080867, -6.349999999999999645 ) ) ;
#7516 = DIRECTION ( 'NONE',  ( -0.7406306665117869947, 0.6719123572478081785, 0.000000000000000000 ) ) ;
#7517 = VECTOR ( 'NONE', #2291, 1000.000000000000000 ) ;
#7518 = EDGE_CURVE ( 'NONE', #9581, #4651, #8475, .T. ) ;
#7519 = LINE ( 'NONE', #4447, #3661 ) ;
#7520 = DIRECTION ( 'NONE',  ( 0.000000000000000000, -1.000000000000000000, 0.000000000000000000 ) ) ;
#7521 = ORIENTED_EDGE ( 'NONE', *, *, #3806, .T. ) ;
#7522 = ORIENTED_EDGE ( 'NONE', *, *, #7803, .T. ) ;
#7523 = DIRECTION ( 'NONE',  ( 0.000000000000000000, -1.000000000000000000, 0.000000000000000000 ) ) ;
#7524 = ORIENTED_EDGE ( 'NONE', *, *, #4624, .F. ) ;
#7525 = CARTESIAN_POINT ( 'NONE',  ( 21.14949494949495445, -16.26868686868686709, -6.049999999999999822 ) ) ;
#7526 = VECTOR ( 'NONE', #9624, 1000.000000000000000 ) ;
#7527 = DIRECTION ( 'NONE',  ( -1.000000000000000000, 0.000000000000000000, -0.000000000000000000 ) ) ;
#7528 = VECTOR ( 'NONE', #2475, 1000.000000000000000 ) ;
#7529 = FACE_OUTER_BOUND ( 'NONE', #9161, .T. ) ;
#7530 = CARTESIAN_POINT ( 'NONE',  ( 15.76049382716049330, -13.82109988776655385, -6.349999999999999645 ) ) ;
#7531 = CARTESIAN_POINT ( 'NONE',  ( 21.14949494949495445, -16.71313131313131350, -6.049999999999999822 ) ) ;
#7532 = LINE ( 'NONE', #8237, #3969 ) ;
#7533 = DIRECTION ( 'NONE',  ( 0.000000000000000000, 0.000000000000000000, -1.000000000000000000 ) ) ;
#7534 = VECTOR ( 'NONE', #726, 999.9999999999998863 ) ;
#7535 = VECTOR ( 'NONE', #2726, 1000.000000000000000 ) ;
#7536 = VERTEX_POINT ( 'NONE', #4648 ) ;
#7537 = ORIENTED_EDGE ( 'NONE', *, *, #4726, .T. ) ;
#7538 = ORIENTED_EDGE ( 'NONE', *, *, #7748, .T. ) ;
#7539 = DIRECTION ( 'NONE',  ( 0.000000000000000000, 0.000000000000000000, -1.000000000000000000 ) ) ;
#7540 = CARTESIAN_POINT ( 'NONE',  ( 7.462850729517396253, -18.77306397306397301, -6.049999999999999822 ) ) ;
#7541 = DIRECTION ( 'NONE',  ( 0.000000000000000000, 0.000000000000000000, 1.000000000000000000 ) ) ;
#7542 = VECTOR ( 'NONE', #6516, 1000.000000000000000 ) ;
#7543 = CARTESIAN_POINT ( 'NONE',  ( 7.193939393939395188, -13.40808080808080760, -6.049999999999999822 ) ) ;
#7544 = CARTESIAN_POINT ( 'NONE',  ( 17.78406285072951576, -12.76700336700336713, -6.049999999999999822 ) ) ;
#7545 = ORIENTED_EDGE ( 'NONE', *, *, #6029, .F. ) ;
#7546 = VECTOR ( 'NONE', #6641, 1000.000000000000000 ) ;
#7547 = PLANE ( 'NONE',  #2796 ) ;
#7548 = ORIENTED_EDGE ( 'NONE', *, *, #8813, .F. ) ;
#7549 = VERTEX_POINT ( 'NONE', #7719 ) ;
#7550 = CARTESIAN_POINT ( 'NONE',  ( 16.11666666666666714, -18.15404040404040487, -6.049999999999999822 ) ) ;
#7551 = CARTESIAN_POINT ( 'NONE',  ( 29.19999999999999929, -49.20000000000000284, -4.349999999999999645 ) ) ;
#7552 = CARTESIAN_POINT ( 'NONE',  ( 20.82626262626262559, -12.60808080808080867, -6.049999999999999822 ) ) ;
#7553 = EDGE_CURVE ( 'NONE', #9251, #4665, #5997, .T. ) ;
#7554 = DIRECTION ( 'NONE',  ( -1.000000000000000000, -0.000000000000000000, -0.000000000000000000 ) ) ;
#7555 = LINE ( 'NONE', #703, #1256 ) ;
#7556 = ORIENTED_EDGE ( 'NONE', *, *, #8194, .T. ) ;
#7557 = VERTEX_POINT ( 'NONE', #5197 ) ;
#7558 = ORIENTED_EDGE ( 'NONE', *, *, #8977, .F. ) ;
#7559 = ORIENTED_EDGE ( 'NONE', *, *, #8757, .T. ) ;
#7560 = PRODUCT_DEFINITION_CONTEXT ( 'detailed design', #650, 'design' ) ;
#7561 = LINE ( 'NONE', #3726, #3293 ) ;
#7562 = CARTESIAN_POINT ( 'NONE',  ( 9.327272727272728048, -15.61683501683501696, -6.049999999999999822 ) ) ;
#7563 = EDGE_CURVE ( 'NONE', #4383, #3613, #6757, .T. ) ;
#7564 = EDGE_CURVE ( 'NONE', #6637, #352, #7565, .T. ) ;
#7565 = LINE ( 'NONE', #8373, #6072 ) ;
#7566 = CARTESIAN_POINT ( 'NONE',  ( 0.000000000000000000, 0.000000000000000000, -6.349999999999999645 ) ) ;
#7567 = ORIENTED_EDGE ( 'NONE', *, *, #8303, .T. ) ;
#7568 = ORIENTED_EDGE ( 'NONE', *, *, #1023, .F. ) ;
#7569 = EDGE_CURVE ( 'NONE', #6450, #5562, #1817, .T. ) ;
#7570 = CARTESIAN_POINT ( 'NONE',  ( 14.90303030303030418, -15.85656565656565498, -6.049999999999999822 ) ) ;
#7571 = ORIENTED_EDGE ( 'NONE', *, *, #8200, .T. ) ;
#7572 = CARTESIAN_POINT ( 'NONE',  ( 19.03232323232323253, -18.43434343434343248, -6.049999999999999822 ) ) ;
#7573 = LINE ( 'NONE', #4456, #544 ) ;
#7574 = LINE ( 'NONE', #7727, #4476 ) ;
#7575 = PLANE ( 'NONE',  #7481 ) ;
#7576 = CARTESIAN_POINT ( 'NONE',  ( 11.96969696969696884, -13.61010101010101003, -6.349999999999999645 ) ) ;
#7577 = EDGE_CURVE ( 'NONE', #3283, #4650, #260, .T. ) ;
#7578 = DIRECTION ( 'NONE',  ( 0.000000000000000000, 0.000000000000000000, 1.000000000000000000 ) ) ;
#7579 = EDGE_CURVE ( 'NONE', #8480, #3076, #2526, .T. ) ;
#7580 = EDGE_CURVE ( 'NONE', #1226, #3616, #2429, .T. ) ;
#7581 = CARTESIAN_POINT ( 'NONE',  ( 19.77575757575757365, -13.98181818181818237, -6.049999999999999822 ) ) ;
#7582 = ORIENTED_EDGE ( 'NONE', *, *, #2418, .F. ) ;
#7583 = ORIENTED_EDGE ( 'NONE', *, *, #9963, .T. ) ;
#7584 = EDGE_CURVE ( 'NONE', #5450, #3690, #4080, .T. ) ;
#7585 = ORIENTED_EDGE ( 'NONE', *, *, #9107, .T. ) ;
#7586 = DIRECTION ( 'NONE',  ( 0.5067052501144436727, 0.8621193591994434913, -0.000000000000000000 ) ) ;
#7587 = DIRECTION ( 'NONE',  ( -0.000000000000000000, -0.000000000000000000, 1.000000000000000000 ) ) ;
#7588 = PLANE ( 'NONE',  #2177 ) ;
#7589 = CARTESIAN_POINT ( 'NONE',  ( 17.78406285072951576, -12.76700336700336713, -6.349999999999999645 ) ) ;
#7590 = DIRECTION ( 'NONE',  ( 0.000000000000000000, 0.000000000000000000, -1.000000000000000000 ) ) ;
#7591 = VERTEX_POINT ( 'NONE', #6400 ) ;
#7592 = DIRECTION ( 'NONE',  ( -0.3434880007430260451, 0.9391570653227067078, 0.000000000000000000 ) ) ;
#7593 = ORIENTED_EDGE ( 'NONE', *, *, #6663, .T. ) ;
#7594 = VERTEX_POINT ( 'NONE', #960 ) ;
#7595 = PLANE ( 'NONE',  #9390 ) ;
#7596 = PLANE ( 'NONE',  #9639 ) ;
#7597 = FACE_OUTER_BOUND ( 'NONE', #9095, .T. ) ;
#7598 = DIRECTION ( 'NONE',  ( 0.000000000000000000, 0.000000000000000000, -1.000000000000000000 ) ) ;
#7599 = CARTESIAN_POINT ( 'NONE',  ( 17.18989898989898890, -16.71313131313131350, -6.049999999999999822 ) ) ;
#7600 = LINE ( 'NONE', #9921, #4479 ) ;
#7601 = EDGE_LOOP ( 'NONE', ( #1026, #4717, #6176, #6167 ) ) ;
#7602 = CARTESIAN_POINT ( 'NONE',  ( 23.14545454545454461, -12.85858585858585990, -6.049999999999999822 ) ) ;
#7603 = ADVANCED_FACE ( 'NONE', ( #4139 ), #1063, .F. ) ;
#7604 = VECTOR ( 'NONE', #5826, 1000.000000000000227 ) ;
#7605 = ORIENTED_EDGE ( 'NONE', *, *, #5735, .F. ) ;
#7606 = ORIENTED_EDGE ( 'NONE', *, *, #2534, .T. ) ;
#7607 = ORIENTED_EDGE ( 'NONE', *, *, #7803, .F. ) ;
#7608 = FACE_OUTER_BOUND ( 'NONE', #6242, .T. ) ;
#7609 = CARTESIAN_POINT ( 'NONE',  ( 12.35555555555555785, -18.51919191919191832, -6.049999999999999822 ) ) ;
#7610 = DIRECTION ( 'NONE',  ( 1.000000000000000000, 0.000000000000000000, 0.000000000000000000 ) ) ;
#7611 = AXIS2_PLACEMENT_3D ( 'NONE', #7572, #8283, #3590 ) ;
#7612 = FACE_OUTER_BOUND ( 'NONE', #8885, .T. ) ;
#7613 = EDGE_LOOP ( 'NONE', ( #4015, #50, #2849, #5647 ) ) ;
#7614 = ADVANCED_FACE ( 'NONE', ( #5543 ), #5645, .T. ) ;
#7615 = VERTEX_POINT ( 'NONE', #2577 ) ;
#7616 = LINE ( 'NONE', #6058, #9083 ) ;
#7617 = EDGE_CURVE ( 'NONE', #3616, #5024, #7154, .T. ) ;
#7618 = ORIENTED_EDGE ( 'NONE', *, *, #2465, .F. ) ;
#7620 = LINE ( 'NONE', #6301, #4560 ) ;
#7619 = AXIS2_PLACEMENT_3D ( 'NONE', #4932, #4019, #996 ) ;
#7621 = CARTESIAN_POINT ( 'NONE',  ( 7.872278338945005949, -11.25432098765432087, -6.049999999999999822 ) ) ;
#7622 = VECTOR ( 'NONE', #1103, 1000.000000000000000 ) ;
#7623 = CARTESIAN_POINT ( 'NONE',  ( 18.96913580246913611, -17.91649831649831626, -6.349999999999999645 ) ) ;
#7624 = CARTESIAN_POINT ( 'NONE',  ( 16.74545454545454604, -18.79685746352413389, -6.349999999999999645 ) ) ;
#7625 = DIRECTION ( 'NONE',  ( 0.09514463672268563821, 0.9954634589491008212, 0.000000000000000000 ) ) ;
#7626 = CARTESIAN_POINT ( 'NONE',  ( 8.357575757575757436, -14.44242424242424150, -6.049999999999999822 ) ) ;
#7627 = EDGE_CURVE ( 'NONE', #8480, #978, #5594, .T. ) ;
#7628 = DIRECTION ( 'NONE',  ( 0.9954634589491007102, -0.09514463672268561045, 0.000000000000000000 ) ) ;
#7629 = AXIS2_PLACEMENT_3D ( 'NONE', #5667, #7030, #3403 ) ;
#7630 = AXIS2_PLACEMENT_3D ( 'NONE', #8051, #5780, #5825 ) ;
#7631 = ORIENTED_EDGE ( 'NONE', *, *, #6700, .F. ) ;
#7632 = VERTEX_POINT ( 'NONE', #4838 ) ;
#7633 = ORIENTED_EDGE ( 'NONE', *, *, #1837, .T. ) ;
#7634 = FACE_OUTER_BOUND ( 'NONE', #9641, .T. ) ;
#7635 = EDGE_CURVE ( 'NONE', #4834, #4543, #3226, .T. ) ;
#7636 = DIRECTION ( 'NONE',  ( 0.000000000000000000, 0.000000000000000000, -1.000000000000000000 ) ) ;
#7637 = DIRECTION ( 'NONE',  ( 0.000000000000000000, 0.000000000000000000, -1.000000000000000000 ) ) ;
#7638 = VECTOR ( 'NONE', #6754, 1000.000000000000000 ) ;
#7639 = VECTOR ( 'NONE', #722, 1000.000000000000000 ) ;
#7640 = DIRECTION ( 'NONE',  ( 0.9912891758941949627, 0.1317033399538821425, 0.000000000000000000 ) ) ;
#7641 = CARTESIAN_POINT ( 'NONE',  ( 12.30909090909090864, -15.80808080808080973, -6.049999999999999822 ) ) ;
#7642 = EDGE_CURVE ( 'NONE', #5588, #8520, #7912, .T. ) ;
#7643 = VECTOR ( 'NONE', #2915, 1000.000000000000000 ) ;
#7644 = EDGE_LOOP ( 'NONE', ( #4500, #1463, #2052, #6604 ) ) ;
#7645 = ORIENTED_EDGE ( 'NONE', *, *, #5116, .T. ) ;
#7646 = DIRECTION ( 'NONE',  ( 0.2991451774747893588, -0.9542076099013131474, -0.000000000000000000 ) ) ;
#7647 = VERTEX_POINT ( 'NONE', #6251 ) ;
#7648 = ORIENTED_EDGE ( 'NONE', *, *, #4868, .T. ) ;
#7649 = PLANE ( 'NONE',  #3465 ) ;
#7650 = LINE ( 'NONE', #5850, #6648 ) ;
#7651 = DIRECTION ( 'NONE',  ( 0.4134624642005632622, 0.9105211643323828374, -0.000000000000000000 ) ) ;
#7652 = DIRECTION ( 'NONE',  ( 0.000000000000000000, 0.000000000000000000, -1.000000000000000000 ) ) ;
#7653 = VECTOR ( 'NONE', #5658, 1000.000000000000000 ) ;
#7654 = FACE_OUTER_BOUND ( 'NONE', #2919, .T. ) ;
#7655 = CARTESIAN_POINT ( 'NONE',  ( 30.00000000000000000, -50.00000000000000000, 0.000000000000000000 ) ) ;
#7656 = ORIENTED_EDGE ( 'NONE', *, *, #257, .F. ) ;
#7657 = LINE ( 'NONE', #7602, #5238 ) ;
#7658 = VECTOR ( 'NONE', #395, 1000.000000000000114 ) ;
#7659 = ORIENTED_EDGE ( 'NONE', *, *, #5041, .T. ) ;
#7660 = VERTEX_POINT ( 'NONE', #7006 ) ;
#7661 = ORIENTED_EDGE ( 'NONE', *, *, #2660, .F. ) ;
#7662 = DIRECTION ( 'NONE',  ( 0.2037282605907530797, 0.9790274745055248529, 0.000000000000000000 ) ) ;
#7663 = CARTESIAN_POINT ( 'NONE',  ( 17.18989898989898890, -16.71313131313131350, -6.049999999999999822 ) ) ;
#7664 = VECTOR ( 'NONE', #1076, 1000.000000000000114 ) ;
#7665 = DIRECTION ( 'NONE',  ( -0.5227039557786714585, 0.8525142665160089228, 0.000000000000000000 ) ) ;
#7666 = DIRECTION ( 'NONE',  ( 1.000000000000000000, 0.000000000000000000, 0.000000000000000000 ) ) ;
#7667 = ORIENTED_EDGE ( 'NONE', *, *, #1535, .T. ) ;
#7668 = ORIENTED_EDGE ( 'NONE', *, *, #2400, .T. ) ;
#7669 = CARTESIAN_POINT ( 'NONE',  ( 14.61212121212121140, -17.27878787878787747, -6.049999999999999822 ) ) ;
#7670 = ORIENTED_EDGE ( 'NONE', *, *, #6752, .T. ) ;
#7671 = AXIS2_PLACEMENT_3D ( 'NONE', #4935, #2610, #3660 ) ;
#7672 = CARTESIAN_POINT ( 'NONE',  ( 20.82626262626262559, -13.43232323232323289, -6.349999999999999645 ) ) ;
#7673 = CARTESIAN_POINT ( 'NONE',  ( 13.87676767676767753, -18.94343434343434396, -6.049999999999999822 ) ) ;
#7674 = FACE_OUTER_BOUND ( 'NONE', #5387, .T. ) ;
#7675 = DIRECTION ( 'NONE',  ( 0.9942170480843447455, -0.1073892978767058692, 0.000000000000000000 ) ) ;
#7676 = CARTESIAN_POINT ( 'NONE',  ( 16.19545454545454533, -12.69898989898989861, -6.049999999999999822 ) ) ;
#7677 = EDGE_CURVE ( 'NONE', #6001, #1226, #8718, .T. ) ;
#7678 = DIRECTION ( 'NONE',  ( 0.4699072675221029893, -0.8827157866096599914, 0.000000000000000000 ) ) ;
#7679 = LINE ( 'NONE', #5461, #4315 ) ;
#7680 = EDGE_CURVE ( 'NONE', #733, #3510, #6294, .T. ) ;
#7681 = AXIS2_PLACEMENT_3D ( 'NONE', #8733, #1833, #7831 ) ;
#7682 = EDGE_LOOP ( 'NONE', ( #4642, #5587, #6203, #7271 ) ) ;
#7683 = ORIENTED_EDGE ( 'NONE', *, *, #3490, .T. ) ;
#7684 = ORIENTED_EDGE ( 'NONE', *, *, #9466, .T. ) ;
#7685 = VECTOR ( 'NONE', #8568, 1000.000000000000114 ) ;
#7686 = DIRECTION ( 'NONE',  ( -0.6327471088784527575, 0.7743585062527301721, 0.000000000000000000 ) ) ;
#7687 = PLANE ( 'NONE',  #6647 ) ;
#7688 = EDGE_CURVE ( 'NONE', #2637, #4397, #5447, .T. ) ;
#7689 = LINE ( 'NONE', #9101, #5229 ) ;
#7690 = DIRECTION ( 'NONE',  ( 0.000000000000000000, 0.000000000000000000, -1.000000000000000000 ) ) ;
#7691 = VECTOR ( 'NONE', #9240, 1000.000000000000114 ) ;
#7692 = DIRECTION ( 'NONE',  ( 0.000000000000000000, 0.000000000000000000, -1.000000000000000000 ) ) ;
#7693 = AXIS2_PLACEMENT_3D ( 'NONE', #9800, #1187, #9094 ) ;
#7694 = EDGE_CURVE ( 'NONE', #4083, #7306, #861, .T. ) ;
#7695 = EDGE_CURVE ( 'NONE', #6806, #4381, #1664, .T. ) ;
#7696 = ORIENTED_EDGE ( 'NONE', *, *, #3379, .T. ) ;
#7697 = ORIENTED_EDGE ( 'NONE', *, *, #6216, .T. ) ;
#7698 = CARTESIAN_POINT ( 'NONE',  ( 12.82626262626262736, -14.33737373737373666, -6.349999999999999645 ) ) ;
#7699 = CARTESIAN_POINT ( 'NONE',  ( 17.79595959595959442, -12.64848484848484844, -6.349999999999999645 ) ) ;
#7700 = ORIENTED_EDGE ( 'NONE', *, *, #7122, .F. ) ;
#7701 = EDGE_CURVE ( 'NONE', #8029, #8914, #3979, .T. ) ;
#7702 = CARTESIAN_POINT ( 'NONE',  ( 20.82626262626262559, -12.60808080808080867, -6.049999999999999822 ) ) ;
#7703 = VECTOR ( 'NONE', #4082, 1000.000000000000000 ) ;
#7704 = CARTESIAN_POINT ( 'NONE',  ( 22.28080808080807884, -14.27272727272727337, -6.349999999999999645 ) ) ;
#7705 = CARTESIAN_POINT ( 'NONE',  ( 19.12929292929293013, -18.09135802469135967, -6.049999999999999822 ) ) ;
#7706 = EDGE_CURVE ( 'NONE', #5588, #5702, #7055, .T. ) ;
#7707 = FACE_OUTER_BOUND ( 'NONE', #9829, .T. ) ;
#7708 = EDGE_CURVE ( 'NONE', #9479, #7741, #409, .T. ) ;
#7709 = VECTOR ( 'NONE', #6981, 1000.000000000000000 ) ;
#7710 = EDGE_CURVE ( 'NONE', #5450, #3565, #3425, .T. ) ;
#7711 = ORIENTED_EDGE ( 'NONE', *, *, #1239, .F. ) ;
#7712 = LINE ( 'NONE', #6142, #8948 ) ;
#7713 = ORIENTED_EDGE ( 'NONE', *, *, #8204, .T. ) ;
#7714 = VERTEX_POINT ( 'NONE', #3529 ) ;
#7715 = EDGE_CURVE ( 'NONE', #2160, #3384, #1158, .T. ) ;
#7716 = EDGE_LOOP ( 'NONE', ( #684, #4590, #6000, #1091 ) ) ;
#7717 = CARTESIAN_POINT ( 'NONE',  ( 12.55757575757575850, -15.64646464646464885, -6.049999999999999822 ) ) ;
#7718 = DIRECTION ( 'NONE',  ( 0.000000000000000000, 0.000000000000000000, -1.000000000000000000 ) ) ;
#7719 = CARTESIAN_POINT ( 'NONE',  ( 17.52031425364758732, -12.53647586980920359, -6.349999999999999645 ) ) ;
#7720 = DIRECTION ( 'NONE',  ( 0.000000000000000000, 0.000000000000000000, -1.000000000000000000 ) ) ;
#7721 = ORIENTED_EDGE ( 'NONE', *, *, #8066, .T. ) ;
#7722 = ORIENTED_EDGE ( 'NONE', *, *, #4846, .F. ) ;
#7723 = CARTESIAN_POINT ( 'NONE',  ( 21.14949494949495445, -15.54141414141414224, -6.349999999999999645 ) ) ;
#7724 = ORIENTED_EDGE ( 'NONE', *, *, #6318, .F. ) ;
#7725 = PLANE ( 'NONE',  #8580 ) ;
#7726 = CARTESIAN_POINT ( 'NONE',  ( 33.09999999999999432, 2.000000000000000000, -6.349999999999999645 ) ) ;
#7727 = CARTESIAN_POINT ( 'NONE',  ( 17.18989898989898890, -16.26868686868686709, -6.349999999999999645 ) ) ;
#7728 = DIRECTION ( 'NONE',  ( -0.9853750377400087856, 0.1703996332122699187, 0.000000000000000000 ) ) ;
#7729 = DIRECTION ( 'NONE',  ( -1.000000000000000000, 0.000000000000000000, 0.000000000000000000 ) ) ;
#7730 = CARTESIAN_POINT ( 'NONE',  ( 12.49225589225589061, -18.36790123456790269, -6.049999999999999822 ) ) ;
#7731 = LINE ( 'NONE', #6971, #5927 ) ;
#7732 = VERTEX_POINT ( 'NONE', #7253 ) ;
#7733 = ORIENTED_EDGE ( 'NONE', *, *, #3820, .F. ) ;
#7734 = ORIENTED_EDGE ( 'NONE', *, *, #7337, .F. ) ;
#7735 = DIRECTION ( 'NONE',  ( 0.8569238989789446093, 0.5154429467542683829, 0.000000000000000000 ) ) ;
#7736 = DIRECTION ( 'NONE',  ( 0.8648934822491570751, 0.5019554406149284720, 0.000000000000000000 ) ) ;
#7737 = CARTESIAN_POINT ( 'NONE',  ( 16.05297418630751949, -11.23176206509539909, -6.349999999999999645 ) ) ;
#7738 = PLANE ( 'NONE',  #7987 ) ;
#7739 = LINE ( 'NONE', #6832, #1885 ) ;
#7740 = ADVANCED_FACE ( 'NONE', ( #2768 ), #4380, .F. ) ;
#7741 = VERTEX_POINT ( 'NONE', #5841 ) ;
#7742 = EDGE_LOOP ( 'NONE', ( #3273, #2999, #6690, #9389 ) ) ;
#7743 = CARTESIAN_POINT ( 'NONE',  ( 17.18989898989898890, -15.09696969696969759, -6.049999999999999822 ) ) ;
#7744 = ADVANCED_FACE ( 'NONE', ( #9523 ), #2017, .T. ) ;
#7745 = CARTESIAN_POINT ( 'NONE',  ( 16.39618406285072894, -12.98787878787878824, -6.049999999999999822 ) ) ;
#7746 = VERTEX_POINT ( 'NONE', #8114 ) ;
#7747 = FACE_OUTER_BOUND ( 'NONE', #4586, .T. ) ;
#7748 = EDGE_CURVE ( 'NONE', #3149, #2730, #358, .T. ) ;
#7749 = CARTESIAN_POINT ( 'NONE',  ( 17.79595959595959442, -12.64848484848484844, -6.049999999999999822 ) ) ;
#7750 = DIRECTION ( 'NONE',  ( -0.8111511587089058617, 0.5848365564199962119, 0.000000000000000000 ) ) ;
#7751 = CARTESIAN_POINT ( 'NONE',  ( 10.19640852974186451, -17.32368125701459149, -6.049999999999999822 ) ) ;
#7752 = EDGE_CURVE ( 'NONE', #111, #8833, #5092, .T. ) ;
#7753 = ORIENTED_EDGE ( 'NONE', *, *, #3515, .T. ) ;
#7754 = DIRECTION ( 'NONE',  ( -0.3027374590487423300, -0.9530739902487692650, 0.000000000000000000 ) ) ;
#7755 = ORIENTED_EDGE ( 'NONE', *, *, #3182, .T. ) ;
#7756 = ORIENTED_EDGE ( 'NONE', *, *, #9104, .T. ) ;
#7757 = VERTEX_POINT ( 'NONE', #5141 ) ;
#7758 = EDGE_CURVE ( 'NONE', #4490, #9709, #1927, .T. ) ;
#7759 = FACE_OUTER_BOUND ( 'NONE', #1257, .T. ) ;
#7760 = CARTESIAN_POINT ( 'NONE',  ( 8.503928170594836189, -11.33849607182940566, -6.049999999999999822 ) ) ;
#7761 = CARTESIAN_POINT ( 'NONE',  ( 10.22999999999999865, -36.59999999999999432, -4.349999999999999645 ) ) ;
#7762 = ADVANCED_FACE ( 'NONE', ( #4284 ), #7455, .T. ) ;
#7763 = CARTESIAN_POINT ( 'NONE',  ( 7.858698092031422888, -18.83793490460157116, -6.349999999999999645 ) ) ;
#7764 = ORIENTED_EDGE ( 'NONE', *, *, #9671, .T. ) ;
#7765 = ORIENTED_EDGE ( 'NONE', *, *, #4620, .F. ) ;
#7766 = DIRECTION ( 'NONE',  ( 0.1438050830094566301, -0.9896060317624600922, 0.000000000000000000 ) ) ;
#7767 = ORIENTED_EDGE ( 'NONE', *, *, #1272, .T. ) ;
#7768 = CARTESIAN_POINT ( 'NONE',  ( 13.98249158249158164, -16.08630751964085448, -6.049999999999999822 ) ) ;
#7769 = FACE_OUTER_BOUND ( 'NONE', #4279, .T. ) ;
#7770 = CARTESIAN_POINT ( 'NONE',  ( 17.24287317620650839, -12.48193041526374891, -6.049999999999999822 ) ) ;
#7771 = VECTOR ( 'NONE', #6779, 1000.000000000000000 ) ;
#7772 = LINE ( 'NONE', #5611, #413 ) ;
#7773 = VECTOR ( 'NONE', #5329, 1000.000000000000114 ) ;
#7774 = CARTESIAN_POINT ( 'NONE',  ( 14.09494949494949445, -16.32704826038159496, -6.349999999999999645 ) ) ;
#7775 = CARTESIAN_POINT ( 'NONE',  ( 12.82626262626262736, -15.48484848484848442, -6.349999999999999645 ) ) ;
#7776 = CARTESIAN_POINT ( 'NONE',  ( 8.551515151515150848, -12.46868686868686815, -6.349999999999999645 ) ) ;
#7777 = ORIENTED_EDGE ( 'NONE', *, *, #9296, .F. ) ;
#7778 = VECTOR ( 'NONE', #2497, 1000.000000000000114 ) ;
#7779 = VECTOR ( 'NONE', #1294, 1000.000000000000000 ) ;
#7780 = ORIENTED_EDGE ( 'NONE', *, *, #793, .T. ) ;
#7781 = AXIS2_PLACEMENT_3D ( 'NONE', #1709, #3220, #1056 ) ;
#7782 = CARTESIAN_POINT ( 'NONE',  ( 17.18989898989898890, -15.54141414141414224, -6.049999999999999822 ) ) ;
#7783 = LINE ( 'NONE', #2446, #538 ) ;
#7784 = LINE ( 'NONE', #887, #6172 ) ;
#7785 = LINE ( 'NONE', #7502, #5299 ) ;
#7786 = DIRECTION ( 'NONE',  ( 0.7676329112972751778, 0.6408897826407202736, 0.000000000000000000 ) ) ;
#7787 = VECTOR ( 'NONE', #22, 1000.000000000000000 ) ;
#7788 = DIRECTION ( 'NONE',  ( 1.000000000000000000, 0.000000000000000000, 0.000000000000000000 ) ) ;
#7789 = VECTOR ( 'NONE', #4171, 1000.000000000000114 ) ;
#7790 = ORIENTED_EDGE ( 'NONE', *, *, #8504, .T. ) ;
#7791 = VERTEX_POINT ( 'NONE', #4999 ) ;
#7792 = FACE_OUTER_BOUND ( 'NONE', #8397, .T. ) ;
#7793 = VECTOR ( 'NONE', #1166, 1000.000000000000000 ) ;
#7794 = CARTESIAN_POINT ( 'NONE',  ( 20.82626262626262559, -11.51717171717171695, -6.049999999999999822 ) ) ;
#7795 = ORIENTED_EDGE ( 'NONE', *, *, #7817, .F. ) ;
#7797 = AXIS2_PLACEMENT_3D ( 'NONE', #8308, #1405, #7501 ) ;
#7796 = LINE ( 'NONE', #3112, #5205 ) ;
#7798 = LINE ( 'NONE', #757, #7332 ) ;
#7799 = LINE ( 'NONE', #4682, #2367 ) ;
#7800 = ADVANCED_FACE ( 'NONE', ( #8023 ), #4337, .F. ) ;
#7801 = VECTOR ( 'NONE', #3044, 1000.000000000000114 ) ;
#7802 = VECTOR ( 'NONE', #4478, 1000.000000000000114 ) ;
#7803 = EDGE_CURVE ( 'NONE', #3970, #2196, #7410, .T. ) ;
#7804 = ORIENTED_EDGE ( 'NONE', *, *, #6470, .T. ) ;
#7805 = CARTESIAN_POINT ( 'NONE',  ( 12.47250280583613957, -15.70033670033670070, -6.349999999999999645 ) ) ;
#7806 = EDGE_LOOP ( 'NONE', ( #2185, #8173, #1648, #4762 ) ) ;
#7807 = VERTEX_POINT ( 'NONE', #3478 ) ;
#7808 = ORIENTED_EDGE ( 'NONE', *, *, #4625, .F. ) ;
#7809 = VECTOR ( 'NONE', #4219, 1000.000000000000227 ) ;
#7810 = LINE ( 'NONE', #6344, #9726 ) ;
#7811 = EDGE_CURVE ( 'NONE', #6787, #3420, #3573, .T. ) ;
#7812 = CARTESIAN_POINT ( 'NONE',  ( 15.72727272727272840, -11.11313131313131208, -6.049999999999999822 ) ) ;
#7813 = DIRECTION ( 'NONE',  ( -1.000000000000000000, -0.000000000000000000, -0.000000000000000000 ) ) ;
#7814 = CARTESIAN_POINT ( 'NONE',  ( 15.23389450056116701, -13.05656565656565604, -6.349999999999999645 ) ) ;
#7815 = EDGE_CURVE ( 'NONE', #3690, #7594, #6645, .T. ) ;
#7816 = VECTOR ( 'NONE', #6026, 1000.000000000000000 ) ;
#7817 = EDGE_CURVE ( 'NONE', #1724, #3565, #2819, .T. ) ;
#7818 = ORIENTED_EDGE ( 'NONE', *, *, #3079, .F. ) ;
#7819 = EDGE_CURVE ( 'NONE', #1335, #6986, #5893, .T. ) ;
#7820 = EDGE_LOOP ( 'NONE', ( #266, #5941, #5805, #2838 ) ) ;
#7821 = ORIENTED_EDGE ( 'NONE', *, *, #869, .T. ) ;
#7822 = CARTESIAN_POINT ( 'NONE',  ( 16.54747474747474811, -18.70303030303030312, -6.349999999999999645 ) ) ;
#7823 = ORIENTED_EDGE ( 'NONE', *, *, #6941, .F. ) ;
#7824 = CARTESIAN_POINT ( 'NONE',  ( 12.82626262626262736, -18.94343434343434396, -6.349999999999999645 ) ) ;
#7825 = CARTESIAN_POINT ( 'NONE',  ( 9.295061728395060285, -18.06936026936027062, -6.049999999999999822 ) ) ;
#7826 = EDGE_CURVE ( 'NONE', #2197, #8162, #1311, .T. ) ;
#7827 = DIRECTION ( 'NONE',  ( 0.000000000000000000, 0.000000000000000000, 1.000000000000000000 ) ) ;
#7828 = FACE_OUTER_BOUND ( 'NONE', #411, .T. ) ;
#7829 = AXIS2_PLACEMENT_3D ( 'NONE', #1734, #4806, #973 ) ;
#7830 = CARTESIAN_POINT ( 'NONE',  ( 30.00000000000000000, -50.00000000000000000, -4.349999999999999645 ) ) ;
#7831 = DIRECTION ( 'NONE',  ( -0.3442253320096303471, -0.9388870649885745490, 0.000000000000000000 ) ) ;
#7832 = DIRECTION ( 'NONE',  ( -0.9741304332452253023, -0.2259865018656418978, 0.000000000000000000 ) ) ;
#7833 = VERTEX_POINT ( 'NONE', #8776 ) ;
#7834 = AXIS2_PLACEMENT_3D ( 'NONE', #4166, #289, #7995 ) ;
#7835 = ORIENTED_EDGE ( 'NONE', *, *, #2949, .T. ) ;
#7836 = CARTESIAN_POINT ( 'NONE',  ( 11.23434343434343496, -17.95757575757576063, -6.349999999999999645 ) ) ;
#7837 = CARTESIAN_POINT ( 'NONE',  ( 19.18585858585858617, -17.90909090909091006, -6.349999999999999645 ) ) ;
#7838 = LINE ( 'NONE', #4104, #6983 ) ;
#7839 = FACE_BOUND ( 'NONE', #5620, .T. ) ;
#7840 = DIRECTION ( 'NONE',  ( 0.8008688813993819489, 0.5988397405033358822, 0.000000000000000000 ) ) ;
#7841 = FACE_OUTER_BOUND ( 'NONE', #7459, .T. ) ;
#7842 = VECTOR ( 'NONE', #4661, 1000.000000000000000 ) ;
#7843 = LINE ( 'NONE', #3251, #3006 ) ;
#7844 = VERTEX_POINT ( 'NONE', #1362 ) ;
#7845 = ORIENTED_EDGE ( 'NONE', *, *, #502, .F. ) ;
#7846 = FACE_OUTER_BOUND ( 'NONE', #9082, .T. ) ;
#7847 = LINE ( 'NONE', #4630, #6795 ) ;
#7848 = ORIENTED_EDGE ( 'NONE', *, *, #7635, .F. ) ;
#7849 = LINE ( 'NONE', #7240, #408 ) ;
#7850 = AXIS2_PLACEMENT_3D ( 'NONE', #4242, #3582, #6659 ) ;
#7851 = VECTOR ( 'NONE', #5906, 1000.000000000000000 ) ;
#7852 = DIRECTION ( 'NONE',  ( 0.000000000000000000, 0.000000000000000000, -1.000000000000000000 ) ) ;
#7853 = CARTESIAN_POINT ( 'NONE',  ( 17.22940516273849454, -18.87070707070706987, -6.349999999999999645 ) ) ;
#7854 = VECTOR ( 'NONE', #2230, 1000.000000000000000 ) ;
#7855 = ORIENTED_EDGE ( 'NONE', *, *, #533, .F. ) ;
#7856 = VECTOR ( 'NONE', #1633, 1000.000000000000000 ) ;
#7857 = CARTESIAN_POINT ( 'NONE',  ( 17.18989898989898890, -17.44040404040404013, -6.049999999999999822 ) ) ;
#7858 = ORIENTED_EDGE ( 'NONE', *, *, #8620, .F. ) ;
#7859 = ORIENTED_EDGE ( 'NONE', *, *, #3869, .T. ) ;
#7860 = ADVANCED_FACE ( 'NONE', ( #5289 ), #6139, .T. ) ;
#7861 = VERTEX_POINT ( 'NONE', #2917 ) ;
#7862 = CARTESIAN_POINT ( 'NONE',  ( 7.872278338945005949, -11.25432098765432087, -6.049999999999999822 ) ) ;
#7863 = LINE ( 'NONE', #3225, #8835 ) ;
#7864 = VECTOR ( 'NONE', #6402, 999.9999999999998863 ) ;
#7865 = CARTESIAN_POINT ( 'NONE',  ( 7.395959595959595845, -17.58855218855218894, -6.049999999999999822 ) ) ;
#7866 = DIRECTION ( 'NONE',  ( 0.000000000000000000, 0.000000000000000000, -1.000000000000000000 ) ) ;
#7867 = ORIENTED_EDGE ( 'NONE', *, *, #1541, .T. ) ;
#7868 = ORIENTED_EDGE ( 'NONE', *, *, #9044, .F. ) ;
#7869 = ORIENTED_EDGE ( 'NONE', *, *, #4230, .T. ) ;
#7870 = VECTOR ( 'NONE', #1033, 1000.000000000000114 ) ;
#7871 = LINE ( 'NONE', #3888, #2650 ) ;
#7872 = EDGE_CURVE ( 'NONE', #773, #1538, #9216, .T. ) ;
#7873 = ORIENTED_EDGE ( 'NONE', *, *, #8323, .T. ) ;
#7874 = FACE_OUTER_BOUND ( 'NONE', #7820, .T. ) ;
#7875 = PLANE ( 'NONE',  #881 ) ;
#7876 = DIRECTION ( 'NONE',  ( -0.9271046430746612277, -0.3748025890911175217, 0.000000000000000000 ) ) ;
#7877 = EDGE_CURVE ( 'NONE', #6255, #6308, #606, .T. ) ;
#7878 = LINE ( 'NONE', #7109, #2020 ) ;
#7879 = DIRECTION ( 'NONE',  ( 0.9949801778309101952, -0.1000722025518092084, 0.000000000000000000 ) ) ;
#7880 = CARTESIAN_POINT ( 'NONE',  ( 20.82626262626262559, -11.51717171717171695, -6.349999999999999645 ) ) ;
#7881 = DIRECTION ( 'NONE',  ( 0.5227039557786714585, -0.8525142665160089228, -0.000000000000000000 ) ) ;
#7882 = EDGE_CURVE ( 'NONE', #4898, #7916, #8314, .T. ) ;
#7883 = ORIENTED_EDGE ( 'NONE', *, *, #5237, .F. ) ;
#7884 = ORIENTED_EDGE ( 'NONE', *, *, #5276, .F. ) ;
#7885 = CARTESIAN_POINT ( 'NONE',  ( 16.19545454545454533, -12.69898989898989861, -6.049999999999999822 ) ) ;
#7886 = DIRECTION ( 'NONE',  ( -0.8727501897662083286, -0.4881670884677163369, 0.000000000000000000 ) ) ;
#7887 = FACE_OUTER_BOUND ( 'NONE', #5740, .T. ) ;
#7888 = LINE ( 'NONE', #3247, #1114 ) ;
#7889 = EDGE_CURVE ( 'NONE', #3058, #6144, #4434, .T. ) ;
#7890 = DIRECTION ( 'NONE',  ( -0.8401704742042039875, 0.5423223896129339971, 0.000000000000000000 ) ) ;
#7891 = ADVANCED_FACE ( 'NONE', ( #4485 ), #3068, .T. ) ;
#7892 = FACE_BOUND ( 'NONE', #1918, .T. ) ;
#7893 = EDGE_CURVE ( 'NONE', #1450, #3172, #8465, .T. ) ;
#7894 = CARTESIAN_POINT ( 'NONE',  ( 21.14949494949495445, -16.26868686868686709, -6.049999999999999822 ) ) ;
#7895 = EDGE_CURVE ( 'NONE', #9369, #561, #7600, .T. ) ;
#7896 = VERTEX_POINT ( 'NONE', #3021 ) ;
#7897 = ORIENTED_EDGE ( 'NONE', *, *, #8148, .T. ) ;
#7898 = CARTESIAN_POINT ( 'NONE',  ( 12.63030303030303081, -18.22109988776655598, -6.049999999999999822 ) ) ;
#7899 = EDGE_LOOP ( 'NONE', ( #8369, #954, #249, #8854 ) ) ;
#7900 = VERTEX_POINT ( 'NONE', #6848 ) ;
#7901 = DIRECTION ( 'NONE',  ( -0.2890045919356110105, 0.9573277107867143032, 0.000000000000000000 ) ) ;
#7902 = PLANE ( 'NONE',  #3145 ) ;
#7903 = PLANE ( 'NONE',  #107 ) ;
#7904 = LINE ( 'NONE', #4221, #8750 ) ;
#7905 = ORIENTED_EDGE ( 'NONE', *, *, #6147, .F. ) ;
#7906 = PLANE ( 'NONE',  #7781 ) ;
#7907 = ORIENTED_EDGE ( 'NONE', *, *, #5343, .F. ) ;
#7908 = ORIENTED_EDGE ( 'NONE', *, *, #5840, .F. ) ;
#7909 = ORIENTED_EDGE ( 'NONE', *, *, #3258, .T. ) ;
#7910 = CARTESIAN_POINT ( 'NONE',  ( 0.000000000000000000, 0.000000000000000000, -6.049999999999999822 ) ) ;
#7911 = SHAPE_DEFINITION_REPRESENTATION ( #7940, #6463 ) ;
#7912 = LINE ( 'NONE', #108, #1901 ) ;
#7913 = PRODUCT_DEFINITION ( 'UNKNOWN', '', #7045, #7560 ) ;
#7914 = DIRECTION ( 'NONE',  ( 0.8762159086766464489, 0.4819187497721569846, 0.000000000000000000 ) ) ;
#7915 = ORIENTED_EDGE ( 'NONE', *, *, #3699, .F. ) ;
#7916 = VERTEX_POINT ( 'NONE', #8363 ) ;
#7917 = ORIENTED_EDGE ( 'NONE', *, *, #6756, .F. ) ;
#7918 = ORIENTED_EDGE ( 'NONE', *, *, #8112, .T. ) ;
#7919 = DIRECTION ( 'NONE',  ( 0.2223603367690682453, 0.9749645535258942841, 0.000000000000000000 ) ) ;
#7920 = VERTEX_POINT ( 'NONE', #759 ) ;
#7921 = PLANE ( 'NONE',  #8743 ) ;
#7922 = FACE_OUTER_BOUND ( 'NONE', #4180, .T. ) ;
#7923 = PLANE ( 'NONE',  #2702 ) ;
#7924 = CARTESIAN_POINT ( 'NONE',  ( 18.38479236812570150, -18.89646464646464707, -6.049999999999999822 ) ) ;
#7925 = CARTESIAN_POINT ( 'NONE',  ( 34.00000000000000000, -54.00000000000000000, -6.349999999999999645 ) ) ;
#7926 = DIRECTION ( 'NONE',  ( -1.000000000000000000, 0.000000000000000000, 0.000000000000000000 ) ) ;
#7927 = EDGE_CURVE ( 'NONE', #6715, #733, #2312, .T. ) ;
#7928 = FACE_OUTER_BOUND ( 'NONE', #1969, .T. ) ;
#7929 = ORIENTED_EDGE ( 'NONE', *, *, #5599, .F. ) ;
#7930 = EDGE_CURVE ( 'NONE', #6308, #2704, #7555, .T. ) ;
#7931 = VERTEX_POINT ( 'NONE', #5990 ) ;
#7932 = CARTESIAN_POINT ( 'NONE',  ( 11.80000000000000071, -14.88686868686868614, -6.049999999999999822 ) ) ;
#7933 = VECTOR ( 'NONE', #5429, 1000.000000000000000 ) ;
#7934 = DIRECTION ( 'NONE',  ( -0.3375530605937425710, 0.9413065023061283343, 0.000000000000000000 ) ) ;
#7935 = DIRECTION ( 'NONE',  ( -0.8066892284733457874, -0.5909758782429939128, 0.000000000000000000 ) ) ;
#7936 = FILL_AREA_STYLE_COLOUR ( '', #4329 ) ;
#7937 = DIRECTION ( 'NONE',  ( -0.4878491086735816107, 0.8729279736418072977, 0.000000000000000000 ) ) ;
#7938 = EDGE_CURVE ( 'NONE', #7757, #6258, #2, .T. ) ;
#7939 = CARTESIAN_POINT ( 'NONE',  ( 21.14949494949495445, -16.71313131313131350, -6.049999999999999822 ) ) ;
#7940 = PRODUCT_DEFINITION_SHAPE ( 'NONE', 'NONE',  #7913 ) ;
#7941 = DIRECTION ( 'NONE',  ( 0.000000000000000000, -0.000000000000000000, 1.000000000000000000 ) ) ;
#7942 = DIRECTION ( 'NONE',  ( -0.6370500677824697533, 0.7708224251657126436, 0.000000000000000000 ) ) ;
#7943 = VECTOR ( 'NONE', #1974, 1000.000000000000000 ) ;
#7944 = ADVANCED_FACE ( 'NONE', ( #3772 ), #8407, .T. ) ;
#7945 = ORIENTED_EDGE ( 'NONE', *, *, #1052, .T. ) ;
#7946 = EDGE_LOOP ( 'NONE', ( #5699, #2076, #990, #5928 ) ) ;
#7947 = DIRECTION ( 'NONE',  ( 0.000000000000000000, 0.000000000000000000, -1.000000000000000000 ) ) ;
#7948 = FACE_OUTER_BOUND ( 'NONE', #814, .T. ) ;
#7949 = CARTESIAN_POINT ( 'NONE',  ( 14.83030303030303010, -12.55151515151515085, -6.049999999999999822 ) ) ;
#7950 = VECTOR ( 'NONE', #7978, 1000.000000000000114 ) ;
#7951 = EDGE_CURVE ( 'NONE', #5391, #4542, #4637, .T. ) ;
#7952 = ADVANCED_FACE ( 'NONE', ( #7707 ), #3673, .F. ) ;
#7953 = VECTOR ( 'NONE', #195, 1000.000000000000000 ) ;
#7954 = DIRECTION ( 'NONE',  ( -0.2023192467070402956, -0.9793196221928242018, 0.000000000000000000 ) ) ;
#7955 = DIRECTION ( 'NONE',  ( 1.000000000000000000, 0.000000000000000000, 0.000000000000000000 ) ) ;
#7956 = CARTESIAN_POINT ( 'NONE',  ( 12.49225589225589061, -18.36790123456790269, -6.349999999999999645 ) ) ;
#7957 = VECTOR ( 'NONE', #1922, 1000.000000000000000 ) ;
#7958 = AXIS2_PLACEMENT_3D ( 'NONE', #6585, #1997, #5076 ) ;
#7959 = ORIENTED_EDGE ( 'NONE', *, *, #7132, .T. ) ;
#7960 = DIRECTION ( 'NONE',  ( 0.4864646787732436750, 0.8737002439658838604, 0.000000000000000000 ) ) ;
#7961 = EDGE_LOOP ( 'NONE', ( #9686, #7073, #1636, #6130 ) ) ;
#7962 = ORIENTED_EDGE ( 'NONE', *, *, #5789, .F. ) ;
#7963 = ORIENTED_EDGE ( 'NONE', *, *, #8321, .T. ) ;
#7964 = CARTESIAN_POINT ( 'NONE',  ( 16.16610549943883157, -12.56992143658810335, -6.049999999999999822 ) ) ;
#7965 =( NAMED_UNIT ( * ) SI_UNIT ( $, .STERADIAN. ) SOLID_ANGLE_UNIT ( ) );
#7966 = AXIS2_PLACEMENT_3D ( 'NONE', #1184, #8140, #1234 ) ;
#7967 = VECTOR ( 'NONE', #6002, 1000.000000000000114 ) ;
#7968 = DIRECTION ( 'NONE',  ( 0.000000000000000000, 1.000000000000000000, 0.000000000000000000 ) ) ;
#7969 = FACE_OUTER_BOUND ( 'NONE', #3711, .T. ) ;
#7970 = ORIENTED_EDGE ( 'NONE', *, *, #1364, .T. ) ;
#7971 = VERTEX_POINT ( 'NONE', #5240 ) ;
#7972 = AXIS2_PLACEMENT_3D ( 'NONE', #9339, #9489, #2439 ) ;
#7973 = VERTEX_POINT ( 'NONE', #1410 ) ;
#7974 = ORIENTED_EDGE ( 'NONE', *, *, #5891, .T. ) ;
#7975 = CARTESIAN_POINT ( 'NONE',  ( 16.05858585858585741, -14.27272727272727337, -6.049999999999999822 ) ) ;
#7976 = ORIENTED_EDGE ( 'NONE', *, *, #8739, .T. ) ;
#7977 = DIRECTION ( 'NONE',  ( -0.8916146918486598238, 0.4527949218792315378, 0.000000000000000000 ) ) ;
#7978 = DIRECTION ( 'NONE',  ( 0.03814016790436040860, -0.9992723990945747703, 0.000000000000000000 ) ) ;
#7979 = LINE ( 'NONE', #7165, #7205 ) ;
#7980 = DIRECTION ( 'NONE',  ( -0.2972041278335288972, 0.9548139642876570798, 0.000000000000000000 ) ) ;
#7981 = AXIS2_PLACEMENT_3D ( 'NONE', #96, #9918, #5480 ) ;
#7982 = FACE_OUTER_BOUND ( 'NONE', #6278, .T. ) ;
#7983 = DIRECTION ( 'NONE',  ( 0.000000000000000000, 0.000000000000000000, -1.000000000000000000 ) ) ;
#7984 = ORIENTED_EDGE ( 'NONE', *, *, #2023, .F. ) ;
#7985 = ORIENTED_EDGE ( 'NONE', *, *, #5715, .T. ) ;
#7986 = CARTESIAN_POINT ( 'NONE',  ( 9.564309764309763651, -15.05925925925925846, -6.349999999999999645 ) ) ;
#7987 = AXIS2_PLACEMENT_3D ( 'NONE', #8546, #836, #3903 ) ;
#7988 = LINE ( 'NONE', #3298, #9838 ) ;
#7989 = CARTESIAN_POINT ( 'NONE',  ( 17.00162738496071668, -18.85202020202020279, -6.049999999999999822 ) ) ;
#7990 = CARTESIAN_POINT ( 'NONE',  ( 17.18989898989898890, -17.44040404040404013, -6.049999999999999822 ) ) ;
#7991 = EDGE_CURVE ( 'NONE', #8631, #4490, #652, .T. ) ;
#7992 = CARTESIAN_POINT ( 'NONE',  ( 19.77575757575757365, -11.01616161616161627, -6.049999999999999822 ) ) ;
#7993 = DIRECTION ( 'NONE',  ( 0.000000000000000000, 0.000000000000000000, -1.000000000000000000 ) ) ;
#7994 = EDGE_CURVE ( 'NONE', #9773, #978, #9864, .T. ) ;
#7995 = DIRECTION ( 'NONE',  ( 1.000000000000000000, 0.000000000000000000, 0.000000000000000000 ) ) ;
#7996 = PLANE ( 'NONE',  #8024 ) ;
#7997 = VECTOR ( 'NONE', #9269, 1000.000000000000000 ) ;
#7998 = EDGE_CURVE ( 'NONE', #9667, #1539, #2651, .T. ) ;
#7999 = ORIENTED_EDGE ( 'NONE', *, *, #9474, .F. ) ;
#8000 = VERTEX_POINT ( 'NONE', #7124 ) ;
#8001 = DIRECTION ( 'NONE',  ( 0.8837879163470645505, 0.4678877204190276529, 0.000000000000000000 ) ) ;
#8002 = DIRECTION ( 'NONE',  ( 0.000000000000000000, 0.000000000000000000, -1.000000000000000000 ) ) ;
#8003 = CARTESIAN_POINT ( 'NONE',  ( 7.489337822671154221, -15.37081930415263642, -6.049999999999999822 ) ) ;
#8004 = VECTOR ( 'NONE', #3158, 1000.000000000000000 ) ;
#8005 = CARTESIAN_POINT ( 'NONE',  ( 18.56161616161616124, -13.66060606060606020, -6.049999999999999822 ) ) ;
#8006 = EDGE_CURVE ( 'NONE', #8251, #3241, #3409, .T. ) ;
#8007 = CARTESIAN_POINT ( 'NONE',  ( 7.956228956228954985, -12.39977553310886549, -6.049999999999999822 ) ) ;
#8008 = EDGE_CURVE ( 'NONE', #6761, #8227, #848, .T. ) ;
#8009 = CARTESIAN_POINT ( 'NONE',  ( 22.28080808080807884, -14.27272727272727337, -6.049999999999999822 ) ) ;
#8010 = EDGE_CURVE ( 'NONE', #7514, #5577, #9549, .T. ) ;
#8011 = ORIENTED_EDGE ( 'NONE', *, *, #2957, .F. ) ;
#8012 = CARTESIAN_POINT ( 'NONE',  ( 15.63894500561167256, -13.75342312008978851, -6.049999999999999822 ) ) ;
#8013 = ORIENTED_EDGE ( 'NONE', *, *, #3743, .T. ) ;
#8014 = EDGE_LOOP ( 'NONE', ( #4761, #2077, #1058, #4695, #293, #3511, #5085, #3183, #1161, #2249, #1958, #4147, #4716, #3173, #8554, #8030, #5378, #3398, #8493, #1971, #452, #5142, #1462, #9515, #5374, #1262, #3012, #3028, #5094, #9378, #691, #5058, #2128, #6323, #5183, #9011, #1756, #5036, #1764, #599, #9317, #9590, #1316, #2927 ) ) ;
#8015 = VECTOR ( 'NONE', #200, 1000.000000000000114 ) ;
#8016 = ORIENTED_EDGE ( 'NONE', *, *, #1052, .F. ) ;
#8017 = FACE_OUTER_BOUND ( 'NONE', #8391, .T. ) ;
#8018 = CARTESIAN_POINT ( 'NONE',  ( 16.16184062850729575, -18.27901234567901412, -6.349999999999999645 ) ) ;
#8019 = ADVANCED_FACE ( 'NONE', ( #5673 ), #5022, .T. ) ;
#8020 = EDGE_CURVE ( 'NONE', #6572, #6407, #9270, .T. ) ;
#8021 = EDGE_CURVE ( 'NONE', #1079, #3720, #4168, .T. ) ;
#8023 = FACE_OUTER_BOUND ( 'NONE', #6390, .T. ) ;
#8022 = VECTOR ( 'NONE', #780, 1000.000000000000000 ) ;
#8024 = AXIS2_PLACEMENT_3D ( 'NONE', #4112, #5629, #1138 ) ;
#8025 = ADVANCED_FACE ( 'NONE', ( #45 ), #7996, .T. ) ;
#8026 = ORIENTED_EDGE ( 'NONE', *, *, #5958, .F. ) ;
#8027 = ORIENTED_EDGE ( 'NONE', *, *, #3635, .F. ) ;
#8028 = ORIENTED_EDGE ( 'NONE', *, *, #557, .F. ) ;
#8029 = VERTEX_POINT ( 'NONE', #3305 ) ;
#8030 = ORIENTED_EDGE ( 'NONE', *, *, #8545, .T. ) ;
#8031 = DIRECTION ( 'NONE',  ( 0.4527949218792315378, 0.8916146918486598238, 0.000000000000000000 ) ) ;
#8032 = LINE ( 'NONE', #7314, #2647 ) ;
#8033 = VECTOR ( 'NONE', #7469, 1000.000000000000000 ) ;
#8034 = FACE_OUTER_BOUND ( 'NONE', #5643, .T. ) ;
#8035 = CARTESIAN_POINT ( 'NONE',  ( 18.99191919191919098, -18.59506172839506277, -6.049999999999999822 ) ) ;
#8036 = CARTESIAN_POINT ( 'NONE',  ( 18.96913580246913611, -17.91649831649831626, -6.049999999999999822 ) ) ;
#8037 = CARTESIAN_POINT ( 'NONE',  ( 15.29797979797979757, -13.25757575757575779, -6.049999999999999822 ) ) ;
#8038 = VECTOR ( 'NONE', #2891, 1000.000000000000114 ) ;
#8039 = EDGE_LOOP ( 'NONE', ( #233, #944, #7352, #8367 ) ) ;
#8040 = ORIENTED_EDGE ( 'NONE', *, *, #1852, .F. ) ;
#8041 = CARTESIAN_POINT ( 'NONE',  ( 9.194612794612796236, -15.87340067340067407, -6.049999999999999822 ) ) ;
#8042 = CARTESIAN_POINT ( 'NONE',  ( 11.88619528619528509, -16.03524130190796981, -6.349999999999999645 ) ) ;
#8043 = LINE ( 'NONE', #7328, #1516 ) ;
#8044 = CARTESIAN_POINT ( 'NONE',  ( 32.00000000000000000, -52.00000000000000711, -6.349999999999999645 ) ) ;
#8045 = DIRECTION ( 'NONE',  ( 0.000000000000000000, 0.000000000000000000, 1.000000000000000000 ) ) ;
#8046 = LINE ( 'NONE', #5020, #5408 ) ;
#8047 = DIRECTION ( 'NONE',  ( -0.000000000000000000, 1.000000000000000000, -0.000000000000000000 ) ) ;
#8048 = LINE ( 'NONE', #5435, #4803 ) ;
#8049 = ORIENTED_EDGE ( 'NONE', *, *, #2642, .T. ) ;
#8050 = EDGE_LOOP ( 'NONE', ( #9249, #9964, #9391, #6282 ) ) ;
#8051 = CARTESIAN_POINT ( 'NONE',  ( 14.75757575757575779, -16.53131313131313007, -6.049999999999999822 ) ) ;
#8052 = LINE ( 'NONE', #1193, #529 ) ;
#8053 = CARTESIAN_POINT ( 'NONE',  ( 7.581818181818182012, -19.00000000000000000, -6.049999999999999822 ) ) ;
#8054 = DIRECTION ( 'NONE',  ( -1.000000000000000000, 0.000000000000000000, 0.000000000000000000 ) ) ;
#8055 = CARTESIAN_POINT ( 'NONE',  ( 10.45039281705948575, -15.48181818181818414, -6.049999999999999822 ) ) ;
#8057 = EDGE_CURVE ( 'NONE', #9274, #1713, #7182, .T. ) ;
#8056 = LINE ( 'NONE', #7956, #3758 ) ;
#8058 = ORIENTED_EDGE ( 'NONE', *, *, #7194, .T. ) ;
#8059 = DIRECTION ( 'NONE',  ( 0.3092035758856518934, -0.9509958720517802666, 0.000000000000000000 ) ) ;
#8060 = EDGE_CURVE ( 'NONE', #9122, #4831, #8048, .T. ) ;
#8061 = ORIENTED_EDGE ( 'NONE', *, *, #4042, .T. ) ;
#8062 = ORIENTED_EDGE ( 'NONE', *, *, #3252, .F. ) ;
#8063 = ORIENTED_EDGE ( 'NONE', *, *, #7372, .T. ) ;
#8064 = CARTESIAN_POINT ( 'NONE',  ( 16.08439955106621611, -18.01436588103254621, -6.349999999999999645 ) ) ;
#8065 = LINE ( 'NONE', #7251, #398 ) ;
#8066 = EDGE_CURVE ( 'NONE', #3076, #5391, #4684, .T. ) ;
#8067 = DIRECTION ( 'NONE',  ( 0.000000000000000000, 1.000000000000000000, 0.000000000000000000 ) ) ;
#8068 = ORIENTED_EDGE ( 'NONE', *, *, #5596, .F. ) ;
#8069 = VERTEX_POINT ( 'NONE', #7280 ) ;
#8070 = EDGE_CURVE ( 'NONE', #5605, #4385, #2603, .T. ) ;
#8071 = ORIENTED_EDGE ( 'NONE', *, *, #1059, .F. ) ;
#8072 = ORIENTED_EDGE ( 'NONE', *, *, #6769, .T. ) ;
#8073 = ORIENTED_EDGE ( 'NONE', *, *, #6540, .F. ) ;
#8074 = CARTESIAN_POINT ( 'NONE',  ( 19.76999999999999957, -36.59999999999999432, -4.349999999999999645 ) ) ;
#8075 = FACE_OUTER_BOUND ( 'NONE', #207, .T. ) ;
#8076 = CARTESIAN_POINT ( 'NONE',  ( 9.210101010101009678, -11.41414141414141525, -6.049999999999999822 ) ) ;
#8077 = ADVANCED_FACE ( 'NONE', ( #2370 ), #8701, .T. ) ;
#8078 = ADVANCED_FACE ( 'NONE', ( #385 ), #3457, .F. ) ;
#8079 = CARTESIAN_POINT ( 'NONE',  ( 0.000000000000000000, -50.00000000000000000, 0.000000000000000000 ) ) ;
#8080 = DIRECTION ( 'NONE',  ( 0.9966277928773907835, 0.08205511845302967955, -0.000000000000000000 ) ) ;
#8081 = FACE_OUTER_BOUND ( 'NONE', #3745, .T. ) ;
#8082 = ORIENTED_EDGE ( 'NONE', *, *, #4357, .F. ) ;
#8083 = ORIENTED_EDGE ( 'NONE', *, *, #3974, .T. ) ;
#8084 = PLANE ( 'NONE',  #4739 ) ;
#8085 = ORIENTED_EDGE ( 'NONE', *, *, #4671, .F. ) ;
#8086 = CARTESIAN_POINT ( 'NONE',  ( 15.12929292929293013, -12.55959595959595987, -6.049999999999999822 ) ) ;
#8087 = LINE ( 'NONE', #7477, #8594 ) ;
#8088 = CARTESIAN_POINT ( 'NONE',  ( 17.00162738496071668, -18.85202020202020279, -6.349999999999999645 ) ) ;
#8089 = FACE_OUTER_BOUND ( 'NONE', #6923, .T. ) ;
#8090 = CARTESIAN_POINT ( 'NONE',  ( 16.39977553310886549, -12.29943883277216621, -6.049999999999999822 ) ) ;
#8091 = PLANE ( 'NONE',  #5265 ) ;
#8092 = CARTESIAN_POINT ( 'NONE',  ( 10.72525252525252526, -13.40808080808080760, -6.349999999999999645 ) ) ;
#8093 = VECTOR ( 'NONE', #4061, 1000.000000000000114 ) ;
#8094 = ORIENTED_EDGE ( 'NONE', *, *, #5293, .F. ) ;
#8095 = ORIENTED_EDGE ( 'NONE', *, *, #2233, .T. ) ;
#8096 = PLANE ( 'NONE',  #9876 ) ;
#8097 = CARTESIAN_POINT ( 'NONE',  ( 12.49494949494949303, -14.50796857463524248, -6.049999999999999822 ) ) ;
#8098 = DIRECTION ( 'NONE',  ( -1.000000000000000000, -0.000000000000000000, -0.000000000000000000 ) ) ;
#8099 = DIRECTION ( 'NONE',  ( 0.000000000000000000, -0.000000000000000000, 1.000000000000000000 ) ) ;
#8100 = CARTESIAN_POINT ( 'NONE',  ( 16.22738496071829317, -12.80157126823793590, -6.349999999999999645 ) ) ;
#8101 = VECTOR ( 'NONE', #1882, 1000.000000000000114 ) ;
#8102 = EDGE_LOOP ( 'NONE', ( #9576, #6786, #9951, #1300 ) ) ;
#8103 = DIRECTION ( 'NONE',  ( 0.7282416466255144938, -0.6853204390065710250, 0.000000000000000000 ) ) ;
#8104 = VECTOR ( 'NONE', #1702, 1000.000000000000114 ) ;
#8105 = ORIENTED_EDGE ( 'NONE', *, *, #7895, .T. ) ;
#8106 = VERTEX_POINT ( 'NONE', #1949 ) ;
#8107 = VECTOR ( 'NONE', #2613, 1000.000000000000114 ) ;
#8108 = ORIENTED_EDGE ( 'NONE', *, *, #8742, .F. ) ;
#8109 = DIRECTION ( 'NONE',  ( -0.000000000000000000, 1.000000000000000000, 0.000000000000000000 ) ) ;
#8110 = FACE_OUTER_BOUND ( 'NONE', #4000, .T. ) ;
#8111 = ADVANCED_FACE ( 'NONE', ( #9602 ), #6186, .T. ) ;
#8112 = EDGE_CURVE ( 'NONE', #9403, #8586, #1040, .T. ) ;
#8113 = VECTOR ( 'NONE', #4353, 1000.000000000000114 ) ;
#8114 = CARTESIAN_POINT ( 'NONE',  ( 17.79595959595959442, -11.74747474747474740, -6.349999999999999645 ) ) ;
#8115 = VECTOR ( 'NONE', #2904, 1000.000000000000114 ) ;
#8116 = ORIENTED_EDGE ( 'NONE', *, *, #9243, .F. ) ;
#8117 = EDGE_LOOP ( 'NONE', ( #6432, #4234, #2383, #5232 ) ) ;
#8118 = VERTEX_POINT ( 'NONE', #9506 ) ;
#8119 = ORIENTED_EDGE ( 'NONE', *, *, #7498, .T. ) ;
#8120 = ADVANCED_FACE ( 'NONE', ( #437 ), #7432, .T. ) ;
#8121 = ORIENTED_EDGE ( 'NONE', *, *, #4374, .F. ) ;
#8123 = DIRECTION ( 'NONE',  ( 1.000000000000000000, 0.000000000000000000, 0.000000000000000000 ) ) ;
#8122 = AXIS2_PLACEMENT_3D ( 'NONE', #711, #9873, #566 ) ;
#8124 = CARTESIAN_POINT ( 'NONE',  ( 0.8000000000000000444, -49.20000000000000284, 0.000000000000000000 ) ) ;
#8125 = CIRCLE ( 'NONE', #4585, 1.099999999999996758 ) ;
#8126 = CARTESIAN_POINT ( 'NONE',  ( 14.83030303030303010, -13.61010101010101003, -6.349999999999999645 ) ) ;
#8127 = EDGE_CURVE ( 'NONE', #9024, #9844, #4461, .T. ) ;
#8128 = DIRECTION ( 'NONE',  ( 0.000000000000000000, 0.000000000000000000, -1.000000000000000000 ) ) ;
#8129 = EDGE_CURVE ( 'NONE', #3362, #4831, #9694, .T. ) ;
#8130 = LINE ( 'NONE', #9030, #6413 ) ;
#8131 = AXIS2_PLACEMENT_3D ( 'NONE', #9503, #8698, #9212 ) ;
#8132 = ORIENTED_EDGE ( 'NONE', *, *, #3519, .F. ) ;
#8133 = EDGE_LOOP ( 'NONE', ( #788, #5806, #991, #3229 ) ) ;
#8134 = EDGE_CURVE ( 'NONE', #4236, #2521, #6013, .T. ) ;
#8135 = DIRECTION ( 'NONE',  ( 0.000000000000000000, -0.000000000000000000, 1.000000000000000000 ) ) ;
#8136 = EDGE_LOOP ( 'NONE', ( #1428, #2984, #6597, #3735 ) ) ;
#8137 = CARTESIAN_POINT ( 'NONE',  ( 17.79595959595959442, -12.58787878787878789, -6.349999999999999645 ) ) ;
#8138 = DIRECTION ( 'NONE',  ( 0.000000000000000000, 0.000000000000000000, -1.000000000000000000 ) ) ;
#8139 = FACE_OUTER_BOUND ( 'NONE', #4843, .T. ) ;
#8140 = DIRECTION ( 'NONE',  ( 0.2267374775100444717, 0.9739559108565346568, 0.000000000000000000 ) ) ;
#8141 = AXIS2_PLACEMENT_3D ( 'NONE', #8860, #5175, #8099 ) ;
#8142 = LINE ( 'NONE', #1235, #8787 ) ;
#8143 = EDGE_CURVE ( 'NONE', #656, #7213, #2898, .T. ) ;
#8144 = CARTESIAN_POINT ( 'NONE',  ( 7.342985409652076356, -18.55555555555555713, -6.049999999999999822 ) ) ;
#8145 = CARTESIAN_POINT ( 'NONE',  ( 16.24500561167227985, -13.93389450056116807, -6.049999999999999822 ) ) ;
#8146 = AXIS2_PLACEMENT_3D ( 'NONE', #8746, #6373, #1847 ) ;
#8147 = VERTEX_POINT ( 'NONE', #5970 ) ;
#8148 = EDGE_CURVE ( 'NONE', #1265, #7931, #5120, .T. ) ;
#8149 = ORIENTED_EDGE ( 'NONE', *, *, #6956, .F. ) ;
#8150 = DIRECTION ( 'NONE',  ( -0.000000000000000000, 0.000000000000000000, 1.000000000000000000 ) ) ;
#8151 = CARTESIAN_POINT ( 'NONE',  ( 15.12929292929293013, -12.55959595959595987, -6.049999999999999822 ) ) ;
#8152 = DIRECTION ( 'NONE',  ( -0.000000000000000000, -1.000000000000000000, -0.000000000000000000 ) ) ;
#8153 = FACE_OUTER_BOUND ( 'NONE', #2069, .T. ) ;
#8154 = VECTOR ( 'NONE', #8486, 1000.000000000000000 ) ;
#8155 = DIRECTION ( 'NONE',  ( 0.000000000000000000, 0.000000000000000000, -1.000000000000000000 ) ) ;
#8156 = EDGE_LOOP ( 'NONE', ( #4942, #9072, #4827, #5047 ) ) ;
#8157 = CARTESIAN_POINT ( 'NONE',  ( 9.064646464646465063, -17.85252525252525402, -6.349999999999999645 ) ) ;
#8158 = AXIS2_PLACEMENT_3D ( 'NONE', #8800, #2453, #7941 ) ;
#8159 = ORIENTED_EDGE ( 'NONE', *, *, #4570, .T. ) ;
#8160 = VERTEX_POINT ( 'NONE', #5872 ) ;
#8161 = DIRECTION ( 'NONE',  ( -0.4957899259861079377, -0.8684424847338421127, 0.000000000000000000 ) ) ;
#8162 = VERTEX_POINT ( 'NONE', #3597 ) ;
#8163 = CARTESIAN_POINT ( 'NONE',  ( 12.82626262626262736, -18.94343434343434396, -6.049999999999999822 ) ) ;
#8164 = PLANE ( 'NONE',  #1037 ) ;
#8165 = VECTOR ( 'NONE', #2047, 1000.000000000000227 ) ;
#8166 = CARTESIAN_POINT ( 'NONE',  ( 6.959595959595961112, -12.24444444444444358, -6.049999999999999822 ) ) ;
#8167 = ORIENTED_EDGE ( 'NONE', *, *, #1295, .T. ) ;
#8168 = VECTOR ( 'NONE', #4693, 1000.000000000000227 ) ;
#8169 = ORIENTED_EDGE ( 'NONE', *, *, #8148, .F. ) ;
#8170 = ADVANCED_FACE ( 'NONE', ( #7335 ), #4265, .T. ) ;
#8171 = VERTEX_POINT ( 'NONE', #7386 ) ;
#8172 = ORIENTED_EDGE ( 'NONE', *, *, #3258, .F. ) ;
#8173 = ORIENTED_EDGE ( 'NONE', *, *, #5538, .F. ) ;
#8174 = DIRECTION ( 'NONE',  ( 0.000000000000000000, 0.000000000000000000, 1.000000000000000000 ) ) ;
#8175 = CARTESIAN_POINT ( 'NONE',  ( 10.32671156004489532, -18.82895622895622978, -6.049999999999999822 ) ) ;
#8176 = DIRECTION ( 'NONE',  ( -1.000000000000000000, 0.000000000000000000, -0.000000000000000000 ) ) ;
#8177 = VECTOR ( 'NONE', #4259, 1000.000000000000000 ) ;
#8178 = AXIS2_PLACEMENT_3D ( 'NONE', #9169, #2267, #6044 ) ;
#8179 = CARTESIAN_POINT ( 'NONE',  ( 10.61212121212121318, -18.99191919191919098, -6.049999999999999822 ) ) ;
#8180 = FACE_OUTER_BOUND ( 'NONE', #7742, .T. ) ;
#8181 = ORIENTED_EDGE ( 'NONE', *, *, #6515, .F. ) ;
#8182 = EDGE_CURVE ( 'NONE', #7660, #8715, #3505, .T. ) ;
#8183 = EDGE_LOOP ( 'NONE', ( #3048, #9200, #4394, #5574 ) ) ;
#8184 = AXIS2_PLACEMENT_3D ( 'NONE', #1784, #7224, #2442 ) ;
#8185 = CARTESIAN_POINT ( 'NONE',  ( 12.47250280583613957, -15.70033670033670070, -6.049999999999999822 ) ) ;
#8186 = EDGE_CURVE ( 'NONE', #141, #8400, #9002, .T. ) ;
#8187 = ORIENTED_EDGE ( 'NONE', *, *, #791, .T. ) ;
#8188 = CARTESIAN_POINT ( 'NONE',  ( 12.32525252525252490, -14.59797979797979828, -6.049999999999999822 ) ) ;
#8189 = CARTESIAN_POINT ( 'NONE',  ( 19.76999999999999957, -31.39999999999999858, -4.349999999999999645 ) ) ;
#8190 = CARTESIAN_POINT ( 'NONE',  ( 12.82626262626262736, -18.94343434343434396, -6.049999999999999822 ) ) ;
#8191 = DIRECTION ( 'NONE',  ( 0.9547688753867608069, 0.2973489441593833438, 0.000000000000000000 ) ) ;
#8192 = LINE ( 'NONE', #383, #2831 ) ;
#8193 = CARTESIAN_POINT ( 'NONE',  ( 17.78406285072951576, -12.76700336700336713, -6.049999999999999822 ) ) ;
#8194 = EDGE_CURVE ( 'NONE', #5391, #6246, #1237, .T. ) ;
#8195 = AXIS2_PLACEMENT_3D ( 'NONE', #336, #5625, #6474 ) ;
#8196 = DIRECTION ( 'NONE',  ( 0.000000000000000000, 0.000000000000000000, -1.000000000000000000 ) ) ;
#8197 = ORIENTED_EDGE ( 'NONE', *, *, #4570, .F. ) ;
#8198 = ORIENTED_EDGE ( 'NONE', *, *, #1719, .F. ) ;
#8199 = CARTESIAN_POINT ( 'NONE',  ( 10.81773288439954861, -18.62558922558922703, -6.049999999999999822 ) ) ;
#8200 = EDGE_CURVE ( 'NONE', #5898, #6986, #528, .T. ) ;
#8201 = DIRECTION ( 'NONE',  ( 0.9107111692180958062, 0.4130437824993967166, 0.000000000000000000 ) ) ;
#8202 = LINE ( 'NONE', #5079, #9893 ) ;
#8203 = ADVANCED_FACE ( 'NONE', ( #586 ), #8951, .T. ) ;
#8204 = EDGE_CURVE ( 'NONE', #9581, #5992, #5822, .T. ) ;
#8205 = CARTESIAN_POINT ( 'NONE',  ( 16.45656565656565462, -18.64062850729517251, -6.049999999999999822 ) ) ;
#8206 = DIRECTION ( 'NONE',  ( 0.04587310748738101379, -0.9989472748896465193, 0.000000000000000000 ) ) ;
#8207 = ADVANCED_FACE ( 'NONE', ( #6727 ), #9841, .T. ) ;
#8208 = ORIENTED_EDGE ( 'NONE', *, *, #2708, .F. ) ;
#8209 = DIRECTION ( 'NONE',  ( -0.9509958720517802666, -0.3092035758856518934, 0.000000000000000000 ) ) ;
#8210 = VERTEX_POINT ( 'NONE', #634 ) ;
#8211 = ORIENTED_EDGE ( 'NONE', *, *, #7889, .F. ) ;
#8212 = CARTESIAN_POINT ( 'NONE',  ( 16.38630751964085164, -11.34523007856341081, -6.049999999999999822 ) ) ;
#8213 = VERTEX_POINT ( 'NONE', #6678 ) ;
#8214 = CARTESIAN_POINT ( 'NONE',  ( 11.57822671156004546, -18.45005611672278434, -6.049999999999999822 ) ) ;
#8215 = CARTESIAN_POINT ( 'NONE',  ( 17.24287317620650839, -12.48193041526374891, -6.349999999999999645 ) ) ;
#8216 = DIRECTION ( 'NONE',  ( 1.000000000000000000, -0.000000000000000000, -0.000000000000000000 ) ) ;
#8217 = EDGE_LOOP ( 'NONE', ( #1160, #5689, #8319, #6888 ) ) ;
#8218 = ORIENTED_EDGE ( 'NONE', *, *, #4984, .F. ) ;
#8219 = ORIENTED_EDGE ( 'NONE', *, *, #4937, .T. ) ;
#8220 = VERTEX_POINT ( 'NONE', #2099 ) ;
#8221 = EDGE_LOOP ( 'NONE', ( #7297, #8804, #5675, #9344 ) ) ;
#8222 = CARTESIAN_POINT ( 'NONE',  ( 7.100561167227831483, -18.14882154882154808, -6.049999999999999822 ) ) ;
#8223 = LINE ( 'NONE', #3434, #5869 ) ;
#8224 = DIRECTION ( 'NONE',  ( -0.1065108044084755595, -0.9943115450120547649, 0.000000000000000000 ) ) ;
#8225 = CARTESIAN_POINT ( 'NONE',  ( 7.395959595959595845, -17.58855218855218894, -6.349999999999999645 ) ) ;
#8226 = CARTESIAN_POINT ( 'NONE',  ( 11.96969696969696884, -12.55151515151515085, -6.349999999999999645 ) ) ;
#8227 = VERTEX_POINT ( 'NONE', #9747 ) ;
#8228 = VERTEX_POINT ( 'NONE', #1992 ) ;
#8229 = DIRECTION ( 'NONE',  ( 1.000000000000000000, -0.000000000000000000, 0.000000000000000000 ) ) ;
#8230 = VERTEX_POINT ( 'NONE', #486 ) ;
#8231 = CARTESIAN_POINT ( 'NONE',  ( 15.90202020202020172, -13.87373737373737370, -6.049999999999999822 ) ) ;
#8232 = DIRECTION ( 'NONE',  ( 0.3203139426094309683, 0.9473114472917565365, 0.000000000000000000 ) ) ;
#8233 = LINE ( 'NONE', #4457, #5938 ) ;
#8234 = LINE ( 'NONE', #1989, #3462 ) ;
#8235 = CARTESIAN_POINT ( 'NONE',  ( 7.131313131313131493, -17.69360269360269200, -6.049999999999999822 ) ) ;
#8236 = ADVANCED_FACE ( 'NONE', ( #3700 ), #3551, .T. ) ;
#8237 = CARTESIAN_POINT ( 'NONE',  ( 17.79595959595959442, -11.00000000000000000, -6.349999999999999645 ) ) ;
#8238 = DIRECTION ( 'NONE',  ( 0.3612032235635446176, -0.9324871212447408686, 0.000000000000000000 ) ) ;
#8239 = EDGE_CURVE ( 'NONE', #9024, #8571, #1585, .T. ) ;
#8240 = CARTESIAN_POINT ( 'NONE',  ( 12.82626262626262736, -15.48484848484848442, -6.049999999999999822 ) ) ;
#8241 = ORIENTED_EDGE ( 'NONE', *, *, #7715, .F. ) ;
#8242 = ORIENTED_EDGE ( 'NONE', *, *, #1102, .F. ) ;
#8243 = DIRECTION ( 'NONE',  ( -0.000000000000000000, -0.000000000000000000, 1.000000000000000000 ) ) ;
#8244 = CARTESIAN_POINT ( 'NONE',  ( 7.489337822671154221, -15.37081930415263642, -6.049999999999999822 ) ) ;
#8245 = EDGE_CURVE ( 'NONE', #5179, #428, #3196, .T. ) ;
#8246 = FACE_OUTER_BOUND ( 'NONE', #375, .T. ) ;
#8247 = CARTESIAN_POINT ( 'NONE',  ( 15.72727272727272840, -11.11313131313131031, -6.349999999999999645 ) ) ;
#8248 = DIRECTION ( 'NONE',  ( -0.5349990469176797436, 0.8448526615908684700, 0.000000000000000000 ) ) ;
#8249 = EDGE_CURVE ( 'NONE', #8924, #8230, #7679, .T. ) ;
#8250 = EDGE_CURVE ( 'NONE', #3746, #1573, #6266, .T. ) ;
#8251 = VERTEX_POINT ( 'NONE', #9343 ) ;
#8252 = DIRECTION ( 'NONE',  ( 1.000000000000000000, 0.000000000000000000, 0.000000000000000000 ) ) ;
#8253 = VERTEX_POINT ( 'NONE', #1536 ) ;
#8254 = EDGE_CURVE ( 'NONE', #4951, #3269, #1439, .T. ) ;
#8255 = ORIENTED_EDGE ( 'NONE', *, *, #371, .T. ) ;
#8256 = EDGE_CURVE ( 'NONE', #2681, #5204, #6067, .T. ) ;
#8257 = CARTESIAN_POINT ( 'NONE',  ( 10.71470258136924691, -18.80606060606060481, -6.049999999999999822 ) ) ;
#8258 = ORIENTED_EDGE ( 'NONE', *, *, #3070, .F. ) ;
#8259 = DIRECTION ( 'NONE',  ( 0.5962979646809530854, -0.8027631888155765116, 0.000000000000000000 ) ) ;
#8260 = CARTESIAN_POINT ( 'NONE',  ( 11.27115600448933641, -17.86150392817059540, -6.349999999999999645 ) ) ;
#8261 = VECTOR ( 'NONE', #9541, 1000.000000000000000 ) ;
#8262 = LINE ( 'NONE', #1360, #1556 ) ;
#8263 = DIRECTION ( 'NONE',  ( 0.9968943216736465551, -0.07875094548537199535, 0.000000000000000000 ) ) ;
#8264 = AXIS2_PLACEMENT_3D ( 'NONE', #3052, #7736, #9394 ) ;
#8265 = AXIS2_PLACEMENT_3D ( 'NONE', #9558, #7901, #8809 ) ;
#8266 = VECTOR ( 'NONE', #7402, 1000.000000000000114 ) ;
#8267 = EDGE_LOOP ( 'NONE', ( #2054, #4226, #6057, #5507 ) ) ;
#8268 = EDGE_LOOP ( 'NONE', ( #127, #2770, #2224, #6991 ) ) ;
#8269 = ORIENTED_EDGE ( 'NONE', *, *, #307, .T. ) ;
#8270 = EDGE_LOOP ( 'NONE', ( #9458, #1403, #4317, #425 ) ) ;
#8271 = LINE ( 'NONE', #5393, #2807 ) ;
#8272 = CARTESIAN_POINT ( 'NONE',  ( 10.20707070707070585, -16.10404040404040416, -6.349999999999999645 ) ) ;
#8273 = AXIS2_PLACEMENT_3D ( 'NONE', #4862, #4766, #7935 ) ;
#8274 = AXIS2_PLACEMENT_3D ( 'NONE', #9357, #2457, #4774 ) ;
#8275 = CARTESIAN_POINT ( 'NONE',  ( 30.90000000000000213, 2.000000000000000000, -6.349999999999999645 ) ) ;
#8276 = CARTESIAN_POINT ( 'NONE',  ( 10.05230078563411844, -18.65521885521885537, -6.349999999999999645 ) ) ;
#8277 = ORIENTED_EDGE ( 'NONE', *, *, #7059, .T. ) ;
#8278 = AXIS2_PLACEMENT_3D ( 'NONE', #7862, #4645, #7003 ) ;
#8279 = ORIENTED_EDGE ( 'NONE', *, *, #4248, .T. ) ;
#8280 = VECTOR ( 'NONE', #7919, 1000.000000000000114 ) ;
#8281 = DIRECTION ( 'NONE',  ( 0.2631174057921087939, 0.9647638212377321887, 0.000000000000000000 ) ) ;
#8282 = ORIENTED_EDGE ( 'NONE', *, *, #446, .T. ) ;
#8283 = DIRECTION ( 'NONE',  ( -0.9647638212377321887, 0.2631174057921087939, 0.000000000000000000 ) ) ;
#8284 = DIRECTION ( 'NONE',  ( 0.000000000000000000, 0.000000000000000000, -1.000000000000000000 ) ) ;
#8285 = CARTESIAN_POINT ( 'NONE',  ( 18.48787878787878824, -17.92727272727272592, -6.349999999999999645 ) ) ;
#8286 = PLANE ( 'NONE',  #6675 ) ;
#8287 = PLANE ( 'NONE',  #9594 ) ;
#8288 = AXIS2_PLACEMENT_3D ( 'NONE', #382, #1383, #5019 ) ;
#8289 = DIRECTION ( 'NONE',  ( -0.5636924539702069525, 0.8259847561166284713, 0.000000000000000000 ) ) ;
#8290 = VECTOR ( 'NONE', #9305, 1000.000000000000000 ) ;
#8291 = DIRECTION ( 'NONE',  ( 0.000000000000000000, 0.000000000000000000, -1.000000000000000000 ) ) ;
#8292 = ORIENTED_EDGE ( 'NONE', *, *, #4136, .F. ) ;
#8293 = ORIENTED_EDGE ( 'NONE', *, *, #6902, .T. ) ;
#8294 = ORIENTED_EDGE ( 'NONE', *, *, #5425, .T. ) ;
#8295 = CARTESIAN_POINT ( 'NONE',  ( 10.84601571268237841, -11.53984287317620527, -6.049999999999999822 ) ) ;
#8296 = EDGE_CURVE ( 'NONE', #5204, #6123, #7731, .T. ) ;
#8297 = VECTOR ( 'NONE', #148, 1000.000000000000000 ) ;
#8298 = CARTESIAN_POINT ( 'NONE',  ( 14.61212121212121140, -17.27878787878787747, -6.349999999999999645 ) ) ;
#8299 = CARTESIAN_POINT ( 'NONE',  ( 12.82626262626262736, -14.33737373737373666, -6.049999999999999822 ) ) ;
#8300 = PLANE ( 'NONE',  #1384 ) ;
#8301 = CARTESIAN_POINT ( 'NONE',  ( 15.47586980920314303, -12.43254769921436598, -6.349999999999999645 ) ) ;
#8302 = VECTOR ( 'NONE', #2149, 1000.000000000000114 ) ;
#8303 = EDGE_CURVE ( 'NONE', #7714, #3601, #9948, .T. ) ;
#8304 = ORIENTED_EDGE ( 'NONE', *, *, #4876, .T. ) ;
#8305 = CARTESIAN_POINT ( 'NONE',  ( 16.11515151515151700, -12.23232323232323182, -6.049999999999999822 ) ) ;
#8306 = ORIENTED_EDGE ( 'NONE', *, *, #6658, .F. ) ;
#8307 = ORIENTED_EDGE ( 'NONE', *, *, #1239, .T. ) ;
#8308 = CARTESIAN_POINT ( 'NONE',  ( 16.16184062850729575, -18.27901234567901412, -6.049999999999999822 ) ) ;
#8309 = LINE ( 'NONE', #8544, #3038 ) ;
#8310 = EDGE_CURVE ( 'NONE', #2467, #8220, #2995, .T. ) ;
#8311 = AXIS2_PLACEMENT_3D ( 'NONE', #5967, #2136, #5356 ) ;
#8312 = PLANE ( 'NONE',  #9091 ) ;
#8313 = FACE_OUTER_BOUND ( 'NONE', #2494, .T. ) ;
#8314 = LINE ( 'NONE', #1458, #9780 ) ;
#8315 = ADVANCED_FACE ( 'NONE', ( #123 ), #2345, .F. ) ;
#8316 = VECTOR ( 'NONE', #6128, 1000.000000000000000 ) ;
#8317 = ORIENTED_EDGE ( 'NONE', *, *, #2087, .F. ) ;
#8318 = ORIENTED_EDGE ( 'NONE', *, *, #3185, .T. ) ;
#8319 = ORIENTED_EDGE ( 'NONE', *, *, #9188, .F. ) ;
#8320 = ORIENTED_EDGE ( 'NONE', *, *, #6447, .F. ) ;
#8321 = EDGE_CURVE ( 'NONE', #6003, #7049, #2292, .T. ) ;
#8322 = DIRECTION ( 'NONE',  ( 0.9204022621421382722, 0.3909727303069033821, 0.000000000000000000 ) ) ;
#8323 = EDGE_CURVE ( 'NONE', #3553, #3058, #5314, .T. ) ;
#8324 = ADVANCED_FACE ( 'NONE', ( #5264 ), #3798, .T. ) ;
#8325 = CARTESIAN_POINT ( 'NONE',  ( 12.49225589225589061, -18.36790123456790269, -6.049999999999999822 ) ) ;
#8326 = VECTOR ( 'NONE', #4358, 1000.000000000000000 ) ;
#8327 = DIRECTION ( 'NONE',  ( 0.000000000000000000, 0.000000000000000000, -1.000000000000000000 ) ) ;
#8328 = ADVANCED_FACE ( 'NONE', ( #9297 ), #1485, .F. ) ;
#8329 = LINE ( 'NONE', #3783, #623 ) ;
#8330 = ORIENTED_EDGE ( 'NONE', *, *, #8492, .F. ) ;
#8331 = ORIENTED_EDGE ( 'NONE', *, *, #8754, .F. ) ;
#8332 = DIRECTION ( 'NONE',  ( 1.000000000000000000, 0.000000000000000000, 0.000000000000000000 ) ) ;
#8333 = ORIENTED_EDGE ( 'NONE', *, *, #2655, .F. ) ;
#8334 = DIRECTION ( 'NONE',  ( 0.2879098306990395262, 0.9576575219705897313, -0.000000000000000000 ) ) ;
#8335 = VECTOR ( 'NONE', #6868, 1000.000000000000114 ) ;
#8336 = LINE ( 'NONE', #8483, #4251 ) ;
#8337 = CARTESIAN_POINT ( 'NONE',  ( 15.12929292929293013, -12.55959595959595987, -6.049999999999999822 ) ) ;
#8338 = CYLINDRICAL_SURFACE ( 'NONE', #9573, 1.099999999999996758 ) ;
#8339 = CARTESIAN_POINT ( 'NONE',  ( 8.503928170594836189, -11.33849607182940566, -6.349999999999999645 ) ) ;
#8340 = CARTESIAN_POINT ( 'NONE',  ( 16.05297418630751949, -11.23176206509539909, -6.049999999999999822 ) ) ;
#8341 = CARTESIAN_POINT ( 'NONE',  ( 12.82626262626262736, -13.61010101010101003, -6.349999999999999645 ) ) ;
#8342 = VECTOR ( 'NONE', #4405, 1000.000000000000000 ) ;
#8343 = EDGE_LOOP ( 'NONE', ( #1323, #4707, #7548, #9367 ) ) ;
#8344 = VERTEX_POINT ( 'NONE', #5361 ) ;
#8345 = ORIENTED_EDGE ( 'NONE', *, *, #6822, .F. ) ;
#8346 = LINE ( 'NONE', #3000, #4254 ) ;
#8347 = DIRECTION ( 'NONE',  ( 1.000000000000000000, 0.000000000000000000, 0.000000000000000000 ) ) ;
#8348 = LINE ( 'NONE', #9152, #6518 ) ;
#8349 = VECTOR ( 'NONE', #9826, 1000.000000000000000 ) ;
#8350 = CARTESIAN_POINT ( 'NONE',  ( 7.315151515151515405, -11.16161616161616266, -6.349999999999999645 ) ) ;
#8351 = LINE ( 'NONE', #5322, #8004 ) ;
#8352 = ORIENTED_EDGE ( 'NONE', *, *, #533, .T. ) ;
#8353 = VECTOR ( 'NONE', #3568, 1000.000000000000114 ) ;
#8354 = CARTESIAN_POINT ( 'NONE',  ( 18.34006734006733907, -13.81661054994388316, -6.349999999999999645 ) ) ;
#8355 = EDGE_LOOP ( 'NONE', ( #6113, #4627, #2594, #6743 ) ) ;
#8356 = VERTEX_POINT ( 'NONE', #8437 ) ;
#8357 = FACE_BOUND ( 'NONE', #6599, .T. ) ;
#8358 = DIRECTION ( 'NONE',  ( -0.5088036786927551125, -0.8608825800007335882, 0.000000000000000000 ) ) ;
#8359 = DIRECTION ( 'NONE',  ( -0.6271507563628461179, -0.7788978936892242411, 0.000000000000000000 ) ) ;
#8360 = CARTESIAN_POINT ( 'NONE',  ( 17.24601571268237876, -17.71425364758698251, -6.049999999999999822 ) ) ;
#8361 = PLANE ( 'NONE',  #4771 ) ;
#8362 = EDGE_CURVE ( 'NONE', #99, #9869, #4611, .T. ) ;
#8363 = CARTESIAN_POINT ( 'NONE',  ( 7.648484848484848442, -17.46464646464646364, -6.049999999999999822 ) ) ;
#8364 = ADVANCED_FACE ( 'NONE', ( #6818 ), #732, .T. ) ;
#8365 = ORIENTED_EDGE ( 'NONE', *, *, #1094, .F. ) ;
#8366 = FACE_OUTER_BOUND ( 'NONE', #6924, .T. ) ;
#8367 = ORIENTED_EDGE ( 'NONE', *, *, #605, .T. ) ;
#8368 = ORIENTED_EDGE ( 'NONE', *, *, #7372, .F. ) ;
#8369 = ORIENTED_EDGE ( 'NONE', *, *, #8982, .F. ) ;
#8370 = CARTESIAN_POINT ( 'NONE',  ( 7.425589225589224185, -12.32502805836139181, -6.049999999999999822 ) ) ;
#8371 = EDGE_CURVE ( 'NONE', #6291, #1290, #27, .T. ) ;
#8372 = LINE ( 'NONE', #712, #6078 ) ;
#8373 = CARTESIAN_POINT ( 'NONE',  ( 7.462850729517396253, -18.77306397306397301, -6.049999999999999822 ) ) ;
#8374 = CARTESIAN_POINT ( 'NONE',  ( 17.43209876543209802, -11.65465768799102264, -6.049999999999999822 ) ) ;
#8375 = ADVANCED_FACE ( 'NONE', ( #3240 ), #6466, .T. ) ;
#8376 = VERTEX_POINT ( 'NONE', #3347 ) ;
#8377 = ORIENTED_EDGE ( 'NONE', *, *, #756, .F. ) ;
#8378 = CARTESIAN_POINT ( 'NONE',  ( 19.76999999999999957, -36.59999999999999432, -6.349999999999999645 ) ) ;
#8379 = ORIENTED_EDGE ( 'NONE', *, *, #224, .T. ) ;
#8380 = DIRECTION ( 'NONE',  ( 0.000000000000000000, 0.000000000000000000, -1.000000000000000000 ) ) ;
#8381 = EDGE_CURVE ( 'NONE', #4235, #5952, #4855, .T. ) ;
#8382 = CARTESIAN_POINT ( 'NONE',  ( 14.70909090909090899, -16.77239057239057374, -6.349999999999999645 ) ) ;
#8383 = ADVANCED_FACE ( 'NONE', ( #2491 ), #7266, .T. ) ;
#8384 = FACE_OUTER_BOUND ( 'NONE', #466, .T. ) ;
#8385 = DIRECTION ( 'NONE',  ( -0.3276186906316784775, -0.9448100304022943874, 0.000000000000000000 ) ) ;
#8386 = CARTESIAN_POINT ( 'NONE',  ( 15.55129068462401776, -12.08956228956228962, -6.049999999999999822 ) ) ;
#8387 = DIRECTION ( 'NONE',  ( -1.000000000000000000, -0.000000000000000000, -0.000000000000000000 ) ) ;
#8388 = DIRECTION ( 'NONE',  ( 0.000000000000000000, -0.000000000000000000, 1.000000000000000000 ) ) ;
#8389 = ORIENTED_EDGE ( 'NONE', *, *, #981, .T. ) ;
#8390 = EDGE_LOOP ( 'NONE', ( #2435, #3320, #8530, #2670 ) ) ;
#8391 = EDGE_LOOP ( 'NONE', ( #3585, #9023, #3430, #2115 ) ) ;
#8392 = CARTESIAN_POINT ( 'NONE',  ( 9.194612794612796236, -15.87340067340067407, -6.049999999999999822 ) ) ;
#8393 = LINE ( 'NONE', #8298, #5687 ) ;
#8394 = DIRECTION ( 'NONE',  ( 0.000000000000000000, 0.000000000000000000, -1.000000000000000000 ) ) ;
#8395 = CARTESIAN_POINT ( 'NONE',  ( 17.94287317620651123, -17.93265993265993430, -6.049999999999999822 ) ) ;
#8396 = FACE_OUTER_BOUND ( 'NONE', #1686, .T. ) ;
#8397 = EDGE_LOOP ( 'NONE', ( #1826, #464, #3482, #7357 ) ) ;
#8398 = ORIENTED_EDGE ( 'NONE', *, *, #9519, .T. ) ;
#8399 = LINE ( 'NONE', #3864, #3914 ) ;
#8400 = VERTEX_POINT ( 'NONE', #330 ) ;
#8401 = ORIENTED_EDGE ( 'NONE', *, *, #2411, .T. ) ;
#8402 = FACE_BOUND ( 'NONE', #3336, .T. ) ;
#8403 = CARTESIAN_POINT ( 'NONE',  ( 18.96913580246913611, -17.91649831649831626, -6.049999999999999822 ) ) ;
#8404 = CARTESIAN_POINT ( 'NONE',  ( 9.450505050505050519, -15.34545454545454568, -6.349999999999999645 ) ) ;
#8405 = DIRECTION ( 'NONE',  ( 0.000000000000000000, 0.000000000000000000, -1.000000000000000000 ) ) ;
#8406 = CARTESIAN_POINT ( 'NONE',  ( 16.22738496071829317, -12.80157126823793590, -6.049999999999999822 ) ) ;
#8407 = PLANE ( 'NONE',  #1099 ) ;
#8408 = VERTEX_POINT ( 'NONE', #9492 ) ;
#8409 = FACE_OUTER_BOUND ( 'NONE', #4115, .T. ) ;
#8410 = EDGE_LOOP ( 'NONE', ( #1390, #9621, #718, #9429, #6351, #2036, #6267, #3577, #2985, #1366, #3984, #253, #7347 ) ) ;
#8411 = ORIENTED_EDGE ( 'NONE', *, *, #6887, .T. ) ;
#8412 = ADVANCED_FACE ( 'NONE', ( #3292 ), #6419, .T. ) ;
#8413 = EDGE_LOOP ( 'NONE', ( #6634, #9217, #6071, #2909 ) ) ;
#8414 = LINE ( 'NONE', #6051, #2969 ) ;
#8415 = CARTESIAN_POINT ( 'NONE',  ( 14.66060606060606020, -17.02154882154882287, -6.349999999999999645 ) ) ;
#8416 = EDGE_CURVE ( 'NONE', #5033, #3862, #5661, .T. ) ;
#8417 = CARTESIAN_POINT ( 'NONE',  ( 7.668686868686868330, -15.80404040404040344, -6.049999999999999822 ) ) ;
#8418 = VECTOR ( 'NONE', #9237, 1000.000000000000000 ) ;
#8419 = DIRECTION ( 'NONE',  ( 0.000000000000000000, 0.000000000000000000, -1.000000000000000000 ) ) ;
#8420 = EDGE_CURVE ( 'NONE', #6407, #1513, #4043, .T. ) ;
#8421 = ORIENTED_EDGE ( 'NONE', *, *, #5723, .T. ) ;
#8422 = ORIENTED_EDGE ( 'NONE', *, *, #9039, .F. ) ;
#8423 = ORIENTED_EDGE ( 'NONE', *, *, #7694, .T. ) ;
#8424 = LINE ( 'NONE', #3086, #6187 ) ;
#8425 = ORIENTED_EDGE ( 'NONE', *, *, #1970, .F. ) ;
#8427 = CARTESIAN_POINT ( 'NONE',  ( 17.79595959595959442, -12.64848484848484844, -6.049999999999999822 ) ) ;
#8426 = AXIS2_PLACEMENT_3D ( 'NONE', #873, #68, #3140 ) ;
#8428 = LINE ( 'NONE', #2932, #2000 ) ;
#8429 = VECTOR ( 'NONE', #1054, 1000.000000000000227 ) ;
#8430 = LINE ( 'NONE', #3141, #5121 ) ;
#8431 = ADVANCED_FACE ( 'NONE', ( #8735 ), #5711, .F. ) ;
#8432 = EDGE_CURVE ( 'NONE', #4650, #476, #5505, .T. ) ;
#8433 = DIRECTION ( 'NONE',  ( 0.1703996332122699464, 0.9853750377400088967, 0.000000000000000000 ) ) ;
#8434 = EDGE_CURVE ( 'NONE', #2467, #7844, #8789, .T. ) ;
#8435 = PLANE ( 'NONE',  #3637 ) ;
#8436 = DIRECTION ( 'NONE',  ( 0.1971692766898394122, 0.9803694590967251266, 0.000000000000000000 ) ) ;
#8437 = CARTESIAN_POINT ( 'NONE',  ( 16.74545454545454604, -18.79685746352413389, -6.349999999999999645 ) ) ;
#8438 = AXIS2_PLACEMENT_3D ( 'NONE', #1676, #165, #9434 ) ;
#8439 = EDGE_CURVE ( 'NONE', #7306, #6605, #4760, .T. ) ;
#8440 = VECTOR ( 'NONE', #4268, 1000.000000000000000 ) ;
#8441 = VERTEX_POINT ( 'NONE', #1888 ) ;
#8442 = ORIENTED_EDGE ( 'NONE', *, *, #5425, .F. ) ;
#8443 = ORIENTED_EDGE ( 'NONE', *, *, #2053, .T. ) ;
#8444 = LINE ( 'NONE', #8392, #6820 ) ;
#8445 = CARTESIAN_POINT ( 'NONE',  ( 17.18989898989898890, -15.54141414141414224, -6.049999999999999822 ) ) ;
#8446 = LINE ( 'NONE', #2948, #8609 ) ;
#8447 = ADVANCED_FACE ( 'NONE', ( #7928 ), #278, .T. ) ;
#8448 = VECTOR ( 'NONE', #3780, 1000.000000000000000 ) ;
#8449 = AXIS2_PLACEMENT_3D ( 'NONE', #5814, #1177, #4255 ) ;
#8450 = EDGE_CURVE ( 'NONE', #7632, #3787, #4097, .T. ) ;
#8451 = CARTESIAN_POINT ( 'NONE',  ( 16.22738496071829317, -12.80157126823793590, -6.349999999999999645 ) ) ;
#8452 = ADVANCED_FACE ( 'NONE', ( #171 ), #6364, .T. ) ;
#8453 = DIRECTION ( 'NONE',  ( -0.6943515034221268145, 0.7196360119500913033, 0.000000000000000000 ) ) ;
#8454 = EDGE_CURVE ( 'NONE', #2595, #3787, #4809, .T. ) ;
#8455 = VECTOR ( 'NONE', #3822, 1000.000000000000000 ) ;
#8456 = ORIENTED_EDGE ( 'NONE', *, *, #3404, .T. ) ;
#8457 = VERTEX_POINT ( 'NONE', #976 ) ;
#8458 = FACE_OUTER_BOUND ( 'NONE', #7064, .T. ) ;
#8459 = VERTEX_POINT ( 'NONE', #7113 ) ;
#8460 = ORIENTED_EDGE ( 'NONE', *, *, #4859, .F. ) ;
#8461 = CARTESIAN_POINT ( 'NONE',  ( 30.90000000000000213, -52.00000000000000711, -4.349999999999999645 ) ) ;
#8462 = CARTESIAN_POINT ( 'NONE',  ( 18.92727272727272592, -18.89494949494949338, -6.049999999999999822 ) ) ;
#8463 = VECTOR ( 'NONE', #3769, 1000.000000000000000 ) ;
#8464 = CARTESIAN_POINT ( 'NONE',  ( 7.100561167227831483, -18.14882154882154808, -6.049999999999999822 ) ) ;
#8465 = LINE ( 'NONE', #3827, #4159 ) ;
#8466 = ORIENTED_EDGE ( 'NONE', *, *, #5798, .T. ) ;
#8467 = CARTESIAN_POINT ( 'NONE',  ( 16.72727272727272663, -11.45353535353535435, -6.049999999999999822 ) ) ;
#8468 = VECTOR ( 'NONE', #5820, 1000.000000000000227 ) ;
#8469 = ORIENTED_EDGE ( 'NONE', *, *, #5979, .T. ) ;
#8470 = ORIENTED_EDGE ( 'NONE', *, *, #44, .F. ) ;
#8471 = EDGE_LOOP ( 'NONE', ( #2691, #9923, #2470, #8277 ) ) ;
#8472 = CARTESIAN_POINT ( 'NONE',  ( 7.489337822671154221, -15.37081930415263642, -6.349999999999999645 ) ) ;
#8473 = LINE ( 'NONE', #857, #8659 ) ;
#8474 = VECTOR ( 'NONE', #9321, 1000.000000000000114 ) ;
#8475 = LINE ( 'NONE', #3684, #2380 ) ;
#8476 = LINE ( 'NONE', #9079, #7375 ) ;
#8477 = VERTEX_POINT ( 'NONE', #5614 ) ;
#8478 = ORIENTED_EDGE ( 'NONE', *, *, #3210, .T. ) ;
#8479 = DIRECTION ( 'NONE',  ( 0.9978857117349254624, -0.06499312513859453744, 0.000000000000000000 ) ) ;
#8480 = VERTEX_POINT ( 'NONE', #8689 ) ;
#8481 = VECTOR ( 'NONE', #6591, 1000.000000000000114 ) ;
#8482 = CARTESIAN_POINT ( 'NONE',  ( 7.581818181818182012, -19.00000000000000000, -6.049999999999999822 ) ) ;
#8483 = CARTESIAN_POINT ( 'NONE',  ( 12.82626262626262736, -15.48484848484848442, -6.049999999999999822 ) ) ;
#8484 = DIRECTION ( 'NONE',  ( 0.4118871320843191519, -0.9112348711629479903, -0.000000000000000000 ) ) ;
#8485 = CARTESIAN_POINT ( 'NONE',  ( 17.49854096520763136, -13.02558922558922738, -6.349999999999999645 ) ) ;
#8486 = DIRECTION ( 'NONE',  ( 1.000000000000000000, 0.000000000000000000, 0.000000000000000000 ) ) ;
#8487 = DIRECTION ( 'NONE',  ( 0.9797447058870846215, -0.2002506211881251164, -0.000000000000000000 ) ) ;
#8488 = EDGE_CURVE ( 'NONE', #7509, #7406, #1025, .T. ) ;
#8489 = DIRECTION ( 'NONE',  ( 0.000000000000000000, 0.000000000000000000, -1.000000000000000000 ) ) ;
#8490 = VECTOR ( 'NONE', #730, 1000.000000000000000 ) ;
#8491 = ORIENTED_EDGE ( 'NONE', *, *, #2354, .F. ) ;
#8492 = EDGE_CURVE ( 'NONE', #2160, #3576, #2085, .T. ) ;
#8493 = ORIENTED_EDGE ( 'NONE', *, *, #1616, .T. ) ;
#8494 = EDGE_LOOP ( 'NONE', ( #7722, #7848, #7790, #1337 ) ) ;
#8495 = AXIS2_PLACEMENT_3D ( 'NONE', #1967, #6602, #7303 ) ;
#8496 = CARTESIAN_POINT ( 'NONE',  ( 30.00000000000000000, 0.000000000000000000, -4.349999999999999645 ) ) ;
#8497 = DIRECTION ( 'NONE',  ( 0.8370765853566091153, 0.5470857247705515070, 0.000000000000000000 ) ) ;
#8498 = CARTESIAN_POINT ( 'NONE',  ( 17.49854096520763136, -13.02558922558922738, -6.049999999999999822 ) ) ;
#8499 = EDGE_CURVE ( 'NONE', #4965, #1228, #1321, .T. ) ;
#8500 = DIRECTION ( 'NONE',  ( 0.000000000000000000, 0.000000000000000000, -1.000000000000000000 ) ) ;
#8501 = AXIS2_PLACEMENT_3D ( 'NONE', #8337, #672, #4548 ) ;
#8502 = CARTESIAN_POINT ( 'NONE',  ( 7.869135802469135577, -16.21661054994388351, -6.049999999999999822 ) ) ;
#8503 = VECTOR ( 'NONE', #6093, 1000.000000000000000 ) ;
#8504 = EDGE_CURVE ( 'NONE', #4834, #1079, #2127, .T. ) ;
#8505 = EDGE_CURVE ( 'NONE', #2157, #9723, #473, .T. ) ;
#8506 = ORIENTED_EDGE ( 'NONE', *, *, #5789, .T. ) ;
#8507 = ORIENTED_EDGE ( 'NONE', *, *, #6767, .T. ) ;
#8508 = LINE ( 'NONE', #6785, #9866 ) ;
#8509 = LINE ( 'NONE', #9557, #1978 ) ;
#8510 = EDGE_LOOP ( 'NONE', ( #4784, #3886, #1451, #1104 ) ) ;
#8511 = PLANE ( 'NONE',  #2795 ) ;
#8512 = VECTOR ( 'NONE', #8419, 1000.000000000000000 ) ;
#8513 = EDGE_CURVE ( 'NONE', #8344, #930, #6664, .T. ) ;
#8514 = LINE ( 'NONE', #8556, #5397 ) ;
#8515 = DIRECTION ( 'NONE',  ( -0.9753604616760366275, 0.2206172472838615894, -0.000000000000000000 ) ) ;
#8516 = DIRECTION ( 'NONE',  ( -0.9231672371072358052, 0.3843985592217960545, 0.000000000000000000 ) ) ;
#8517 = VECTOR ( 'NONE', #1872, 1000.000000000000114 ) ;
#8518 = EDGE_LOOP ( 'NONE', ( #5641, #9441, #9842, #8255 ) ) ;
#8519 = DIRECTION ( 'NONE',  ( -0.5431574365890131650, 0.8396308707271620264, 0.000000000000000000 ) ) ;
#8520 = VERTEX_POINT ( 'NONE', #9638 ) ;
#8521 = ORIENTED_EDGE ( 'NONE', *, *, #6771, .F. ) ;
#8522 = ORIENTED_EDGE ( 'NONE', *, *, #7688, .T. ) ;
#8523 = CARTESIAN_POINT ( 'NONE',  ( 15.43344556677889834, -12.05824915824915777, -6.349999999999999645 ) ) ;
#8524 = CARTESIAN_POINT ( 'NONE',  ( 7.869135802469135577, -16.21661054994388351, -6.349999999999999645 ) ) ;
#8525 = CARTESIAN_POINT ( 'NONE',  ( 9.919753086419753174, -16.68047138047138134, -6.349999999999999645 ) ) ;
#8526 = DIRECTION ( 'NONE',  ( -1.000000000000000000, 0.000000000000000000, -0.000000000000000000 ) ) ;
#8527 = ORIENTED_EDGE ( 'NONE', *, *, #4873, .T. ) ;
#8528 = VERTEX_POINT ( 'NONE', #8934 ) ;
#8529 = LINE ( 'NONE', #4654, #86 ) ;
#8530 = ORIENTED_EDGE ( 'NONE', *, *, #6398, .T. ) ;
#8531 = CARTESIAN_POINT ( 'NONE',  ( 15.55129068462401776, -12.08956228956228962, -6.049999999999999822 ) ) ;
#8532 = CARTESIAN_POINT ( 'NONE',  ( 11.80000000000000071, -14.88686868686868614, -6.349999999999999645 ) ) ;
#8533 = CARTESIAN_POINT ( 'NONE',  ( 11.97777777777777786, -14.78742985409652100, -6.049999999999999822 ) ) ;
#8534 = PLANE ( 'NONE',  #4269 ) ;
#8535 = DIRECTION ( 'NONE',  ( 0.8953478943792926303, 0.4453674303657227940, 0.000000000000000000 ) ) ;
#8536 = CARTESIAN_POINT ( 'NONE',  ( 13.87676767676767753, -11.05656565656565604, -6.349999999999999645 ) ) ;
#8537 = DIRECTION ( 'NONE',  ( 0.000000000000000000, -1.000000000000000000, 0.000000000000000000 ) ) ;
#8538 = ORIENTED_EDGE ( 'NONE', *, *, #4369, .F. ) ;
#8539 = ORIENTED_EDGE ( 'NONE', *, *, #6596, .T. ) ;
#8540 = VERTEX_POINT ( 'NONE', #2736 ) ;
#8541 = DIRECTION ( 'NONE',  ( -0.4826472015006087468, 0.8758148656443499602, 0.000000000000000000 ) ) ;
#8542 = DIRECTION ( 'NONE',  ( -0.4643015805666843576, 0.8856771659489017789, 0.000000000000000000 ) ) ;
#8543 = DIRECTION ( 'NONE',  ( 1.000000000000000000, 0.000000000000000000, 0.000000000000000000 ) ) ;
#8544 = CARTESIAN_POINT ( 'NONE',  ( 10.61212121212121318, -18.99191919191919098, -6.049999999999999822 ) ) ;
#8545 = EDGE_CURVE ( 'NONE', #3410, #7216, #8986, .T. ) ;
#8546 = CARTESIAN_POINT ( 'NONE',  ( 16.45656565656565462, -18.64062850729517251, -6.049999999999999822 ) ) ;
#8547 = ADVANCED_FACE ( 'NONE', ( #8081 ), #5811, .T. ) ;
#8548 = LINE ( 'NONE', #4623, #5257 ) ;
#8549 = ADVANCED_FACE ( 'NONE', ( #4347 ), #1171, .T. ) ;
#8550 = ORIENTED_EDGE ( 'NONE', *, *, #4327, .T. ) ;
#8551 = ORIENTED_EDGE ( 'NONE', *, *, #496, .T. ) ;
#8552 = CARTESIAN_POINT ( 'NONE',  ( 22.92727272727272947, -12.30101010101010317, -6.349999999999999645 ) ) ;
#8553 = DIRECTION ( 'NONE',  ( -1.000000000000000000, 0.000000000000000000, 0.000000000000000000 ) ) ;
#8554 = ORIENTED_EDGE ( 'NONE', *, *, #4610, .T. ) ;
#8555 = CARTESIAN_POINT ( 'NONE',  ( 14.70909090909090899, -16.77239057239057374, -6.349999999999999645 ) ) ;
#8556 = CARTESIAN_POINT ( 'NONE',  ( 13.87676767676767753, -11.05656565656565604, -6.049999999999999822 ) ) ;
#8557 = EDGE_CURVE ( 'NONE', #7212, #563, #7319, .T. ) ;
#8558 = CARTESIAN_POINT ( 'NONE',  ( 18.56161616161616124, -13.66060606060606020, -6.349999999999999645 ) ) ;
#8559 = EDGE_CURVE ( 'NONE', #4191, #6343, #1374, .T. ) ;
#8560 = EDGE_CURVE ( 'NONE', #4143, #3385, #8884, .T. ) ;
#8561 = ORIENTED_EDGE ( 'NONE', *, *, #5151, .T. ) ;
#8562 = CARTESIAN_POINT ( 'NONE',  ( 13.99786756453423031, -13.96655443322110024, -6.049999999999999822 ) ) ;
#8563 = ORIENTED_EDGE ( 'NONE', *, *, #9, .F. ) ;
#8564 = ORIENTED_EDGE ( 'NONE', *, *, #6470, .F. ) ;
#8565 = VERTEX_POINT ( 'NONE', #1980 ) ;
#8566 = LINE ( 'NONE', #3175, #7471 ) ;
#8567 = DIRECTION ( 'NONE',  ( -0.8621193591994436023, 0.5067052501144436727, 0.000000000000000000 ) ) ;
#8568 = DIRECTION ( 'NONE',  ( -0.9773662012373658392, 0.2115545052199097886, -0.000000000000000000 ) ) ;
#8569 = CARTESIAN_POINT ( 'NONE',  ( 29.19999999999999929, -49.20000000000000284, 0.000000000000000000 ) ) ;
#8570 = ORIENTED_EDGE ( 'NONE', *, *, #9003, .F. ) ;
#8571 = VERTEX_POINT ( 'NONE', #1273 ) ;
#8572 = ORIENTED_EDGE ( 'NONE', *, *, #8362, .F. ) ;
#8573 = DIRECTION ( 'NONE',  ( 0.000000000000000000, 0.000000000000000000, -1.000000000000000000 ) ) ;
#8574 = ORIENTED_EDGE ( 'NONE', *, *, #5592, .T. ) ;
#8575 = CARTESIAN_POINT ( 'NONE',  ( 13.87676767676767753, -15.84444444444444500, -6.049999999999999822 ) ) ;
#8576 = CARTESIAN_POINT ( 'NONE',  ( 10.19640852974186451, -17.32368125701459149, -6.049999999999999822 ) ) ;
#8577 = CARTESIAN_POINT ( 'NONE',  ( 12.21750841750841765, -17.16924803591470194, -6.349999999999999645 ) ) ;
#8578 = VECTOR ( 'NONE', #6927, 1000.000000000000000 ) ;
#8579 = DIRECTION ( 'NONE',  ( -0.9589070505085043328, 0.2837204054788456942, 0.000000000000000000 ) ) ;
#8580 = AXIS2_PLACEMENT_3D ( 'NONE', #872, #116, #5654 ) ;
#8581 = LINE ( 'NONE', #6305, #905 ) ;
#8582 = DIRECTION ( 'NONE',  ( 0.000000000000000000, 0.000000000000000000, 1.000000000000000000 ) ) ;
#8583 = CARTESIAN_POINT ( 'NONE',  ( 12.02424242424242351, -16.63030303030302903, -6.049999999999999822 ) ) ;
#8584 = ORIENTED_EDGE ( 'NONE', *, *, #984, .F. ) ;
#8585 = AXIS2_PLACEMENT_3D ( 'NONE', #6038, #3014, #1649 ) ;
#8586 = VERTEX_POINT ( 'NONE', #5055 ) ;
#8587 = VECTOR ( 'NONE', #2827, 1000.000000000000000 ) ;
#8588 = PLANE ( 'NONE',  #6016 ) ;
#8589 = CARTESIAN_POINT ( 'NONE',  ( 12.08619528619528616, -18.83524130190797052, -6.349999999999999645 ) ) ;
#8590 = FACE_OUTER_BOUND ( 'NONE', #7009, .T. ) ;
#8591 = DIRECTION ( 'NONE',  ( 0.5013697951760476279, -0.8652331064430718310, 0.000000000000000000 ) ) ;
#8592 = DIRECTION ( 'NONE',  ( 0.000000000000000000, -0.000000000000000000, 1.000000000000000000 ) ) ;
#8593 = DIRECTION ( 'NONE',  ( -0.5154429467542683829, 0.8569238989789447203, 0.000000000000000000 ) ) ;
#8594 = VECTOR ( 'NONE', #4969, 1000.000000000000000 ) ;
#8595 = CARTESIAN_POINT ( 'NONE',  ( 7.315151515151515405, -11.16161616161616266, -6.349999999999999645 ) ) ;
#8596 = VECTOR ( 'NONE', #7947, 1000.000000000000000 ) ;
#8597 = EDGE_CURVE ( 'NONE', #4665, #9592, #3685, .T. ) ;
#8598 = ORIENTED_EDGE ( 'NONE', *, *, #7889, .T. ) ;
#8599 = ORIENTED_EDGE ( 'NONE', *, *, #3370, .F. ) ;
#8600 = LINE ( 'NONE', #1645, #4417 ) ;
#8601 = AXIS2_PLACEMENT_3D ( 'NONE', #9625, #4283, #2724 ) ;
#8602 = CARTESIAN_POINT ( 'NONE',  ( 14.46891133557800124, -15.07901234567901483, -6.049999999999999822 ) ) ;
#8603 = EDGE_LOOP ( 'NONE', ( #5266, #2402, #3123, #9184 ) ) ;
#8605 = AXIS2_PLACEMENT_3D ( 'NONE', #8378, #8229, #9187 ) ;
#8604 = DIRECTION ( 'NONE',  ( 0.6271507563628460069, 0.7788978936892242411, 0.000000000000000000 ) ) ;
#8606 = DIRECTION ( 'NONE',  ( 0.8797712615239678957, 0.4753972311620315860, 0.000000000000000000 ) ) ;
#8607 = LINE ( 'NONE', #3066, #3159 ) ;
#8608 = AXIS2_PLACEMENT_3D ( 'NONE', #7081, #3301, #3248 ) ;
#8609 = VECTOR ( 'NONE', #6980, 1000.000000000000000 ) ;
#8610 = EDGE_CURVE ( 'NONE', #8864, #9285, #8130, .T. ) ;
#8611 = ORIENTED_EDGE ( 'NONE', *, *, #1650, .F. ) ;
#8612 = DIRECTION ( 'NONE',  ( 0.000000000000000000, 0.000000000000000000, -1.000000000000000000 ) ) ;
#8613 = EDGE_CURVE ( 'NONE', #1002, #9031, #9734, .T. ) ;
#8614 = ORIENTED_EDGE ( 'NONE', *, *, #5652, .F. ) ;
#8615 = EDGE_LOOP ( 'NONE', ( #218, #559, #6861, #9812 ) ) ;
#8616 = VERTEX_POINT ( 'NONE', #4297 ) ;
#8617 = VECTOR ( 'NONE', #4587, 1000.000000000000227 ) ;
#8618 = LINE ( 'NONE', #1566, #8765 ) ;
#8619 = LINE ( 'NONE', #2428, #7373 ) ;
#8620 = EDGE_CURVE ( 'NONE', #3495, #196, #5199, .T. ) ;
#8621 = DIRECTION ( 'NONE',  ( 0.000000000000000000, 0.000000000000000000, -1.000000000000000000 ) ) ;
#8622 = CARTESIAN_POINT ( 'NONE',  ( 17.51032547699214348, -17.91964085297418663, -6.349999999999999645 ) ) ;
#8623 = VECTOR ( 'NONE', #4518, 1000.000000000000114 ) ;
#8624 = EDGE_LOOP ( 'NONE', ( #4024, #1225, #1839, #8627 ) ) ;
#8625 = ORIENTED_EDGE ( 'NONE', *, *, #4127, .T. ) ;
#8626 = ADVANCED_FACE ( 'NONE', ( #7370 ), #7420, .T. ) ;
#8627 = ORIENTED_EDGE ( 'NONE', *, *, #5489, .T. ) ;
#8628 = ADVANCED_FACE ( 'NONE', ( #8180 ), #3584, .T. ) ;
#8629 = LINE ( 'NONE', #2481, #9257 ) ;
#8630 = EDGE_CURVE ( 'NONE', #475, #3029, #8476, .T. ) ;
#8631 = VERTEX_POINT ( 'NONE', #5999 ) ;
#8632 = CARTESIAN_POINT ( 'NONE',  ( 15.23389450056116701, -13.05656565656565604, -6.049999999999999822 ) ) ;
#8633 = CARTESIAN_POINT ( 'NONE',  ( 14.75757575757575779, -16.53131313131313007, -6.049999999999999822 ) ) ;
#8634 = DIRECTION ( 'NONE',  ( 0.000000000000000000, 1.000000000000000000, 0.000000000000000000 ) ) ;
#8635 = PLANE ( 'NONE',  #6846 ) ;
#8636 = VECTOR ( 'NONE', #7454, 1000.000000000000227 ) ;
#8637 = ADVANCED_FACE ( 'NONE', ( #3035 ), #717, .F. ) ;
#8638 = PLANE ( 'NONE',  #7829 ) ;
#8639 = FACE_OUTER_BOUND ( 'NONE', #308, .T. ) ;
#8640 = DIRECTION ( 'NONE',  ( -0.9208518108045494754, -0.3899127370809811755, 0.000000000000000000 ) ) ;
#8641 = ORIENTED_EDGE ( 'NONE', *, *, #7677, .F. ) ;
#8642 = VECTOR ( 'NONE', #9353, 1000.000000000000000 ) ;
#8643 = EDGE_LOOP ( 'NONE', ( #37, #8241, #2529, #4886 ) ) ;
#8644 = CARTESIAN_POINT ( 'NONE',  ( 17.18989898989898890, -16.26868686868686709, -6.049999999999999822 ) ) ;
#8645 = DIRECTION ( 'NONE',  ( -0.9271046430746612277, -0.3748025890911175217, 0.000000000000000000 ) ) ;
#8646 = FACE_OUTER_BOUND ( 'NONE', #2365, .T. ) ;
#8647 = CARTESIAN_POINT ( 'NONE',  ( 12.32525252525252490, -14.59797979797979828, -6.349999999999999645 ) ) ;
#8648 = PLANE ( 'NONE',  #9891 ) ;
#8649 = CARTESIAN_POINT ( 'NONE',  ( 7.956228956228954985, -12.39977553310886549, -6.349999999999999645 ) ) ;
#8650 = VECTOR ( 'NONE', #6464, 1000.000000000000114 ) ;
#8651 = DIRECTION ( 'NONE',  ( 0.000000000000000000, 0.000000000000000000, -1.000000000000000000 ) ) ;
#8652 = VECTOR ( 'NONE', #4390, 1000.000000000000000 ) ;
#8653 = VERTEX_POINT ( 'NONE', #8374 ) ;
#8654 = EDGE_LOOP ( 'NONE', ( #747, #4688, #3831, #9034 ) ) ;
#8655 = FACE_OUTER_BOUND ( 'NONE', #646, .T. ) ;
#8656 = CARTESIAN_POINT ( 'NONE',  ( 17.36767676767677315, -13.03636363636363704, -6.049999999999999822 ) ) ;
#8657 = ORIENTED_EDGE ( 'NONE', *, *, #9493, .F. ) ;
#8658 = LINE ( 'NONE', #1096, #2631 ) ;
#8659 = VECTOR ( 'NONE', #3727, 1000.000000000000114 ) ;
#8660 = VECTOR ( 'NONE', #4869, 1000.000000000000000 ) ;
#8661 = CARTESIAN_POINT ( 'NONE',  ( 10.33423120089786806, -15.79865319865319684, -6.049999999999999822 ) ) ;
#8662 = CARTESIAN_POINT ( 'NONE',  ( 21.14949494949495445, -17.44040404040404013, -6.049999999999999822 ) ) ;
#8663 = ORIENTED_EDGE ( 'NONE', *, *, #8310, .F. ) ;
#8664 = AXIS2_PLACEMENT_3D ( 'NONE', #4249, #3639, #6712 ) ;
#8665 = DIRECTION ( 'NONE',  ( 0.9250582591848306446, -0.3798252454931487776, 0.000000000000000000 ) ) ;
#8666 = ORIENTED_EDGE ( 'NONE', *, *, #1111, .T. ) ;
#8667 = ORIENTED_EDGE ( 'NONE', *, *, #6228, .T. ) ;
#8668 = ORIENTED_EDGE ( 'NONE', *, *, #7563, .T. ) ;
#8669 = LINE ( 'NONE', #8472, #2324 ) ;
#8670 = DIRECTION ( 'NONE',  ( 0.000000000000000000, 0.000000000000000000, 1.000000000000000000 ) ) ;
#8671 = EDGE_CURVE ( 'NONE', #8771, #1513, #3081, .T. ) ;
#8672 = VECTOR ( 'NONE', #7056, 1000.000000000000000 ) ;
#8673 = EDGE_CURVE ( 'NONE', #1043, #5631, #818, .T. ) ;
#8674 = CARTESIAN_POINT ( 'NONE',  ( 10.43535353535353494, -17.49595959595959727, -6.049999999999999822 ) ) ;
#8675 = LINE ( 'NONE', #202, #9787 ) ;
#8676 = ORIENTED_EDGE ( 'NONE', *, *, #2226, .F. ) ;
#8677 = ORIENTED_EDGE ( 'NONE', *, *, #4620, .T. ) ;
#8678 = VERTEX_POINT ( 'NONE', #6150 ) ;
#8679 = EDGE_CURVE ( 'NONE', #9495, #1448, #6804, .T. ) ;
#8680 = LINE ( 'NONE', #919, #8280 ) ;
#8681 = VERTEX_POINT ( 'NONE', #5252 ) ;
#8682 = PLANE ( 'NONE',  #700 ) ;
#8683 = FACE_BOUND ( 'NONE', #4033, .T. ) ;
#8684 = CARTESIAN_POINT ( 'NONE',  ( 16.38630751964085164, -11.34523007856341081, -6.349999999999999645 ) ) ;
#8685 = DIRECTION ( 'NONE',  ( 0.000000000000000000, 0.000000000000000000, -1.000000000000000000 ) ) ;
#8686 = LINE ( 'NONE', #7925, #8959 ) ;
#8687 = ADVANCED_FACE ( 'NONE', ( #9230 ), #1469, .T. ) ;
#8688 = DIRECTION ( 'NONE',  ( 0.000000000000000000, 0.000000000000000000, -1.000000000000000000 ) ) ;
#8689 = CARTESIAN_POINT ( 'NONE',  ( 10.43535353535353494, -17.49595959595959727, -6.049999999999999822 ) ) ;
#8690 = ORIENTED_EDGE ( 'NONE', *, *, #8557, .F. ) ;
#8691 = EDGE_CURVE ( 'NONE', #478, #6784, #8329, .T. ) ;
#8692 = ORIENTED_EDGE ( 'NONE', *, *, #9405, .F. ) ;
#8693 = ADVANCED_FACE ( 'NONE', ( #1426 ), #6911, .T. ) ;
#8694 = DIRECTION ( 'NONE',  ( 0.000000000000000000, 0.000000000000000000, -1.000000000000000000 ) ) ;
#8695 = CARTESIAN_POINT ( 'NONE',  ( 10.32671156004489532, -18.82895622895622978, -6.349999999999999645 ) ) ;
#8696 = DIRECTION ( 'NONE',  ( 0.000000000000000000, 0.000000000000000000, 1.000000000000000000 ) ) ;
#8697 = CARTESIAN_POINT ( 'NONE',  ( 9.564309764309763651, -15.05925925925925846, -6.049999999999999822 ) ) ;
#8698 = DIRECTION ( 'NONE',  ( 0.5349287586356070712, 0.8448971672248454245, 0.000000000000000000 ) ) ;
#8699 = DIRECTION ( 'NONE',  ( -0.9250582591848305336, 0.3798252454931487776, 0.000000000000000000 ) ) ;
#8700 = LINE ( 'NONE', #5514, #5104 ) ;
#8701 = PLANE ( 'NONE',  #457 ) ;
#8702 = ORIENTED_EDGE ( 'NONE', *, *, #4192, .T. ) ;
#8703 = ORIENTED_EDGE ( 'NONE', *, *, #8997, .T. ) ;
#8704 = CARTESIAN_POINT ( 'NONE',  ( 15.30886644219977555, -12.49483726150392826, -6.349999999999999645 ) ) ;
#8705 = CARTESIAN_POINT ( 'NONE',  ( 9.971156004489337477, -17.14219977553310770, -6.349999999999999645 ) ) ;
#8706 = ORIENTED_EDGE ( 'NONE', *, *, #9214, .F. ) ;
#8707 = CARTESIAN_POINT ( 'NONE',  ( 11.80000000000000071, -14.88686868686868614, -6.349999999999999645 ) ) ;
#8708 = LINE ( 'NONE', #4933, #7002 ) ;
#8709 = CARTESIAN_POINT ( 'NONE',  ( 11.03232323232323253, -17.23434343434343319, -6.349999999999999645 ) ) ;
#8710 = FACE_OUTER_BOUND ( 'NONE', #4488, .T. ) ;
#8711 = ORIENTED_EDGE ( 'NONE', *, *, #6468, .F. ) ;
#8712 = CARTESIAN_POINT ( 'NONE',  ( 12.82626262626262736, -14.33737373737373666, -6.049999999999999822 ) ) ;
#8713 = ORIENTED_EDGE ( 'NONE', *, *, #1047, .T. ) ;
#8714 = ORIENTED_EDGE ( 'NONE', *, *, #6350, .T. ) ;
#8715 = VERTEX_POINT ( 'NONE', #4540 ) ;
#8716 = DIRECTION ( 'NONE',  ( 0.01272701325779580957, -0.9999190082869391372, 0.000000000000000000 ) ) ;
#8717 = DIRECTION ( 'NONE',  ( 0.000000000000000000, 0.000000000000000000, -1.000000000000000000 ) ) ;
#8718 = LINE ( 'NONE', #3177, #6395 ) ;
#8719 = CARTESIAN_POINT ( 'NONE',  ( 19.18585858585858617, -17.90909090909091006, -6.349999999999999645 ) ) ;
#8720 = ORIENTED_EDGE ( 'NONE', *, *, #3019, .F. ) ;
#8721 = ORIENTED_EDGE ( 'NONE', *, *, #7268, .F. ) ;
#8722 = ADVANCED_FACE ( 'NONE', ( #7612 ), #3729, .T. ) ;
#8723 = EDGE_LOOP ( 'NONE', ( #3677, #8491, #6300, #5602 ) ) ;
#8724 = ORIENTED_EDGE ( 'NONE', *, *, #3204, .F. ) ;
#8725 = PLANE ( 'NONE',  #7797 ) ;
#8726 = ADVANCED_FACE ( 'NONE', ( #2278 ), #4497, .T. ) ;
#8727 = ORIENTED_EDGE ( 'NONE', *, *, #7708, .F. ) ;
#8728 = DIRECTION ( 'NONE',  ( 0.1572221525997984926, 0.9875632611290710017, 0.000000000000000000 ) ) ;
#8729 = CARTESIAN_POINT ( 'NONE',  ( -2.000000000000000000, -52.00000000000000711, -6.349999999999999645 ) ) ;
#8730 = DIRECTION ( 'NONE',  ( 0.000000000000000000, 0.000000000000000000, -1.000000000000000000 ) ) ;
#8731 = CARTESIAN_POINT ( 'NONE',  ( 12.08619528619528616, -18.83524130190797052, -6.349999999999999645 ) ) ;
#8732 = CARTESIAN_POINT ( 'NONE',  ( 14.85454545454545539, -16.07340067340067336, -6.049999999999999822 ) ) ;
#8733 = CARTESIAN_POINT ( 'NONE',  ( 10.33423120089786806, -15.79865319865319684, -6.049999999999999822 ) ) ;
#8734 = EDGE_CURVE ( 'NONE', #933, #1459, #9878, .T. ) ;
#8735 = FACE_OUTER_BOUND ( 'NONE', #3170, .T. ) ;
#8736 = ORIENTED_EDGE ( 'NONE', *, *, #6598, .F. ) ;
#8737 = VERTEX_POINT ( 'NONE', #2982 ) ;
#8738 = PLANE ( 'NONE',  #9247 ) ;
#8739 = EDGE_CURVE ( 'NONE', #2718, #3029, #4694, .T. ) ;
#8740 = DIRECTION ( 'NONE',  ( 0.000000000000000000, 0.000000000000000000, -1.000000000000000000 ) ) ;
#8741 = CARTESIAN_POINT ( 'NONE',  ( 17.68888888888888999, -12.93939393939393945, -6.349999999999999645 ) ) ;
#8742 = EDGE_CURVE ( 'NONE', #2507, #111, #3842, .T. ) ;
#8743 = AXIS2_PLACEMENT_3D ( 'NONE', #4090, #7163, #271 ) ;
#8744 = PLANE ( 'NONE',  #3528 ) ;
#8745 = LINE ( 'NONE', #3356, #5392 ) ;
#8746 = CARTESIAN_POINT ( 'NONE',  ( 12.82626262626262736, -14.33737373737373666, -6.049999999999999822 ) ) ;
#8747 = DIRECTION ( 'NONE',  ( -0.9830529640241879585, 0.1833217660924597314, -0.000000000000000000 ) ) ;
#8748 = EDGE_CURVE ( 'NONE', #47, #8528, #1519, .T. ) ;
#8749 = DIRECTION ( 'NONE',  ( -0.9985538389640551404, 0.05376086578681477796, 0.000000000000000000 ) ) ;
#8750 = VECTOR ( 'NONE', #1866, 1000.000000000000000 ) ;
#8751 = ORIENTED_EDGE ( 'NONE', *, *, #6226, .F. ) ;
#8752 = ORIENTED_EDGE ( 'NONE', *, *, #3879, .T. ) ;
#8753 = DIRECTION ( 'NONE',  ( 0.000000000000000000, 0.000000000000000000, -1.000000000000000000 ) ) ;
#8754 = EDGE_CURVE ( 'NONE', #2386, #9157, #2234, .T. ) ;
#8755 = DIRECTION ( 'NONE',  ( -0.000000000000000000, 0.000000000000000000, 1.000000000000000000 ) ) ;
#8756 = CARTESIAN_POINT ( 'NONE',  ( 12.55757575757575850, -15.64646464646464885, -6.049999999999999822 ) ) ;
#8757 = EDGE_CURVE ( 'NONE', #2021, #476, #3179, .T. ) ;
#8758 = EDGE_CURVE ( 'NONE', #5086, #99, #261, .T. ) ;
#8759 = AXIS2_PLACEMENT_3D ( 'NONE', #3042, #9834, #7527 ) ;
#8760 = VECTOR ( 'NONE', #4783, 1000.000000000000000 ) ;
#8761 = PLANE ( 'NONE',  #2665 ) ;
#8762 = DIRECTION ( 'NONE',  ( 0.000000000000000000, 0.000000000000000000, 1.000000000000000000 ) ) ;
#8763 = ADVANCED_FACE ( 'NONE', ( #7969 ), #6252, .T. ) ;
#8764 = CARTESIAN_POINT ( 'NONE',  ( 21.14949494949495445, -18.93535353535353494, -6.349999999999999645 ) ) ;
#8765 = VECTOR ( 'NONE', #4836, 1000.000000000000000 ) ;
#8766 = VECTOR ( 'NONE', #5575, 1000.000000000000114 ) ;
#8767 = VERTEX_POINT ( 'NONE', #2430 ) ;
#8768 = PLANE ( 'NONE',  #3113 ) ;
#8769 = EDGE_LOOP ( 'NONE', ( #3161, #188, #5535, #5346 ) ) ;
#8770 = VERTEX_POINT ( 'NONE', #1064 ) ;
#8771 = VERTEX_POINT ( 'NONE', #7814 ) ;
#8772 = CARTESIAN_POINT ( 'NONE',  ( 15.44971941638608293, -13.56464646464646506, -6.349999999999999645 ) ) ;
#8773 = CARTESIAN_POINT ( 'NONE',  ( 14.28787878787878718, -14.70101010101010175, -6.049999999999999822 ) ) ;
#8774 = VECTOR ( 'NONE', #4378, 999.9999999999998863 ) ;
#8775 = VECTOR ( 'NONE', #1430, 1000.000000000000000 ) ;
#8776 = CARTESIAN_POINT ( 'NONE',  ( 8.117171717171714818, -17.16026936026936056, -6.049999999999999822 ) ) ;
#8777 = ORIENTED_EDGE ( 'NONE', *, *, #7190, .T. ) ;
#8778 = ORIENTED_EDGE ( 'NONE', *, *, #1737, .T. ) ;
#8779 = VECTOR ( 'NONE', #8405, 1000.000000000000000 ) ;
#8780 = EDGE_LOOP ( 'NONE', ( #3924, #5676, #216, #5653 ) ) ;
#8781 = ORIENTED_EDGE ( 'NONE', *, *, #731, .F. ) ;
#8782 = ORIENTED_EDGE ( 'NONE', *, *, #964, .F. ) ;
#8783 = PLANE ( 'NONE',  #9385 ) ;
#8784 = DIRECTION ( 'NONE',  ( 1.000000000000000000, 0.000000000000000000, 0.000000000000000000 ) ) ;
#8785 = LINE ( 'NONE', #8577, #7366 ) ;
#8786 = LINE ( 'NONE', #8035, #5894 ) ;
#8787 = VECTOR ( 'NONE', #7383, 1000.000000000000000 ) ;
#8788 = CARTESIAN_POINT ( 'NONE',  ( 16.68260381593714925, -12.36341189674523022, -6.049999999999999822 ) ) ;
#8789 = LINE ( 'NONE', #3441, #4647 ) ;
#8790 = ORIENTED_EDGE ( 'NONE', *, *, #3087, .T. ) ;
#8791 = ORIENTED_EDGE ( 'NONE', *, *, #7398, .T. ) ;
#8792 = CARTESIAN_POINT ( 'NONE',  ( 12.02424242424242351, -16.63030303030302903, -6.049999999999999822 ) ) ;
#8793 = VECTOR ( 'NONE', #7069, 1000.000000000000227 ) ;
#8794 = CARTESIAN_POINT ( 'NONE',  ( 16.13933782267115546, -12.41436588103254657, -6.049999999999999822 ) ) ;
#8795 = DIRECTION ( 'NONE',  ( 0.000000000000000000, 0.000000000000000000, -1.000000000000000000 ) ) ;
#8796 = CARTESIAN_POINT ( 'NONE',  ( 7.489337822671154221, -15.37081930415263642, -6.049999999999999822 ) ) ;
#8797 = FACE_OUTER_BOUND ( 'NONE', #1919, .T. ) ;
#8798 = DIRECTION ( 'NONE',  ( 0.3554114530542286654, -0.9347099544981222197, -0.000000000000000000 ) ) ;
#8799 = ADVANCED_FACE ( 'NONE', ( #4140 ), #4895, .F. ) ;
#8800 = CARTESIAN_POINT ( 'NONE',  ( 10.22999999999999865, -31.39999999999999858, -6.349999999999999645 ) ) ;
#8801 = CARTESIAN_POINT ( 'NONE',  ( 17.24287317620650839, -12.48193041526374891, -6.049999999999999822 ) ) ;
#8802 = EDGE_CURVE ( 'NONE', #5004, #9024, #5493, .T. ) ;
#8803 = VECTOR ( 'NONE', #4519, 1000.000000000000000 ) ;
#8804 = ORIENTED_EDGE ( 'NONE', *, *, #4595, .F. ) ;
#8805 = ORIENTED_EDGE ( 'NONE', *, *, #838, .T. ) ;
#8806 = DIRECTION ( 'NONE',  ( -0.000000000000000000, -0.000000000000000000, 1.000000000000000000 ) ) ;
#8807 = CARTESIAN_POINT ( 'NONE',  ( 16.85252525252525402, -18.82828282828282696, -6.349999999999999645 ) ) ;
#8808 = EDGE_CURVE ( 'NONE', #463, #7632, #9426, .T. ) ;
#8809 = DIRECTION ( 'NONE',  ( -0.9573277107867143032, -0.2890045919356110105, 0.000000000000000000 ) ) ;
#8810 = AXIS2_PLACEMENT_3D ( 'NONE', #9491, #5660, #7021 ) ;
#8811 = CARTESIAN_POINT ( 'NONE',  ( 17.52031425364758732, -12.53647586980920359, -6.049999999999999822 ) ) ;
#8812 = DIRECTION ( 'NONE',  ( 0.000000000000000000, -0.000000000000000000, -1.000000000000000000 ) ) ;
#8813 = EDGE_CURVE ( 'NONE', #5605, #4083, #8675, .T. ) ;
#8814 = CARTESIAN_POINT ( 'NONE',  ( 16.64377104377104288, -18.75510662177328669, -6.349999999999999645 ) ) ;
#8815 = ORIENTED_EDGE ( 'NONE', *, *, #8296, .F. ) ;
#8816 = PLANE ( 'NONE',  #5373 ) ;
#8817 = ORIENTED_EDGE ( 'NONE', *, *, #259, .F. ) ;
#8818 = VECTOR ( 'NONE', #581, 1000.000000000000114 ) ;
#8819 = ADVANCED_FACE ( 'NONE', ( #9375 ), #3278, .T. ) ;
#8820 = VERTEX_POINT ( 'NONE', #8569 ) ;
#8821 = EDGE_CURVE ( 'NONE', #563, #9432, #914, .T. ) ;
#8822 = AXIS2_PLACEMENT_3D ( 'NONE', #9637, #8128, #516 ) ;
#8823 = ORIENTED_EDGE ( 'NONE', *, *, #2218, .F. ) ;
#8824 = DIRECTION ( 'NONE',  ( 0.000000000000000000, -0.000000000000000000, -1.000000000000000000 ) ) ;
#8825 = LINE ( 'NONE', #3768, #4745 ) ;
#8827 = CARTESIAN_POINT ( 'NONE',  ( 19.12929292929293013, -18.09135802469135967, -6.349999999999999645 ) ) ;
#8826 = VECTOR ( 'NONE', #6709, 1000.000000000000000 ) ;
#8828 = VECTOR ( 'NONE', #7235, 1000.000000000000000 ) ;
#8829 = ORIENTED_EDGE ( 'NONE', *, *, #6646, .T. ) ;
#8830 = ORIENTED_EDGE ( 'NONE', *, *, #6028, .F. ) ;
#8831 = VERTEX_POINT ( 'NONE', #2578 ) ;
#8832 = ORIENTED_EDGE ( 'NONE', *, *, #4750, .T. ) ;
#8833 = VERTEX_POINT ( 'NONE', #8719 ) ;
#8834 = FACE_OUTER_BOUND ( 'NONE', #5398, .T. ) ;
#8835 = VECTOR ( 'NONE', #4078, 1000.000000000000000 ) ;
#8836 = CARTESIAN_POINT ( 'NONE',  ( 15.90145903479236722, -12.26049382716049330, -6.049999999999999822 ) ) ;
#8837 = VECTOR ( 'NONE', #4910, 1000.000000000000000 ) ;
#8838 = FACE_OUTER_BOUND ( 'NONE', #2306, .T. ) ;
#8839 = DIRECTION ( 'NONE',  ( 0.000000000000000000, 0.000000000000000000, -1.000000000000000000 ) ) ;
#8840 = DIRECTION ( 'NONE',  ( 0.000000000000000000, 0.000000000000000000, -1.000000000000000000 ) ) ;
#8841 = DIRECTION ( 'NONE',  ( -0.9709108512384118095, 0.2394412640868367470, 0.000000000000000000 ) ) ;
#8842 = AXIS2_PLACEMENT_3D ( 'NONE', #2165, #6694, #9017 ) ;
#8843 = ORIENTED_EDGE ( 'NONE', *, *, #5467, .F. ) ;
#8844 = ORIENTED_EDGE ( 'NONE', *, *, #1173, .F. ) ;
#8845 = DIRECTION ( 'NONE',  ( 0.9994868748016842996, -0.03203103337643598003, -0.000000000000000000 ) ) ;
#8846 = DIRECTION ( 'NONE',  ( 0.6370500677824697533, -0.7708224251657126436, 0.000000000000000000 ) ) ;
#8847 = LINE ( 'NONE', #3499, #9875 ) ;
#8848 = LINE ( 'NONE', #1895, #2565 ) ;
#8849 = LINE ( 'NONE', #8892, #2330 ) ;
#8850 = LINE ( 'NONE', #1947, #7008 ) ;
#8851 = DIRECTION ( 'NONE',  ( 0.8448526615908683590, 0.5349990469176796326, 0.000000000000000000 ) ) ;
#8852 = CARTESIAN_POINT ( 'NONE',  ( 10.05230078563411844, -18.65521885521885537, -6.049999999999999822 ) ) ;
#8853 = ORIENTED_EDGE ( 'NONE', *, *, #4288, .F. ) ;
#8854 = ORIENTED_EDGE ( 'NONE', *, *, #9674, .T. ) ;
#8855 = DIRECTION ( 'NONE',  ( -1.000000000000000000, -0.000000000000000000, -0.000000000000000000 ) ) ;
#8856 = EDGE_CURVE ( 'NONE', #316, #8864, #1819, .T. ) ;
#8857 = DIRECTION ( 'NONE',  ( 0.2250882174031789973, -0.9743383880286454746, 0.000000000000000000 ) ) ;
#8858 = FACE_OUTER_BOUND ( 'NONE', #5962, .T. ) ;
#8859 = EDGE_CURVE ( 'NONE', #4332, #7791, #2477, .T. ) ;
#8860 = CARTESIAN_POINT ( 'NONE',  ( 21.14949494949495445, -18.93535353535353494, -6.049999999999999822 ) ) ;
#8861 = CARTESIAN_POINT ( 'NONE',  ( 16.22738496071829317, -12.80157126823793590, -6.049999999999999822 ) ) ;
#8862 = EDGE_CURVE ( 'NONE', #4542, #2293, #4741, .T. ) ;
#8863 = CARTESIAN_POINT ( 'NONE',  ( 17.36767676767677315, -13.03636363636363704, -6.049999999999999822 ) ) ;
#8864 = VERTEX_POINT ( 'NONE', #6295 ) ;
#8865 = LINE ( 'NONE', #1251, #8266 ) ;
#8866 = ORIENTED_EDGE ( 'NONE', *, *, #8758, .F. ) ;
#8867 = ORIENTED_EDGE ( 'NONE', *, *, #9121, .T. ) ;
#8868 = VERTEX_POINT ( 'NONE', #8622 ) ;
#8869 = FACE_OUTER_BOUND ( 'NONE', #5200, .T. ) ;
#8870 = EDGE_CURVE ( 'NONE', #5702, #8213, #1718, .T. ) ;
#8871 = DIRECTION ( 'NONE',  ( 0.000000000000000000, 0.000000000000000000, -1.000000000000000000 ) ) ;
#8872 = ADVANCED_FACE ( 'NONE', ( #4030 ), #459, .T. ) ;
#8873 = CARTESIAN_POINT ( 'NONE',  ( 32.00000000000000000, -52.00000000000000711, -6.349999999999999645 ) ) ;
#8874 = EDGE_CURVE ( 'NONE', #8069, #5750, #4186, .T. ) ;
#8875 = ORIENTED_EDGE ( 'NONE', *, *, #2583, .F. ) ;
#8876 = VERTEX_POINT ( 'NONE', #7353 ) ;
#8877 = ORIENTED_EDGE ( 'NONE', *, *, #2721, .T. ) ;
#8878 = ORIENTED_EDGE ( 'NONE', *, *, #8513, .F. ) ;
#8879 = ORIENTED_EDGE ( 'NONE', *, *, #4556, .F. ) ;
#8880 = LINE ( 'NONE', #8222, #4075 ) ;
#8881 = DIRECTION ( 'NONE',  ( 1.000000000000000000, -0.000000000000000000, -0.000000000000000000 ) ) ;
#8882 = CARTESIAN_POINT ( 'NONE',  ( 10.45039281705948575, -15.48181818181818414, -6.049999999999999822 ) ) ;
#8883 = CARTESIAN_POINT ( 'NONE',  ( 11.57822671156004546, -18.45005611672278434, -6.049999999999999822 ) ) ;
#8884 = LINE ( 'NONE', #3491, #4486 ) ;
#8885 = EDGE_LOOP ( 'NONE', ( #4844, #5765, #2930, #6298 ) ) ;
#8886 = ORIENTED_EDGE ( 'NONE', *, *, #7895, .F. ) ;
#8887 = LINE ( 'NONE', #7986, #7153 ) ;
#8888 = ORIENTED_EDGE ( 'NONE', *, *, #6388, .F. ) ;
#8889 = CARTESIAN_POINT ( 'NONE',  ( 7.331088664421997692, -14.91694725028058244, -6.049999999999999822 ) ) ;
#8890 = CARTESIAN_POINT ( 'NONE',  ( 19.77575757575757365, -11.01616161616161627, -6.049999999999999822 ) ) ;
#8891 = DIRECTION ( 'NONE',  ( 1.000000000000000000, 0.000000000000000000, 0.000000000000000000 ) ) ;
#8892 = CARTESIAN_POINT ( 'NONE',  ( 12.73445566778900151, -15.53872053872053804, -6.049999999999999822 ) ) ;
#8893 = CARTESIAN_POINT ( 'NONE',  ( 9.295061728395060285, -18.06936026936027062, -6.349999999999999645 ) ) ;
#8894 = CARTESIAN_POINT ( 'NONE',  ( 21.14949494949495445, -16.71313131313131350, -6.349999999999999645 ) ) ;
#8895 = DIRECTION ( 'NONE',  ( 0.9993041154545576621, -0.03729993077184096811, 0.000000000000000000 ) ) ;
#8896 = VECTOR ( 'NONE', #5678, 1000.000000000000000 ) ;
#8897 = ORIENTED_EDGE ( 'NONE', *, *, #5668, .F. ) ;
#8898 = ORIENTED_EDGE ( 'NONE', *, *, #1928, .T. ) ;
#8899 = LINE ( 'NONE', #5025, #8440 ) ;
#8900 = LINE ( 'NONE', #4217, #4879 ) ;
#8901 = CARTESIAN_POINT ( 'NONE',  ( 14.70909090909090899, -16.77239057239057374, -6.049999999999999822 ) ) ;
#8902 = CARTESIAN_POINT ( 'NONE',  ( 15.77216610549943709, -12.31537598204264938, -6.349999999999999645 ) ) ;
#8903 = VECTOR ( 'NONE', #8740, 1000.000000000000000 ) ;
#8904 = CARTESIAN_POINT ( 'NONE',  ( 14.70909090909090899, -16.77239057239057374, -6.049999999999999822 ) ) ;
#8905 = VECTOR ( 'NONE', #6114, 1000.000000000000000 ) ;
#8906 = ADVANCED_FACE ( 'NONE', ( #8869 ), #4946, .T. ) ;
#8907 = VERTEX_POINT ( 'NONE', #8064 ) ;
#8908 = LINE ( 'NONE', #3663, #4244 ) ;
#8909 = VECTOR ( 'NONE', #3387, 1000.000000000000000 ) ;
#8910 = ORIENTED_EDGE ( 'NONE', *, *, #110, .T. ) ;
#8911 = ORIENTED_EDGE ( 'NONE', *, *, #4877, .T. ) ;
#8913 = VECTOR ( 'NONE', #3580, 1000.000000000000000 ) ;
#8912 = CARTESIAN_POINT ( 'NONE',  ( 9.194612794612796236, -15.87340067340067407, -6.049999999999999822 ) ) ;
#8914 = VERTEX_POINT ( 'NONE', #3423 ) ;
#8915 = DIRECTION ( 'NONE',  ( 0.6997446288586929297, 0.7143930671439989721, 0.000000000000000000 ) ) ;
#8916 = CARTESIAN_POINT ( 'NONE',  ( 30.90000000000000213, -52.00000000000000711, -6.349999999999999645 ) ) ;
#8917 = EDGE_CURVE ( 'NONE', #1416, #4733, #9521, .T. ) ;
#8918 = VECTOR ( 'NONE', #2133, 1000.000000000000000 ) ;
#8919 = DIRECTION ( 'NONE',  ( 0.2963992148724569065, 0.9550641368112359197, 0.000000000000000000 ) ) ;
#8920 = VECTOR ( 'NONE', #3255, 1000.000000000000000 ) ;
#8921 = ADVANCED_FACE ( 'NONE', ( #8017 ), #2012, .T. ) ;
#8922 = ORIENTED_EDGE ( 'NONE', *, *, #3205, .F. ) ;
#8923 = ORIENTED_EDGE ( 'NONE', *, *, #6105, .F. ) ;
#8924 = VERTEX_POINT ( 'NONE', #8772 ) ;
#8925 = ORIENTED_EDGE ( 'NONE', *, *, #7140, .F. ) ;
#8926 = ORIENTED_EDGE ( 'NONE', *, *, #8254, .T. ) ;
#8928 = CARTESIAN_POINT ( 'NONE',  ( 13.87676767676767753, -12.55151515151515085, -6.049999999999999822 ) ) ;
#8927 = AXIS2_PLACEMENT_3D ( 'NONE', #7717, #815, #3880 ) ;
#8929 = LINE ( 'NONE', #2026, #5541 ) ;
#8930 = EDGE_CURVE ( 'NONE', #2239, #9251, #2070, .T. ) ;
#8931 = AXIS2_PLACEMENT_3D ( 'NONE', #7669, #7474, #577 ) ;
#8932 = FACE_OUTER_BOUND ( 'NONE', #9419, .T. ) ;
#8933 = CARTESIAN_POINT ( 'NONE',  ( 15.55129068462401776, -12.08956228956228962, -6.049999999999999822 ) ) ;
#8934 = CARTESIAN_POINT ( 'NONE',  ( 16.71313131313131350, -13.03636363636363704, -6.349999999999999645 ) ) ;
#8935 = ADVANCED_FACE ( 'NONE', ( #5888 ), #7250, .T. ) ;
#8936 = VECTOR ( 'NONE', #3501, 1000.000000000000000 ) ;
#8937 = EDGE_CURVE ( 'NONE', #8831, #6085, #1307, .T. ) ;
#8938 = ORIENTED_EDGE ( 'NONE', *, *, #1287, .T. ) ;
#8939 = EDGE_CURVE ( 'NONE', #2018, #6761, #1258, .T. ) ;
#8940 = ORIENTED_EDGE ( 'NONE', *, *, #4633, .F. ) ;
#8941 = CARTESIAN_POINT ( 'NONE',  ( 16.29090909090908923, -18.48484848484848442, -6.049999999999999822 ) ) ;
#8942 = EDGE_LOOP ( 'NONE', ( #7917, #5280, #2091, #9325, #2039, #4298, #1805, #6519, #6933, #2956, #7362, #7377, #7060, #5536, #8875, #6453, #28, #5991, #3307, #281, #6905, #8242, #9854, #2722, #1511, #7656 ) ) ;
#8943 = DIRECTION ( 'NONE',  ( -0.9993041154545576621, 0.03729993077184096811, 0.000000000000000000 ) ) ;
#8944 = LINE ( 'NONE', #7379, #6819 ) ;
#8945 = ADVANCED_FACE ( 'NONE', ( #9714 ), #9571, .F. ) ;
#8946 = DIRECTION ( 'NONE',  ( -0.9999190082869390261, -0.01272701325779580783, 0.000000000000000000 ) ) ;
#8947 = DIRECTION ( 'NONE',  ( 0.000000000000000000, 0.000000000000000000, -1.000000000000000000 ) ) ;
#8948 = VECTOR ( 'NONE', #6097, 1000.000000000000227 ) ;
#8949 = FACE_OUTER_BOUND ( 'NONE', #3333, .T. ) ;
#8950 = DIRECTION ( 'NONE',  ( 1.000000000000000000, 0.000000000000000000, 0.000000000000000000 ) ) ;
#8951 = PLANE ( 'NONE',  #5123 ) ;
#8952 = VECTOR ( 'NONE', #5224, 1000.000000000000000 ) ;
#8953 = ORIENTED_EDGE ( 'NONE', *, *, #9173, .F. ) ;
#8954 = ORIENTED_EDGE ( 'NONE', *, *, #5221, .T. ) ;
#8955 = CARTESIAN_POINT ( 'NONE',  ( 7.581818181818182012, -19.00000000000000000, -6.349999999999999645 ) ) ;
#8956 = CARTESIAN_POINT ( 'NONE',  ( 19.77575757575757365, -13.98181818181818237, -6.049999999999999822 ) ) ;
#8957 = LINE ( 'NONE', #2853, #5853 ) ;
#8958 = CARTESIAN_POINT ( 'NONE',  ( 18.99191919191919098, -18.59506172839506277, -6.049999999999999822 ) ) ;
#8959 = VECTOR ( 'NONE', #121, 1000.000000000000000 ) ;
#8960 = FACE_OUTER_BOUND ( 'NONE', #7601, .T. ) ;
#8961 = ORIENTED_EDGE ( 'NONE', *, *, #11, .T. ) ;
#8962 = FACE_OUTER_BOUND ( 'NONE', #8133, .T. ) ;
#8963 = VECTOR ( 'NONE', #1137, 1000.000000000000114 ) ;
#8964 = EDGE_LOOP ( 'NONE', ( #3701, #9380, #2836, #4833 ) ) ;
#8965 = EDGE_LOOP ( 'NONE', ( #9507, #2572, #6849, #2302 ) ) ;
#8966 = DIRECTION ( 'NONE',  ( -1.000000000000000000, 0.000000000000000000, 0.000000000000000000 ) ) ;
#8967 = VERTEX_POINT ( 'NONE', #6600 ) ;
#8968 = DIRECTION ( 'NONE',  ( -0.2349155375300579773, 0.9720157870255832222, 0.000000000000000000 ) ) ;
#8969 = CARTESIAN_POINT ( 'NONE',  ( 16.06352413019079606, -13.91133557800224452, -6.349999999999999645 ) ) ;
#8970 = AXIS2_PLACEMENT_3D ( 'NONE', #2394, #9839, #6012 ) ;
#8971 = DIRECTION ( 'NONE',  ( 0.000000000000000000, -0.000000000000000000, 1.000000000000000000 ) ) ;
#8972 = ORIENTED_EDGE ( 'NONE', *, *, #4247, .F. ) ;
#8973 = VECTOR ( 'NONE', #5492, 1000.000000000000000 ) ;
#8974 = ORIENTED_EDGE ( 'NONE', *, *, #2750, .F. ) ;
#8975 = ORIENTED_EDGE ( 'NONE', *, *, #8143, .T. ) ;
#8976 = EDGE_LOOP ( 'NONE', ( #7633, #9580, #2865, #9443 ) ) ;
#8977 = EDGE_CURVE ( 'NONE', #7371, #4184, #1921, .T. ) ;
#8978 = ORIENTED_EDGE ( 'NONE', *, *, #9890, .T. ) ;
#8979 = CARTESIAN_POINT ( 'NONE',  ( 34.00000000000000000, -54.00000000000000000, -4.349999999999999645 ) ) ;
#8980 = FACE_OUTER_BOUND ( 'NONE', #9070, .T. ) ;
#8981 = DIRECTION ( 'NONE',  ( 0.3843985592217960545, 0.9231672371072359162, 0.000000000000000000 ) ) ;
#8982 = EDGE_CURVE ( 'NONE', #8253, #5848, #2815, .T. ) ;
#8983 = AXIS2_PLACEMENT_3D ( 'NONE', #4308, #481, #5965 ) ;
#8984 = VECTOR ( 'NONE', #8895, 1000.000000000000000 ) ;
#8985 = FACE_OUTER_BOUND ( 'NONE', #9402, .T. ) ;
#8986 = LINE ( 'NONE', #8226, #8033 ) ;
#8987 = EDGE_CURVE ( 'NONE', #1474, #1509, #1153, .T. ) ;
#8988 = ORIENTED_EDGE ( 'NONE', *, *, #7579, .F. ) ;
#8989 = VECTOR ( 'NONE', #1816, 1000.000000000000000 ) ;
#8990 = ORIENTED_EDGE ( 'NONE', *, *, #9501, .F. ) ;
#8991 = AXIS2_PLACEMENT_3D ( 'NONE', #1128, #1835, #9440 ) ;
#8992 = CARTESIAN_POINT ( 'NONE',  ( 12.49494949494949303, -14.50796857463524248, -6.049999999999999822 ) ) ;
#8993 = ORIENTED_EDGE ( 'NONE', *, *, #6089, .T. ) ;
#8994 = PLANE ( 'NONE',  #7611 ) ;
#8995 = LINE ( 'NONE', #1944, #9399 ) ;
#8996 = CARTESIAN_POINT ( 'NONE',  ( 14.83030303030303010, -12.55151515151515085, -6.049999999999999822 ) ) ;
#8997 = EDGE_CURVE ( 'NONE', #6, #8210, #7300, .T. ) ;
#8998 = LINE ( 'NONE', #5919, #5549 ) ;
#8999 = CARTESIAN_POINT ( 'NONE',  ( 16.44646464646464779, -13.94141414141414259, -6.049999999999999822 ) ) ;
#9000 = CARTESIAN_POINT ( 'NONE',  ( 17.22940516273849454, -18.87070707070706987, -6.049999999999999822 ) ) ;
#9001 = AXIS2_PLACEMENT_3D ( 'NONE', #6444, #4377, #7450 ) ;
#9002 = LINE ( 'NONE', #6581, #7367 ) ;
#9003 = EDGE_CURVE ( 'NONE', #454, #509, #3475, .T. ) ;
#9004 = ORIENTED_EDGE ( 'NONE', *, *, #1766, .T. ) ;
#9005 = ORIENTED_EDGE ( 'NONE', *, *, #8673, .T. ) ;
#9006 = DIRECTION ( 'NONE',  ( 0.9573277107867143032, 0.2890045919356110105, -0.000000000000000000 ) ) ;
#9007 = FACE_OUTER_BOUND ( 'NONE', #8769, .T. ) ;
#9008 = FACE_OUTER_BOUND ( 'NONE', #3134, .T. ) ;
#9009 = CARTESIAN_POINT ( 'NONE',  ( 14.83030303030303010, -13.61010101010101003, -6.049999999999999822 ) ) ;
#9010 = LINE ( 'NONE', #539, #438 ) ;
#9011 = ORIENTED_EDGE ( 'NONE', *, *, #264, .T. ) ;
#9012 = DIRECTION ( 'NONE',  ( -0.3422369598011867908, -0.9396136777133680118, 0.000000000000000000 ) ) ;
#9013 = ORIENTED_EDGE ( 'NONE', *, *, #1611, .F. ) ;
#9014 = ORIENTED_EDGE ( 'NONE', *, *, #8416, .T. ) ;
#9015 = DIRECTION ( 'NONE',  ( 0.000000000000000000, 0.000000000000000000, 1.000000000000000000 ) ) ;
#9016 = ORIENTED_EDGE ( 'NONE', *, *, #1113, .T. ) ;
#9017 = DIRECTION ( 'NONE',  ( 1.000000000000000000, 0.000000000000000000, 0.000000000000000000 ) ) ;
#9018 = DIRECTION ( 'NONE',  ( 0.3399453837765894493, -0.9404451797148982717, 0.000000000000000000 ) ) ;
#9019 = CARTESIAN_POINT ( 'NONE',  ( 16.37104377104376951, -18.56790123456790198, -6.349999999999999645 ) ) ;
#9020 = DIRECTION ( 'NONE',  ( 0.000000000000000000, 0.000000000000000000, -1.000000000000000000 ) ) ;
#9021 = ORIENTED_EDGE ( 'NONE', *, *, #9474, .T. ) ;
#9022 = ORIENTED_EDGE ( 'NONE', *, *, #1846, .F. ) ;
#9023 = ORIENTED_EDGE ( 'NONE', *, *, #3869, .F. ) ;
#9024 = VERTEX_POINT ( 'NONE', #1206 ) ;
#9025 = ORIENTED_EDGE ( 'NONE', *, *, #4443, .F. ) ;
#9026 = DIRECTION ( 'NONE',  ( 0.000000000000000000, 0.000000000000000000, -1.000000000000000000 ) ) ;
#9027 = CARTESIAN_POINT ( 'NONE',  ( 8.634343434343435320, -15.32525252525252490, -6.349999999999999645 ) ) ;
#9028 = CARTESIAN_POINT ( 'NONE',  ( 16.19545454545454533, -12.69898989898989861, -6.049999999999999822 ) ) ;
#9029 = ADVANCED_FACE ( 'NONE', ( #5795 ), #1964, .T. ) ;
#9030 = CARTESIAN_POINT ( 'NONE',  ( 15.90213243546576649, -12.17946127946127888, -6.049999999999999822 ) ) ;
#9031 = VERTEX_POINT ( 'NONE', #4480 ) ;
#9032 = ORIENTED_EDGE ( 'NONE', *, *, #8057, .T. ) ;
#9033 = LINE ( 'NONE', #2929, #7967 ) ;
#9034 = ORIENTED_EDGE ( 'NONE', *, *, #6698, .T. ) ;
#9035 = LINE ( 'NONE', #1432, #1503 ) ;
#9036 = DIRECTION ( 'NONE',  ( 0.6414517406647552988, 0.7671633883327303449, 0.000000000000000000 ) ) ;
#9037 = DIRECTION ( 'NONE',  ( 0.000000000000000000, 0.000000000000000000, -1.000000000000000000 ) ) ;
#9038 = CARTESIAN_POINT ( 'NONE',  ( 15.63894500561167256, -13.75342312008978851, -6.049999999999999822 ) ) ;
#9039 = EDGE_CURVE ( 'NONE', #2786, #6903, #5133, .T. ) ;
#9040 = LINE ( 'NONE', #3894, #6376 ) ;
#9041 = DIRECTION ( 'NONE',  ( -0.2879098306990395262, -0.9576575219705896203, 0.000000000000000000 ) ) ;
#9042 = DIRECTION ( 'NONE',  ( -0.9775446930259075184, 0.2107281972989952790, 0.000000000000000000 ) ) ;
#9043 = CARTESIAN_POINT ( 'NONE',  ( -3.100000000000000533, 2.000000000000000000, -4.349999999999999645 ) ) ;
#9044 = EDGE_CURVE ( 'NONE', #2887, #9122, #6745, .T. ) ;
#9045 = ORIENTED_EDGE ( 'NONE', *, *, #3515, .F. ) ;
#9046 = VERTEX_POINT ( 'NONE', #2116 ) ;
#9047 = CARTESIAN_POINT ( 'NONE',  ( 15.55129068462401776, -12.08956228956228962, -6.349999999999999645 ) ) ;
#9048 = CARTESIAN_POINT ( 'NONE',  ( 14.46891133557800124, -15.07901234567901483, -6.349999999999999645 ) ) ;
#9049 = CARTESIAN_POINT ( 'NONE',  ( 0.8000000000000000444, -49.20000000000000284, 0.000000000000000000 ) ) ;
#9050 = EDGE_CURVE ( 'NONE', #1787, #6549, #888, .T. ) ;
#9051 = FACE_OUTER_BOUND ( 'NONE', #1588, .T. ) ;
#9052 = PLANE ( 'NONE',  #9120 ) ;
#9053 = EDGE_CURVE ( 'NONE', #5449, #9262, #602, .T. ) ;
#9054 = EDGE_CURVE ( 'NONE', #7594, #3520, #84, .T. ) ;
#9055 = VERTEX_POINT ( 'NONE', #5944 ) ;
#9056 = EDGE_CURVE ( 'NONE', #5745, #9432, #8309, .T. ) ;
#9057 = DIRECTION ( 'NONE',  ( -0.000000000000000000, 1.000000000000000000, -0.000000000000000000 ) ) ;
#9058 = ORIENTED_EDGE ( 'NONE', *, *, #6028, .T. ) ;
#9059 = ORIENTED_EDGE ( 'NONE', *, *, #6462, .T. ) ;
#9060 = LINE ( 'NONE', #6455, #4272 ) ;
#9061 = AXIS2_PLACEMENT_3D ( 'NONE', #1491, #6683, #1339 ) ;
#9062 = DIRECTION ( 'NONE',  ( 0.000000000000000000, -1.000000000000000000, 0.000000000000000000 ) ) ;
#9063 = CARTESIAN_POINT ( 'NONE',  ( 12.82626262626262736, -12.55151515151515085, -6.049999999999999822 ) ) ;
#9064 = EDGE_CURVE ( 'NONE', #3460, #666, #3206, .T. ) ;
#9065 = VECTOR ( 'NONE', #2284, 1000.000000000000000 ) ;
#9066 = DIRECTION ( 'NONE',  ( -0.9793196221928240908, 0.2023192467070402401, -0.000000000000000000 ) ) ;
#9067 = DIRECTION ( 'NONE',  ( 1.000000000000000000, -0.000000000000000000, 0.000000000000000000 ) ) ;
#9068 = VECTOR ( 'NONE', #8394, 1000.000000000000000 ) ;
#9069 = AXIS2_PLACEMENT_3D ( 'NONE', #401, #3471, #6547 ) ;
#9070 = EDGE_LOOP ( 'NONE', ( #4992, #3099, #6378, #3541 ) ) ;
#9071 = VERTEX_POINT ( 'NONE', #3669 ) ;
#9072 = ORIENTED_EDGE ( 'NONE', *, *, #605, .F. ) ;
#9073 = ORIENTED_EDGE ( 'NONE', *, *, #7994, .T. ) ;
#9074 = DIRECTION ( 'NONE',  ( 0.000000000000000000, 0.000000000000000000, -1.000000000000000000 ) ) ;
#9075 = DIRECTION ( 'NONE',  ( 0.000000000000000000, -0.000000000000000000, -1.000000000000000000 ) ) ;
#9076 = VECTOR ( 'NONE', #1639, 999.9999999999998863 ) ;
#9077 = AXIS2_PLACEMENT_3D ( 'NONE', #7028, #9498, #2496 ) ;
#9078 = CARTESIAN_POINT ( 'NONE',  ( 19.03232323232323253, -18.43434343434343248, -6.049999999999999822 ) ) ;
#9079 = CARTESIAN_POINT ( 'NONE',  ( 8.123681257014588653, -18.66419753086419675, -6.049999999999999822 ) ) ;
#9080 = EDGE_LOOP ( 'NONE', ( #1614, #1379, #5547, #6100 ) ) ;
#9081 = VECTOR ( 'NONE', #5049, 1000.000000000000000 ) ;
#9082 = EDGE_LOOP ( 'NONE', ( #5985, #1264, #410, #90 ) ) ;
#9083 = VECTOR ( 'NONE', #4501, 1000.000000000000000 ) ;
#9084 = FACE_OUTER_BOUND ( 'NONE', #5316, .T. ) ;
#9085 = VERTEX_POINT ( 'NONE', #1406 ) ;
#9086 = CARTESIAN_POINT ( 'NONE',  ( 15.47586980920314303, -12.43254769921436598, -6.049999999999999822 ) ) ;
#9087 = LINE ( 'NONE', #6115, #9559 ) ;
#9088 = LINE ( 'NONE', #432, #6399 ) ;
#9089 = PLANE ( 'NONE',  #3936 ) ;
#9090 = DIRECTION ( 'NONE',  ( -0.2217310485694148625, 0.9751078617775101876, 0.000000000000000000 ) ) ;
#9091 = AXIS2_PLACEMENT_3D ( 'NONE', #755, #3670, #5945 ) ;
#9092 = CARTESIAN_POINT ( 'NONE',  ( 14.83030303030303010, -12.55151515151515085, -6.049999999999999822 ) ) ;
#9093 = VECTOR ( 'NONE', #687, 1000.000000000000000 ) ;
#9094 = DIRECTION ( 'NONE',  ( -0.5081640369527561374, 0.8612603041751534239, 0.000000000000000000 ) ) ;
#9095 = EDGE_LOOP ( 'NONE', ( #5064, #3897, #4813, #965 ) ) ;
#9096 = ORIENTED_EDGE ( 'NONE', *, *, #321, .F. ) ;
#9097 = VERTEX_POINT ( 'NONE', #7551 ) ;
#9098 = CARTESIAN_POINT ( 'NONE',  ( 9.194612794612796236, -15.87340067340067407, -6.349999999999999645 ) ) ;
#9099 = AXIS2_PLACEMENT_3D ( 'NONE', #3217, #6285, #9362 ) ;
#9100 = CARTESIAN_POINT ( 'NONE',  ( 12.82626262626262736, -15.48484848484848442, -6.049999999999999822 ) ) ;
#9101 = CARTESIAN_POINT ( 'NONE',  ( 18.73647586980920465, -17.92255892255892391, -6.049999999999999822 ) ) ;
#9102 = EDGE_CURVE ( 'NONE', #3575, #5577, #4711, .T. ) ;
#9103 = CARTESIAN_POINT ( 'NONE',  ( 10.45039281705948575, -15.48181818181818414, -6.349999999999999645 ) ) ;
#9104 = EDGE_CURVE ( 'NONE', #4896, #2171, #648, .T. ) ;
#9105 = LINE ( 'NONE', #2358, #6384 ) ;
#9106 = VECTOR ( 'NONE', #5978, 1000.000000000000114 ) ;
#9107 = EDGE_CURVE ( 'NONE', #8770, #9592, #3620, .T. ) ;
#9108 = EDGE_LOOP ( 'NONE', ( #9926, #4706, #8703, #2019 ) ) ;
#9109 = FACE_OUTER_BOUND ( 'NONE', #9820, .T. ) ;
#9110 = ORIENTED_EDGE ( 'NONE', *, *, #9366, .F. ) ;
#9111 = ORIENTED_EDGE ( 'NONE', *, *, #3881, .T. ) ;
#9112 = DIRECTION ( 'NONE',  ( 0.000000000000000000, 0.000000000000000000, -1.000000000000000000 ) ) ;
#9113 = CARTESIAN_POINT ( 'NONE',  ( 13.88888888888888928, -13.61010101010101003, -6.049999999999999822 ) ) ;
#9114 = AXIS2_PLACEMENT_3D ( 'NONE', #2167, #3393, #1457 ) ;
#9115 = DIRECTION ( 'NONE',  ( 0.000000000000000000, 0.000000000000000000, 1.000000000000000000 ) ) ;
#9116 = LINE ( 'NONE', #2420, #5881 ) ;
#9117 = ADVANCED_FACE ( 'NONE', ( #3716 ), #7596, .T. ) ;
#9118 = FACE_OUTER_BOUND ( 'NONE', #2623, .T. ) ;
#9119 = DIRECTION ( 'NONE',  ( 0.1984282735353825877, 0.9801154117050538961, 0.000000000000000000 ) ) ;
#9120 = AXIS2_PLACEMENT_3D ( 'NONE', #5880, #6782, #1297 ) ;
#9121 = EDGE_CURVE ( 'NONE', #1573, #6206, #7785, .T. ) ;
#9122 = VERTEX_POINT ( 'NONE', #9860 ) ;
#9123 = CARTESIAN_POINT ( 'NONE',  ( 7.888888888888886619, -17.32188552188552322, -6.049999999999999822 ) ) ;
#9124 = ORIENTED_EDGE ( 'NONE', *, *, #363, .T. ) ;
#9125 = EDGE_LOOP ( 'NONE', ( #7404, #6716, #2122, #9136 ) ) ;
#9126 = ORIENTED_EDGE ( 'NONE', *, *, #2596, .T. ) ;
#9127 = DIRECTION ( 'NONE',  ( -0.03900552091333166910, 0.9992389951049145402, 0.000000000000000000 ) ) ;
#9128 = CARTESIAN_POINT ( 'NONE',  ( 15.53737373737373773, -13.67070707070707059, -6.349999999999999645 ) ) ;
#9129 = VECTOR ( 'NONE', #9196, 1000.000000000000000 ) ;
#9130 = DIRECTION ( 'NONE',  ( 0.8525142665160089228, 0.5227039557786714585, 0.000000000000000000 ) ) ;
#9131 = VECTOR ( 'NONE', #1222, 1000.000000000000114 ) ;
#9132 = DIRECTION ( 'NONE',  ( 0.000000000000000000, 0.000000000000000000, -1.000000000000000000 ) ) ;
#9133 = ORIENTED_EDGE ( 'NONE', *, *, #5482, .T. ) ;
#9134 = VERTEX_POINT ( 'NONE', #2914 ) ;
#9135 = CARTESIAN_POINT ( 'NONE',  ( 8.634343434343435320, -15.32525252525252490, -6.049999999999999822 ) ) ;
#9136 = ORIENTED_EDGE ( 'NONE', *, *, #4681, .T. ) ;
#9137 = LINE ( 'NONE', #1326, #6802 ) ;
#9138 = VECTOR ( 'NONE', #8484, 1000.000000000000114 ) ;
#9139 = DIRECTION ( 'NONE',  ( 0.6192653754519867881, 0.7851817590636641642, -0.000000000000000000 ) ) ;
#9140 = VECTOR ( 'NONE', #4539, 1000.000000000000000 ) ;
#9141 = DIRECTION ( 'NONE',  ( 0.7617912977727024915, -0.6478225209405594764, 0.000000000000000000 ) ) ;
#9142 = CARTESIAN_POINT ( 'NONE',  ( 6.959595959595961112, -12.24444444444444358, -6.049999999999999822 ) ) ;
#9143 = DIRECTION ( 'NONE',  ( 0.000000000000000000, 0.000000000000000000, -1.000000000000000000 ) ) ;
#9144 = LINE ( 'NONE', #828, #6068 ) ;
#9145 = CARTESIAN_POINT ( 'NONE',  ( 14.85454545454545539, -16.07340067340067336, -6.049999999999999822 ) ) ;
#9146 = VECTOR ( 'NONE', #3872, 999.9999999999998863 ) ;
#9147 = ORIENTED_EDGE ( 'NONE', *, *, #4415, .T. ) ;
#9148 = ORIENTED_EDGE ( 'NONE', *, *, #1116, .T. ) ;
#9149 = EDGE_LOOP ( 'NONE', ( #7103, #4523, #4465, #238 ) ) ;
#9150 = CARTESIAN_POINT ( 'NONE',  ( 12.32525252525252490, -14.59797979797979828, -6.349999999999999645 ) ) ;
#9151 = LINE ( 'NONE', #7436, #4072 ) ;
#9152 = CARTESIAN_POINT ( 'NONE',  ( 17.18989898989898890, -15.09696969696969759, -6.349999999999999645 ) ) ;
#9153 = VECTOR ( 'NONE', #7628, 1000.000000000000227 ) ;
#9154 = LINE ( 'NONE', #8395, #5728 ) ;
#9155 = PLANE ( 'NONE',  #9922 ) ;
#9156 = EDGE_CURVE ( 'NONE', #7214, #963, #7031, .T. ) ;
#9157 = VERTEX_POINT ( 'NONE', #6224 ) ;
#9158 = VECTOR ( 'NONE', #9062, 1000.000000000000000 ) ;
#9159 = LINE ( 'NONE', #7698, #1677 ) ;
#9160 = EDGE_CURVE ( 'NONE', #6342, #6852, #2964, .T. ) ;
#9161 = EDGE_LOOP ( 'NONE', ( #4339, #6035, #9643, #5043 ) ) ;
#9162 = ORIENTED_EDGE ( 'NONE', *, *, #6345, .F. ) ;
#9163 = FACE_BOUND ( 'NONE', #8014, .T. ) ;
#9164 = DIRECTION ( 'NONE',  ( 0.9968943216736465551, -0.07875094548537199535, 0.000000000000000000 ) ) ;
#9165 = CARTESIAN_POINT ( 'NONE',  ( 18.48787878787878824, -17.92727272727272592, -6.049999999999999822 ) ) ;
#9166 = LINE ( 'NONE', #3114, #5722 ) ;
#9167 = CARTESIAN_POINT ( 'NONE',  ( 12.49494949494949303, -14.50796857463524248, -6.049999999999999822 ) ) ;
#9168 = EDGE_CURVE ( 'NONE', #3269, #5494, #6039, .T. ) ;
#9169 = CARTESIAN_POINT ( 'NONE',  ( 11.02514029180695765, -18.28080808080807884, -6.049999999999999822 ) ) ;
#9170 = ORIENTED_EDGE ( 'NONE', *, *, #7706, .T. ) ;
#9171 = ADVANCED_FACE ( 'NONE', ( #7839, #2448, #698, #2406, #5511, #6273 ), #9350, .F. ) ;
#9172 = CARTESIAN_POINT ( 'NONE',  ( 9.295061728395060285, -18.06936026936027062, -6.049999999999999822 ) ) ;
#9173 = EDGE_CURVE ( 'NONE', #4514, #4782, #8848, .T. ) ;
#9174 = ORIENTED_EDGE ( 'NONE', *, *, #2028, .F. ) ;
#9175 = ORIENTED_EDGE ( 'NONE', *, *, #9477, .T. ) ;
#9176 = EDGE_CURVE ( 'NONE', #3420, #1996, #9396, .T. ) ;
#9177 = VERTEX_POINT ( 'NONE', #8647 ) ;
#9178 = DIRECTION ( 'NONE',  ( -0.5757396207805246524, 0.8176331017415439106, 0.000000000000000000 ) ) ;
#9179 = CARTESIAN_POINT ( 'NONE',  ( 14.34006734006733907, -16.80516273849607245, -6.049999999999999822 ) ) ;
#9180 = ADVANCED_FACE ( 'NONE', ( #1746 ), #4818, .T. ) ;
#9181 = CARTESIAN_POINT ( 'NONE',  ( 29.19999999999999929, -0.8000000000000000444, 0.000000000000000000 ) ) ;
#9182 = DIRECTION ( 'NONE',  ( 0.000000000000000000, 0.000000000000000000, -1.000000000000000000 ) ) ;
#9183 = EDGE_LOOP ( 'NONE', ( #9789, #4856, #4732, #512 ) ) ;
#9184 = ORIENTED_EDGE ( 'NONE', *, *, #3238, .T. ) ;
#9185 = EDGE_CURVE ( 'NONE', #9710, #3497, #4864, .T. ) ;
#9186 = ORIENTED_EDGE ( 'NONE', *, *, #2575, .F. ) ;
#9187 = DIRECTION ( 'NONE',  ( 0.000000000000000000, 0.000000000000000000, -1.000000000000000000 ) ) ;
#9188 = EDGE_CURVE ( 'NONE', #5834, #463, #1945, .T. ) ;
#9189 = ORIENTED_EDGE ( 'NONE', *, *, #2875, .F. ) ;
#9190 = CARTESIAN_POINT ( 'NONE',  ( 7.489337822671154221, -15.37081930415263642, -6.349999999999999645 ) ) ;
#9191 = CARTESIAN_POINT ( 'NONE',  ( 9.211447811447809997, -12.53176206509539803, -6.049999999999999822 ) ) ;
#9192 = CARTESIAN_POINT ( 'NONE',  ( 16.11666666666666714, -18.15404040404040487, -6.049999999999999822 ) ) ;
#9193 = DIRECTION ( 'NONE',  ( -0.7896229568812216382, 0.6135923613981486557, 0.000000000000000000 ) ) ;
#9194 = EDGE_CURVE ( 'NONE', #2078, #352, #7888, .T. ) ;
#9195 = DIRECTION ( 'NONE',  ( 0.000000000000000000, 0.000000000000000000, -1.000000000000000000 ) ) ;
#9196 = DIRECTION ( 'NONE',  ( 0.000000000000000000, 1.000000000000000000, 0.000000000000000000 ) ) ;
#9197 = CARTESIAN_POINT ( 'NONE',  ( 8.634343434343435320, -15.32525252525252490, -6.049999999999999822 ) ) ;
#9198 = VERTEX_POINT ( 'NONE', #985 ) ;
#9199 = ORIENTED_EDGE ( 'NONE', *, *, #6274, .T. ) ;
#9200 = ORIENTED_EDGE ( 'NONE', *, *, #1646, .F. ) ;
#9201 = LINE ( 'NONE', #2296, #8115 ) ;
#9202 = PLANE ( 'NONE',  #8264 ) ;
#9203 = LINE ( 'NONE', #6076, #4722 ) ;
#9204 = LINE ( 'NONE', #5370, #2190 ) ;
#9205 = CARTESIAN_POINT ( 'NONE',  ( -2.000000000000000000, -52.00000000000000711, -4.349999999999999645 ) ) ;
#9206 = VERTEX_POINT ( 'NONE', #4163 ) ;
#9207 = ORIENTED_EDGE ( 'NONE', *, *, #1287, .F. ) ;
#9208 = LINE ( 'NONE', #2304, #3920 ) ;
#9209 = ORIENTED_EDGE ( 'NONE', *, *, #8939, .T. ) ;
#9210 = VERTEX_POINT ( 'NONE', #7231 ) ;
#9211 = CARTESIAN_POINT ( 'NONE',  ( 8.090684624017958626, -16.60852974186307662, -6.049999999999999822 ) ) ;
#9212 = DIRECTION ( 'NONE',  ( -0.8448971672248454245, 0.5349287586356070712, 0.000000000000000000 ) ) ;
#9213 = DIRECTION ( 'NONE',  ( 0.000000000000000000, 0.000000000000000000, -1.000000000000000000 ) ) ;
#9214 = EDGE_CURVE ( 'NONE', #1753, #1081, #6420, .T. ) ;
#9215 = DIRECTION ( 'NONE',  ( 0.4669189053371122777, 0.8843001390019074037, 0.000000000000000000 ) ) ;
#9216 = LINE ( 'NONE', #4584, #4640 ) ;
#9217 = ORIENTED_EDGE ( 'NONE', *, *, #9852, .F. ) ;
#9218 = CARTESIAN_POINT ( 'NONE',  ( 17.79595959595959442, -11.00000000000000000, -6.049999999999999822 ) ) ;
#9219 = VECTOR ( 'NONE', #7188, 1000.000000000000114 ) ;
#9220 = EDGE_LOOP ( 'NONE', ( #542, #3679, #7721, #7556 ) ) ;
#9221 = VERTEX_POINT ( 'NONE', #6314 ) ;
#9222 = ORIENTED_EDGE ( 'NONE', *, *, #1466, .F. ) ;
#9223 = CARTESIAN_POINT ( 'NONE',  ( 19.18585858585858617, -17.90909090909091006, -6.049999999999999822 ) ) ;
#9224 = CARTESIAN_POINT ( 'NONE',  ( 18.05521885521885395, -13.91021324354657551, -6.049999999999999822 ) ) ;
#9225 = EDGE_CURVE ( 'NONE', #319, #456, #4970, .T. ) ;
#9226 = VECTOR ( 'NONE', #5270, 1000.000000000000000 ) ;
#9227 = EDGE_CURVE ( 'NONE', #9822, #9870, #5720, .T. ) ;
#9228 = PLANE ( 'NONE',  #5589 ) ;
#9229 = VECTOR ( 'NONE', #9485, 1000.000000000000114 ) ;
#9230 = FACE_OUTER_BOUND ( 'NONE', #8942, .T. ) ;
#9231 = ORIENTED_EDGE ( 'NONE', *, *, #4057, .F. ) ;
#9232 = ORIENTED_EDGE ( 'NONE', *, *, #1456, .F. ) ;
#9233 = ADVANCED_FACE ( 'NONE', ( #2695 ), #7119, .F. ) ;
#9234 = DIRECTION ( 'NONE',  ( 0.8393296628323654307, 0.5436227709448048229, 0.000000000000000000 ) ) ;
#9235 = VERTEX_POINT ( 'NONE', #223 ) ;
#9237 = DIRECTION ( 'NONE',  ( 0.000000000000000000, -1.000000000000000000, 0.000000000000000000 ) ) ;
#9236 = VECTOR ( 'NONE', #4802, 1000.000000000000227 ) ;
#9238 = LINE ( 'NONE', #1433, #8918 ) ;
#9239 = CIRCLE ( 'NONE', #4894, 1.100000000000000089 ) ;
#9240 = DIRECTION ( 'NONE',  ( 0.4832170982296077333, 0.8755005630943691886, 0.000000000000000000 ) ) ;
#9241 = DIRECTION ( 'NONE',  ( -0.9641937420200050735, 0.2651988458675109683, 0.000000000000000000 ) ) ;
#9242 = CARTESIAN_POINT ( 'NONE',  ( 8.897418630751962709, -15.86217732884399467, -6.049999999999999822 ) ) ;
#9243 = EDGE_CURVE ( 'NONE', #575, #7089, #5770, .T. ) ;
#9244 = DIRECTION ( 'NONE',  ( -0.9396136777133679008, 0.3422369598011866798, 0.000000000000000000 ) ) ;
#9245 = CARTESIAN_POINT ( 'NONE',  ( 19.77575757575757365, -11.01616161616161627, -6.349999999999999645 ) ) ;
#9246 = AXIS2_PLACEMENT_3D ( 'NONE', #9634, #3390, #9728 ) ;
#9247 = AXIS2_PLACEMENT_3D ( 'NONE', #282, #3297, #6367 ) ;
#9248 = EDGE_LOOP ( 'NONE', ( #8910, #8269, #20, #4070 ) ) ;
#9249 = ORIENTED_EDGE ( 'NONE', *, *, #180, .F. ) ;
#9250 = ADVANCED_FACE ( 'NONE', ( #7080 ), #8744, .T. ) ;
#9251 = VERTEX_POINT ( 'NONE', #6371 ) ;
#9252 = DIRECTION ( 'NONE',  ( -0.8797712615239678957, -0.4753972311620315860, 0.000000000000000000 ) ) ;
#9253 = LINE ( 'NONE', #7837, #6491 ) ;
#9254 = MANIFOLD_SOLID_BREP ( '\X2\523b5b57\X0\_\X2\80cc677f\X0\', #9853 ) ;
#9255 = CARTESIAN_POINT ( 'NONE',  ( 10.19640852974186451, -17.32368125701459149, -6.049999999999999822 ) ) ;
#9256 = VECTOR ( 'NONE', #5068, 1000.000000000000000 ) ;
#9257 = VECTOR ( 'NONE', #9431, 1000.000000000000000 ) ;
#9258 = CARTESIAN_POINT ( 'NONE',  ( 14.67396184062850750, -15.46419753086419746, -6.049999999999999822 ) ) ;
#9259 = CARTESIAN_POINT ( 'NONE',  ( 20.82626262626262559, -13.98181818181818237, -6.349999999999999645 ) ) ;
#9260 = VECTOR ( 'NONE', #3833, 1000.000000000000000 ) ;
#9261 = ORIENTED_EDGE ( 'NONE', *, *, #7401, .T. ) ;
#9262 = VERTEX_POINT ( 'NONE', #9646 ) ;
#9263 = LINE ( 'NONE', #5231, #705 ) ;
#9264 = DIRECTION ( 'NONE',  ( 0.1149937511386795314, 0.9933662150481339381, 0.000000000000000000 ) ) ;
#9265 = ORIENTED_EDGE ( 'NONE', *, *, #4876, .F. ) ;
#9266 = DIRECTION ( 'NONE',  ( 0.000000000000000000, 0.000000000000000000, -1.000000000000000000 ) ) ;
#9267 = LINE ( 'NONE', #8462, #2351 ) ;
#9268 = VECTOR ( 'NONE', #9701, 1000.000000000000114 ) ;
#9269 = DIRECTION ( 'NONE',  ( 0.2963992148724569065, 0.9550641368112359197, 0.000000000000000000 ) ) ;
#9270 = LINE ( 'NONE', #6942, #6729 ) ;
#9271 = VERTEX_POINT ( 'NONE', #9792 ) ;
#9272 = CARTESIAN_POINT ( 'NONE',  ( 17.18989898989898890, -16.26868686868686709, -6.349999999999999645 ) ) ;
#9273 = AXIS2_PLACEMENT_3D ( 'NONE', #9946, #7625, #827 ) ;
#9274 = VERTEX_POINT ( 'NONE', #3405 ) ;
#9275 = ORIENTED_EDGE ( 'NONE', *, *, #2147, .T. ) ;
#9276 = ORIENTED_EDGE ( 'NONE', *, *, #1977, .T. ) ;
#9277 = FACE_OUTER_BOUND ( 'NONE', #5743, .T. ) ;
#9278 = DIRECTION ( 'NONE',  ( 0.7617912977727024915, -0.6478225209405594764, 0.000000000000000000 ) ) ;
#9279 = VECTOR ( 'NONE', #9143, 1000.000000000000000 ) ;
#9280 = DIRECTION ( 'NONE',  ( 0.9990114609012247238, -0.04445335744351251034, 0.000000000000000000 ) ) ;
#9281 = DIRECTION ( 'NONE',  ( 0.8977536859525810931, 0.4404978085740658411, 0.000000000000000000 ) ) ;
#9282 = ORIENTED_EDGE ( 'NONE', *, *, #3019, .T. ) ;
#9283 = ORIENTED_EDGE ( 'NONE', *, *, #6774, .T. ) ;
#9284 = EDGE_CURVE ( 'NONE', #8228, #9804, #8233, .T. ) ;
#9285 = VERTEX_POINT ( 'NONE', #2790 ) ;
#9286 = DIRECTION ( 'NONE',  ( 0.000000000000000000, 0.000000000000000000, -1.000000000000000000 ) ) ;
#9287 = EDGE_CURVE ( 'NONE', #9157, #6450, #524, .T. ) ;
#9288 = ORIENTED_EDGE ( 'NONE', *, *, #5343, .T. ) ;
#9289 = VECTOR ( 'NONE', #1447, 1000.000000000000000 ) ;
#9290 = DIRECTION ( 'NONE',  ( 0.000000000000000000, 0.000000000000000000, -1.000000000000000000 ) ) ;
#9291 = CARTESIAN_POINT ( 'NONE',  ( 7.668686868686868330, -15.80404040404040344, -6.049999999999999822 ) ) ;
#9292 = DIRECTION ( 'NONE',  ( -0.1929090953291699440, -0.9812166330323193186, 0.000000000000000000 ) ) ;
#9293 = CARTESIAN_POINT ( 'NONE',  ( 8.617957351290684187, -18.28170594837261476, -6.049999999999999822 ) ) ;
#9294 = CARTESIAN_POINT ( 'NONE',  ( 16.64377104377104288, -18.75510662177328669, -6.049999999999999822 ) ) ;
#9295 = CARTESIAN_POINT ( 'NONE',  ( 11.96969696969696884, -12.55151515151515085, -6.049999999999999822 ) ) ;
#9296 = EDGE_CURVE ( 'NONE', #29, #5450, #3593, .T. ) ;
#9297 = FACE_OUTER_BOUND ( 'NONE', #65, .T. ) ;
#9298 = ORIENTED_EDGE ( 'NONE', *, *, #6192, .T. ) ;
#9299 = VERTEX_POINT ( 'NONE', #7427 ) ;
#9300 = EDGE_LOOP ( 'NONE', ( #6824, #2945, #7511, #4785 ) ) ;
#9301 = AXIS2_PLACEMENT_3D ( 'NONE', #2924, #3034, #7610 ) ;
#9302 = DIRECTION ( 'NONE',  ( 0.9369487572002729303, 0.3494667743589713327, 0.000000000000000000 ) ) ;
#9303 = EDGE_CURVE ( 'NONE', #9950, #9046, #5866, .T. ) ;
#9304 = LINE ( 'NONE', #7117, #7778 ) ;
#9305 = DIRECTION ( 'NONE',  ( 0.000000000000000000, 0.000000000000000000, -1.000000000000000000 ) ) ;
#9306 = EDGE_CURVE ( 'NONE', #9709, #1869, #5818, .T. ) ;
#9307 = DIRECTION ( 'NONE',  ( 0.000000000000000000, 0.000000000000000000, -1.000000000000000000 ) ) ;
#9308 = CARTESIAN_POINT ( 'NONE',  ( 22.92727272727272947, -12.30101010101010317, -6.049999999999999822 ) ) ;
#9309 = VECTOR ( 'NONE', #1270, 1000.000000000000000 ) ;
#9310 = CARTESIAN_POINT ( 'NONE',  ( 14.09494949494949445, -16.32704826038159496, -6.349999999999999645 ) ) ;
#9311 = EDGE_CURVE ( 'NONE', #7971, #9046, #9742, .T. ) ;
#9312 = VECTOR ( 'NONE', #4529, 1000.000000000000114 ) ;
#9313 = ORIENTED_EDGE ( 'NONE', *, *, #734, .F. ) ;
#9314 = ORIENTED_EDGE ( 'NONE', *, *, #1650, .T. ) ;
#9315 = CARTESIAN_POINT ( 'NONE',  ( 16.06352413019079606, -13.91133557800224452, -6.049999999999999822 ) ) ;
#9316 = LINE ( 'NONE', #5476, #6311 ) ;
#9317 = ORIENTED_EDGE ( 'NONE', *, *, #318, .T. ) ;
#9318 = DIRECTION ( 'NONE',  ( 0.000000000000000000, 0.000000000000000000, -1.000000000000000000 ) ) ;
#9319 = AXIS2_PLACEMENT_3D ( 'NONE', #9197, #5412, #7022 ) ;
#9320 = DIRECTION ( 'NONE',  ( 0.1244342458599936446, -0.9922278561183689449, 0.000000000000000000 ) ) ;
#9321 = DIRECTION ( 'NONE',  ( -0.9641937420200050735, 0.2651988458675109683, 0.000000000000000000 ) ) ;
#9322 = VECTOR ( 'NONE', #9307, 1000.000000000000000 ) ;
#9323 = ORIENTED_EDGE ( 'NONE', *, *, #1418, .F. ) ;
#9324 = DIRECTION ( 'NONE',  ( -0.1059575289472929061, 0.9943706562743006572, 0.000000000000000000 ) ) ;
#9325 = ORIENTED_EDGE ( 'NONE', *, *, #5459, .F. ) ;
#9326 = ORIENTED_EDGE ( 'NONE', *, *, #8499, .F. ) ;
#9327 = ORIENTED_EDGE ( 'NONE', *, *, #8010, .T. ) ;
#9328 = DIRECTION ( 'NONE',  ( -1.000000000000000000, 0.000000000000000000, 0.000000000000000000 ) ) ;
#9329 = CARTESIAN_POINT ( 'NONE',  ( 16.68260381593714925, -12.36341189674523022, -6.049999999999999822 ) ) ;
#9330 = CARTESIAN_POINT ( 'NONE',  ( 12.15286195286195259, -14.69113355780022445, -6.049999999999999822 ) ) ;
#9331 = ORIENTED_EDGE ( 'NONE', *, *, #5784, .T. ) ;
#9332 = ORIENTED_EDGE ( 'NONE', *, *, #2661, .T. ) ;
#9333 = VERTEX_POINT ( 'NONE', #6766 ) ;
#9334 = LINE ( 'NONE', #2385, #6830 ) ;
#9335 = ORIENTED_EDGE ( 'NONE', *, *, #5969, .F. ) ;
#9336 = CARTESIAN_POINT ( 'NONE',  ( 16.71313131313131350, -13.03636363636363704, -6.049999999999999822 ) ) ;
#9337 = CARTESIAN_POINT ( 'NONE',  ( 16.37104377104376951, -18.56790123456790198, -6.049999999999999822 ) ) ;
#9338 = DIRECTION ( 'NONE',  ( 1.000000000000000000, -0.000000000000000000, -0.000000000000000000 ) ) ;
#9339 = CARTESIAN_POINT ( 'NONE',  ( 18.96913580246913611, -17.91649831649831626, -6.049999999999999822 ) ) ;
#9340 = FACE_OUTER_BOUND ( 'NONE', #6404, .T. ) ;
#9341 = EDGE_CURVE ( 'NONE', #4381, #6603, #9835, .T. ) ;
#9342 = DIRECTION ( 'NONE',  ( 0.000000000000000000, -0.000000000000000000, -1.000000000000000000 ) ) ;
#9343 = CARTESIAN_POINT ( 'NONE',  ( 17.60561167227833934, -12.99326599326599485, -6.349999999999999645 ) ) ;
#9344 = ORIENTED_EDGE ( 'NONE', *, *, #3610, .T. ) ;
#9345 = ORIENTED_EDGE ( 'NONE', *, *, #5411, .T. ) ;
#9346 = DIRECTION ( 'NONE',  ( 0.000000000000000000, 1.000000000000000000, 0.000000000000000000 ) ) ;
#9347 = DIRECTION ( 'NONE',  ( -0.5060982782055730711, 0.8624758157753493748, 0.000000000000000000 ) ) ;
#9348 = ADVANCED_FACE ( 'NONE', ( #7529 ), #2043, .T. ) ;
#9349 = CARTESIAN_POINT ( 'NONE',  ( 8.551515151515150848, -12.46868686868686815, -6.049999999999999822 ) ) ;
#9350 = PLANE ( 'NONE',  #474 ) ;
#9351 = PLANE ( 'NONE',  #3794 ) ;
#9352 = EDGE_CURVE ( 'NONE', #7594, #3722, #1988, .T. ) ;
#9353 = DIRECTION ( 'NONE',  ( 0.000000000000000000, 0.000000000000000000, -1.000000000000000000 ) ) ;
#9354 = ADVANCED_FACE ( 'NONE', ( #8139 ), #6008, .T. ) ;
#9355 = VERTEX_POINT ( 'NONE', #4354 ) ;
#9356 = ORIENTED_EDGE ( 'NONE', *, *, #1157, .T. ) ;
#9357 = CARTESIAN_POINT ( 'NONE',  ( 16.05858585858585741, -17.69090909090909136, -6.049999999999999822 ) ) ;
#9358 = LINE ( 'NONE', #1602, #2934 ) ;
#9359 = VERTEX_POINT ( 'NONE', #2843 ) ;
#9360 = EDGE_CURVE ( 'NONE', #9055, #3834, #9088, .T. ) ;
#9361 = DIRECTION ( 'NONE',  ( 0.000000000000000000, -0.000000000000000000, 1.000000000000000000 ) ) ;
#9362 = DIRECTION ( 'NONE',  ( -0.5013697951760476279, 0.8652331064430718310, 0.000000000000000000 ) ) ;
#9363 = DIRECTION ( 'NONE',  ( -0.000000000000000000, -1.000000000000000000, -0.000000000000000000 ) ) ;
#9364 = ADVANCED_FACE ( 'NONE', ( #2134 ), #5918, .T. ) ;
#9365 = EDGE_CURVE ( 'NONE', #2920, #3641, #3546, .T. ) ;
#9366 = EDGE_CURVE ( 'NONE', #4643, #4170, #5209, .T. ) ;
#9367 = ORIENTED_EDGE ( 'NONE', *, *, #8070, .T. ) ;
#9368 = DIRECTION ( 'NONE',  ( -0.9598344456754521747, 0.2805669918128242402, 0.000000000000000000 ) ) ;
#9369 = VERTEX_POINT ( 'NONE', #629 ) ;
#9370 = EDGE_LOOP ( 'NONE', ( #7156, #1118, #2035, #735 ) ) ;
#9371 = EDGE_CURVE ( 'NONE', #977, #5834, #3693, .T. ) ;
#9372 = ORIENTED_EDGE ( 'NONE', *, *, #1289, .F. ) ;
#9373 = FACE_BOUND ( 'NONE', #8410, .T. ) ;
#9374 = DIRECTION ( 'NONE',  ( -0.8313370841500480335, -0.5557685242228963540, 0.000000000000000000 ) ) ;
#9375 = FACE_OUTER_BOUND ( 'NONE', #4086, .T. ) ;
#9376 = ORIENTED_EDGE ( 'NONE', *, *, #5301, .T. ) ;
#9377 = EDGE_LOOP ( 'NONE', ( #3531, #2705, #7835, #7412 ) ) ;
#9378 = ORIENTED_EDGE ( 'NONE', *, *, #2016, .T. ) ;
#9379 = CARTESIAN_POINT ( 'NONE',  ( 12.73445566778900151, -15.53872053872053804, -6.049999999999999822 ) ) ;
#9380 = ORIENTED_EDGE ( 'NONE', *, *, #3144, .F. ) ;
#9381 = LINE ( 'NONE', #7672, #2621 ) ;
#9382 = LINE ( 'NONE', #2485, #9564 ) ;
#9383 = LINE ( 'NONE', #3342, #126 ) ;
#9384 = LINE ( 'NONE', #2488, #254 ) ;
#9385 = AXIS2_PLACEMENT_3D ( 'NONE', #417, #8728, #5606 ) ;
#9386 = DIRECTION ( 'NONE',  ( 0.000000000000000000, 0.000000000000000000, -1.000000000000000000 ) ) ;
#9387 = CARTESIAN_POINT ( 'NONE',  ( 10.06891133557800089, -16.39797979797979721, -6.049999999999999822 ) ) ;
#9388 = DIRECTION ( 'NONE',  ( 0.2259865018656418700, -0.9741304332452251913, 0.000000000000000000 ) ) ;
#9389 = ORIENTED_EDGE ( 'NONE', *, *, #3600, .T. ) ;
#9390 = AXIS2_PLACEMENT_3D ( 'NONE', #6788, #9914, #5328 ) ;
#9391 = ORIENTED_EDGE ( 'NONE', *, *, #7951, .T. ) ;
#9392 = VECTOR ( 'NONE', #6741, 1000.000000000000000 ) ;
#9393 = DIRECTION ( 'NONE',  ( 0.000000000000000000, 0.000000000000000000, -1.000000000000000000 ) ) ;
#9394 = DIRECTION ( 'NONE',  ( -0.5019554406149284720, 0.8648934822491570751, 0.000000000000000000 ) ) ;
#9395 = LINE ( 'NONE', #4162, #5531 ) ;
#9396 = LINE ( 'NONE', #178, #5451 ) ;
#9397 = FACE_OUTER_BOUND ( 'NONE', #9832, .T. ) ;
#9398 = CARTESIAN_POINT ( 'NONE',  ( 16.74545454545454604, -18.79685746352413389, -6.049999999999999822 ) ) ;
#9399 = VECTOR ( 'NONE', #8232, 999.9999999999998863 ) ;
#9400 = DIRECTION ( 'NONE',  ( -0.4113705926245261324, -0.9114681758151220725, 0.000000000000000000 ) ) ;
#9401 = AXIS2_PLACEMENT_3D ( 'NONE', #3412, #8001, #4117 ) ;
#9402 = EDGE_LOOP ( 'NONE', ( #710, #4824, #153, #3335 ) ) ;
#9403 = VERTEX_POINT ( 'NONE', #1580 ) ;
#9404 = DIRECTION ( 'NONE',  ( 1.000000000000000000, 0.000000000000000000, 0.000000000000000000 ) ) ;
#9405 = EDGE_CURVE ( 'NONE', #5940, #4410, #6964, .T. ) ;
#9406 = AXIS2_PLACEMENT_3D ( 'NONE', #6102, #9178, #7464 ) ;
#9407 = ORIENTED_EDGE ( 'NONE', *, *, #8006, .T. ) ;
#9408 = ORIENTED_EDGE ( 'NONE', *, *, #5489, .F. ) ;
#9410 = AXIS2_PLACEMENT_3D ( 'NONE', #5665, #833, #8541 ) ;
#9409 = CARTESIAN_POINT ( 'NONE',  ( 17.60561167227833934, -12.99326599326599485, -6.049999999999999822 ) ) ;
#9411 = ADVANCED_FACE ( 'NONE', ( #8384 ), #9887, .T. ) ;
#9412 = DIRECTION ( 'NONE',  ( 0.000000000000000000, 0.000000000000000000, -1.000000000000000000 ) ) ;
#9413 = DIRECTION ( 'NONE',  ( 0.000000000000000000, 0.000000000000000000, -1.000000000000000000 ) ) ;
#9414 = AXIS2_PLACEMENT_3D ( 'NONE', #4431, #9115, #7504 ) ;
#9415 = EDGE_CURVE ( 'NONE', #8967, #8767, #2990, .T. ) ;
#9416 = ORIENTED_EDGE ( 'NONE', *, *, #4556, .T. ) ;
#9417 = FACE_OUTER_BOUND ( 'NONE', #799, .T. ) ;
#9418 = ORIENTED_EDGE ( 'NONE', *, *, #1720, .F. ) ;
#9419 = EDGE_LOOP ( 'NONE', ( #5824, #898, #112, #5600, #6534, #8306, #8782, #4943, #5441, #4575, #6155, #3470, #2425, #7074, #8817, #9186, #3411, #497, #894, #6840, #5430, #1066, #4533, #414, #3422, #4250, #9174, #9372, #6560, #3640, #2006, #2236, #5415, #5138, #2250, #4901, #5015, #4132, #9757, #8897, #6860, #309, #6033, #2248 ) ) ;
#9420 = ORIENTED_EDGE ( 'NONE', *, *, #2875, .T. ) ;
#9421 = ADVANCED_FACE ( 'NONE', ( #4658 ), #9944, .T. ) ;
#9422 = AXIS2_PLACEMENT_3D ( 'NONE', #9172, #3875, #3120 ) ;
#9423 = FACE_OUTER_BOUND ( 'NONE', #4652, .T. ) ;
#9424 = DIRECTION ( 'NONE',  ( -1.000000000000000000, 0.000000000000000000, 0.000000000000000000 ) ) ;
#9425 = EDGE_CURVE ( 'NONE', #3495, #7, #1478, .T. ) ;
#9426 = LINE ( 'NONE', #2527, #4167 ) ;
#9427 = AXIS2_PLACEMENT_3D ( 'NONE', #2299, #34, #3157 ) ;
#9428 = ORIENTED_EDGE ( 'NONE', *, *, #6377, .T. ) ;
#9429 = ORIENTED_EDGE ( 'NONE', *, *, #9243, .T. ) ;
#9430 = ORIENTED_EDGE ( 'NONE', *, *, #9786, .F. ) ;
#9431 = DIRECTION ( 'NONE',  ( 1.000000000000000000, 0.000000000000000000, 0.000000000000000000 ) ) ;
#9432 = VERTEX_POINT ( 'NONE', #6918 ) ;
#9433 = DIRECTION ( 'NONE',  ( -0.9324871212447408686, -0.3612032235635446176, 0.000000000000000000 ) ) ;
#9434 = DIRECTION ( 'NONE',  ( -0.2963992148724569065, -0.9550641368112359197, 0.000000000000000000 ) ) ;
#9435 = LINE ( 'NONE', #2630, #7041 ) ;
#9436 = DIRECTION ( 'NONE',  ( 0.000000000000000000, 0.000000000000000000, 1.000000000000000000 ) ) ;
#9437 = VECTOR ( 'NONE', #149, 1000.000000000000000 ) ;
#9438 = DIRECTION ( 'NONE',  ( 0.5088036786927551125, 0.8608825800007335882, 0.000000000000000000 ) ) ;
#9439 = CARTESIAN_POINT ( 'NONE',  ( 16.68260381593714925, -12.36341189674523022, -6.049999999999999822 ) ) ;
#9440 = DIRECTION ( 'NONE',  ( -0.6192653754519867881, -0.7851817590636641642, 0.000000000000000000 ) ) ;
#9441 = ORIENTED_EDGE ( 'NONE', *, *, #9102, .F. ) ;
#9442 = VECTOR ( 'NONE', #1849, 1000.000000000000000 ) ;
#9443 = ORIENTED_EDGE ( 'NONE', *, *, #3072, .T. ) ;
#9444 = FACE_OUTER_BOUND ( 'NONE', #1871, .T. ) ;
#9445 = DIRECTION ( 'NONE',  ( 0.000000000000000000, 0.000000000000000000, 1.000000000000000000 ) ) ;
#9446 = CARTESIAN_POINT ( 'NONE',  ( 13.88888888888888928, -13.61010101010101003, -6.049999999999999822 ) ) ;
#9447 = DIRECTION ( 'NONE',  ( 1.000000000000000000, 0.000000000000000000, 0.000000000000000000 ) ) ;
#9448 = DIRECTION ( 'NONE',  ( 0.8161664057391532223, 0.5778169244170958674, 0.000000000000000000 ) ) ;
#9449 = DIRECTION ( 'NONE',  ( 0.000000000000000000, 0.000000000000000000, -1.000000000000000000 ) ) ;
#9450 = VECTOR ( 'NONE', #3046, 1000.000000000000000 ) ;
#9451 = LINE ( 'NONE', #4867, #8326 ) ;
#9452 = CARTESIAN_POINT ( 'NONE',  ( 15.44971941638608293, -13.56464646464646506, -6.049999999999999822 ) ) ;
#9453 = VECTOR ( 'NONE', #9280, 1000.000000000000114 ) ;
#9454 = VERTEX_POINT ( 'NONE', #5354 ) ;
#9455 = ORIENTED_EDGE ( 'NONE', *, *, #6587, .F. ) ;
#9456 = LINE ( 'NONE', #7898, #8596 ) ;
#9457 = DIRECTION ( 'NONE',  ( 0.000000000000000000, 0.000000000000000000, -1.000000000000000000 ) ) ;
#9458 = ORIENTED_EDGE ( 'NONE', *, *, #1272, .F. ) ;
#9459 = DIRECTION ( 'NONE',  ( 0.3825068284528553297, -0.9239526644730984284, 0.000000000000000000 ) ) ;
#9460 = AXIS2_PLACEMENT_3D ( 'NONE', #9192, #2242, #2337 ) ;
#9461 = VECTOR ( 'NONE', #8196, 1000.000000000000000 ) ;
#9462 = DIRECTION ( 'NONE',  ( 0.2217310485694148348, -0.9751078617775101876, -0.000000000000000000 ) ) ;
#9463 = CARTESIAN_POINT ( 'NONE',  ( 10.20707070707070585, -16.10404040404040416, -6.049999999999999822 ) ) ;
#9464 = EDGE_CURVE ( 'NONE', #5648, #5335, #6813, .T. ) ;
#9465 = LINE ( 'NONE', #9514, #9553 ) ;
#9466 = EDGE_CURVE ( 'NONE', #4945, #499, #4701, .T. ) ;
#9467 = ORIENTED_EDGE ( 'NONE', *, *, #7308, .T. ) ;
#9468 = VECTOR ( 'NONE', #517, 1000.000000000000000 ) ;
#9469 = DIRECTION ( 'NONE',  ( -0.8737002439658837494, 0.4864646787732436195, 0.000000000000000000 ) ) ;
#9470 = ORIENTED_EDGE ( 'NONE', *, *, #3436, .F. ) ;
#9471 = EDGE_LOOP ( 'NONE', ( #2876, #4520, #5930, #3428 ) ) ;
#9472 = ORIENTED_EDGE ( 'NONE', *, *, #3826, .T. ) ;
#9473 = LINE ( 'NONE', #2574, #7312 ) ;
#9474 = EDGE_CURVE ( 'NONE', #7557, #4955, #7574, .T. ) ;
#9475 = CARTESIAN_POINT ( 'NONE',  ( 12.30909090909090864, -15.80808080808080973, -6.049999999999999822 ) ) ;
#9476 = DIRECTION ( 'NONE',  ( 0.8684112108460937396, -0.4958447023784982033, 0.000000000000000000 ) ) ;
#9477 = EDGE_CURVE ( 'NONE', #9432, #7400, #6209, .T. ) ;
#9478 = EDGE_CURVE ( 'NONE', #9653, #6188, #8430, .T. ) ;
#9479 = VERTEX_POINT ( 'NONE', #3091 ) ;
#9480 = ORIENTED_EDGE ( 'NONE', *, *, #5399, .T. ) ;
#9481 = ORIENTED_EDGE ( 'NONE', *, *, #1036, .F. ) ;
#9482 = VERTEX_POINT ( 'NONE', #5310 ) ;
#9483 = CARTESIAN_POINT ( 'NONE',  ( 10.71470258136924691, -18.80606060606060481, -6.049999999999999822 ) ) ;
#9484 = ORIENTED_EDGE ( 'NONE', *, *, #4541, .T. ) ;
#9485 = DIRECTION ( 'NONE',  ( 0.3292269221377843724, -0.9442508320037007463, 0.000000000000000000 ) ) ;
#9486 = DIRECTION ( 'NONE',  ( -0.7617912977727024915, 0.6478225209405594764, 0.000000000000000000 ) ) ;
#9487 = EDGE_CURVE ( 'NONE', #7647, #6572, #5406, .T. ) ;
#9488 = CARTESIAN_POINT ( 'NONE',  ( 12.73445566778900151, -15.53872053872053804, -6.349999999999999645 ) ) ;
#9489 = DIRECTION ( 'NONE',  ( 0.02604037056000569478, -0.9996608920534491016, 0.000000000000000000 ) ) ;
#9490 = CARTESIAN_POINT ( 'NONE',  ( 17.64646464646464707, -17.93333333333333357, -6.049999999999999822 ) ) ;
#9491 = CARTESIAN_POINT ( 'NONE',  ( 17.07586980920314090, -11.55667789001122259, -6.049999999999999822 ) ) ;
#9492 = CARTESIAN_POINT ( 'NONE',  ( 8.090684624017958626, -16.60852974186307662, -6.349999999999999645 ) ) ;
#9493 = EDGE_CURVE ( 'NONE', #2422, #4734, #1530, .T. ) ;
#9494 = EDGE_CURVE ( 'NONE', #9844, #8868, #3191, .T. ) ;
#9495 = VERTEX_POINT ( 'NONE', #5456 ) ;
#9496 = ADVANCED_FACE ( 'NONE', ( #7674 ), #3892, .F. ) ;
#9497 = ORIENTED_EDGE ( 'NONE', *, *, #8559, .T. ) ;
#9498 = DIRECTION ( 'NONE',  ( -0.8843001390019075147, 0.4669189053371122777, 0.000000000000000000 ) ) ;
#9499 = DIRECTION ( 'NONE',  ( 1.000000000000000000, 0.000000000000000000, 0.000000000000000000 ) ) ;
#9500 = LINE ( 'NONE', #4050, #9076 ) ;
#9501 = EDGE_CURVE ( 'NONE', #4651, #9134, #2391, .T. ) ;
#9502 = PRESENTATION_STYLE_ASSIGNMENT (( #6426 ) ) ;
#9503 = CARTESIAN_POINT ( 'NONE',  ( 10.05230078563411844, -18.65521885521885537, -6.049999999999999822 ) ) ;
#9504 = PLANE ( 'NONE',  #8146 ) ;
#9505 = LINE ( 'NONE', #7083, #3809 ) ;
#9506 = CARTESIAN_POINT ( 'NONE',  ( 9.536475869809201811, -18.27542087542087401, -6.049999999999999822 ) ) ;
#9507 = ORIENTED_EDGE ( 'NONE', *, *, #7701, .T. ) ;
#9508 = ORIENTED_EDGE ( 'NONE', *, *, #8021, .F. ) ;
#9509 = PLANE ( 'NONE',  #9401 ) ;
#9510 = CARTESIAN_POINT ( 'NONE',  ( 12.49225589225589061, -18.36790123456790269, -6.049999999999999822 ) ) ;
#9511 = CARTESIAN_POINT ( 'NONE',  ( 13.99786756453423031, -13.96655443322110024, -6.049999999999999822 ) ) ;
#9512 = PLANE ( 'NONE',  #4275 ) ;
#9513 = DIRECTION ( 'NONE',  ( -0.4134624642005632622, -0.9105211643323827264, 0.000000000000000000 ) ) ;
#9514 = CARTESIAN_POINT ( 'NONE',  ( 14.80606060606060659, -16.29831649831649898, -6.349999999999999645 ) ) ;
#9515 = ORIENTED_EDGE ( 'NONE', *, *, #6844, .T. ) ;
#9516 = LINE ( 'NONE', #1917, #8760 ) ;
#9517 = ORIENTED_EDGE ( 'NONE', *, *, #2899, .F. ) ;
#9518 = ORIENTED_EDGE ( 'NONE', *, *, #9365, .T. ) ;
#9519 = EDGE_CURVE ( 'NONE', #454, #1657, #7016, .T. ) ;
#9520 = EDGE_LOOP ( 'NONE', ( #6624, #764, #1314, #4953, #8016, #6913, #8972, #4116, #751, #1881, #1211, #3098, #8521, #1060, #7724, #9265, #6751, #4530, #9928, #2987, #3961, #7734, #4870, #4954, #2174, #549, #3589, #2871, #2763, #8614, #6110, #3863, #4084, #4205, #8082, #2024, #6096, #531, #5440, #7884, #9784, #3899 ) ) ;
#9521 = LINE ( 'NONE', #2617, #150 ) ;
#9522 = DIRECTION ( 'NONE',  ( -0.000000000000000000, -0.000000000000000000, 1.000000000000000000 ) ) ;
#9523 = FACE_OUTER_BOUND ( 'NONE', #8603, .T. ) ;
#9524 = ORIENTED_EDGE ( 'NONE', *, *, #964, .T. ) ;
#9525 = ORIENTED_EDGE ( 'NONE', *, *, #4798, .F. ) ;
#9526 = VERTEX_POINT ( 'NONE', #5260 ) ;
#9527 = ORIENTED_EDGE ( 'NONE', *, *, #4807, .F. ) ;
#9528 = EDGE_CURVE ( 'NONE', #8477, #7214, #1434, .T. ) ;
#9529 = VERTEX_POINT ( 'NONE', #3235 ) ;
#9530 = CARTESIAN_POINT ( 'NONE',  ( 12.82626262626262736, -18.94343434343434396, -6.349999999999999645 ) ) ;
#9531 = DIRECTION ( 'NONE',  ( 0.03814016790436040860, -0.9992723990945747703, 0.000000000000000000 ) ) ;
#9532 = CARTESIAN_POINT ( 'NONE',  ( -2.000000000000000000, 2.000000000000000000, -4.349999999999999645 ) ) ;
#9533 = EDGE_CURVE ( 'NONE', #2196, #467, #9383, .T. ) ;
#9534 = LINE ( 'NONE', #6791, #6857 ) ;
#9535 = CARTESIAN_POINT ( 'NONE',  ( 17.18989898989898890, -15.09696969696969759, -6.049999999999999822 ) ) ;
#9536 = DIRECTION ( 'NONE',  ( 0.000000000000000000, 0.000000000000000000, -1.000000000000000000 ) ) ;
#9537 = EDGE_CURVE ( 'NONE', #864, #7216, #3392, .T. ) ;
#9538 = VERTEX_POINT ( 'NONE', #7067 ) ;
#9539 = EDGE_LOOP ( 'NONE', ( #6279, #508, #6808, #3662 ) ) ;
#9540 = LINE ( 'NONE', #9593, #2170 ) ;
#9541 = DIRECTION ( 'NONE',  ( 0.5867357041029339637, 0.8097784965846119842, 0.000000000000000000 ) ) ;
#9542 = DIRECTION ( 'NONE',  ( -0.1094305806210155996, -0.9939944406408656175, 0.000000000000000000 ) ) ;
#9543 = CIRCLE ( 'NONE', #5516, 1.099999999999996758 ) ;
#9544 = EDGE_CURVE ( 'NONE', #5307, #9333, #367, .T. ) ;
#9545 = CARTESIAN_POINT ( 'NONE',  ( 16.29898989898989825, -12.92727272727272769, -6.049999999999999822 ) ) ;
#9546 = PLANE ( 'NONE',  #2992 ) ;
#9547 = LINE ( 'NONE', #5725, #4295 ) ;
#9548 = VECTOR ( 'NONE', #3707, 1000.000000000000227 ) ;
#9549 = LINE ( 'NONE', #1089, #9146 ) ;
#9550 = VECTOR ( 'NONE', #2417, 1000.000000000000114 ) ;
#9551 = EDGE_CURVE ( 'NONE', #8227, #4026, #4151, .T. ) ;
#9552 = EDGE_CURVE ( 'NONE', #7536, #9773, #3435, .T. ) ;
#9553 = VECTOR ( 'NONE', #2100, 1000.000000000000114 ) ;
#9554 = ORIENTED_EDGE ( 'NONE', *, *, #1862, .F. ) ;
#9555 = EDGE_LOOP ( 'NONE', ( #6354, #4499, #6121, #8352 ) ) ;
#9556 = FACE_OUTER_BOUND ( 'NONE', #6798, .T. ) ;
#9557 = CARTESIAN_POINT ( 'NONE',  ( 16.29090909090908923, -18.48484848484848442, -6.049999999999999822 ) ) ;
#9558 = CARTESIAN_POINT ( 'NONE',  ( 17.60561167227833934, -12.99326599326599485, -6.049999999999999822 ) ) ;
#9559 = VECTOR ( 'NONE', #9139, 1000.000000000000000 ) ;
#9560 = AXIS2_PLACEMENT_3D ( 'NONE', #2350, #5318, #3857 ) ;
#9561 = LINE ( 'NONE', #8005, #6527 ) ;
#9562 = FACE_OUTER_BOUND ( 'NONE', #3211, .T. ) ;
#9563 = CARTESIAN_POINT ( 'NONE',  ( 12.21750841750841765, -17.16924803591470194, -6.049999999999999822 ) ) ;
#9564 = VECTOR ( 'NONE', #5555, 1000.000000000000114 ) ;
#9565 = VECTOR ( 'NONE', #1574, 1000.000000000000000 ) ;
#9566 = ORIENTED_EDGE ( 'NONE', *, *, #4188, .F. ) ;
#9567 = LINE ( 'NONE', #5640, #8107 ) ;
#9568 = ORIENTED_EDGE ( 'NONE', *, *, #1707, .F. ) ;
#9569 = ORIENTED_EDGE ( 'NONE', *, *, #369, .F. ) ;
#9570 = ORIENTED_EDGE ( 'NONE', *, *, #7758, .F. ) ;
#9571 = PLANE ( 'NONE',  #2725 ) ;
#9572 = LINE ( 'NONE', #8773, #5377 ) ;
#9573 = AXIS2_PLACEMENT_3D ( 'NONE', #9888, #5311, #1479 ) ;
#9574 = VECTOR ( 'NONE', #6181, 1000.000000000000000 ) ;
#9575 = CARTESIAN_POINT ( 'NONE',  ( 9.327272727272728048, -15.61683501683501696, -6.349999999999999645 ) ) ;
#9576 = ORIENTED_EDGE ( 'NONE', *, *, #2454, .F. ) ;
#9577 = ORIENTED_EDGE ( 'NONE', *, *, #5615, .F. ) ;
#9578 = VECTOR ( 'NONE', #8685, 1000.000000000000000 ) ;
#9579 = ORIENTED_EDGE ( 'NONE', *, *, #9908, .T. ) ;
#9580 = ORIENTED_EDGE ( 'NONE', *, *, #2942, .F. ) ;
#9581 = VERTEX_POINT ( 'NONE', #6414 ) ;
#9582 = DIRECTION ( 'NONE',  ( -0.5452278836601465173, 0.8382878711275011385, 0.000000000000000000 ) ) ;
#9583 = LINE ( 'NONE', #2978, #8448 ) ;
#9584 = PLANE ( 'NONE',  #5436 ) ;
#9585 = CARTESIAN_POINT ( 'NONE',  ( 10.92121212121212182, -18.45050505050505052, -6.349999999999999645 ) ) ;
#9586 = VECTOR ( 'NONE', #87, 1000.000000000000000 ) ;
#9587 = FACE_OUTER_BOUND ( 'NONE', #6906, .T. ) ;
#9588 = EDGE_CURVE ( 'NONE', #1356, #5427, #6512, .T. ) ;
#9589 = CARTESIAN_POINT ( 'NONE',  ( 14.83030303030303010, -13.61010101010101003, -6.049999999999999822 ) ) ;
#9590 = ORIENTED_EDGE ( 'NONE', *, *, #2023, .T. ) ;
#9591 = EDGE_CURVE ( 'NONE', #1178, #2822, #5593, .T. ) ;
#9592 = VERTEX_POINT ( 'NONE', #4906 ) ;
#9593 = CARTESIAN_POINT ( 'NONE',  ( 12.49225589225589061, -18.36790123456790269, -6.049999999999999822 ) ) ;
#9594 = AXIS2_PLACEMENT_3D ( 'NONE', #5312, #6010, #1436 ) ;
#9595 = CARTESIAN_POINT ( 'NONE',  ( 12.82626262626262736, -11.05656565656565604, -6.349999999999999645 ) ) ;
#9596 = CARTESIAN_POINT ( 'NONE',  ( 9.450505050505050519, -15.34545454545454568, -6.049999999999999822 ) ) ;
#9597 = CARTESIAN_POINT ( 'NONE',  ( 8.897418630751962709, -15.86217732884399467, -6.049999999999999822 ) ) ;
#9598 = LINE ( 'NONE', #4402, #2175 ) ;
#9599 = EDGE_CURVE ( 'NONE', #9697, #5144, #6459, .T. ) ;
#9600 = PLANE ( 'NONE',  #2030 ) ;
#9601 = LINE ( 'NONE', #1186, #6554 ) ;
#9602 = FACE_OUTER_BOUND ( 'NONE', #2362, .T. ) ;
#9603 = AXIS2_PLACEMENT_3D ( 'NONE', #9205, #796, #5471 ) ;
#9604 = EDGE_CURVE ( 'NONE', #9235, #6787, #2487, .T. ) ;
#9605 = ADVANCED_FACE ( 'NONE', ( #5656 ), #7108, .T. ) ;
#9606 = ORIENTED_EDGE ( 'NONE', *, *, #2721, .F. ) ;
#9607 = ORIENTED_EDGE ( 'NONE', *, *, #7495, .T. ) ;
#9608 = EDGE_CURVE ( 'NONE', #2797, #9909, #7979, .T. ) ;
#9609 = DIRECTION ( 'NONE',  ( 0.9999974193207997741, 0.002271860854180602664, 0.000000000000000000 ) ) ;
#9610 = LINE ( 'NONE', #5733, #8896 ) ;
#9611 = DIRECTION ( 'NONE',  ( 0.000000000000000000, 0.000000000000000000, 1.000000000000000000 ) ) ;
#9612 = VECTOR ( 'NONE', #9796, 1000.000000000000000 ) ;
#9613 = EDGE_CURVE ( 'NONE', #5194, #7549, #1731, .T. ) ;
#9614 = LINE ( 'NONE', #9658, #420 ) ;
#9615 = LINE ( 'NONE', #347, #760 ) ;
#9616 = LINE ( 'NONE', #2141, #7467 ) ;
#9617 = VERTEX_POINT ( 'NONE', #1884 ) ;
#9618 = LINE ( 'NONE', #8157, #1029 ) ;
#9619 = ORIENTED_EDGE ( 'NONE', *, *, #9828, .T. ) ;
#9620 = VECTOR ( 'NONE', #2588, 1000.000000000000114 ) ;
#9621 = ORIENTED_EDGE ( 'NONE', *, *, #3884, .T. ) ;
#9622 = VECTOR ( 'NONE', #1127, 1000.000000000000114 ) ;
#9623 = ORIENTED_EDGE ( 'NONE', *, *, #7579, .T. ) ;
#9624 = DIRECTION ( 'NONE',  ( 0.000000000000000000, 0.000000000000000000, -1.000000000000000000 ) ) ;
#9625 = CARTESIAN_POINT ( 'NONE',  ( 7.888888888888886619, -17.32188552188552322, -6.049999999999999822 ) ) ;
#9626 = CARTESIAN_POINT ( 'NONE',  ( 8.376767676767677528, -18.47878787878788032, -6.349999999999999645 ) ) ;
#9627 = AXIS2_PLACEMENT_3D ( 'NONE', #4950, #8067, #8971 ) ;
#9628 = ORIENTED_EDGE ( 'NONE', *, *, #1364, .F. ) ;
#9629 = ORIENTED_EDGE ( 'NONE', *, *, #2049, .T. ) ;
#9630 = ORIENTED_EDGE ( 'NONE', *, *, #4065, .F. ) ;
#9631 = ORIENTED_EDGE ( 'NONE', *, *, #3796, .T. ) ;
#9632 = ORIENTED_EDGE ( 'NONE', *, *, #7553, .F. ) ;
#9633 = CARTESIAN_POINT ( 'NONE',  ( 16.06352413019079606, -13.91133557800224452, -6.349999999999999645 ) ) ;
#9634 = CARTESIAN_POINT ( 'NONE',  ( 18.81481481481481310, -13.16139169472502779, -6.049999999999999822 ) ) ;
#9635 = VECTOR ( 'NONE', #9132, 1000.000000000000000 ) ;
#9636 = PLANE ( 'NONE',  #7850 ) ;
#9637 = CARTESIAN_POINT ( 'NONE',  ( 0.000000000000000000, 0.000000000000000000, -6.349999999999999645 ) ) ;
#9638 = CARTESIAN_POINT ( 'NONE',  ( 7.395959595959595845, -17.58855218855218894, -6.349999999999999645 ) ) ;
#9639 = AXIS2_PLACEMENT_3D ( 'NONE', #5284, #4767, #8358 ) ;
#9640 = VERTEX_POINT ( 'NONE', #4804 ) ;
#9641 = EDGE_LOOP ( 'NONE', ( #5863, #1670, #1412, #9298 ) ) ;
#9642 = PLANE ( 'NONE',  #8605 ) ;
#9643 = ORIENTED_EDGE ( 'NONE', *, *, #9053, .T. ) ;
#9644 = LINE ( 'NONE', #4161, #8261 ) ;
#9645 = FACE_OUTER_BOUND ( 'NONE', #6393, .T. ) ;
#9646 = CARTESIAN_POINT ( 'NONE',  ( 7.193939393939395188, -14.44242424242424150, -6.049999999999999822 ) ) ;
#9647 = EDGE_CURVE ( 'NONE', #9085, #635, #8785, .T. ) ;
#9648 = LINE ( 'NONE', #2743, #1857 ) ;
#9649 = DIRECTION ( 'NONE',  ( -0.3434880007430260451, 0.9391570653227067078, 0.000000000000000000 ) ) ;
#9650 = CARTESIAN_POINT ( 'NONE',  ( 8.123681257014588653, -18.66419753086419675, -6.049999999999999822 ) ) ;
#9651 = DIRECTION ( 'NONE',  ( 0.000000000000000000, 0.000000000000000000, -1.000000000000000000 ) ) ;
#9652 = VERTEX_POINT ( 'NONE', #8684 ) ;
#9653 = VERTEX_POINT ( 'NONE', #6359 ) ;
#9654 = LINE ( 'NONE', #4411, #3765 ) ;
#9655 = LINE ( 'NONE', #4563, #9226 ) ;
#9656 = DIRECTION ( 'NONE',  ( -0.9949998040134239163, 0.09987687426650904143, 0.000000000000000000 ) ) ;
#9657 = EDGE_CURVE ( 'NONE', #1889, #6281, #9435, .T. ) ;
#9658 = CARTESIAN_POINT ( 'NONE',  ( -0.9000000000000000222, 2.000000000000000000, -6.349999999999999645 ) ) ;
#9659 = ADVANCED_FACE ( 'NONE', ( #2539 ), #5610, .T. ) ;
#9660 = DIRECTION ( 'NONE',  ( 0.1800247790133650827, -0.9836620755834745156, 0.000000000000000000 ) ) ;
#9661 = ADVANCED_FACE ( 'NONE', ( #8034 ), #7923, .T. ) ;
#9662 = ORIENTED_EDGE ( 'NONE', *, *, #3271, .T. ) ;
#9663 = DIRECTION ( 'NONE',  ( -0.000000000000000000, 0.000000000000000000, 1.000000000000000000 ) ) ;
#9664 = ORIENTED_EDGE ( 'NONE', *, *, #7938, .F. ) ;
#9665 = VERTEX_POINT ( 'NONE', #2830 ) ;
#9666 = CARTESIAN_POINT ( 'NONE',  ( 9.771717171717170913, -14.44242424242424150, -6.049999999999999822 ) ) ;
#9667 = VERTEX_POINT ( 'NONE', #4388 ) ;
#9668 = DIRECTION ( 'NONE',  ( 0.5636924539702068415, -0.8259847561166284713, 0.000000000000000000 ) ) ;
#9669 = CARTESIAN_POINT ( 'NONE',  ( 15.36992143658810406, -13.42693602693602628, -6.349999999999999645 ) ) ;
#9670 = EDGE_CURVE ( 'NONE', #476, #5951, #7316, .T. ) ;
#9671 = EDGE_CURVE ( 'NONE', #9749, #962, #1372, .T. ) ;
#9672 = EDGE_CURVE ( 'NONE', #2386, #9299, #1168, .T. ) ;
#9673 = DIRECTION ( 'NONE',  ( -0.000000000000000000, -0.000000000000000000, 1.000000000000000000 ) ) ;
#9674 = EDGE_CURVE ( 'NONE', #5563, #5848, #2083, .T. ) ;
#9675 = EDGE_LOOP ( 'NONE', ( #4158, #3334, #5146, #9005 ) ) ;
#9676 = ORIENTED_EDGE ( 'NONE', *, *, #8310, .T. ) ;
#9677 = ORIENTED_EDGE ( 'NONE', *, *, #4868, .F. ) ;
#9678 = VERTEX_POINT ( 'NONE', #1936 ) ;
#9679 = ORIENTED_EDGE ( 'NONE', *, *, #6883, .F. ) ;
#9680 = CARTESIAN_POINT ( 'NONE',  ( 16.54747474747474811, -18.70303030303030312, -6.049999999999999822 ) ) ;
#9681 = CARTESIAN_POINT ( 'NONE',  ( 7.193939393939395188, -14.44242424242424150, -6.349999999999999645 ) ) ;
#9682 = CARTESIAN_POINT ( 'NONE',  ( 10.68799102132435408, -17.65903479236812501, -6.349999999999999645 ) ) ;
#9683 = LINE ( 'NONE', #9782, #935 ) ;
#9684 = CARTESIAN_POINT ( 'NONE',  ( 14.13086419753086354, -14.33019079685746355, -6.049999999999999822 ) ) ;
#9685 = ORIENTED_EDGE ( 'NONE', *, *, #245, .F. ) ;
#9686 = ORIENTED_EDGE ( 'NONE', *, *, #1409, .F. ) ;
#9687 = LINE ( 'NONE', #520, #1371 ) ;
#9688 = ORIENTED_EDGE ( 'NONE', *, *, #9766, .T. ) ;
#9689 = CARTESIAN_POINT ( 'NONE',  ( 14.61212121212121140, -17.27878787878787747, -6.349999999999999645 ) ) ;
#9690 = LINE ( 'NONE', #7274, #228 ) ;
#9691 = CARTESIAN_POINT ( 'NONE',  ( 10.06891133557800089, -16.39797979797979721, -6.349999999999999645 ) ) ;
#9692 = PLANE ( 'NONE',  #5565 ) ;
#9693 = LINE ( 'NONE', #2793, #8165 ) ;
#9694 = LINE ( 'NONE', #2050, #6886 ) ;
#9695 = VECTOR ( 'NONE', #4930, 1000.000000000000000 ) ;
#9696 = ORIENTED_EDGE ( 'NONE', *, *, #5582, .T. ) ;
#9697 = VERTEX_POINT ( 'NONE', #9027 ) ;
#9698 = DIRECTION ( 'NONE',  ( -0.1438050830094566301, 0.9896060317624600922, 0.000000000000000000 ) ) ;
#9699 = CARTESIAN_POINT ( 'NONE',  ( 6.978002244668909171, -17.95959595959595845, -6.349999999999999645 ) ) ;
#9700 = LINE ( 'NONE', #8498, #8290 ) ;
#9701 = DIRECTION ( 'NONE',  ( 0.8684112108460937396, -0.4958447023784982033, 0.000000000000000000 ) ) ;
#9702 = CARTESIAN_POINT ( 'NONE',  ( 9.990796857463521974, -11.48125701459034786, -6.349999999999999645 ) ) ;
#9703 = VECTOR ( 'NONE', #5704, 1000.000000000000000 ) ;
#9704 = ADVANCED_FACE ( 'NONE', ( #8838 ), #9584, .T. ) ;
#9705 = ORIENTED_EDGE ( 'NONE', *, *, #2942, .T. ) ;
#9706 = DIRECTION ( 'NONE',  ( 1.000000000000000000, 0.000000000000000000, 0.000000000000000000 ) ) ;
#9707 = ADVANCED_FACE ( 'NONE', ( #5149 ), #1976, .T. ) ;
#9708 = VECTOR ( 'NONE', #6412, 999.9999999999998863 ) ;
#9709 = VERTEX_POINT ( 'NONE', #4294 ) ;
#9710 = VERTEX_POINT ( 'NONE', #4345 ) ;
#9712 = VECTOR ( 'NONE', #301, 1000.000000000000000 ) ;
#9711 = LINE ( 'NONE', #2010, #3773 ) ;
#9713 = EDGE_LOOP ( 'NONE', ( #1122, #2811, #8377, #7538 ) ) ;
#9714 = FACE_OUTER_BOUND ( 'NONE', #62, .T. ) ;
#9715 = CARTESIAN_POINT ( 'NONE',  ( 8.847250280583613957, -18.07295173961840717, -6.049999999999999822 ) ) ;
#9716 = EDGE_CURVE ( 'NONE', #2996, #2467, #1319, .T. ) ;
#9717 = AXIS2_PLACEMENT_3D ( 'NONE', #9715, #3477, #406 ) ;
#9718 = CARTESIAN_POINT ( 'NONE',  ( 8.847250280583613957, -18.07295173961840717, -6.049999999999999822 ) ) ;
#9719 = VECTOR ( 'NONE', #4617, 1000.000000000000000 ) ;
#9720 = ORIENTED_EDGE ( 'NONE', *, *, #4042, .F. ) ;
#9721 = ORIENTED_EDGE ( 'NONE', *, *, #7139, .T. ) ;
#9722 = EDGE_CURVE ( 'NONE', #6961, #4514, #6563, .T. ) ;
#9723 = VERTEX_POINT ( 'NONE', #8126 ) ;
#9724 = ORIENTED_EDGE ( 'NONE', *, *, #5188, .T. ) ;
#9725 = ORIENTED_EDGE ( 'NONE', *, *, #9670, .F. ) ;
#9727 = CARTESIAN_POINT ( 'NONE',  ( 6.978002244668909171, -17.95959595959595845, -6.049999999999999822 ) ) ;
#9726 = VECTOR ( 'NONE', #1662, 1000.000000000000000 ) ;
#9728 = DIRECTION ( 'NONE',  ( -0.09182751138852850159, -0.9957749284613413021, 0.000000000000000000 ) ) ;
#9729 = AXIS2_PLACEMENT_3D ( 'NONE', #668, #3788, #6762 ) ;
#9730 = DIRECTION ( 'NONE',  ( 0.000000000000000000, 0.000000000000000000, -1.000000000000000000 ) ) ;
#9731 = ADVANCED_FACE ( 'NONE', ( #419 ), #9636, .T. ) ;
#9732 = EDGE_CURVE ( 'NONE', #1043, #2921, #5809, .T. ) ;
#9733 = LINE ( 'NONE', #4961, #3507 ) ;
#9734 = LINE ( 'NONE', #9684, #5934 ) ;
#9735 = VECTOR ( 'NONE', #8045, 1000.000000000000000 ) ;
#9736 = ORIENTED_EDGE ( 'NONE', *, *, #321, .T. ) ;
#9737 = ORIENTED_EDGE ( 'NONE', *, *, #5459, .T. ) ;
#9738 = DIRECTION ( 'NONE',  ( 0.000000000000000000, 0.000000000000000000, -1.000000000000000000 ) ) ;
#9739 = VERTEX_POINT ( 'NONE', #2125 ) ;
#9740 = DIRECTION ( 'NONE',  ( -0.8797712615239678957, -0.4753972311620315860, 0.000000000000000000 ) ) ;
#9741 = CARTESIAN_POINT ( 'NONE',  ( 16.05297418630751949, -11.23176206509539909, -6.349999999999999645 ) ) ;
#9742 = LINE ( 'NONE', #8285, #6241 ) ;
#9743 = CARTESIAN_POINT ( 'NONE',  ( 17.74837261503928332, -12.86397306397306295, -6.349999999999999645 ) ) ;
#9744 = VECTOR ( 'NONE', #6136, 1000.000000000000114 ) ;
#9745 = CARTESIAN_POINT ( 'NONE',  ( 8.634343434343435320, -15.32525252525252490, -6.049999999999999822 ) ) ;
#9746 = DIRECTION ( 'NONE',  ( -0.1833217660924597314, -0.9830529640241879585, 0.000000000000000000 ) ) ;
#9747 = CARTESIAN_POINT ( 'NONE',  ( 10.84601571268237841, -11.53984287317620527, -6.349999999999999645 ) ) ;
#9748 = VECTOR ( 'NONE', #1087, 1000.000000000000000 ) ;
#9749 = VERTEX_POINT ( 'NONE', #615 ) ;
#9750 = VERTEX_POINT ( 'NONE', #5051 ) ;
#9751 = CARTESIAN_POINT ( 'NONE',  ( 10.22999999999999865, -31.39999999999999858, -6.349999999999999645 ) ) ;
#9752 = CARTESIAN_POINT ( 'NONE',  ( 15.78563411896745450, -12.15016835016835017, -6.049999999999999822 ) ) ;
#9753 = CARTESIAN_POINT ( 'NONE',  ( 18.56161616161616124, -13.66060606060606020, -6.049999999999999822 ) ) ;
#9754 = FACE_OUTER_BOUND ( 'NONE', #2585, .T. ) ;
#9755 = VECTOR ( 'NONE', #2868, 1000.000000000000000 ) ;
#9756 = LINE ( 'NONE', #2108, #5742 ) ;
#9757 = ORIENTED_EDGE ( 'NONE', *, *, #8254, .F. ) ;
#9758 = PLANE ( 'NONE',  #1994 ) ;
#9759 = VECTOR ( 'NONE', #7590, 1000.000000000000000 ) ;
#9760 = ORIENTED_EDGE ( 'NONE', *, *, #3264, .T. ) ;
#9761 = ORIENTED_EDGE ( 'NONE', *, *, #3699, .T. ) ;
#9762 = LINE ( 'NONE', #601, #7315 ) ;
#9763 = ORIENTED_EDGE ( 'NONE', *, *, #6201, .T. ) ;
#9764 = CARTESIAN_POINT ( 'NONE',  ( 16.53423120089786735, -13.02424242424242351, -6.049999999999999822 ) ) ;
#9765 = LINE ( 'NONE', #1454, #5077 ) ;
#9766 = EDGE_CURVE ( 'NONE', #9960, #5462, #2879, .T. ) ;
#9767 = PLANE ( 'NONE',  #9114 ) ;
#9768 = ADVANCED_FACE ( 'NONE', ( #471 ), #5196, .F. ) ;
#9769 = DIRECTION ( 'NONE',  ( 0.8313370841500479225, 0.5557685242228963540, 0.000000000000000000 ) ) ;
#9770 = ORIENTED_EDGE ( 'NONE', *, *, #9168, .F. ) ;
#9771 = VECTOR ( 'NONE', #2675, 1000.000000000000000 ) ;
#9772 = ORIENTED_EDGE ( 'NONE', *, *, #1846, .T. ) ;
#9773 = VERTEX_POINT ( 'NONE', #9682 ) ;
#9774 = ORIENTED_EDGE ( 'NONE', *, *, #9311, .T. ) ;
#9775 = EDGE_CURVE ( 'NONE', #1563, #9912, #2778, .T. ) ;
#9776 = ORIENTED_EDGE ( 'NONE', *, *, #9927, .F. ) ;
#9777 = CARTESIAN_POINT ( 'NONE',  ( 18.73647586980920465, -17.92255892255892391, -6.049999999999999822 ) ) ;
#9778 = CARTESIAN_POINT ( 'NONE',  ( 13.87676767676767753, -12.55151515151515085, -6.049999999999999822 ) ) ;
#9779 = AXIS2_PLACEMENT_3D ( 'NONE', #9532, #7827, #1829 ) ;
#9780 = VECTOR ( 'NONE', #1506, 1000.000000000000000 ) ;
#9781 = ADVANCED_FACE ( 'NONE', ( #8932 ), #2027, .T. ) ;
#9782 = CARTESIAN_POINT ( 'NONE',  ( 16.46010101010101323, -13.00909090909090970, -6.349999999999999645 ) ) ;
#9783 = CARTESIAN_POINT ( 'NONE',  ( 16.05858585858585741, -14.27272727272727337, -6.349999999999999645 ) ) ;
#9784 = ORIENTED_EDGE ( 'NONE', *, *, #9284, .F. ) ;
#9785 = VERTEX_POINT ( 'NONE', #5757 ) ;
#9786 = EDGE_CURVE ( 'NONE', #1738, #3283, #8372, .T. ) ;
#9787 = VECTOR ( 'NONE', #7100, 1000.000000000000114 ) ;
#9788 = PLANE ( 'NONE',  #2332 ) ;
#9789 = ORIENTED_EDGE ( 'NONE', *, *, #487, .F. ) ;
#9790 = CARTESIAN_POINT ( 'NONE',  ( 7.956228956228954985, -12.39977553310886549, -6.349999999999999645 ) ) ;
#9791 = DIRECTION ( 'NONE',  ( -1.000000000000000000, 0.000000000000000000, 0.000000000000000000 ) ) ;
#9792 = CARTESIAN_POINT ( 'NONE',  ( 10.72525252525252526, -13.40808080808080760, -6.049999999999999822 ) ) ;
#9793 = LINE ( 'NONE', #6526, #9256 ) ;
#9794 = CARTESIAN_POINT ( 'NONE',  ( 22.28080808080807884, -18.93535353535353494, -6.349999999999999645 ) ) ;
#9795 = EDGE_CURVE ( 'NONE', #5563, #3619, #4692, .T. ) ;
#9796 = DIRECTION ( 'NONE',  ( 0.000000000000000000, 0.000000000000000000, -1.000000000000000000 ) ) ;
#9797 = EDGE_CURVE ( 'NONE', #4409, #1450, #8473, .T. ) ;
#9798 = STYLED_ITEM ( 'NONE', ( #9502 ), #9254 ) ;
#9799 = EDGE_CURVE ( 'NONE', #7307, #1335, #9874, .T. ) ;
#9800 = CARTESIAN_POINT ( 'NONE',  ( 14.47272727272727266, -17.04253647586980946, -6.049999999999999822 ) ) ;
#9801 = LINE ( 'NONE', #7485, #8429 ) ;
#9802 = ORIENTED_EDGE ( 'NONE', *, *, #7063, .F. ) ;
#9803 = EDGE_CURVE ( 'NONE', #4362, #7184, #6951, .T. ) ;
#9804 = VERTEX_POINT ( 'NONE', #767 ) ;
#9805 = DIRECTION ( 'NONE',  ( -0.8871582244858522426, -0.4614653667688512484, 0.000000000000000000 ) ) ;
#9806 = PLANE ( 'NONE',  #9061 ) ;
#9807 = CARTESIAN_POINT ( 'NONE',  ( 15.66868686868686922, -12.12020202020202042, -6.049999999999999822 ) ) ;
#9808 = LINE ( 'NONE', #2907, #8302 ) ;
#9809 = LINE ( 'NONE', #5176, #6229 ) ;
#9810 = ORIENTED_EDGE ( 'NONE', *, *, #5608, .F. ) ;
#9811 = CARTESIAN_POINT ( 'NONE',  ( 9.771717171717170913, -14.44242424242424150, -6.049999999999999822 ) ) ;
#9812 = ORIENTED_EDGE ( 'NONE', *, *, #7564, .T. ) ;
#9813 = ORIENTED_EDGE ( 'NONE', *, *, #4230, .F. ) ;
#9814 = LINE ( 'NONE', #8212, #2151 ) ;
#9815 = DIRECTION ( 'NONE',  ( 0.000000000000000000, 0.000000000000000000, -1.000000000000000000 ) ) ;
#9816 = DIRECTION ( 'NONE',  ( -0.9999190082869390261, -0.01272701325779580783, 0.000000000000000000 ) ) ;
#9817 = CARTESIAN_POINT ( 'NONE',  ( 16.96363636363636473, -12.42424242424242387, -6.349999999999999645 ) ) ;
#9818 = CARTESIAN_POINT ( 'NONE',  ( 17.18989898989898890, -15.54141414141414224, -6.049999999999999822 ) ) ;
#9819 = ORIENTED_EDGE ( 'NONE', *, *, #5668, .T. ) ;
#9820 = EDGE_LOOP ( 'NONE', ( #6480, #9770, #4423, #2469 ) ) ;
#9821 = ORIENTED_EDGE ( 'NONE', *, *, #424, .T. ) ;
#9822 = VERTEX_POINT ( 'NONE', #6148 ) ;
#9823 = FACE_OUTER_BOUND ( 'NONE', #7613, .T. ) ;
#9824 = FACE_OUTER_BOUND ( 'NONE', #2858, .T. ) ;
#9825 = DIRECTION ( 'NONE',  ( -0.9733063200214976396, 0.2295099287747917605, -0.000000000000000000 ) ) ;
#9826 = DIRECTION ( 'NONE',  ( 0.9687039990319731286, -0.2482187790225852397, 0.000000000000000000 ) ) ;
#9827 = ORIENTED_EDGE ( 'NONE', *, *, #7321, .F. ) ;
#9828 = EDGE_CURVE ( 'NONE', #1290, #6653, #1567, .T. ) ;
#9829 = EDGE_LOOP ( 'NONE', ( #5416, #8570, #8317, #2303 ) ) ;
#9830 = DIRECTION ( 'NONE',  ( -0.5436227709448048229, 0.8393296628323654307, 0.000000000000000000 ) ) ;
#9831 = ADVANCED_FACE ( 'NONE', ( #9824 ), #9930, .T. ) ;
#9832 = EDGE_LOOP ( 'NONE', ( #2960, #6705, #9819, #3626 ) ) ;
#9833 = DIRECTION ( 'NONE',  ( 0.9933662150481338271, -0.1149937511386795314, 0.000000000000000000 ) ) ;
#9834 = DIRECTION ( 'NONE',  ( 0.000000000000000000, 0.000000000000000000, -1.000000000000000000 ) ) ;
#9835 = LINE ( 'NONE', #1382, #8177 ) ;
#9836 = CARTESIAN_POINT ( 'NONE',  ( 12.76969696969696955, -18.07878787878787818, -6.049999999999999822 ) ) ;
#9837 = LINE ( 'NONE', #5211, #429 ) ;
#9838 = VECTOR ( 'NONE', #6523, 1000.000000000000000 ) ;
#9839 = DIRECTION ( 'NONE',  ( -0.9992389951049146513, -0.03900552091333167604, 0.000000000000000000 ) ) ;
#9840 = ADVANCED_FACE ( 'NONE', ( #56 ), #3839, .T. ) ;
#9841 = PLANE ( 'NONE',  #6570 ) ;
#9842 = ORIENTED_EDGE ( 'NONE', *, *, #4995, .T. ) ;
#9843 = ORIENTED_EDGE ( 'NONE', *, *, #7004, .F. ) ;
#9844 = VERTEX_POINT ( 'NONE', #1620 ) ;
#9845 = PLANE ( 'NONE',  #9560 ) ;
#9846 = ADVANCED_FACE ( 'NONE', ( #13 ), #6052, .T. ) ;
#9847 = CARTESIAN_POINT ( 'NONE',  ( 0.8000000000000000444, -49.20000000000000284, -4.349999999999999645 ) ) ;
#9848 = DIRECTION ( 'NONE',  ( -0.7787065195114112326, 0.6273883617588263961, 0.000000000000000000 ) ) ;
#9849 = PLANE ( 'NONE',  #1873 ) ;
#9850 = EDGE_CURVE ( 'NONE', #1312, #7741, #1465, .T. ) ;
#9851 = PLANE ( 'NONE',  #1890 ) ;
#9852 = EDGE_CURVE ( 'NONE', #8228, #3631, #5394, .T. ) ;
#9853 = CLOSED_SHELL ( 'NONE', ( #4748, #6901, #7740, #1914, #2769, #9171, #7762, #2287, #2756, #8906, #3636, #3085, #541, #7270, #6416, #3829, #4448, #4299, #9840, #3509, #8637, #6465, #7453, #356, #6530, #6829, #2319, #8799, #4922, #3750, #5729, #8077, #3083, #1481, #8383, #8547, #8364, #1240, #8203, #8236, #2154, #6074, #9421, #8921, #4998, #4006, #5288, #8111, #997, #1309, #1957, #4613, #3442, #741, #5710, #4493, #9846, #3933, #2966, #5178, #3757, #8935, #8628, #1780, #6037, #7395, #7208, #4936, #5616, #1488, #6931, #9496, #5225, #7207, #5674, #1586, #5521, #4182, #5797, #6011, #357, #4487, #1215, #934, #1283, #4319, #2048, #805, #2829, #9233, #2936, #4925, #8431, #1348, #3067, #927, #1484, #3310, #4673, #2775, #5484, #9605, #5067, #1000, #2719, #3508, #8324, #3056, #1467, #5583, #5727, #5296, #4814, #7860, #6714, #1775, #3265, #4731, #9411, #2624, #9661, #6657, #3702, #5530, #4114, #5545, #8447, #989, #3372, #372, #4863, #9704, #6083, #2834, #5905, #5423, #664, #1288, #3628, #3918, #4860, #7399, #4141, #1592, #1785, #5924, #2466, #9180, #8872, #1414, #3927, #1299, #7952, #7800, #1834, #7254, #232, #8328, #9768, #5598, #7369, #4064, #4045, #1359, #4685, #7944, #104, #5799, #3559, #5657, #2419, #6103, #9348, #4125, #620, #9250, #3671, #865, #450, #5619, #4504, #4179, #8722, #2285, #4551, #5892, #2407, #5342, #492, #2140, #376, #2925, #3263, #3250, #1966, #4744, #4137, #8726, #4987, #6644, #3005, #4435, #8025, #7317, #2635, #9117, #4553, #7891, #2037, #2765, #1341, #55, #4683, #6881, #5517, #3799, #2098, #4106, #8019, #7252, #9659, #5177, #9029, #4483, #5402, #1797, #7744, #7506, #4789, #6945, #4253, #2346, #8626, #9906, #242, #2357, #8549, #5921, #6315, #8412, #572, #7148, #5846, #4430, #8819, #9364, #9707, #1521, #9913, #8078, #6408, #7603, #4738, #6958, #8945, #3731, #2753, #8315, #553, #1715, #7513, #1911, #8375, #7084, #1786, #8452, #4498, #2892, #1548, #3135, #9731, #227, #9831, #2504, #6030, #5359, #2213, #8693, #5601, #3008, #2464, #5167, #8763, #6332, #2109, #7614, #993, #6539, #4053, #5624, #436, #681, #9354, #3571, #675, #5357, #5929, #7442, #4412, #8120, #2323, #6265, #6536, #1855, #8170, #9781, #8687, #980, #8207 ) ) ;
#9854 = ORIENTED_EDGE ( 'NONE', *, *, #5364, .F. ) ;
#9855 = CARTESIAN_POINT ( 'NONE',  ( 16.72727272727272663, -11.45353535353535435, -6.349999999999999645 ) ) ;
#9856 = EDGE_LOOP ( 'NONE', ( #4372, #9570, #2535, #9016 ) ) ;
#9857 = ORIENTED_EDGE ( 'NONE', *, *, #8303, .F. ) ;
#9858 = CARTESIAN_POINT ( 'NONE',  ( 13.99786756453423031, -13.96655443322110024, -6.349999999999999645 ) ) ;
#9859 = VECTOR ( 'NONE', #1743, 1000.000000000000227 ) ;
#9860 = CARTESIAN_POINT ( 'NONE',  ( 11.95353535353535435, -19.00000000000000000, -6.349999999999999645 ) ) ;
#9861 = LINE ( 'NONE', #6895, #889 ) ;
#9862 = VECTOR ( 'NONE', #9740, 1000.000000000000114 ) ;
#9863 = LINE ( 'NONE', #4201, #588 ) ;
#9864 = LINE ( 'NONE', #2217, #8660 ) ;
#9865 = AXIS2_PLACEMENT_3D ( 'NONE', #5578, #7040, #9361 ) ;
#9866 = VECTOR ( 'NONE', #644, 999.9999999999998863 ) ;
#9867 = ORIENTED_EDGE ( 'NONE', *, *, #6108, .F. ) ;
#9868 = DIRECTION ( 'NONE',  ( 0.9530739902487691539, -0.3027374590487422745, 0.000000000000000000 ) ) ;
#9869 = VERTEX_POINT ( 'NONE', #5249 ) ;
#9870 = VERTEX_POINT ( 'NONE', #8325 ) ;
#9871 = ORIENTED_EDGE ( 'NONE', *, *, #4322, .T. ) ;
#9872 = UNCERTAINTY_MEASURE_WITH_UNIT (LENGTH_MEASURE( 1.000000000000000082E-05 ), #1085, 'distance_accuracy_value', 'NONE');
#9873 = DIRECTION ( 'NONE',  ( -0.9943706562743007682, -0.1059575289472929338, 0.000000000000000000 ) ) ;
#9874 = LINE ( 'NONE', #7663, #2547 ) ;
#9875 = VECTOR ( 'NONE', #5113, 1000.000000000000000 ) ;
#9876 = AXIS2_PLACEMENT_3D ( 'NONE', #3554, #532, #6535 ) ;
#9877 = DIRECTION ( 'NONE',  ( -0.4669123116297188014, 0.8843036205108472103, 0.000000000000000000 ) ) ;
#9878 = LINE ( 'NONE', #5448, #8349 ) ;
#9879 = ORIENTED_EDGE ( 'NONE', *, *, #4360, .T. ) ;
#9880 = VECTOR ( 'NONE', #7219, 1000.000000000000000 ) ;
#9881 = ORIENTED_EDGE ( 'NONE', *, *, #4323, .T. ) ;
#9882 = VECTOR ( 'NONE', #2238, 999.9999999999998863 ) ;
#9883 = CARTESIAN_POINT ( 'NONE',  ( 12.63030303030303081, -18.22109988776655598, -6.049999999999999822 ) ) ;
#9884 = ORIENTED_EDGE ( 'NONE', *, *, #1861, .T. ) ;
#9885 = CARTESIAN_POINT ( 'NONE',  ( 10.33423120089786806, -15.79865319865319684, -6.049999999999999822 ) ) ;
#9886 = CARTESIAN_POINT ( 'NONE',  ( 19.77575757575757365, -11.01616161616161627, -6.049999999999999822 ) ) ;
#9887 = PLANE ( 'NONE',  #9460 ) ;
#9888 = CARTESIAN_POINT ( 'NONE',  ( 32.00000000000000000, 2.000000000000000000, -6.349999999999999645 ) ) ;
#9889 = LINE ( 'NONE', #2993, #7018 ) ;
#9890 = EDGE_CURVE ( 'NONE', #6188, #4236, #1421, .T. ) ;
#9891 = AXIS2_PLACEMENT_3D ( 'NONE', #2500, #5569, #4819 ) ;
#9892 = LINE ( 'NONE', #6970, #3494 ) ;
#9893 = VECTOR ( 'NONE', #8152, 1000.000000000000000 ) ;
#9894 = CARTESIAN_POINT ( 'NONE',  ( 17.39820426487093030, -17.87856341189674581, -6.049999999999999822 ) ) ;
#9895 = EDGE_CURVE ( 'NONE', #8230, #511, #4495, .T. ) ;
#9896 = EDGE_LOOP ( 'NONE', ( #6396, #6084, #2627, #995 ) ) ;
#9897 = EDGE_LOOP ( 'NONE', ( #8781, #2569, #8389, #2295 ) ) ;
#9898 = ORIENTED_EDGE ( 'NONE', *, *, #6698, .F. ) ;
#9899 = LINE ( 'NONE', #5367, #1355 ) ;
#9900 = VECTOR ( 'NONE', #2609, 1000.000000000000000 ) ;
#9901 = CARTESIAN_POINT ( 'NONE',  ( 7.462850729517396253, -18.77306397306397301, -6.349999999999999645 ) ) ;
#9902 = EDGE_CURVE ( 'NONE', #1623, #8408, #660, .T. ) ;
#9903 = FACE_OUTER_BOUND ( 'NONE', #653, .T. ) ;
#9904 = CARTESIAN_POINT ( 'NONE',  ( 9.971156004489337477, -17.14219977553310770, -6.049999999999999822 ) ) ;
#9905 = CARTESIAN_POINT ( 'NONE',  ( 21.14949494949495445, -15.09696969696969759, -6.049999999999999822 ) ) ;
#9906 = ADVANCED_FACE ( 'NONE', ( #5300 ), #4537, .T. ) ;
#9907 = VECTOR ( 'NONE', #9649, 1000.000000000000114 ) ;
#9908 = EDGE_CURVE ( 'NONE', #1600, #4014, #6106, .T. ) ;
#9909 = VERTEX_POINT ( 'NONE', #5341 ) ;
#9910 = DIRECTION ( 'NONE',  ( 0.000000000000000000, 0.000000000000000000, 1.000000000000000000 ) ) ;
#9911 = ORIENTED_EDGE ( 'NONE', *, *, #7577, .F. ) ;
#9912 = VERTEX_POINT ( 'NONE', #8415 ) ;
#9913 = ADVANCED_FACE ( 'NONE', ( #1515 ), #312, .F. ) ;
#9914 = DIRECTION ( 'NONE',  ( 0.9542076099013132584, 0.2991451774747894143, 0.000000000000000000 ) ) ;
#9915 = DIRECTION ( 'NONE',  ( 0.000000000000000000, 0.000000000000000000, -1.000000000000000000 ) ) ;
#9916 = AXIS2_PLACEMENT_3D ( 'NONE', #4660, #7729, #6815 ) ;
#9917 = DIRECTION ( 'NONE',  ( 0.000000000000000000, 0.000000000000000000, -1.000000000000000000 ) ) ;
#9918 = DIRECTION ( 'NONE',  ( 0.000000000000000000, -1.000000000000000000, -0.000000000000000000 ) ) ;
#9919 = DIRECTION ( 'NONE',  ( -0.9943115450120546539, 0.1065108044084755595, 0.000000000000000000 ) ) ;
#9920 = EDGE_CURVE ( 'NONE', #3062, #4143, #6249, .T. ) ;
#9921 = CARTESIAN_POINT ( 'NONE',  ( 17.79595959595959442, -12.58787878787878789, -6.049999999999999822 ) ) ;
#9922 = AXIS2_PLACEMENT_3D ( 'NONE', #892, #7788, #3958 ) ;
#9923 = ORIENTED_EDGE ( 'NONE', *, *, #4415, .F. ) ;
#9924 = CARTESIAN_POINT ( 'NONE',  ( 7.100561167227831483, -18.14882154882154808, -6.349999999999999645 ) ) ;
#9925 = ORIENTED_EDGE ( 'NONE', *, *, #4931, .T. ) ;
#9926 = ORIENTED_EDGE ( 'NONE', *, *, #9225, .F. ) ;
#9927 = EDGE_CURVE ( 'NONE', #234, #5315, #5540, .T. ) ;
#9928 = ORIENTED_EDGE ( 'NONE', *, *, #4200, .F. ) ;
#9929 = DIRECTION ( 'NONE',  ( 0.9994164030426613277, 0.03415923490461698214, 0.000000000000000000 ) ) ;
#9930 = PLANE ( 'NONE',  #5774 ) ;
#9931 = VECTOR ( 'NONE', #8688, 1000.000000000000000 ) ;
#9932 = DIRECTION ( 'NONE',  ( 0.9490991116688374252, -0.3149775805187151057, -0.000000000000000000 ) ) ;
#9933 = VECTOR ( 'NONE', #7368, 1000.000000000000000 ) ;
#9934 = DIRECTION ( 'NONE',  ( 0.000000000000000000, 0.000000000000000000, -1.000000000000000000 ) ) ;
#9935 = ORIENTED_EDGE ( 'NONE', *, *, #8610, .T. ) ;
#9936 = EDGE_LOOP ( 'NONE', ( #1440, #3778, #8049, #8379, #6254, #3632, #2579, #5109, #3186, #7767, #1012, #1698, #4991, #1278, #7804, #3013, #6289, #9952, #8702, #3856, #625, #916, #9133, #7764, #6749, #852, #9724, #7697, #7753, #8867, #3483, #8625, #1587, #5155, #7667, #8293, #7970, #6652, #1634, #5506, #7683 ) ) ;
#9937 = EDGE_LOOP ( 'NONE', ( #7808, #6017, #185, #3232, #7093, #7446, #7607, #4686, #8258, #359, #5291, #9326, #5230, #7433, #7114, #6891, #6704, #5618, #3480, #7558, #416, #6382, #3429, #2928, #4215, #3940, #7147, #2412, #6180, #1352, #4256, #6443, #3534, #2101, #342, #2062, #8988, #3630, #8940, #5268, #7818, #7733, #8720, #3375, #7403, #763, #5246, #5474, #6679, #360, #8460, #7010, #2614, #6947, #7777, #7823, #6943, #2771, #2616, #8724, #8011, #2256, #2260, #5045, #5348, #1814, #7185, #831, #5553, #3960, #8974, #8611, #4576, #2605, #1879, #6070, #1527, #51, #920, #4889, #9664, #822, #5751, #3533, #4939, #4513 ) ) ;
#9938 = CARTESIAN_POINT ( 'NONE',  ( 19.03232323232323253, -18.43434343434343248, -6.049999999999999822 ) ) ;
#9939 = ORIENTED_EDGE ( 'NONE', *, *, #1157, .F. ) ;
#9940 = DIRECTION ( 'NONE',  ( 0.000000000000000000, 0.000000000000000000, -1.000000000000000000 ) ) ;
#9941 = VECTOR ( 'NONE', #7876, 1000.000000000000114 ) ;
#9942 = DIRECTION ( 'NONE',  ( 0.9500222337611933243, 0.3121822470279062012, 0.000000000000000000 ) ) ;
#9943 = VECTOR ( 'NONE', #6623, 1000.000000000000000 ) ;
#9944 = PLANE ( 'NONE',  #8501 ) ;
#9945 = DIRECTION ( 'NONE',  ( -0.2250882174031789695, 0.9743383880286454746, 0.000000000000000000 ) ) ;
#9946 = CARTESIAN_POINT ( 'NONE',  ( 8.551515151515150848, -12.46868686868686815, -6.049999999999999822 ) ) ;
#9947 = CARTESIAN_POINT ( 'NONE',  ( 21.14949494949495445, -15.54141414141414224, -6.049999999999999822 ) ) ;
#9948 = LINE ( 'NONE', #9894, #1579 ) ;
#9949 = AXIS2_PLACEMENT_3D ( 'NONE', #4155, #2593, #373 ) ;
#9950 = VERTEX_POINT ( 'NONE', #6293 ) ;
#9951 = ORIENTED_EDGE ( 'NONE', *, *, #8127, .T. ) ;
#9952 = ORIENTED_EDGE ( 'NONE', *, *, #3195, .T. ) ;
#9953 = LINE ( 'NONE', #685, #874 ) ;
#9954 = EDGE_CURVE ( 'NONE', #7305, #1013, #8619, .T. ) ;
#9955 = CARTESIAN_POINT ( 'NONE',  ( 14.90303030303030418, -15.85656565656565498, -6.049999999999999822 ) ) ;
#9956 = CARTESIAN_POINT ( 'NONE',  ( 7.342985409652076356, -18.55555555555555713, -6.049999999999999822 ) ) ;
#9957 = VECTOR ( 'NONE', #7007, 1000.000000000000000 ) ;
#9958 = LINE ( 'NONE', #9258, #4607 ) ;
#9959 = DIRECTION ( 'NONE',  ( 0.7196360119500914143, 0.6943515034221269255, 0.000000000000000000 ) ) ;
#9960 = VERTEX_POINT ( 'NONE', #3380 ) ;
#9961 = EDGE_LOOP ( 'NONE', ( #9407, #6141, #9606, #9705 ) ) ;
#9962 = DIRECTION ( 'NONE',  ( 0.000000000000000000, 0.000000000000000000, -1.000000000000000000 ) ) ;
#9963 = EDGE_CURVE ( 'NONE', #6085, #903, #3328, .T. ) ;
#9964 = ORIENTED_EDGE ( 'NONE', *, *, #8194, .F. ) ;
#9965 = ORIENTED_EDGE ( 'NONE', *, *, #4365, .T. ) ;
#9966 = CARTESIAN_POINT ( 'NONE',  ( 17.24601571268237876, -17.71425364758698251, -6.049999999999999822 ) ) ;
#9967 = EDGE_CURVE ( 'NONE', #1787, #708, #7863, .T. ) ;
#9968 = PLANE ( 'NONE',  #6353 ) ;
#9969 = CARTESIAN_POINT ( 'NONE',  ( 16.24500561167227985, -13.93389450056116807, -6.049999999999999822 ) ) ;
ENDSEC;
END-ISO-10303-21;
