ISO-10303-21;
HEADER;
FILE_DESCRIPTION (( 'STEP AP214' ),
    '1' );
FILE_NAME ('…ÌÃÂ.st',
    '2026-10-10T20:09:44',
    ( 'liupp12138@outlook.com' ),
    ( '' ),
    'SwSTEP 2.0',
    'SolidWorks 2025',
    '' );
FILE_SCHEMA (( 'AUTOMOTIVE_DESIGN' ));
ENDSEC;

DATA;
#1 = VERTEX_POINT ( 'NONE', #6505 ) ;
#2 = VECTOR ( 'NONE', #3921, 1000.000000000000000 ) ;
#3 = FACE_OUTER_BOUND ( 'NONE', #4359, .T. ) ;
#4 = DIRECTION ( 'NONE',  ( 1.000000000000000000, 0.000000000000000000, 0.000000000000000000 ) ) ;
#5 = DIRECTION ( 'NONE',  ( 0.000000000000000000, 0.000000000000000000, 1.000000000000000000 ) ) ;
#6 = EDGE_CURVE ( 'NONE', #4789, #7295, #1790, .T. ) ;
#7 = DIRECTION ( 'NONE',  ( 0.000000000000000000, 0.000000000000000000, 1.000000000000000000 ) ) ;
#8 = CARTESIAN_POINT ( 'NONE',  ( 12.75000000000000178, -41.00000000000000000, 13.00000000000000000 ) ) ;
#9 = VERTEX_POINT ( 'NONE', #7246 ) ;
#10 = ORIENTED_EDGE ( 'NONE', *, *, #3293, .F. ) ;
#11 = ADVANCED_FACE ( 'NONE', ( #6557 ), #3051, .F. ) ;
#12 = VECTOR ( 'NONE', #3655, 1000.000000000000114 ) ;
#13 = CARTESIAN_POINT ( 'NONE',  ( 8.773508594539936922, -64.32295247724974274, -6.349999999999999645 ) ) ;
#14 = VECTOR ( 'NONE', #2622, 1000.000000000000000 ) ;
#15 = ORIENTED_EDGE ( 'NONE', *, *, #3940, .T. ) ;
#16 = EDGE_CURVE ( 'NONE', #4651, #451, #4526, .T. ) ;
#17 = VECTOR ( 'NONE', #8854, 1000.000000000000227 ) ;
#18 = DIRECTION ( 'NONE',  ( 0.000000000000000000, -0.000000000000000000, 1.000000000000000000 ) ) ;
#19 = CIRCLE ( 'NONE', #3125, 0.5000000000000004441 ) ;
#20 = CARTESIAN_POINT ( 'NONE',  ( 10.48179979777552973, -64.68796764408493516, -6.049999999999999822 ) ) ;
#21 = VECTOR ( 'NONE', #3454, 1000.000000000000000 ) ;
#22 = ORIENTED_EDGE ( 'NONE', *, *, #7546, .T. ) ;
#23 = DIRECTION ( 'NONE',  ( -1.000000000000000000, 0.000000000000000000, 0.000000000000000000 ) ) ;
#24 = DIRECTION ( 'NONE',  ( 0.000000000000000000, 0.000000000000000000, -1.000000000000000000 ) ) ;
#25 = ORIENTED_EDGE ( 'NONE', *, *, #1353, .F. ) ;
#26 = AXIS2_PLACEMENT_3D ( 'NONE', #4091, #445, #3312 ) ;
#27 = EDGE_CURVE ( 'NONE', #4530, #2863, #7438, .T. ) ;
#28 = AXIS2_PLACEMENT_3D ( 'NONE', #8619, #7136, #5605 ) ;
#29 = EDGE_LOOP ( 'NONE', ( #399, #1131, #1721, #5590 ) ) ;
#30 = DIRECTION ( 'NONE',  ( 0.1492526923300505348, 0.9887990866865883355, 0.000000000000000000 ) ) ;
#31 = FACE_OUTER_BOUND ( 'NONE', #702, .T. ) ;
#32 = LINE ( 'NONE', #5018, #786 ) ;
#33 = AXIS2_PLACEMENT_3D ( 'NONE', #5239, #2423, #988 ) ;
#34 = AXIS2_PLACEMENT_3D ( 'NONE', #3142, #8855, #4621 ) ;
#35 = DIRECTION ( 'NONE',  ( 0.1370033920826732310, 0.9905705782819522742, 0.000000000000000000 ) ) ;
#36 = CARTESIAN_POINT ( 'NONE',  ( 9.291203235591506626, -62.14297269969665649, -6.349999999999999645 ) ) ;
#37 = VECTOR ( 'NONE', #105, 1000.000000000000000 ) ;
#38 = FACE_OUTER_BOUND ( 'NONE', #2617, .T. ) ;
#40 = ORIENTED_EDGE ( 'NONE', *, *, #1826, .F. ) ;
#39 = EDGE_CURVE ( 'NONE', #394, #1159, #5963, .T. ) ;
#41 = EDGE_CURVE ( 'NONE', #9136, #5399, #2586, .T. ) ;
#42 = EDGE_LOOP ( 'NONE', ( #4679, #5809 ) ) ;
#43 = VECTOR ( 'NONE', #6729, 1000.000000000000000 ) ;
#44 = CIRCLE ( 'NONE', #5358, 0.7500000000000006661 ) ;
#45 = VECTOR ( 'NONE', #7942, 999.9999999999998863 ) ;
#46 = DIRECTION ( 'NONE',  ( 0.000000000000000000, 0.000000000000000000, 1.000000000000000000 ) ) ;
#47 = CARTESIAN_POINT ( 'NONE',  ( 9.374115267947420449, -65.72436804853386150, -6.049999999999999822 ) ) ;
#48 = ORIENTED_EDGE ( 'NONE', *, *, #6347, .T. ) ;
#49 = DIRECTION ( 'NONE',  ( -0.000000000000000000, -0.000000000000000000, 1.000000000000000000 ) ) ;
#50 = CYLINDRICAL_SURFACE ( 'NONE', #8304, 0.7500000000000006661 ) ;
#51 = VECTOR ( 'NONE', #5517, 1000.000000000000114 ) ;
#53 = LINE ( 'NONE', #1389, #1076 ) ;
#52 = VECTOR ( 'NONE', #7949, 1000.000000000000000 ) ;
#54 = VERTEX_POINT ( 'NONE', #1667 ) ;
#55 = VECTOR ( 'NONE', #527, 1000.000000000000114 ) ;
#56 = CARTESIAN_POINT ( 'NONE',  ( 21.05156723963600029, -69.60202224469159660, -6.349999999999999645 ) ) ;
#57 = EDGE_LOOP ( 'NONE', ( #6140, #1947, #6535, #614 ) ) ;
#58 = VERTEX_POINT ( 'NONE', #3933 ) ;
#59 = ORIENTED_EDGE ( 'NONE', *, *, #4231, .T. ) ;
#60 = ORIENTED_EDGE ( 'NONE', *, *, #5669, .F. ) ;
#61 = EDGE_CURVE ( 'NONE', #6999, #5922, #3094, .T. ) ;
#62 = VECTOR ( 'NONE', #91, 1000.000000000000000 ) ;
#63 = FACE_OUTER_BOUND ( 'NONE', #9068, .T. ) ;
#64 = CARTESIAN_POINT ( 'NONE',  ( 21.05156723963600029, -69.60202224469159660, -6.049999999999999822 ) ) ;
#65 = CARTESIAN_POINT ( 'NONE',  ( 11.41118975396022783, -68.39794405123019772, -6.049999999999999822 ) ) ;
#66 = CARTESIAN_POINT ( 'NONE',  ( 23.55409504550050670, -69.51338051904279780, -6.049999999999999822 ) ) ;
#67 = CARTESIAN_POINT ( 'NONE',  ( 21.00000000000000000, -32.00000000000000000, 13.00000000000000000 ) ) ;
#68 = ORIENTED_EDGE ( 'NONE', *, *, #1354, .F. ) ;
#69 = LINE ( 'NONE', #8512, #1086 ) ;
#70 = ORIENTED_EDGE ( 'NONE', *, *, #5205, .T. ) ;
#71 = ADVANCED_FACE ( 'NONE', ( #7301 ), #7340, .T. ) ;
#72 = EDGE_CURVE ( 'NONE', #7721, #1503, #3188, .T. ) ;
#73 = CARTESIAN_POINT ( 'NONE',  ( 8.526289180990898942, -63.58736097067745163, -6.349999999999999645 ) ) ;
#74 = CARTESIAN_POINT ( 'NONE',  ( 15.00000000000000000, -29.00000000000000000, 13.00000000000000000 ) ) ;
#75 = EDGE_LOOP ( 'NONE', ( #2413, #6158 ) ) ;
#76 = DIRECTION ( 'NONE',  ( 0.000000000000000000, -0.000000000000000000, 1.000000000000000000 ) ) ;
#77 = FACE_OUTER_BOUND ( 'NONE', #6513, .T. ) ;
#78 = LINE ( 'NONE', #2245, #4626 ) ;
#79 = ORIENTED_EDGE ( 'NONE', *, *, #1292, .T. ) ;
#80 = ORIENTED_EDGE ( 'NONE', *, *, #2972, .F. ) ;
#81 = EDGE_CURVE ( 'NONE', #5014, #8828, #1805, .T. ) ;
#82 = LINE ( 'NONE', #8523, #8984 ) ;
#83 = CARTESIAN_POINT ( 'NONE',  ( 24.06370070778564241, -61.87603640040444475, -6.349999999999999645 ) ) ;
#84 = FACE_OUTER_BOUND ( 'NONE', #2887, .T. ) ;
#85 = CARTESIAN_POINT ( 'NONE',  ( 15.36804853387259584, -65.23110886417256893, -6.049999999999999822 ) ) ;
#86 = CARTESIAN_POINT ( 'NONE',  ( 3.434108527131783717, -67.82143579373104103, -6.049999999999999822 ) ) ;
#87 = LINE ( 'NONE', #5574, #7961 ) ;
#88 = ORIENTED_EDGE ( 'NONE', *, *, #1874, .F. ) ;
#89 = ORIENTED_EDGE ( 'NONE', *, *, #5342, .F. ) ;
#90 = FACE_OUTER_BOUND ( 'NONE', #5730, .T. ) ;
#91 = DIRECTION ( 'NONE',  ( 0.000000000000000000, 0.000000000000000000, -1.000000000000000000 ) ) ;
#92 = EDGE_CURVE ( 'NONE', #2567, #2474, #1715, .T. ) ;
#94 = EDGE_CURVE ( 'NONE', #8229, #5844, #8123, .T. ) ;
#93 = ORIENTED_EDGE ( 'NONE', *, *, #3279, .T. ) ;
#95 = PLANE ( 'NONE',  #5893 ) ;
#96 = LINE ( 'NONE', #2908, #5504 ) ;
#97 = CARTESIAN_POINT ( 'NONE',  ( 11.28715874620829140, -68.59797775530839203, -6.049999999999999822 ) ) ;
#98 = ORIENTED_EDGE ( 'NONE', *, *, #6058, .F. ) ;
#99 = PLANE ( 'NONE',  #2378 ) ;
#100 = ORIENTED_EDGE ( 'NONE', *, *, #5956, .F. ) ;
#101 = ORIENTED_EDGE ( 'NONE', *, *, #2150, .T. ) ;
#102 = ORIENTED_EDGE ( 'NONE', *, *, #146, .T. ) ;
#103 = PLANE ( 'NONE',  #6797 ) ;
#104 = FACE_OUTER_BOUND ( 'NONE', #1421, .T. ) ;
#105 = DIRECTION ( 'NONE',  ( 1.000000000000000000, 0.000000000000000000, 0.000000000000000000 ) ) ;
#106 = CARTESIAN_POINT ( 'NONE',  ( 16.23087293562521083, -63.97849679811257317, -6.349999999999999645 ) ) ;
#107 = FACE_OUTER_BOUND ( 'NONE', #4149, .T. ) ;
#108 = ORIENTED_EDGE ( 'NONE', *, *, #9063, .T. ) ;
#109 = ORIENTED_EDGE ( 'NONE', *, *, #3602, .T. ) ;
#110 = CARTESIAN_POINT ( 'NONE',  ( 10.42601954836534972, -67.49416919447251928, -6.049999999999999822 ) ) ;
#111 = ORIENTED_EDGE ( 'NONE', *, *, #7631, .F. ) ;
#112 = ORIENTED_EDGE ( 'NONE', *, *, #5105, .F. ) ;
#113 = CARTESIAN_POINT ( 'NONE',  ( 21.75000000000000355, -32.00000000000000000, 15.00000000000000000 ) ) ;
#114 = PLANE ( 'NONE',  #1214 ) ;
#115 = VERTEX_POINT ( 'NONE', #6644 ) ;
#116 = LINE ( 'NONE', #1552, #5959 ) ;
#117 = CARTESIAN_POINT ( 'NONE',  ( 21.04246713852376161, -66.94782608695651049, -6.049999999999999822 ) ) ;
#119 = EDGE_CURVE ( 'NONE', #5844, #8497, #1850, .T. ) ;
#118 = CARTESIAN_POINT ( 'NONE',  ( 21.11257162116616115, -58.74560161779575651, -6.049999999999999822 ) ) ;
#120 = ORIENTED_EDGE ( 'NONE', *, *, #5436, .F. ) ;
#121 = EDGE_CURVE ( 'NONE', #7159, #6552, #6001, .T. ) ;
#122 = EDGE_LOOP ( 'NONE', ( #6747, #3212, #3658, #2276 ) ) ;
#123 = FACE_OUTER_BOUND ( 'NONE', #4166, .T. ) ;
#124 = CARTESIAN_POINT ( 'NONE',  ( 26.54398382204247042, -70.05197168857431222, -6.049999999999999822 ) ) ;
#125 = FACE_BOUND ( 'NONE', #5128, .T. ) ;
#126 = CARTESIAN_POINT ( 'NONE',  ( 9.000000000000001776, -38.00000000000000000, 15.00000000000000000 ) ) ;
#127 = CARTESIAN_POINT ( 'NONE',  ( 15.00000000000000000, -32.00000000000000000, 15.00000000000000000 ) ) ;
#128 = EDGE_CURVE ( 'NONE', #714, #3587, #3228, .T. ) ;
#129 = LINE ( 'NONE', #1011, #2651 ) ;
#130 = ORIENTED_EDGE ( 'NONE', *, *, #3577, .T. ) ;
#131 = EDGE_CURVE ( 'NONE', #7192, #8703, #7386, .T. ) ;
#132 = ORIENTED_EDGE ( 'NONE', *, *, #4492, .T. ) ;
#133 = CARTESIAN_POINT ( 'NONE',  ( 24.06370070778564241, -65.49180990899898802, -6.049999999999999822 ) ) ;
#134 = AXIS2_PLACEMENT_3D ( 'NONE', #367, #3179, #6032 ) ;
#135 = VECTOR ( 'NONE', #1890, 1000.000000000000000 ) ;
#136 = CARTESIAN_POINT ( 'NONE',  ( 3.257836198179980158, -67.53023255813953085, -6.349999999999999645 ) ) ;
#137 = VERTEX_POINT ( 'NONE', #2488 ) ;
#138 = DIRECTION ( 'NONE',  ( 0.9384251277361206345, -0.3454826763145233404, 0.000000000000000000 ) ) ;
#139 = DIRECTION ( 'NONE',  ( 0.000000000000000000, 0.000000000000000000, -1.000000000000000000 ) ) ;
#140 = DIRECTION ( 'NONE',  ( -1.000000000000000000, 0.000000000000000000, 0.000000000000000000 ) ) ;
#141 = EDGE_LOOP ( 'NONE', ( #2674, #6924, #938, #7781 ) ) ;
#142 = DIRECTION ( 'NONE',  ( 0.9999861498722317776, 0.005263084999355650655, 0.000000000000000000 ) ) ;
#143 = EDGE_LOOP ( 'NONE', ( #40, #7870, #7906, #2287 ) ) ;
#144 = VECTOR ( 'NONE', #8259, 1000.000000000000114 ) ;
#145 = ORIENTED_EDGE ( 'NONE', *, *, #5059, .F. ) ;
#146 = EDGE_CURVE ( 'NONE', #8957, #4023, #6094, .T. ) ;
#147 = EDGE_CURVE ( 'NONE', #4427, #3804, #4880, .T. ) ;
#148 = ORIENTED_EDGE ( 'NONE', *, *, #8034, .T. ) ;
#149 = FACE_OUTER_BOUND ( 'NONE', #3591, .T. ) ;
#150 = DIRECTION ( 'NONE',  ( -0.9887990866865883355, 0.1492526923300505348, 0.000000000000000000 ) ) ;
#151 = CARTESIAN_POINT ( 'NONE',  ( 17.22851365015166891, -69.61449275362318190, -6.049999999999999822 ) ) ;
#152 = CIRCLE ( 'NONE', #5754, 0.7500000000000006661 ) ;
#153 = CARTESIAN_POINT ( 'NONE',  ( 12.00000000000000000, -35.00000000000000000, 15.00000000000000000 ) ) ;
#154 = DIRECTION ( 'NONE',  ( -1.000000000000000000, 0.000000000000000000, 0.000000000000000000 ) ) ;
#155 = ORIENTED_EDGE ( 'NONE', *, *, #6434, .F. ) ;
#156 = CARTESIAN_POINT ( 'NONE',  ( 3.218402426693629081, -60.62628918099089503, -6.049999999999999822 ) ) ;
#157 = EDGE_LOOP ( 'NONE', ( #8250, #8059, #244, #6882 ) ) ;
#158 = ORIENTED_EDGE ( 'NONE', *, *, #1026, .T. ) ;
#159 = ADVANCED_FACE ( 'NONE', ( #8177 ), #4570, .T. ) ;
#160 = AXIS2_PLACEMENT_3D ( 'NONE', #5428, #6942, #3389 ) ;
#161 = DIRECTION ( 'NONE',  ( 0.000000000000000000, 0.000000000000000000, 1.000000000000000000 ) ) ;
#162 = CARTESIAN_POINT ( 'NONE',  ( 16.33872598584428815, -65.95557802494101907, -6.049999999999999822 ) ) ;
#163 = VERTEX_POINT ( 'NONE', #6778 ) ;
#164 = CYLINDRICAL_SURFACE ( 'NONE', #8158, 0.7500000000000006661 ) ;
#165 = FACE_OUTER_BOUND ( 'NONE', #1836, .T. ) ;
#166 = VECTOR ( 'NONE', #8462, 1000.000000000000000 ) ;
#167 = CARTESIAN_POINT ( 'NONE',  ( 10.26794742163801999, -68.56157735085945149, -6.049999999999999822 ) ) ;
#168 = ORIENTED_EDGE ( 'NONE', *, *, #8878, .F. ) ;
#169 = CIRCLE ( 'NONE', #5334, 0.7500000000000006661 ) ;
#170 = ORIENTED_EDGE ( 'NONE', *, *, #1368, .F. ) ;
#171 = AXIS2_PLACEMENT_3D ( 'NONE', #9076, #8213, #2757 ) ;
#172 = LINE ( 'NONE', #4330, #8560 ) ;
#173 = EDGE_CURVE ( 'NONE', #5080, #9137, #457, .T. ) ;
#174 = CARTESIAN_POINT ( 'NONE',  ( 32.00000000000000000, 2.000000000000000000, 1.650000000000000355 ) ) ;
#175 = FACE_BOUND ( 'NONE', #1163, .T. ) ;
#176 = LINE ( 'NONE', #85, #2232 ) ;
#177 = LINE ( 'NONE', #5716, #6470 ) ;
#178 = VECTOR ( 'NONE', #6719, 1000.000000000000000 ) ;
#179 = VECTOR ( 'NONE', #5287, 1000.000000000000000 ) ;
#180 = DIRECTION ( 'NONE',  ( -0.9869328807756823085, 0.1611318989021508497, 0.000000000000000000 ) ) ;
#181 = EDGE_LOOP ( 'NONE', ( #4949, #4426 ) ) ;
#182 = VERTEX_POINT ( 'NONE', #5485 ) ;
#183 = EDGE_CURVE ( 'NONE', #6473, #6723, #1377, .T. ) ;
#184 = CARTESIAN_POINT ( 'NONE',  ( 15.00000000000000000, -38.00000000000000000, 15.00000000000000000 ) ) ;
#185 = AXIS2_PLACEMENT_3D ( 'NONE', #1958, #485, #6155 ) ;
#186 = ADVANCED_FACE ( 'NONE', ( #7608 ), #6306, .T. ) ;
#187 = VECTOR ( 'NONE', #4995, 1000.000000000000000 ) ;
#188 = DIRECTION ( 'NONE',  ( 0.5183600304580500140, -0.8551624867962399623, 0.000000000000000000 ) ) ;
#189 = CARTESIAN_POINT ( 'NONE',  ( 9.000000000000001776, -35.00000000000000000, 15.00000000000000000 ) ) ;
#190 = DIRECTION ( 'NONE',  ( 1.000000000000000000, 0.000000000000000000, 0.000000000000000000 ) ) ;
#191 = CARTESIAN_POINT ( 'NONE',  ( 23.00000000000000000, 9.799999999999998934, -3.674999999999999822 ) ) ;
#192 = VERTEX_POINT ( 'NONE', #4101 ) ;
#193 = CARTESIAN_POINT ( 'NONE',  ( -6.000000000000000000, 11.00000000000000000, 15.00000000000000000 ) ) ;
#194 = VECTOR ( 'NONE', #6108, 1000.000000000000000 ) ;
#195 = ORIENTED_EDGE ( 'NONE', *, *, #5733, .F. ) ;
#196 = VECTOR ( 'NONE', #7626, 1000.000000000000114 ) ;
#197 = ADVANCED_FACE ( 'NONE', ( #3405 ), #8307, .F. ) ;
#198 = AXIS2_PLACEMENT_3D ( 'NONE', #2214, #7616, #1293 ) ;
#199 = ORIENTED_EDGE ( 'NONE', *, *, #8168, .F. ) ;
#200 = EDGE_LOOP ( 'NONE', ( #8554, #2637, #4688, #7622 ) ) ;
#201 = DIRECTION ( 'NONE',  ( 1.000000000000000000, 0.000000000000000000, 0.000000000000000000 ) ) ;
#202 = AXIS2_PLACEMENT_3D ( 'NONE', #616, #6071, #1268 ) ;
#203 = VECTOR ( 'NONE', #3941, 1000.000000000000000 ) ;
#204 = DIRECTION ( 'NONE',  ( 1.000000000000000000, 0.000000000000000000, 0.000000000000000000 ) ) ;
#205 = DIRECTION ( 'NONE',  ( 1.000000000000000000, 0.000000000000000000, 0.000000000000000000 ) ) ;
#206 = AXIS2_PLACEMENT_3D ( 'NONE', #3994, #5514, #2565 ) ;
#207 = CARTESIAN_POINT ( 'NONE',  ( 17.07684529828109277, -69.11803168183350010, -6.049999999999999822 ) ) ;
#208 = DIRECTION ( 'NONE',  ( -0.000000000000000000, -0.000000000000000000, 1.000000000000000000 ) ) ;
#209 = ORIENTED_EDGE ( 'NONE', *, *, #8925, .F. ) ;
#210 = ORIENTED_EDGE ( 'NONE', *, *, #5059, .T. ) ;
#211 = CARTESIAN_POINT ( 'NONE',  ( 31.19999999999999929, -52.00000000000000711, 1.650000000000000355 ) ) ;
#212 = EDGE_LOOP ( 'NONE', ( #1256, #2607, #1070, #512 ) ) ;
#213 = ORIENTED_EDGE ( 'NONE', *, *, #4666, .T. ) ;
#214 = VECTOR ( 'NONE', #1211, 1000.000000000000000 ) ;
#215 = VECTOR ( 'NONE', #4107, 1000.000000000000000 ) ;
#216 = FACE_OUTER_BOUND ( 'NONE', #950, .T. ) ;
#217 = CARTESIAN_POINT ( 'NONE',  ( 4.105493764745530072, -68.08028311425681522, -6.049999999999999822 ) ) ;
#218 = ORIENTED_EDGE ( 'NONE', *, *, #8168, .T. ) ;
#219 = ADVANCED_FACE ( 'NONE', ( #586 ), #5403, .F. ) ;
#220 = FACE_OUTER_BOUND ( 'NONE', #1819, .T. ) ;
#221 = DIRECTION ( 'NONE',  ( 1.000000000000000000, -0.000000000000000000, -0.000000000000000000 ) ) ;
#222 = EDGE_CURVE ( 'NONE', #882, #5454, #2718, .T. ) ;
#223 = VERTEX_POINT ( 'NONE', #6267 ) ;
#224 = LINE ( 'NONE', #2984, #2559 ) ;
#225 = ORIENTED_EDGE ( 'NONE', *, *, #6788, .T. ) ;
#226 = DIRECTION ( 'NONE',  ( 0.1946636876457804310, 0.9808700468013822338, 0.000000000000000000 ) ) ;
#227 = LINE ( 'NONE', #3782, #6509 ) ;
#228 = CARTESIAN_POINT ( 'NONE',  ( 19.14829794405122954, -68.99164138860801643, -6.049999999999999822 ) ) ;
#229 = CARTESIAN_POINT ( 'NONE',  ( 15.75000000000000000, -35.00000000000000000, 13.00000000000000000 ) ) ;
#230 = DIRECTION ( 'NONE',  ( 0.000000000000000000, 0.000000000000000000, 1.000000000000000000 ) ) ;
#231 = LINE ( 'NONE', #6593, #3535 ) ;
#232 = ORIENTED_EDGE ( 'NONE', *, *, #7065, .F. ) ;
#233 = ORIENTED_EDGE ( 'NONE', *, *, #3362, .F. ) ;
#234 = FACE_OUTER_BOUND ( 'NONE', #2783, .T. ) ;
#235 = CARTESIAN_POINT ( 'NONE',  ( 12.75000000000000178, -32.00000000000000000, 15.00000000000000000 ) ) ;
#236 = ORIENTED_EDGE ( 'NONE', *, *, #2107, .T. ) ;
#237 = CARTESIAN_POINT ( 'NONE',  ( 8.250000000000000000, -32.00000000000000000, 13.00000000000000000 ) ) ;
#238 = DIRECTION ( 'NONE',  ( -0.000000000000000000, -0.000000000000000000, 1.000000000000000000 ) ) ;
#239 = EDGE_LOOP ( 'NONE', ( #5988, #6855 ) ) ;
#240 = DIRECTION ( 'NONE',  ( -0.3819066349579994801, -0.9242009100704549063, -0.000000000000000000 ) ) ;
#241 = ADVANCED_FACE ( 'NONE', ( #5532 ), #8347, .F. ) ;
#242 = VERTEX_POINT ( 'NONE', #4144 ) ;
#243 = EDGE_CURVE ( 'NONE', #6662, #341, #9117, .T. ) ;
#244 = ORIENTED_EDGE ( 'NONE', *, *, #3339, .T. ) ;
#245 = ORIENTED_EDGE ( 'NONE', *, *, #886, .T. ) ;
#246 = CARTESIAN_POINT ( 'NONE',  ( 18.67644084934277160, -65.49180990899898802, -6.049999999999999822 ) ) ;
#247 = DIRECTION ( 'NONE',  ( -0.9571431430669545826, -0.2896152683818853935, 0.000000000000000000 ) ) ;
#248 = CARTESIAN_POINT ( 'NONE',  ( 15.75000000000000000, -35.00000000000000000, 13.00000000000000000 ) ) ;
#249 = DIRECTION ( 'NONE',  ( 1.000000000000000000, 0.000000000000000000, 0.000000000000000000 ) ) ;
#250 = VERTEX_POINT ( 'NONE', #8215 ) ;
#251 = ORIENTED_EDGE ( 'NONE', *, *, #8994, .F. ) ;
#252 = FACE_OUTER_BOUND ( 'NONE', #122, .T. ) ;
#253 = ORIENTED_EDGE ( 'NONE', *, *, #1928, .T. ) ;
#254 = EDGE_CURVE ( 'NONE', #7159, #7572, #8569, .T. ) ;
#255 = ORIENTED_EDGE ( 'NONE', *, *, #7505, .T. ) ;
#256 = EDGE_CURVE ( 'NONE', #8380, #882, #4704, .T. ) ;
#257 = DIRECTION ( 'NONE',  ( -0.000000000000000000, -0.000000000000000000, 1.000000000000000000 ) ) ;
#258 = ADVANCED_FACE ( 'NONE', ( #4197 ), #7006, .F. ) ;
#259 = CARTESIAN_POINT ( 'NONE',  ( 22.00000000000000000, 9.500000000000000000, 11.32499999999999929 ) ) ;
#260 = VERTEX_POINT ( 'NONE', #3322 ) ;
#261 = DIRECTION ( 'NONE',  ( -0.9295194284873269375, -0.3687731444460039532, 0.000000000000000000 ) ) ;
#262 = DIRECTION ( 'NONE',  ( 0.000000000000000000, 0.000000000000000000, -1.000000000000000000 ) ) ;
#263 = ORIENTED_EDGE ( 'NONE', *, *, #3416, .F. ) ;
#264 = DIRECTION ( 'NONE',  ( 0.3140574632484739448, -0.9494039760702149833, 0.000000000000000000 ) ) ;
#265 = ORIENTED_EDGE ( 'NONE', *, *, #1257, .F. ) ;
#266 = EDGE_CURVE ( 'NONE', #8841, #1239, #6137, .T. ) ;
#267 = EDGE_CURVE ( 'NONE', #3788, #6371, #4795, .T. ) ;
#268 = CARTESIAN_POINT ( 'NONE',  ( 30.50000000000000000, -50.50000000000000000, -4.349999999999999645 ) ) ;
#269 = FACE_OUTER_BOUND ( 'NONE', #6364, .T. ) ;
#270 = CARTESIAN_POINT ( 'NONE',  ( 22.44994944388270852, -58.59999999999999432, -6.049999999999999822 ) ) ;
#271 = DIRECTION ( 'NONE',  ( -0.000000000000000000, -0.000000000000000000, 1.000000000000000000 ) ) ;
#272 = CARTESIAN_POINT ( 'NONE',  ( 18.00000000000000355, -38.00000000000000000, 13.00000000000000000 ) ) ;
#273 = DIRECTION ( 'NONE',  ( 0.000000000000000000, 0.000000000000000000, -1.000000000000000000 ) ) ;
#274 = EDGE_LOOP ( 'NONE', ( #2502, #70 ) ) ;
#275 = VERTEX_POINT ( 'NONE', #7567 ) ;
#276 = DIRECTION ( 'NONE',  ( 0.000000000000000000, 0.000000000000000000, 1.000000000000000000 ) ) ;
#277 = DIRECTION ( 'NONE',  ( 0.000000000000000000, 0.000000000000000000, 1.000000000000000000 ) ) ;
#278 = DIRECTION ( 'NONE',  ( 0.000000000000000000, 0.000000000000000000, -1.000000000000000000 ) ) ;
#279 = CARTESIAN_POINT ( 'NONE',  ( 17.07684529828109277, -69.11803168183350010, -6.349999999999999645 ) ) ;
#280 = CARTESIAN_POINT ( 'NONE',  ( 24.80000000000000071, -7.000000000000000000, 15.00000000000000000 ) ) ;
#281 = DIRECTION ( 'NONE',  ( -0.000000000000000000, -0.000000000000000000, 1.000000000000000000 ) ) ;
#282 = ORIENTED_EDGE ( 'NONE', *, *, #3845, .T. ) ;
#283 = ORIENTED_EDGE ( 'NONE', *, *, #3675, .F. ) ;
#284 = EDGE_LOOP ( 'NONE', ( #1775, #3688, #8067, #2153 ) ) ;
#285 = PLANE ( 'NONE',  #6390 ) ;
#286 = EDGE_CURVE ( 'NONE', #1844, #6212, #1245, .T. ) ;
#287 = CARTESIAN_POINT ( 'NONE',  ( 18.69531513313111049, -68.53865857768789738, -6.049999999999999822 ) ) ;
#288 = CARTESIAN_POINT ( 'NONE',  ( 19.35591506572295373, -69.01051567239635176, -6.049999999999999822 ) ) ;
#289 = CARTESIAN_POINT ( 'NONE',  ( 11.56622851365015237, -60.07286821705425695, -6.349999999999999645 ) ) ;
#290 = ORIENTED_EDGE ( 'NONE', *, *, #7271, .F. ) ;
#291 = ORIENTED_EDGE ( 'NONE', *, *, #8480, .F. ) ;
#292 = VECTOR ( 'NONE', #928, 1000.000000000000227 ) ;
#293 = DIRECTION ( 'NONE',  ( 0.000000000000000000, 1.000000000000000000, 0.000000000000000000 ) ) ;
#294 = ORIENTED_EDGE ( 'NONE', *, *, #8111, .T. ) ;
#295 = ORIENTED_EDGE ( 'NONE', *, *, #6913, .T. ) ;
#296 = VECTOR ( 'NONE', #4425, 1000.000000000000000 ) ;
#297 = EDGE_CURVE ( 'NONE', #8877, #2151, #465, .T. ) ;
#298 = DIRECTION ( 'NONE',  ( 1.000000000000000000, 0.000000000000000000, 0.000000000000000000 ) ) ;
#299 = EDGE_CURVE ( 'NONE', #6603, #5734, #3358, .T. ) ;
#300 = FACE_BOUND ( 'NONE', #7796, .T. ) ;
#301 = ORIENTED_EDGE ( 'NONE', *, *, #4722, .F. ) ;
#302 = FACE_OUTER_BOUND ( 'NONE', #946, .T. ) ;
#303 = CARTESIAN_POINT ( 'NONE',  ( 18.29019211324570193, -70.45271317829457303, -6.349999999999999645 ) ) ;
#304 = ORIENTED_EDGE ( 'NONE', *, *, #383, .F. ) ;
#305 = EDGE_CURVE ( 'NONE', #7683, #7449, #2666, .T. ) ;
#306 = CARTESIAN_POINT ( 'NONE',  ( 15.75000000000000000, -41.00000000000000000, 15.00000000000000000 ) ) ;
#307 = ORIENTED_EDGE ( 'NONE', *, *, #94, .F. ) ;
#308 = VECTOR ( 'NONE', #6823, 1000.000000000000114 ) ;
#309 = CARTESIAN_POINT ( 'NONE',  ( 8.314459049544995040, -58.66066734074822620, -6.349999999999999645 ) ) ;
#310 = LINE ( 'NONE', #2523, #5774 ) ;
#311 = VECTOR ( 'NONE', #1371, 1000.000000000000114 ) ;
#312 = DIRECTION ( 'NONE',  ( 0.000000000000000000, -1.000000000000000000, 0.000000000000000000 ) ) ;
#313 = CARTESIAN_POINT ( 'NONE',  ( 22.93663633299629367, -67.66235254465789239, -6.049999999999999822 ) ) ;
#314 =( NAMED_UNIT ( * ) SI_UNIT ( $, .STERADIAN. ) SOLID_ANGLE_UNIT ( ) );
#315 = PLANE ( 'NONE',  #7112 ) ;
#316 = EDGE_CURVE ( 'NONE', #3498, #5698, #3541, .T. ) ;
#317 = ORIENTED_EDGE ( 'NONE', *, *, #8878, .T. ) ;
#318 = CIRCLE ( 'NONE', #6653, 0.7500000000000006661 ) ;
#319 = ORIENTED_EDGE ( 'NONE', *, *, #8816, .F. ) ;
#320 = DIRECTION ( 'NONE',  ( 1.000000000000000000, 0.000000000000000000, 0.000000000000000000 ) ) ;
#321 = CYLINDRICAL_SURFACE ( 'NONE', #34, 0.7500000000000006661 ) ;
#322 = AXIS2_PLACEMENT_3D ( 'NONE', #7924, #4270, #2983 ) ;
#323 = CARTESIAN_POINT ( 'NONE',  ( 17.83518705763397350, -70.28183350185372547, -6.349999999999999645 ) ) ;
#324 = DIRECTION ( 'NONE',  ( 1.000000000000000000, 0.000000000000000000, 0.000000000000000000 ) ) ;
#325 = CARTESIAN_POINT ( 'NONE',  ( 15.00000000000000000, -38.00000000000000000, 15.00000000000000000 ) ) ;
#326 = AXIS2_PLACEMENT_3D ( 'NONE', #124, #7889, #6491 ) ;
#327 = EDGE_CURVE ( 'NONE', #5476, #7641, #914, .T. ) ;
#328 = EDGE_CURVE ( 'NONE', #769, #8048, #5715, .T. ) ;
#329 = CARTESIAN_POINT ( 'NONE',  ( 13.18672059319177414, -59.86727334007414214, -6.049999999999999822 ) ) ;
#330 = ORIENTED_EDGE ( 'NONE', *, *, #3648, .F. ) ;
#331 = VERTEX_POINT ( 'NONE', #1512 ) ;
#332 = VECTOR ( 'NONE', #1910, 1000.000000000000000 ) ;
#333 = VECTOR ( 'NONE', #5145, 999.9999999999998863 ) ;
#334 = ORIENTED_EDGE ( 'NONE', *, *, #2743, .F. ) ;
#335 = CARTESIAN_POINT ( 'NONE',  ( 14.66700370744860216, -65.02534546680148253, -6.049999999999999822 ) ) ;
#336 = DIRECTION ( 'NONE',  ( 0.5986500762839546130, -0.8010106654503518220, 0.000000000000000000 ) ) ;
#337 = VECTOR ( 'NONE', #5633, 1000.000000000000000 ) ;
#338 = DIRECTION ( 'NONE',  ( -0.000000000000000000, -0.000000000000000000, 1.000000000000000000 ) ) ;
#340 = CARTESIAN_POINT ( 'NONE',  ( 27.12133468149646376, -65.49180990899898802, -6.049999999999999822 ) ) ;
#339 = AXIS2_PLACEMENT_3D ( 'NONE', #3159, #1767, #8736 ) ;
#341 = VERTEX_POINT ( 'NONE', #2994 ) ;
#342 = EDGE_LOOP ( 'NONE', ( #1991, #461 ) ) ;
#343 = VECTOR ( 'NONE', #336, 1000.000000000000000 ) ;
#344 = FACE_OUTER_BOUND ( 'NONE', #5764, .T. ) ;
#345 = ORIENTED_EDGE ( 'NONE', *, *, #5313, .F. ) ;
#346 = ORIENTED_EDGE ( 'NONE', *, *, #61, .T. ) ;
#347 = EDGE_CURVE ( 'NONE', #6604, #1574, #3738, .T. ) ;
#348 = AXIS2_PLACEMENT_3D ( 'NONE', #961, #3779, #3211 ) ;
#349 = AXIS2_PLACEMENT_3D ( 'NONE', #5402, #7566, #585 ) ;
#350 = AXIS2_PLACEMENT_3D ( 'NONE', #2588, #5405, #1066 ) ;
#351 = PLANE ( 'NONE',  #1335 ) ;
#352 = FACE_BOUND ( 'NONE', #8900, .T. ) ;
#353 = VERTEX_POINT ( 'NONE', #3641 ) ;
#354 = CARTESIAN_POINT ( 'NONE',  ( 32.00000000000000000, 2.000000000000000000, 1.650000000000000355 ) ) ;
#355 = LINE ( 'NONE', #3171, #6211 ) ;
#356 = ORIENTED_EDGE ( 'NONE', *, *, #2355, .F. ) ;
#358 = FACE_OUTER_BOUND ( 'NONE', #212, .T. ) ;
#357 = CIRCLE ( 'NONE', #5663, 0.7500000000000006661 ) ;
#359 = ORIENTED_EDGE ( 'NONE', *, *, #3225, .F. ) ;
#360 = VECTOR ( 'NONE', #1438, 1000.000000000000000 ) ;
#361 = ADVANCED_FACE ( 'NONE', ( #6548 ), #6354, .F. ) ;
#362 = EDGE_CURVE ( 'NONE', #7086, #1822, #825, .T. ) ;
#363 = EDGE_CURVE ( 'NONE', #898, #3153, #3862, .T. ) ;
#364 = LINE ( 'NONE', #910, #2 ) ;
#365 = CARTESIAN_POINT ( 'NONE',  ( 21.75000000000000355, -38.00000000000000000, 15.00000000000000000 ) ) ;
#366 = DIRECTION ( 'NONE',  ( -0.000000000000000000, -1.000000000000000000, -0.000000000000000000 ) ) ;
#367 = CARTESIAN_POINT ( 'NONE',  ( 12.00168520390967331, -67.47984496124030329, -6.049999999999999822 ) ) ;
#368 = LINE ( 'NONE', #1842, #3736 ) ;
#369 = ORIENTED_EDGE ( 'NONE', *, *, #4191, .F. ) ;
#370 = EDGE_CURVE ( 'NONE', #790, #838, #4377, .T. ) ;
#371 = ORIENTED_EDGE ( 'NONE', *, *, #3777, .T. ) ;
#372 = CARTESIAN_POINT ( 'NONE',  ( 17.02628918099090072, -66.42002022244690806, -6.349999999999999645 ) ) ;
#373 = CYLINDRICAL_SURFACE ( 'NONE', #3417, 0.7500000000000006661 ) ;
#374 = CARTESIAN_POINT ( 'NONE',  ( 21.05156723963600029, -69.60202224469159660, -6.049999999999999822 ) ) ;
#375 = CARTESIAN_POINT ( 'NONE',  ( 10.42601954836534972, -67.49416919447251928, -6.049999999999999822 ) ) ;
#376 = CARTESIAN_POINT ( 'NONE',  ( 17.25000000000000000, -32.00000000000000000, 15.00000000000000000 ) ) ;
#377 = PLANE ( 'NONE',  #5808 ) ;
#378 = CARTESIAN_POINT ( 'NONE',  ( 21.11257162116616115, -58.74560161779575651, -6.049999999999999822 ) ) ;
#379 = ORIENTED_EDGE ( 'NONE', *, *, #5147, .T. ) ;
#380 = VERTEX_POINT ( 'NONE', #867 ) ;
#381 = VERTEX_POINT ( 'NONE', #5618 ) ;
#382 = EDGE_CURVE ( 'NONE', #7491, #7086, #5076, .T. ) ;
#383 = EDGE_CURVE ( 'NONE', #4756, #4720, #2856, .T. ) ;
#384 = CARTESIAN_POINT ( 'NONE',  ( 7.200000000000001066, 0.000000000000000000, 12.12500000000000000 ) ) ;
#385 = FACE_OUTER_BOUND ( 'NONE', #4211, .T. ) ;
#386 = LINE ( 'NONE', #4715, #6520 ) ;
#387 = ORIENTED_EDGE ( 'NONE', *, *, #1601, .F. ) ;
#388 = VERTEX_POINT ( 'NONE', #7146 ) ;
#389 = LINE ( 'NONE', #3200, #7133 ) ;
#390 = ORIENTED_EDGE ( 'NONE', *, *, #4313, .T. ) ;
#391 = VERTEX_POINT ( 'NONE', #725 ) ;
#392 = DIRECTION ( 'NONE',  ( 0.000000000000000000, 0.000000000000000000, -1.000000000000000000 ) ) ;
#393 = CARTESIAN_POINT ( 'NONE',  ( 11.71183013144590390, -60.56107178968654381, -6.049999999999999822 ) ) ;
#394 = VERTEX_POINT ( 'NONE', #3683 ) ;
#395 = PLANE ( 'NONE',  #1837 ) ;
#396 = CARTESIAN_POINT ( 'NONE',  ( 24.06370070778564241, -64.73953488372092124, -6.349999999999999645 ) ) ;
#397 = VERTEX_POINT ( 'NONE', #6448 ) ;
#398 = CARTESIAN_POINT ( 'NONE',  ( 9.000000000000001776, -32.00000000000000000, 15.00000000000000000 ) ) ;
#399 = ORIENTED_EDGE ( 'NONE', *, *, #8652, .F. ) ;
#400 = DIRECTION ( 'NONE',  ( 0.000000000000000000, 0.000000000000000000, -1.000000000000000000 ) ) ;
#401 = LINE ( 'NONE', #4517, #6515 ) ;
#402 = EDGE_CURVE ( 'NONE', #2371, #4948, #1054, .T. ) ;
#403 = DIRECTION ( 'NONE',  ( 0.000000000000000000, -0.000000000000000000, -1.000000000000000000 ) ) ;
#404 = FACE_OUTER_BOUND ( 'NONE', #6359, .T. ) ;
#405 = EDGE_CURVE ( 'NONE', #2544, #9, #6495, .T. ) ;
#406 = LINE ( 'NONE', #2577, #8157 ) ;
#407 = EDGE_LOOP ( 'NONE', ( #3766, #7021, #9073, #7141 ) ) ;
#408 = VERTEX_POINT ( 'NONE', #2898 ) ;
#409 = ORIENTED_EDGE ( 'NONE', *, *, #5800, .F. ) ;
#410 = CARTESIAN_POINT ( 'NONE',  ( 11.42467138523761427, -59.57286821705425695, -6.049999999999999822 ) ) ;
#411 = LINE ( 'NONE', #5360, #466 ) ;
#412 = LINE ( 'NONE', #8772, #1241 ) ;
#413 = EDGE_CURVE ( 'NONE', #8703, #4229, #8575, .T. ) ;
#414 = DIRECTION ( 'NONE',  ( 1.000000000000000000, 0.000000000000000000, 0.000000000000000000 ) ) ;
#415 = DIRECTION ( 'NONE',  ( 1.000000000000000000, 0.000000000000000000, 0.000000000000000000 ) ) ;
#416 = FACE_OUTER_BOUND ( 'NONE', #6771, .T. ) ;
#417 = EDGE_CURVE ( 'NONE', #250, #6047, #176, .T. ) ;
#418 = EDGE_CURVE ( 'NONE', #7804, #8270, #2304, .T. ) ;
#419 = LINE ( 'NONE', #2626, #144 ) ;
#420 = VERTEX_POINT ( 'NONE', #7234 ) ;
#421 = VERTEX_POINT ( 'NONE', #7747 ) ;
#422 = LINE ( 'NONE', #3156, #7284 ) ;
#423 = DIRECTION ( 'NONE',  ( 1.000000000000000000, 0.000000000000000000, 0.000000000000000000 ) ) ;
#424 = CARTESIAN_POINT ( 'NONE',  ( 20.25000000000000000, -38.00000000000000000, 15.00000000000000000 ) ) ;
#425 = ORIENTED_EDGE ( 'NONE', *, *, #6914, .T. ) ;
#426 = ORIENTED_EDGE ( 'NONE', *, *, #963, .F. ) ;
#427 = CARTESIAN_POINT ( 'NONE',  ( 11.25000000000000000, -38.00000000000000000, 13.00000000000000000 ) ) ;
#428 = ADVANCED_FACE ( 'NONE', ( #4235 ), #4280, .F. ) ;
#429 = ORIENTED_EDGE ( 'NONE', *, *, #6077, .F. ) ;
#430 = EDGE_CURVE ( 'NONE', #7905, #6884, #4519, .T. ) ;
#431 = EDGE_LOOP ( 'NONE', ( #8169, #1697, #4912, #9093 ) ) ;
#432 = LINE ( 'NONE', #3247, #1641 ) ;
#433 = AXIS2_PLACEMENT_3D ( 'NONE', #7094, #230, #2202 ) ;
#434 = LINE ( 'NONE', #2694, #4457 ) ;
#436 = EDGE_LOOP ( 'NONE', ( #1134, #6133, #7665, #5668 ) ) ;
#435 = AXIS2_PLACEMENT_3D ( 'NONE', #7797, #4984, #6599 ) ;
#437 = CARTESIAN_POINT ( 'NONE',  ( 14.42972699696663241, -66.53528816986855077, -6.349999999999999645 ) ) ;
#438 = FACE_OUTER_BOUND ( 'NONE', #4719, .T. ) ;
#439 = ORIENTED_EDGE ( 'NONE', *, *, #2484, .T. ) ;
#440 = CARTESIAN_POINT ( 'NONE',  ( -0.5000000000000000000, -50.50000000000000000, -4.349999999999999645 ) ) ;
#441 = ORIENTED_EDGE ( 'NONE', *, *, #2174, .T. ) ;
#442 = EDGE_CURVE ( 'NONE', #353, #1035, #1009, .T. ) ;
#443 = CARTESIAN_POINT ( 'NONE',  ( 3.082237950792043435, -67.24711830131445822, -6.349999999999999645 ) ) ;
#444 = DIRECTION ( 'NONE',  ( 0.5500185010324786239, -0.8351524702244407239, 0.000000000000000000 ) ) ;
#445 = DIRECTION ( 'NONE',  ( -0.9829587885435996375, 0.1838260591562008994, 0.000000000000000000 ) ) ;
#446 = DIRECTION ( 'NONE',  ( 0.000000000000000000, 0.000000000000000000, 1.000000000000000000 ) ) ;
#447 = VECTOR ( 'NONE', #832, 1000.000000000000000 ) ;
#448 = FACE_OUTER_BOUND ( 'NONE', #3645, .T. ) ;
#449 = ORIENTED_EDGE ( 'NONE', *, *, #7185, .T. ) ;
#450 = ORIENTED_EDGE ( 'NONE', *, *, #688, .F. ) ;
#451 = VERTEX_POINT ( 'NONE', #7333 ) ;
#452 = ADVANCED_FACE ( 'NONE', ( #5992 ), #8845, .T. ) ;
#453 = VECTOR ( 'NONE', #5521, 1000.000000000000000 ) ;
#454 = PLANE ( 'NONE',  #1920 ) ;
#455 = CARTESIAN_POINT ( 'NONE',  ( 21.00000000000000000, -35.00000000000000000, 13.00000000000000000 ) ) ;
#456 = DIRECTION ( 'NONE',  ( -0.09053574604251402036, 0.9958932064677041840, 0.000000000000000000 ) ) ;
#457 = LINE ( 'NONE', #3273, #5180 ) ;
#458 = CARTESIAN_POINT ( 'NONE',  ( 23.03842264914054638, -59.71627906976743816, -6.049999999999999822 ) ) ;
#459 = DIRECTION ( 'NONE',  ( 0.3591573486493884748, -0.9332770215274462933, 0.000000000000000000 ) ) ;
#460 = VECTOR ( 'NONE', #9006, 1000.000000000000114 ) ;
#461 = ORIENTED_EDGE ( 'NONE', *, *, #4178, .F. ) ;
#462 = ADVANCED_FACE ( 'NONE', ( #5897, #8667 ), #3131, .T. ) ;
#463 = ORIENTED_EDGE ( 'NONE', *, *, #2521, .T. ) ;
#464 = EDGE_CURVE ( 'NONE', #8324, #567, #169, .T. ) ;
#465 = CIRCLE ( 'NONE', #6652, 0.8000000000000020428 ) ;
#466 = VECTOR ( 'NONE', #4567, 1000.000000000000000 ) ;
#467 = DIRECTION ( 'NONE',  ( -0.000000000000000000, 0.000000000000000000, 1.000000000000000000 ) ) ;
#468 = CARTESIAN_POINT ( 'NONE',  ( 15.00000000000000000, -29.00000000000000000, 15.00000000000000000 ) ) ;
#469 = LINE ( 'NONE', #3287, #194 ) ;
#470 = ORIENTED_EDGE ( 'NONE', *, *, #5203, .T. ) ;
#471 = VERTEX_POINT ( 'NONE', #5214 ) ;
#472 = EDGE_CURVE ( 'NONE', #4023, #3798, #6633, .T. ) ;
#473 = DIRECTION ( 'NONE',  ( 0.8032637341420640897, -0.5956235165036279922, 0.000000000000000000 ) ) ;
#474 = AXIS2_PLACEMENT_3D ( 'NONE', #2791, #5064, #7882 ) ;
#475 = VERTEX_POINT ( 'NONE', #3960 ) ;
#476 = CIRCLE ( 'NONE', #4310, 0.7500000000000006661 ) ;
#477 = ORIENTED_EDGE ( 'NONE', *, *, #4590, .F. ) ;
#478 = FACE_BOUND ( 'NONE', #4963, .T. ) ;
#479 = VECTOR ( 'NONE', #5422, 1000.000000000000000 ) ;
#480 = VECTOR ( 'NONE', #1726, 1000.000000000000000 ) ;
#481 = DIRECTION ( 'NONE',  ( 1.000000000000000000, 0.000000000000000000, 0.000000000000000000 ) ) ;
#482 = DIRECTION ( 'NONE',  ( -0.000000000000000000, -0.000000000000000000, 1.000000000000000000 ) ) ;
#483 = AXIS2_PLACEMENT_3D ( 'NONE', #4029, #3942, #7527 ) ;
#484 = DIRECTION ( 'NONE',  ( -0.3819066349579994801, -0.9242009100704549063, -0.000000000000000000 ) ) ;
#485 = DIRECTION ( 'NONE',  ( -0.000000000000000000, 0.000000000000000000, 1.000000000000000000 ) ) ;
#486 = ORIENTED_EDGE ( 'NONE', *, *, #8838, .F. ) ;
#487 = CARTESIAN_POINT ( 'NONE',  ( 23.80000000000000071, -7.000000000000000000, 15.00000000000000000 ) ) ;
#488 = VERTEX_POINT ( 'NONE', #3923 ) ;
#489 = VECTOR ( 'NONE', #3982, 1000.000000000000114 ) ;
#490 = AXIS2_PLACEMENT_3D ( 'NONE', #270, #4725, #4558 ) ;
#491 = VECTOR ( 'NONE', #5632, 1000.000000000000000 ) ;
#492 = FACE_OUTER_BOUND ( 'NONE', #8392, .T. ) ;
#493 = ADVANCED_FACE ( 'NONE', ( #1143 ), #7977, .T. ) ;
#494 = EDGE_CURVE ( 'NONE', #9024, #4350, #2393, .T. ) ;
#495 = DIRECTION ( 'NONE',  ( 1.000000000000000000, 0.000000000000000000, 0.000000000000000000 ) ) ;
#496 = VECTOR ( 'NONE', #2297, 1000.000000000000114 ) ;
#497 = AXIS2_PLACEMENT_3D ( 'NONE', #1160, #8915, #2632 ) ;
#498 = CARTESIAN_POINT ( 'NONE',  ( 7.000000000000000000, 11.00000000000000000, -3.674999999999999822 ) ) ;
#499 = CIRCLE ( 'NONE', #4917, 0.7500000000000006661 ) ;
#500 = DIRECTION ( 'NONE',  ( 0.6837016954685850578, 0.7297615991633035204, 0.000000000000000000 ) ) ;
#501 = ORIENTED_EDGE ( 'NONE', *, *, #690, .T. ) ;
#502 = ORIENTED_EDGE ( 'NONE', *, *, #286, .T. ) ;
#503 = ORIENTED_EDGE ( 'NONE', *, *, #6836, .T. ) ;
#504 = AXIS2_PLACEMENT_3D ( 'NONE', #8188, #1863, #4680 ) ;
#505 = VECTOR ( 'NONE', #4342, 1000.000000000000000 ) ;
#506 = LINE ( 'NONE', #582, #8847 ) ;
#507 = CARTESIAN_POINT ( 'NONE',  ( 0.000000000000000000, 0.000000000000000000, -6.349999999999999645 ) ) ;
#508 = DIRECTION ( 'NONE',  ( -1.000000000000000000, 0.000000000000000000, 0.000000000000000000 ) ) ;
#509 = CARTESIAN_POINT ( 'NONE',  ( -2.000000000000000000, -52.00000000000000711, 1.650000000000000355 ) ) ;
#510 = CARTESIAN_POINT ( 'NONE',  ( 26.38119312436804975, -70.39373104145600735, -6.349999999999999645 ) ) ;
#511 = DIRECTION ( 'NONE',  ( -0.9958932064677042950, -0.09053574604251403424, 0.000000000000000000 ) ) ;
#512 = ORIENTED_EDGE ( 'NONE', *, *, #5538, .T. ) ;
#513 = ORIENTED_EDGE ( 'NONE', *, *, #6866, .F. ) ;
#514 = LINE ( 'NONE', #3418, #7114 ) ;
#515 = DIRECTION ( 'NONE',  ( 0.000000000000000000, 0.000000000000000000, -1.000000000000000000 ) ) ;
#516 = CARTESIAN_POINT ( 'NONE',  ( 0.000000000000000000, 0.000000000000000000, -6.349999999999999645 ) ) ;
#517 = EDGE_CURVE ( 'NONE', #960, #394, #5950, .T. ) ;
#518 = DIRECTION ( 'NONE',  ( -0.000000000000000000, -0.000000000000000000, 1.000000000000000000 ) ) ;
#519 = VERTEX_POINT ( 'NONE', #2441 ) ;
#520 = EDGE_CURVE ( 'NONE', #4347, #769, #5259, .T. ) ;
#521 = CARTESIAN_POINT ( 'NONE',  ( 11.10549376474553540, -68.38395685877992491, -6.349999999999999645 ) ) ;
#522 = ORIENTED_EDGE ( 'NONE', *, *, #8892, .F. ) ;
#523 = ORIENTED_EDGE ( 'NONE', *, *, #750, .F. ) ;
#524 = PLANE ( 'NONE',  #6939 ) ;
#525 = LINE ( 'NONE', #5419, #6228 ) ;
#526 = CARTESIAN_POINT ( 'NONE',  ( 27.26693629929221530, -68.76784630940343845, -6.049999999999999822 ) ) ;
#527 = DIRECTION ( 'NONE',  ( 0.5089252535424145796, -0.8608107145631895829, 0.000000000000000000 ) ) ;
#528 = CARTESIAN_POINT ( 'NONE',  ( 21.00337040781934661, -69.87738456353218908, -6.049999999999999822 ) ) ;
#529 = ORIENTED_EDGE ( 'NONE', *, *, #3626, .F. ) ;
#530 = EDGE_CURVE ( 'NONE', #2744, #8298, #8032, .T. ) ;
#531 = FACE_OUTER_BOUND ( 'NONE', #2340, .T. ) ;
#532 = VERTEX_POINT ( 'NONE', #229 ) ;
#533 = EDGE_CURVE ( 'NONE', #6212, #58, #1840, .T. ) ;
#534 = DIRECTION ( 'NONE',  ( -0.4534339825191248674, -0.8912898650253160415, 0.000000000000000000 ) ) ;
#535 = LINE ( 'NONE', #1142, #8731 ) ;
#536 = DIRECTION ( 'NONE',  ( 0.000000000000000000, 0.000000000000000000, 1.000000000000000000 ) ) ;
#537 = DIRECTION ( 'NONE',  ( 0.5441911050990204668, -0.8389612870276594858, 0.000000000000000000 ) ) ;
#538 = ORIENTED_EDGE ( 'NONE', *, *, #4916, .F. ) ;
#540 = ORIENTED_EDGE ( 'NONE', *, *, #4707, .F. ) ;
#539 = ADVANCED_FACE ( 'NONE', ( #1707 ), #8071, .F. ) ;
#541 = EDGE_CURVE ( 'NONE', #3345, #2205, #6727, .T. ) ;
#542 = ORIENTED_EDGE ( 'NONE', *, *, #405, .T. ) ;
#543 = DIRECTION ( 'NONE',  ( -0.000000000000000000, -0.000000000000000000, -1.000000000000000000 ) ) ;
#544 = CARTESIAN_POINT ( 'NONE',  ( 16.54095045500505634, -64.24812942366025936, -6.049999999999999822 ) ) ;
#545 = LINE ( 'NONE', #6217, #1364 ) ;
#546 = DIRECTION ( 'NONE',  ( 1.000000000000000000, 0.000000000000000000, 0.000000000000000000 ) ) ;
#547 = CARTESIAN_POINT ( 'NONE',  ( 11.54465790360633548, -68.18611391978429026, -6.349999999999999645 ) ) ;
#548 = CARTESIAN_POINT ( 'NONE',  ( 12.75000000000000178, -29.00000000000000000, 13.00000000000000000 ) ) ;
#549 = DIRECTION ( 'NONE',  ( 0.9494039760702150943, 0.3140574632484740003, 0.000000000000000000 ) ) ;
#550 = VERTEX_POINT ( 'NONE', #4657 ) ;
#551 = ORIENTED_EDGE ( 'NONE', *, *, #4284, .F. ) ;
#552 = LINE ( 'NONE', #8263, #8737 ) ;
#553 = LINE ( 'NONE', #7015, #6769 ) ;
#554 = DIRECTION ( 'NONE',  ( -0.000000000000000000, 1.000000000000000000, -0.000000000000000000 ) ) ;
#555 = DIRECTION ( 'NONE',  ( -0.000000000000000000, -0.000000000000000000, 1.000000000000000000 ) ) ;
#556 = ORIENTED_EDGE ( 'NONE', *, *, #6968, .F. ) ;
#557 = PLANE ( 'NONE',  #5958 ) ;
#558 = ORIENTED_EDGE ( 'NONE', *, *, #1445, .T. ) ;
#559 = ORIENTED_EDGE ( 'NONE', *, *, #5147, .F. ) ;
#560 = ORIENTED_EDGE ( 'NONE', *, *, #4313, .F. ) ;
#561 = ADVANCED_FACE ( 'NONE', ( #7467 ), #7292, .T. ) ;
#562 = CARTESIAN_POINT ( 'NONE',  ( 11.48129423660262916, -62.14297269969665649, -6.049999999999999822 ) ) ;
#563 = CARTESIAN_POINT ( 'NONE',  ( 20.89686552072800652, -70.51506572295247111, -6.049999999999999822 ) ) ;
#564 = LINE ( 'NONE', #4121, #2546 ) ;
#565 = CARTESIAN_POINT ( 'NONE',  ( 14.59959555106167883, -65.40990899898886823, -6.349999999999999645 ) ) ;
#566 = DIRECTION ( 'NONE',  ( 0.000000000000000000, 0.000000000000000000, -1.000000000000000000 ) ) ;
#567 = VERTEX_POINT ( 'NONE', #7553 ) ;
#568 = CARTESIAN_POINT ( 'NONE',  ( 16.38456353218739281, -64.11398719245029554, -6.049999999999999822 ) ) ;
#569 = VERTEX_POINT ( 'NONE', #6079 ) ;
#570 = ADVANCED_FACE ( 'NONE', ( #4824 ), #4787, .F. ) ;
#571 =( GEOMETRIC_REPRESENTATION_CONTEXT ( 3 ) GLOBAL_UNCERTAINTY_ASSIGNED_CONTEXT ( ( #1558 ) ) GLOBAL_UNIT_ASSIGNED_CONTEXT ( ( #8033, #7334, #314 ) ) REPRESENTATION_CONTEXT ( 'NONE', 'WORKASPACE' ) );
#572 = ADVANCED_FACE ( 'NONE', ( #6206 ), #2654, .F. ) ;
#573 = VECTOR ( 'NONE', #7658, 1000.000000000000000 ) ;
#574 = CARTESIAN_POINT ( 'NONE',  ( 36.00000000000000711, 11.00000000000000000, -6.349999999999999645 ) ) ;
#575 = LINE ( 'NONE', #6763, #5051 ) ;
#576 = DIRECTION ( 'NONE',  ( 0.000000000000000000, 0.000000000000000000, 1.000000000000000000 ) ) ;
#577 = LINE ( 'NONE', #674, #4168 ) ;
#578 = ORIENTED_EDGE ( 'NONE', *, *, #1168, .F. ) ;
#579 = AXIS2_PLACEMENT_3D ( 'NONE', #7903, #5866, #3794 ) ;
#580 = VERTEX_POINT ( 'NONE', #2614 ) ;
#581 = EDGE_LOOP ( 'NONE', ( #4155, #2172, #4401, #4598 ) ) ;
#582 = CARTESIAN_POINT ( 'NONE',  ( 3.218402426693629081, -60.62628918099089503, -6.049999999999999822 ) ) ;
#583 = DIRECTION ( 'NONE',  ( -0.9497899192519785316, 0.3128883335749674810, 0.000000000000000000 ) ) ;
#584 = AXIS2_PLACEMENT_3D ( 'NONE', #5626, #734, #2864 ) ;
#585 = DIRECTION ( 'NONE',  ( 0.000000000000000000, -0.000000000000000000, 1.000000000000000000 ) ) ;
#586 = FACE_OUTER_BOUND ( 'NONE', #8777, .T. ) ;
#587 = DIRECTION ( 'NONE',  ( 0.000000000000000000, 0.000000000000000000, 1.000000000000000000 ) ) ;
#588 = DIRECTION ( 'NONE',  ( 0.000000000000000000, 0.000000000000000000, -1.000000000000000000 ) ) ;
#589 = AXIS2_PLACEMENT_3D ( 'NONE', #8401, #6281, #7718 ) ;
#590 = FACE_OUTER_BOUND ( 'NONE', #6794, .T. ) ;
#591 = ORIENTED_EDGE ( 'NONE', *, *, #39, .T. ) ;
#592 = VECTOR ( 'NONE', #2005, 1000.000000000000227 ) ;
#593 = ORIENTED_EDGE ( 'NONE', *, *, #7548, .T. ) ;
#594 = CARTESIAN_POINT ( 'NONE',  ( -2.799999999999999822, -52.00000000000000711, 1.650000000000000355 ) ) ;
#595 = EDGE_CURVE ( 'NONE', #7880, #4244, #7689, .T. ) ;
#597 = EDGE_CURVE ( 'NONE', #1035, #4059, #1236, .T. ) ;
#596 = EDGE_LOOP ( 'NONE', ( #7000, #8785, #7753, #2397 ) ) ;
#598 = CARTESIAN_POINT ( 'NONE',  ( 8.000000000000000000, 9.500000000000000000, -2.674999999999999822 ) ) ;
#599 = DIRECTION ( 'NONE',  ( 1.000000000000000000, 0.000000000000000000, 0.000000000000000000 ) ) ;
#600 = VECTOR ( 'NONE', #1593, 1000.000000000000000 ) ;
#601 = DIRECTION ( 'NONE',  ( 0.000000000000000000, 0.000000000000000000, -1.000000000000000000 ) ) ;
#602 = VERTEX_POINT ( 'NONE', #8936 ) ;
#603 = CARTESIAN_POINT ( 'NONE',  ( 9.000000000000001776, -32.00000000000000000, 13.00000000000000000 ) ) ;
#604 = VERTEX_POINT ( 'NONE', #8206 ) ;
#605 = EDGE_LOOP ( 'NONE', ( #9051, #1588, #7623, #6385 ) ) ;
#606 = VECTOR ( 'NONE', #6682, 1000.000000000000000 ) ;
#607 = ORIENTED_EDGE ( 'NONE', *, *, #3650, .T. ) ;
#608 = CARTESIAN_POINT ( 'NONE',  ( 16.23087293562521083, -63.97849679811257317, -6.049999999999999822 ) ) ;
#609 = CARTESIAN_POINT ( 'NONE',  ( 20.25000000000000000, -32.00000000000000000, 15.00000000000000000 ) ) ;
#610 = CARTESIAN_POINT ( 'NONE',  ( 11.25000000000000000, -41.00000000000000000, 13.00000000000000000 ) ) ;
#611 = VECTOR ( 'NONE', #959, 1000.000000000000227 ) ;
#612 = DIRECTION ( 'NONE',  ( -0.3687731444460039532, 0.9295194284873268264, -0.000000000000000000 ) ) ;
#613 = LINE ( 'NONE', #6250, #479 ) ;
#614 = ORIENTED_EDGE ( 'NONE', *, *, #7688, .T. ) ;
#615 = VECTOR ( 'NONE', #6153, 1000.000000000000000 ) ;
#616 = CARTESIAN_POINT ( 'NONE',  ( 18.00000000000000355, -32.00000000000000000, 13.00000000000000000 ) ) ;
#617 = VERTEX_POINT ( 'NONE', #6814 ) ;
#618 = EDGE_CURVE ( 'NONE', #5414, #7202, #1273, .T. ) ;
#619 = VECTOR ( 'NONE', #1818, 1000.000000000000000 ) ;
#620 = VECTOR ( 'NONE', #4804, 1000.000000000000000 ) ;
#621 = CARTESIAN_POINT ( 'NONE',  ( 11.41118975396022783, -68.39794405123019772, -6.049999999999999822 ) ) ;
#622 = CARTESIAN_POINT ( 'NONE',  ( 18.75000000000000355, -35.00000000000000000, 13.00000000000000000 ) ) ;
#623 = DIRECTION ( 'NONE',  ( 0.5466225009349171549, -0.8373791503683719606, 0.000000000000000000 ) ) ;
#624 = EDGE_CURVE ( 'NONE', #2819, #6572, #8973, .T. ) ;
#626 = VECTOR ( 'NONE', #4389, 1000.000000000000000 ) ;
#625 = PLANE ( 'NONE',  #5055 ) ;
#627 = ORIENTED_EDGE ( 'NONE', *, *, #5768, .F. ) ;
#628 = AXIS2_PLACEMENT_3D ( 'NONE', #3357, #8985, #6136 ) ;
#629 = ADVANCED_FACE ( 'NONE', ( #5523 ), #1918, .T. ) ;
#630 = AXIS2_PLACEMENT_3D ( 'NONE', #468, #8184, #8997 ) ;
#631 = EDGE_LOOP ( 'NONE', ( #1290, #3451, #5831, #3207 ) ) ;
#632 = ADVANCED_FACE ( 'NONE', ( #1183, #4738 ), #4133, .F. ) ;
#633 = ORIENTED_EDGE ( 'NONE', *, *, #7999, .F. ) ;
#634 = DIRECTION ( 'NONE',  ( 0.000000000000000000, 0.000000000000000000, -1.000000000000000000 ) ) ;
#635 = VECTOR ( 'NONE', #5202, 1000.000000000000000 ) ;
#636 = VECTOR ( 'NONE', #5133, 1000.000000000000000 ) ;
#638 = LINE ( 'NONE', #7565, #3410 ) ;
#637 = AXIS2_PLACEMENT_3D ( 'NONE', #2868, #650, #792 ) ;
#639 = LINE ( 'NONE', #4062, #4169 ) ;
#640 = CARTESIAN_POINT ( 'NONE',  ( 3.257836198179980158, -67.53023255813953085, -6.049999999999999822 ) ) ;
#641 = CARTESIAN_POINT ( 'NONE',  ( 21.74755645433097584, -58.67280080889786831, -6.049999999999999822 ) ) ;
#642 = EDGE_CURVE ( 'NONE', #471, #8757, #5564, .T. ) ;
#643 = CARTESIAN_POINT ( 'NONE',  ( 4.258847320525783076, -67.89726996966632555, -6.049999999999999822 ) ) ;
#644 = VECTOR ( 'NONE', #9052, 1000.000000000000227 ) ;
#645 = EDGE_LOOP ( 'NONE', ( #4782, #5093, #3937, #4058 ) ) ;
#646 = EDGE_LOOP ( 'NONE', ( #2219, #2410, #3951, #8414 ) ) ;
#647 = LINE ( 'NONE', #7614, #7289 ) ;
#648 = ORIENTED_EDGE ( 'NONE', *, *, #4094, .T. ) ;
#649 = DIRECTION ( 'NONE',  ( -0.9808700468013823448, 0.1946636876457804588, 0.000000000000000000 ) ) ;
#650 = DIRECTION ( 'NONE',  ( 1.000000000000000000, 0.000000000000000000, 0.000000000000000000 ) ) ;
#651 = DIRECTION ( 'NONE',  ( 0.000000000000000000, 0.000000000000000000, 1.000000000000000000 ) ) ;
#652 = VERTEX_POINT ( 'NONE', #4005 ) ;
#653 = FACE_OUTER_BOUND ( 'NONE', #6611, .T. ) ;
#654 = EDGE_LOOP ( 'NONE', ( #6429, #3101, #1179, #6463 ) ) ;
#655 = ORIENTED_EDGE ( 'NONE', *, *, #5427, .T. ) ;
#656 = EDGE_CURVE ( 'NONE', #6283, #4699, #6810, .T. ) ;
#657 = EDGE_CURVE ( 'NONE', #3028, #6948, #9020, .T. ) ;
#658 = VERTEX_POINT ( 'NONE', #498 ) ;
#659 = PLANE ( 'NONE',  #760 ) ;
#660 = FACE_OUTER_BOUND ( 'NONE', #157, .T. ) ;
#661 = LINE ( 'NONE', #8464, #6524 ) ;
#662 = CARTESIAN_POINT ( 'NONE',  ( 15.00000000000000000, -41.00000000000000000, 13.00000000000000000 ) ) ;
#663 = DIRECTION ( 'NONE',  ( -0.000000000000000000, 0.000000000000000000, -1.000000000000000000 ) ) ;
#664 = ORIENTED_EDGE ( 'NONE', *, *, #680, .F. ) ;
#665 = ORIENTED_EDGE ( 'NONE', *, *, #6528, .F. ) ;
#666 = LINE ( 'NONE', #1489, #5072 ) ;
#667 = ORIENTED_EDGE ( 'NONE', *, *, #2774, .T. ) ;
#668 = EDGE_CURVE ( 'NONE', #7020, #3897, #2707, .T. ) ;
#669 = CARTESIAN_POINT ( 'NONE',  ( 11.42467138523761427, -59.57286821705425695, -6.349999999999999645 ) ) ;
#670 = CARTESIAN_POINT ( 'NONE',  ( 17.25000000000000000, -38.00000000000000000, 13.00000000000000000 ) ) ;
#671 = ORIENTED_EDGE ( 'NONE', *, *, #7397, .F. ) ;
#672 = DIRECTION ( 'NONE',  ( -0.5183855729687658620, -0.8551470035835033734, 0.000000000000000000 ) ) ;
#673 = DIRECTION ( 'NONE',  ( 1.000000000000000000, 0.000000000000000000, 0.000000000000000000 ) ) ;
#674 = CARTESIAN_POINT ( 'NONE',  ( 13.18672059319177414, -59.86727334007414214, -6.049999999999999822 ) ) ;
#675 = ORIENTED_EDGE ( 'NONE', *, *, #4137, .T. ) ;
#676 = ORIENTED_EDGE ( 'NONE', *, *, #3463, .T. ) ;
#677 = ORIENTED_EDGE ( 'NONE', *, *, #94, .T. ) ;
#678 = CARTESIAN_POINT ( 'NONE',  ( 7.000000000000000000, 11.00000000000000000, -3.674999999999999822 ) ) ;
#679 = EDGE_CURVE ( 'NONE', #5578, #898, #2009, .T. ) ;
#680 = EDGE_CURVE ( 'NONE', #895, #6395, #3446, .T. ) ;
#681 = DIRECTION ( 'NONE',  ( 0.000000000000000000, 1.000000000000000000, 0.000000000000000000 ) ) ;
#682 = DIRECTION ( 'NONE',  ( 0.000000000000000000, 0.000000000000000000, 1.000000000000000000 ) ) ;
#683 = DIRECTION ( 'NONE',  ( 0.000000000000000000, -1.000000000000000000, 0.000000000000000000 ) ) ;
#684 = CARTESIAN_POINT ( 'NONE',  ( 14.42972699696663241, -66.53528816986855077, -6.349999999999999645 ) ) ;
#685 = CARTESIAN_POINT ( 'NONE',  ( 12.75000000000000178, -41.00000000000000000, 15.00000000000000000 ) ) ;
#686 = ORIENTED_EDGE ( 'NONE', *, *, #6983, .T. ) ;
#687 = ORIENTED_EDGE ( 'NONE', *, *, #1384, .F. ) ;
#688 = EDGE_CURVE ( 'NONE', #6552, #8365, #7095, .T. ) ;
#689 = DIRECTION ( 'NONE',  ( 1.000000000000000000, 0.000000000000000000, 0.000000000000000000 ) ) ;
#690 = EDGE_CURVE ( 'NONE', #9061, #8931, #6126, .T. ) ;
#691 = CARTESIAN_POINT ( 'NONE',  ( 3.611054937647454111, -68.12072800808897455, -6.049999999999999822 ) ) ;
#692 = ORIENTED_EDGE ( 'NONE', *, *, #3515, .F. ) ;
#693 = CARTESIAN_POINT ( 'NONE',  ( 7.000000000000000000, 9.799999999999998934, -3.674999999999999822 ) ) ;
#694 = CARTESIAN_POINT ( 'NONE',  ( 14.24999999999999822, -35.00000000000000000, 13.00000000000000000 ) ) ;
#695 = EDGE_CURVE ( 'NONE', #7359, #275, #4321, .T. ) ;
#696 = DIRECTION ( 'NONE',  ( 0.000000000000000000, 0.000000000000000000, -1.000000000000000000 ) ) ;
#697 = EDGE_LOOP ( 'NONE', ( #4771, #5410, #1749, #5432 ) ) ;
#698 = CARTESIAN_POINT ( 'NONE',  ( 19.67610380856083552, -69.00883046848667846, -6.049999999999999822 ) ) ;
#699 = ORIENTED_EDGE ( 'NONE', *, *, #4506, .F. ) ;
#700 = ORIENTED_EDGE ( 'NONE', *, *, #8618, .T. ) ;
#701 = EDGE_LOOP ( 'NONE', ( #2754, #6275, #6421, #1830 ) ) ;
#702 = EDGE_LOOP ( 'NONE', ( #8075, #1506, #7481, #5891 ) ) ;
#703 = CARTESIAN_POINT ( 'NONE',  ( 32.00000000000000000, 2.000000000000000000, 1.650000000000000355 ) ) ;
#704 = LINE ( 'NONE', #9057, #4903 ) ;
#705 = CARTESIAN_POINT ( 'NONE',  ( 21.04246713852376161, -66.94782608695651049, -6.349999999999999645 ) ) ;
#706 = DIRECTION ( 'NONE',  ( -0.9801739480754321221, 0.1981389197361790588, 0.000000000000000000 ) ) ;
#707 = CARTESIAN_POINT ( 'NONE',  ( -6.000000000000000000, -75.00000000000000000, 15.00000000000000000 ) ) ;
#708 = ADVANCED_FACE ( 'NONE', ( #8476 ), #5010, .T. ) ;
#709 = EDGE_LOOP ( 'NONE', ( #9044, #6782, #6237, #7603 ) ) ;
#710 = DIRECTION ( 'NONE',  ( 0.000000000000000000, -0.000000000000000000, -1.000000000000000000 ) ) ;
#711 = ORIENTED_EDGE ( 'NONE', *, *, #8932, .T. ) ;
#712 = DIRECTION ( 'NONE',  ( -0.000000000000000000, -0.000000000000000000, 1.000000000000000000 ) ) ;
#713 = DIRECTION ( 'NONE',  ( 1.000000000000000000, 0.000000000000000000, 0.000000000000000000 ) ) ;
#714 = VERTEX_POINT ( 'NONE', #117 ) ;
#715 = ADVANCED_FACE ( 'NONE', ( #716 ), #7826, .T. ) ;
#716 = FACE_OUTER_BOUND ( 'NONE', #8839, .T. ) ;
#717 = ADVANCED_FACE ( 'NONE', ( #77 ), #2148, .T. ) ;
#718 = CARTESIAN_POINT ( 'NONE',  ( 17.02628918099090072, -59.71627906976743816, -6.049999999999999822 ) ) ;
#719 = ORIENTED_EDGE ( 'NONE', *, *, #1985, .F. ) ;
#720 = VERTEX_POINT ( 'NONE', #4922 ) ;
#721 = LINE ( 'NONE', #5015, #6054 ) ;
#722 = CARTESIAN_POINT ( 'NONE',  ( 27.26693629929221530, -68.76784630940343845, -6.049999999999999822 ) ) ;
#723 = DIRECTION ( 'NONE',  ( 0.8389612870276594858, 0.5441911050990204668, 0.000000000000000000 ) ) ;
#724 = VECTOR ( 'NONE', #1417, 1000.000000000000227 ) ;
#725 = CARTESIAN_POINT ( 'NONE',  ( 11.25000000000000000, -32.00000000000000000, 13.00000000000000000 ) ) ;
#726 = LINE ( 'NONE', #7147, #7506 ) ;
#727 = AXIS2_PLACEMENT_3D ( 'NONE', #5684, #2268, #3008 ) ;
#728 = ADVANCED_FACE ( 'NONE', ( #8424 ), #7037, .T. ) ;
#729 = CARTESIAN_POINT ( 'NONE',  ( 4.886754297269968461, -67.03276036400403370, -6.349999999999999645 ) ) ;
#730 = ORIENTED_EDGE ( 'NONE', *, *, #3309, .F. ) ;
#731 = EDGE_CURVE ( 'NONE', #2134, #3612, #4151, .T. ) ;
#732 = VERTEX_POINT ( 'NONE', #7083 ) ;
#733 = AXIS2_PLACEMENT_3D ( 'NONE', #829, #3687, #3741 ) ;
#734 = DIRECTION ( 'NONE',  ( -0.000000000000000000, -0.000000000000000000, 1.000000000000000000 ) ) ;
#735 = FACE_OUTER_BOUND ( 'NONE', #4945, .T. ) ;
#736 = ORIENTED_EDGE ( 'NONE', *, *, #4298, .T. ) ;
#737 = DIRECTION ( 'NONE',  ( 0.5649429837949577760, -0.8251299443486765917, 0.000000000000000000 ) ) ;
#738 = LINE ( 'NONE', #4843, #7564 ) ;
#739 = CARTESIAN_POINT ( 'NONE',  ( 18.67644084934277160, -63.67178968655207427, -6.049999999999999822 ) ) ;
#740 = ORIENTED_EDGE ( 'NONE', *, *, #5800, .T. ) ;
#741 = CIRCLE ( 'NONE', #2799, 0.7500000000000006661 ) ;
#742 = ADVANCED_FACE ( 'NONE', ( #165 ), #7139, .T. ) ;
#743 = DIRECTION ( 'NONE',  ( 0.9728539449136868189, -0.2314199685979519139, 0.000000000000000000 ) ) ;
#744 = ORIENTED_EDGE ( 'NONE', *, *, #8275, .T. ) ;
#745 = ADVANCED_FACE ( 'NONE', ( #7778 ), #2190, .T. ) ;
#746 = VERTEX_POINT ( 'NONE', #5665 ) ;
#747 = VECTOR ( 'NONE', #6812, 1000.000000000000000 ) ;
#748 = LINE ( 'NONE', #608, #8276 ) ;
#749 = DIRECTION ( 'NONE',  ( 0.6214538322087415079, 0.7834507862227654273, 0.000000000000000000 ) ) ;
#750 = EDGE_CURVE ( 'NONE', #1567, #6523, #8518, .T. ) ;
#751 = LINE ( 'NONE', #6248, #187 ) ;
#752 = DIRECTION ( 'NONE',  ( 1.000000000000000000, 0.000000000000000000, 0.000000000000000000 ) ) ;
#753 = DIRECTION ( 'NONE',  ( -0.1873220498752722341, -0.9822985542239823786, 0.000000000000000000 ) ) ;
#754 = EDGE_LOOP ( 'NONE', ( #155, #3865, #8780, #8676 ) ) ;
#755 = ORIENTED_EDGE ( 'NONE', *, *, #4053, .F. ) ;
#756 = LINE ( 'NONE', #4403, #2417 ) ;
#757 = VECTOR ( 'NONE', #7093, 1000.000000000000000 ) ;
#758 = ORIENTED_EDGE ( 'NONE', *, *, #1591, .F. ) ;
#759 = ADVANCED_FACE ( 'NONE', ( #6298 ), #817, .F. ) ;
#760 = AXIS2_PLACEMENT_3D ( 'NONE', #7066, #7725, #2737 ) ;
#761 = PLANE ( 'NONE',  #7382 ) ;
#762 = VECTOR ( 'NONE', #3350, 1000.000000000000000 ) ;
#763 = FACE_OUTER_BOUND ( 'NONE', #8084, .T. ) ;
#764 = CIRCLE ( 'NONE', #5927, 0.7500000000000006661 ) ;
#765 = ORIENTED_EDGE ( 'NONE', *, *, #4199, .F. ) ;
#766 = CARTESIAN_POINT ( 'NONE',  ( 18.67644084934277160, -61.14802831142567641, -6.049999999999999822 ) ) ;
#767 = CARTESIAN_POINT ( 'NONE',  ( 27.12133468149646376, -66.94782608695651049, -6.349999999999999645 ) ) ;
#768 = CARTESIAN_POINT ( 'NONE',  ( 17.02628918099090072, -68.51304347826086882, -6.049999999999999822 ) ) ;
#769 = VERTEX_POINT ( 'NONE', #767 ) ;
#770 = VECTOR ( 'NONE', #6333, 1000.000000000000000 ) ;
#771 = ADVANCED_FACE ( 'NONE', ( #8565 ), #6996, .T. ) ;
#772 = EDGE_CURVE ( 'NONE', #9095, #1503, #1553, .T. ) ;
#773 = ORIENTED_EDGE ( 'NONE', *, *, #5292, .F. ) ;
#774 = CARTESIAN_POINT ( 'NONE',  ( 20.98584428715874495, -68.51439164138859894, -6.349999999999999645 ) ) ;
#775 = FACE_OUTER_BOUND ( 'NONE', #2508, .T. ) ;
#776 = FACE_BOUND ( 'NONE', #4791, .T. ) ;
#777 = VECTOR ( 'NONE', #601, 1000.000000000000000 ) ;
#778 = AXIS2_PLACEMENT_3D ( 'NONE', #3503, #2725, #6313 ) ;
#779 = DIRECTION ( 'NONE',  ( 0.000000000000000000, 0.000000000000000000, 1.000000000000000000 ) ) ;
#780 = FACE_OUTER_BOUND ( 'NONE', #871, .T. ) ;
#781 = VECTOR ( 'NONE', #2459, 1000.000000000000000 ) ;
#782 = DIRECTION ( 'NONE',  ( 0.000000000000000000, 0.000000000000000000, -1.000000000000000000 ) ) ;
#783 = VERTEX_POINT ( 'NONE', #858 ) ;
#784 = EDGE_LOOP ( 'NONE', ( #7445, #218, #2957, #2425 ) ) ;
#785 = AXIS2_PLACEMENT_3D ( 'NONE', #398, #5339, #6675 ) ;
#786 = VECTOR ( 'NONE', #8574, 1000.000000000000000 ) ;
#787 = AXIS2_PLACEMENT_3D ( 'NONE', #6922, #5726, #8397 ) ;
#788 = DIRECTION ( 'NONE',  ( 0.4663407643991568374, -0.8846051613344848574, 0.000000000000000000 ) ) ;
#789 = DIRECTION ( 'NONE',  ( 0.08327520234334383209, -0.9965265880420225431, 0.000000000000000000 ) ) ;
#790 = VERTEX_POINT ( 'NONE', #5607 ) ;
#791 = FACE_OUTER_BOUND ( 'NONE', #3037, .T. ) ;
#792 = DIRECTION ( 'NONE',  ( 0.000000000000000000, 0.000000000000000000, -1.000000000000000000 ) ) ;
#793 = CIRCLE ( 'NONE', #504, 0.7500000000000006661 ) ;
#794 = CARTESIAN_POINT ( 'NONE',  ( 8.314459049544995040, -68.56157735085945149, -6.049999999999999822 ) ) ;
#795 = ORIENTED_EDGE ( 'NONE', *, *, #2006, .T. ) ;
#796 = VECTOR ( 'NONE', #6622, 1000.000000000000000 ) ;
#797 = FACE_OUTER_BOUND ( 'NONE', #3198, .T. ) ;
#798 = VERTEX_POINT ( 'NONE', #3673 ) ;
#799 = VERTEX_POINT ( 'NONE', #5802 ) ;
#800 = ORIENTED_EDGE ( 'NONE', *, *, #1191, .F. ) ;
#801 = PLANE ( 'NONE',  #1058 ) ;
#802 = EDGE_CURVE ( 'NONE', #3804, #4427, #19, .T. ) ;
#803 = CARTESIAN_POINT ( 'NONE',  ( 9.291203235591506626, -62.14297269969665649, -6.049999999999999822 ) ) ;
#804 = EDGE_CURVE ( 'NONE', #2580, #7630, #7279, .T. ) ;
#805 = DIRECTION ( 'NONE',  ( 0.000000000000000000, 0.000000000000000000, 1.000000000000000000 ) ) ;
#806 = DIRECTION ( 'NONE',  ( 0.000000000000000000, 0.000000000000000000, 1.000000000000000000 ) ) ;
#807 = DIRECTION ( 'NONE',  ( -0.000000000000000000, -0.000000000000000000, 1.000000000000000000 ) ) ;
#808 = ORIENTED_EDGE ( 'NONE', *, *, #297, .F. ) ;
#809 = VERTEX_POINT ( 'NONE', #5846 ) ;
#810 = CARTESIAN_POINT ( 'NONE',  ( 6.712841253791708596, -67.03276036400403370, -6.049999999999999822 ) ) ;
#811 = EDGE_LOOP ( 'NONE', ( #8644, #8342, #1470, #7780 ) ) ;
#812 = DIRECTION ( 'NONE',  ( -0.4877236457146722493, 0.8729980786982229901, 0.000000000000000000 ) ) ;
#813 = EDGE_CURVE ( 'NONE', #2456, #3413, #1699, .T. ) ;
#814 = CARTESIAN_POINT ( 'NONE',  ( 16.33872598584428815, -65.95557802494101907, -6.049999999999999822 ) ) ;
#815 = ORIENTED_EDGE ( 'NONE', *, *, #8410, .F. ) ;
#816 = LINE ( 'NONE', #5664, #5359 ) ;
#817 = PLANE ( 'NONE',  #322 ) ;
#818 = EDGE_CURVE ( 'NONE', #8153, #3098, #8064, .T. ) ;
#819 = DIRECTION ( 'NONE',  ( 0.000000000000000000, 1.000000000000000000, 0.000000000000000000 ) ) ;
#820 = EDGE_LOOP ( 'NONE', ( #1166, #4969 ) ) ;
#821 = ORIENTED_EDGE ( 'NONE', *, *, #1530, .F. ) ;
#822 = CARTESIAN_POINT ( 'NONE',  ( 18.00000000000000355, -41.00000000000000000, 13.00000000000000000 ) ) ;
#823 = CARTESIAN_POINT ( 'NONE',  ( 11.86147623862487244, -61.03747893495112464, -6.049999999999999822 ) ) ;
#824 = FACE_BOUND ( 'NONE', #2512, .T. ) ;
#825 = LINE ( 'NONE', #1605, #757 ) ;
#826 = DIRECTION ( 'NONE',  ( -0.5089252535424145796, 0.8608107145631895829, 0.000000000000000000 ) ) ;
#827 = EDGE_CURVE ( 'NONE', #5380, #1833, #5477, .T. ) ;
#828 = EDGE_CURVE ( 'NONE', #7936, #2372, #5291, .T. ) ;
#829 = CARTESIAN_POINT ( 'NONE',  ( 18.67644084934277160, -64.73953488372092124, -6.049999999999999822 ) ) ;
#830 = EDGE_LOOP ( 'NONE', ( #6113, #4772, #1477, #1111 ) ) ;
#831 = ORIENTED_EDGE ( 'NONE', *, *, #5488, .T. ) ;
#832 = DIRECTION ( 'NONE',  ( -0.000000000000000000, -0.000000000000000000, 1.000000000000000000 ) ) ;
#833 = DIRECTION ( 'NONE',  ( -0.7676877484551136721, 0.6408240951087263992, 0.000000000000000000 ) ) ;
#834 = EDGE_LOOP ( 'NONE', ( #7884, #5249, #2598, #8913 ) ) ;
#835 = DIRECTION ( 'NONE',  ( -0.3341564090339246285, -0.9425176360692422151, 0.000000000000000000 ) ) ;
#836 = PLANE ( 'NONE',  #6825 ) ;
#837 = DIRECTION ( 'NONE',  ( 0.9486832980505176538, -0.3162277660168263393, 0.000000000000000000 ) ) ;
#838 = VERTEX_POINT ( 'NONE', #3036 ) ;
#839 = CARTESIAN_POINT ( 'NONE',  ( 17.02628918099090072, -64.64246713852375592, -6.049999999999999822 ) ) ;
#840 = EDGE_LOOP ( 'NONE', ( #4521, #2764, #1073, #3917 ) ) ;
#841 = EDGE_LOOP ( 'NONE', ( #4112, #4662 ) ) ;
#842 = ORIENTED_EDGE ( 'NONE', *, *, #3616, .T. ) ;
#843 = LINE ( 'NONE', #6695, #2223 ) ;
#844 = DIRECTION ( 'NONE',  ( -0.000000000000000000, -1.000000000000000000, -0.000000000000000000 ) ) ;
#845 = LINE ( 'NONE', #6287, #925 ) ;
#846 = LINE ( 'NONE', #2781, #1374 ) ;
#847 = PLANE ( 'NONE',  #8003 ) ;
#848 = ORIENTED_EDGE ( 'NONE', *, *, #4781, .F. ) ;
#849 = VERTEX_POINT ( 'NONE', #6024 ) ;
#850 = CARTESIAN_POINT ( 'NONE',  ( 22.23761375126390405, -69.02871587462082914, -6.049999999999999822 ) ) ;
#851 = ORIENTED_EDGE ( 'NONE', *, *, #8968, .F. ) ;
#852 = ORIENTED_EDGE ( 'NONE', *, *, #7814, .T. ) ;
#853 = ADVANCED_FACE ( 'NONE', ( #3815 ), #7966, .T. ) ;
#854 = CARTESIAN_POINT ( 'NONE',  ( 14.29288843950117993, -66.33238961914391041, -6.049999999999999822 ) ) ;
#855 = PLANE ( 'NONE',  #28 ) ;
#856 = EDGE_LOOP ( 'NONE', ( #5957, #4575, #4806, #994 ) ) ;
#857 = CARTESIAN_POINT ( 'NONE',  ( 18.67644084934277160, -68.33104145601616608, -6.049999999999999822 ) ) ;
#858 = CARTESIAN_POINT ( 'NONE',  ( 22.23761375126390405, -69.02871587462082914, -6.049999999999999822 ) ) ;
#859 = CARTESIAN_POINT ( 'NONE',  ( 23.55409504550050670, -69.51338051904279780, -6.049999999999999822 ) ) ;
#860 = ORIENTED_EDGE ( 'NONE', *, *, #4691, .F. ) ;
#861 = ADVANCED_FACE ( 'NONE', ( #3776 ), #6623, .T. ) ;
#862 = EDGE_CURVE ( 'NONE', #7657, #8380, #3864, .T. ) ;
#863 = ORIENTED_EDGE ( 'NONE', *, *, #4764, .T. ) ;
#864 = CARTESIAN_POINT ( 'NONE',  ( 3.082237950792043435, -67.24711830131445822, -6.349999999999999645 ) ) ;
#865 = LINE ( 'NONE', #4971, #8571 ) ;
#866 = DIRECTION ( 'NONE',  ( -0.5441911050990204668, 0.8389612870276594858, 0.000000000000000000 ) ) ;
#867 = CARTESIAN_POINT ( 'NONE',  ( 13.89046174587124938, -65.69133805190426756, -6.349999999999999645 ) ) ;
#868 = PLANE ( 'NONE',  #1905 ) ;
#869 = EDGE_CURVE ( 'NONE', #8497, #6791, #6582, .T. ) ;
#870 = FACE_OUTER_BOUND ( 'NONE', #596, .T. ) ;
#871 = EDGE_LOOP ( 'NONE', ( #4584, #8740, #8639, #4910 ) ) ;
#872 = ORIENTED_EDGE ( 'NONE', *, *, #7179, .T. ) ;
#873 = PLANE ( 'NONE',  #4857 ) ;
#874 = AXIS2_PLACEMENT_3D ( 'NONE', #6645, #5228, #415 ) ;
#875 = PLANE ( 'NONE',  #2862 ) ;
#876 = EDGE_LOOP ( 'NONE', ( #6501, #9055 ) ) ;
#877 = CARTESIAN_POINT ( 'NONE',  ( 9.374115267947420449, -65.72436804853386150, -6.349999999999999645 ) ) ;
#878 = DIRECTION ( 'NONE',  ( 1.000000000000000000, 0.000000000000000000, -0.000000000000000000 ) ) ;
#879 = DIRECTION ( 'NONE',  ( 1.000000000000000000, 0.000000000000000000, 0.000000000000000000 ) ) ;
#880 = ORIENTED_EDGE ( 'NONE', *, *, #3650, .F. ) ;
#881 = CARTESIAN_POINT ( 'NONE',  ( 3.611054937647454111, -68.12072800808897455, -6.349999999999999645 ) ) ;
#882 = VERTEX_POINT ( 'NONE', #5985 ) ;
#883 = VECTOR ( 'NONE', #2950, 1000.000000000000000 ) ;
#884 = ORIENTED_EDGE ( 'NONE', *, *, #61, .F. ) ;
#885 = ORIENTED_EDGE ( 'NONE', *, *, #6774, .T. ) ;
#886 = EDGE_CURVE ( 'NONE', #8850, #6199, #1042, .T. ) ;
#887 = EDGE_CURVE ( 'NONE', #163, #993, #1738, .T. ) ;
#888 = CARTESIAN_POINT ( 'NONE',  ( 12.00000000000000000, -38.00000000000000000, 13.00000000000000000 ) ) ;
#889 = CARTESIAN_POINT ( 'NONE',  ( 27.12133468149646376, -65.49180990899898802, -6.349999999999999645 ) ) ;
#890 = CARTESIAN_POINT ( 'NONE',  ( 10.42601954836534972, -67.49416919447251928, -6.349999999999999645 ) ) ;
#891 = CIRCLE ( 'NONE', #3990, 0.8000000000000020428 ) ;
#892 = FACE_OUTER_BOUND ( 'NONE', #3121, .T. ) ;
#893 = CARTESIAN_POINT ( 'NONE',  ( 10.75631951466127489, -67.94580384226490821, -6.349999999999999645 ) ) ;
#894 = VERTEX_POINT ( 'NONE', #3209 ) ;
#895 = VERTEX_POINT ( 'NONE', #2336 ) ;
#896 = DIRECTION ( 'NONE',  ( 0.5432761961549543717, 0.8395540332172811704, 0.000000000000000000 ) ) ;
#897 = ORIENTED_EDGE ( 'NONE', *, *, #7360, .F. ) ;
#898 = VERTEX_POINT ( 'NONE', #5936 ) ;
#899 = VECTOR ( 'NONE', #4605, 1000.000000000000000 ) ;
#900 = FACE_BOUND ( 'NONE', #7257, .T. ) ;
#901 = CARTESIAN_POINT ( 'NONE',  ( 3.434108527131783717, -67.82143579373104103, -6.049999999999999822 ) ) ;
#902 = ORIENTED_EDGE ( 'NONE', *, *, #6865, .T. ) ;
#903 = DIRECTION ( 'NONE',  ( 0.000000000000000000, 0.000000000000000000, 1.000000000000000000 ) ) ;
#904 = DIRECTION ( 'NONE',  ( 0.7895565706716725085, -0.6136777832944485533, 0.000000000000000000 ) ) ;
#905 = VECTOR ( 'NONE', #7907, 1000.000000000000000 ) ;
#906 = DIRECTION ( 'NONE',  ( 0.9361580787700960471, -0.3515793673603196945, 0.000000000000000000 ) ) ;
#907 = ORIENTED_EDGE ( 'NONE', *, *, #3513, .F. ) ;
#908 = AXIS2_PLACEMENT_3D ( 'NONE', #509, #2018, #1979 ) ;
#909 = VECTOR ( 'NONE', #1603, 1000.000000000000000 ) ;
#910 = CARTESIAN_POINT ( 'NONE',  ( 14.29288843950117993, -66.33238961914391041, -6.349999999999999645 ) ) ;
#911 = CARTESIAN_POINT ( 'NONE',  ( -4.200000000000000178, 4.200000000000000178, -4.349999999999999645 ) ) ;
#912 = CARTESIAN_POINT ( 'NONE',  ( 3.788675429726996668, -68.42810920121334561, -6.049999999999999822 ) ) ;
#913 = EDGE_CURVE ( 'NONE', #223, #4948, #5251, .T. ) ;
#914 = LINE ( 'NONE', #7891, #7535 ) ;
#915 = LINE ( 'NONE', #2345, #8831 ) ;
#916 = EDGE_CURVE ( 'NONE', #1902, #7449, #5190, .T. ) ;
#917 = AXIS2_PLACEMENT_3D ( 'NONE', #6257, #7600, #4055 ) ;
#918 = AXIS2_PLACEMENT_3D ( 'NONE', #6078, #8894, #2574 ) ;
#919 = DIRECTION ( 'NONE',  ( 1.000000000000000000, 0.000000000000000000, 0.000000000000000000 ) ) ;
#920 = VERTEX_POINT ( 'NONE', #5200 ) ;
#921 = ORIENTED_EDGE ( 'NONE', *, *, #4950, .T. ) ;
#922 = CARTESIAN_POINT ( 'NONE',  ( 4.105493764745530072, -68.08028311425681522, -6.349999999999999645 ) ) ;
#923 = VECTOR ( 'NONE', #2879, 1000.000000000000000 ) ;
#924 = VECTOR ( 'NONE', #1153, 1000.000000000000000 ) ;
#925 = VECTOR ( 'NONE', #2826, 1000.000000000000000 ) ;
#926 = LINE ( 'NONE', #3050, #6842 ) ;
#927 = ORIENTED_EDGE ( 'NONE', *, *, #4038, .F. ) ;
#928 = DIRECTION ( 'NONE',  ( -0.5224061077344072102, -0.8526968151704255039, -0.000000000000000000 ) ) ;
#929 = CARTESIAN_POINT ( 'NONE',  ( 9.727502527805865995, -66.39019211324570335, -6.049999999999999822 ) ) ;
#930 = EDGE_CURVE ( 'NONE', #2731, #9061, #1000, .T. ) ;
#931 = VERTEX_POINT ( 'NONE', #396 ) ;
#932 = CARTESIAN_POINT ( 'NONE',  ( 10.75631951466127489, -67.94580384226490821, -6.049999999999999822 ) ) ;
#933 = VECTOR ( 'NONE', #4767, 1000.000000000000000 ) ;
#934 = ORIENTED_EDGE ( 'NONE', *, *, #4025, .F. ) ;
#935 = AXIS2_PLACEMENT_3D ( 'NONE', #4953, #4904, #7726 ) ;
#936 = AXIS2_PLACEMENT_3D ( 'NONE', #3889, #8946, #5364 ) ;
#937 = ORIENTED_EDGE ( 'NONE', *, *, #6299, .F. ) ;
#938 = ORIENTED_EDGE ( 'NONE', *, *, #2893, .T. ) ;
#939 = VECTOR ( 'NONE', #5557, 1000.000000000000000 ) ;
#940 = VECTOR ( 'NONE', #7166, 999.9999999999998863 ) ;
#941 = DIRECTION ( 'NONE',  ( 0.8337243767495536861, -0.5521808251049361571, 0.000000000000000000 ) ) ;
#942 = DIRECTION ( 'NONE',  ( 0.000000000000000000, 0.000000000000000000, 1.000000000000000000 ) ) ;
#943 = CIRCLE ( 'NONE', #2421, 0.7500000000000006661 ) ;
#944 = FACE_OUTER_BOUND ( 'NONE', #2328, .T. ) ;
#945 = CARTESIAN_POINT ( 'NONE',  ( 3.788675429726996668, -68.42810920121334561, -6.349999999999999645 ) ) ;
#946 = EDGE_LOOP ( 'NONE', ( #2596, #5654, #808, #998 ) ) ;
#947 = ORIENTED_EDGE ( 'NONE', *, *, #6299, .T. ) ;
#948 = CARTESIAN_POINT ( 'NONE',  ( 9.056117290192112534, -65.03528816986855077, -6.349999999999999645 ) ) ;
#949 = ADVANCED_FACE ( 'NONE', ( #8837 ), #8660, .F. ) ;
#950 = EDGE_LOOP ( 'NONE', ( #5613, #6903, #7534, #8062 ) ) ;
#951 = EDGE_CURVE ( 'NONE', #7359, #2471, #355, .T. ) ;
#952 = VERTEX_POINT ( 'NONE', #4124 ) ;
#953 = AXIS2_PLACEMENT_3D ( 'NONE', #6793, #473, #2636 ) ;
#954 = AXIS2_PLACEMENT_3D ( 'NONE', #5184, #7912, #3848 ) ;
#955 = CARTESIAN_POINT ( 'NONE',  ( 16.33872598584428815, -65.95557802494101907, -6.049999999999999822 ) ) ;
#956 = FACE_BOUND ( 'NONE', #3256, .T. ) ;
#957 = ORIENTED_EDGE ( 'NONE', *, *, #2581, .T. ) ;
#958 = CARTESIAN_POINT ( 'NONE',  ( 15.00000000000000000, -32.00000000000000000, 13.00000000000000000 ) ) ;
#959 = DIRECTION ( 'NONE',  ( 0.6006625941801743140, 0.7995026253570048924, 0.000000000000000000 ) ) ;
#960 = VERTEX_POINT ( 'NONE', #3303 ) ;
#961 = CARTESIAN_POINT ( 'NONE',  ( 25.30000000000000071, -5.000000000000000000, 13.00000000000000000 ) ) ;
#962 = ORIENTED_EDGE ( 'NONE', *, *, #6016, .F. ) ;
#963 = EDGE_CURVE ( 'NONE', #8683, #658, #6758, .T. ) ;
#964 = DIRECTION ( 'NONE',  ( 1.000000000000000000, 0.000000000000000000, 0.000000000000000000 ) ) ;
#965 = CARTESIAN_POINT ( 'NONE',  ( 4.045500505561170357, -65.31654870239297850, -6.349999999999999645 ) ) ;
#966 = CARTESIAN_POINT ( 'NONE',  ( 18.84630940343781802, -70.51506572295247111, -6.049999999999999822 ) ) ;
#967 = DIRECTION ( 'NONE',  ( 0.000000000000000000, 0.000000000000000000, 1.000000000000000000 ) ) ;
#968 = CARTESIAN_POINT ( 'NONE',  ( 10.98988877654196017, -65.45945399393326625, -6.049999999999999822 ) ) ;
#969 = DIRECTION ( 'NONE',  ( -0.2896152683818852269, 0.9571431430669544715, 0.000000000000000000 ) ) ;
#970 = EDGE_LOOP ( 'NONE', ( #5377, #1982, #2445, #982 ) ) ;
#971 = VERTEX_POINT ( 'NONE', #3953 ) ;
#972 = ADVANCED_FACE ( 'NONE', ( #438 ), #7459, .T. ) ;
#973 = EDGE_CURVE ( 'NONE', #4350, #5503, #3252, .T. ) ;
#974 = DIRECTION ( 'NONE',  ( -0.5316790020403504569, 0.8469459479738815633, 0.000000000000000000 ) ) ;
#975 = DIRECTION ( 'NONE',  ( -0.000000000000000000, -0.000000000000000000, 1.000000000000000000 ) ) ;
#976 = DIRECTION ( 'NONE',  ( -1.000000000000000000, 0.000000000000000000, 0.000000000000000000 ) ) ;
#977 = LINE ( 'NONE', #7199, #2045 ) ;
#978 = FACE_OUTER_BOUND ( 'NONE', #4451, .T. ) ;
#979 = DIRECTION ( 'NONE',  ( -0.9938209078043312994, -0.1109955098685287550, 0.000000000000000000 ) ) ;
#980 = EDGE_LOOP ( 'NONE', ( #100, #6388, #4851, #6864 ) ) ;
#981 = ADVANCED_FACE ( 'NONE', ( #7592 ), #5515, .F. ) ;
#982 = ORIENTED_EDGE ( 'NONE', *, *, #4668, .F. ) ;
#983 = EDGE_CURVE ( 'NONE', #223, #182, #6370, .T. ) ;
#984 = ORIENTED_EDGE ( 'NONE', *, *, #1776, .F. ) ;
#985 = CARTESIAN_POINT ( 'NONE',  ( 5.078867542972695048, -63.79582069430400537, -6.049999999999999822 ) ) ;
#986 = CARTESIAN_POINT ( 'NONE',  ( 12.00000000000000000, -29.00000000000000000, 15.00000000000000000 ) ) ;
#987 = DIRECTION ( 'NONE',  ( 0.000000000000000000, 0.000000000000000000, 1.000000000000000000 ) ) ;
#988 = DIRECTION ( 'NONE',  ( -0.2594830713085829466, 0.9657476563286420124, 0.000000000000000000 ) ) ;
#989 = EDGE_LOOP ( 'NONE', ( #3070, #8383, #7902, #990 ) ) ;
#990 = ORIENTED_EDGE ( 'NONE', *, *, #3940, .F. ) ;
#991 = APPLICATION_CONTEXT ( 'automotive_design' ) ;
#992 = CARTESIAN_POINT ( 'NONE',  ( 3.434108527131783717, -67.82143579373104103, -6.349999999999999645 ) ) ;
#993 = VERTEX_POINT ( 'NONE', #8963 ) ;
#994 = ORIENTED_EDGE ( 'NONE', *, *, #8861, .T. ) ;
#995 = LINE ( 'NONE', #7320, #8127 ) ;
#996 = EDGE_CURVE ( 'NONE', #2372, #4649, #9011, .T. ) ;
#997 = CARTESIAN_POINT ( 'NONE',  ( 14.49713515335355929, -63.58820357263228118, -6.349999999999999645 ) ) ;
#998 = ORIENTED_EDGE ( 'NONE', *, *, #1169, .F. ) ;
#999 = DIRECTION ( 'NONE',  ( -0.5649429837949577760, 0.8251299443486765917, 0.000000000000000000 ) ) ;
#1000 = LINE ( 'NONE', #5149, #3561 ) ;
#1001 = ORIENTED_EDGE ( 'NONE', *, *, #9133, .F. ) ;
#1002 = CARTESIAN_POINT ( 'NONE',  ( 14.29288843950117993, -66.33238961914391041, -6.049999999999999822 ) ) ;
#1003 = EDGE_LOOP ( 'NONE', ( #4261, #3479 ) ) ;
#1004 = DIRECTION ( 'NONE',  ( -1.000000000000000000, 0.000000000000000000, 0.000000000000000000 ) ) ;
#1005 = ADVANCED_FACE ( 'NONE', ( #3382 ), #8885, .F. ) ;
#1006 = EDGE_CURVE ( 'NONE', #5589, #5879, #2697, .T. ) ;
#1007 = CARTESIAN_POINT ( 'NONE',  ( 20.88945062352544468, -68.96838557465453334, -6.049999999999999822 ) ) ;
#1008 = LINE ( 'NONE', #7291, #5494 ) ;
#1009 = LINE ( 'NONE', #8113, #2971 ) ;
#1010 = LINE ( 'NONE', #7428, #6766 ) ;
#1011 = CARTESIAN_POINT ( 'NONE',  ( 13.62891809908999008, -70.57573306370069588, -6.349999999999999645 ) ) ;
#1012 = ORIENTED_EDGE ( 'NONE', *, *, #7765, .T. ) ;
#1013 = VERTEX_POINT ( 'NONE', #3437 ) ;
#1014 = CARTESIAN_POINT ( 'NONE',  ( 18.00000000000000355, -29.00000000000000000, 13.00000000000000000 ) ) ;
#1015 = CARTESIAN_POINT ( 'NONE',  ( 23.30000000000000071, -7.000000000000000000, 13.00000000000000000 ) ) ;
#1016 = DIRECTION ( 'NONE',  ( 0.000000000000000000, 0.000000000000000000, -1.000000000000000000 ) ) ;
#1017 = DIRECTION ( 'NONE',  ( 0.000000000000000000, 0.000000000000000000, -1.000000000000000000 ) ) ;
#1018 = CARTESIAN_POINT ( 'NONE',  ( 12.00168520390967331, -67.47984496124030329, -6.349999999999999645 ) ) ;
#1019 = ADVANCED_FACE ( 'NONE', ( #5388 ), #8197, .T. ) ;
#1020 = CARTESIAN_POINT ( 'NONE',  ( 0.000000000000000000, 0.000000000000000000, -6.349999999999999645 ) ) ;
#1021 = VERTEX_POINT ( 'NONE', #7542 ) ;
#1022 = EDGE_LOOP ( 'NONE', ( #7183, #927, #5876, #6337 ) ) ;
#1023 = VERTEX_POINT ( 'NONE', #4818 ) ;
#1024 = CARTESIAN_POINT ( 'NONE',  ( 6.189079878665317835, -64.44428715874620650, -6.349999999999999645 ) ) ;
#1025 = DIRECTION ( 'NONE',  ( -0.9645866579925506112, 0.2637661449518534651, 0.000000000000000000 ) ) ;
#1026 = EDGE_CURVE ( 'NONE', #1043, #7022, #1176, .T. ) ;
#1027 = CARTESIAN_POINT ( 'NONE',  ( 0.000000000000000000, 0.000000000000000000, -6.349999999999999645 ) ) ;
#1028 = CARTESIAN_POINT ( 'NONE',  ( 18.00000000000000355, -35.00000000000000000, 13.00000000000000000 ) ) ;
#1029 = ORIENTED_EDGE ( 'NONE', *, *, #2655, .T. ) ;
#1030 = EDGE_LOOP ( 'NONE', ( #4228, #984, #7011, #7205 ) ) ;
#1031 = EDGE_CURVE ( 'NONE', #7418, #7250, #6892, .T. ) ;
#1032 = AXIS2_PLACEMENT_3D ( 'NONE', #2396, #180, #5163 ) ;
#1033 = CARTESIAN_POINT ( 'NONE',  ( 23.30000000000000071, -5.000000000000000000, 15.00000000000000000 ) ) ;
#1034 = VERTEX_POINT ( 'NONE', #6118 ) ;
#1035 = VERTEX_POINT ( 'NONE', #7629 ) ;
#1036 = ADVANCED_FACE ( 'NONE', ( #3342 ), #1305, .F. ) ;
#1037 = VECTOR ( 'NONE', #2583, 1000.000000000000000 ) ;
#1038 = LINE ( 'NONE', #4545, #1792 ) ;
#1039 = DIRECTION ( 'NONE',  ( -1.000000000000000000, 0.000000000000000000, -0.000000000000000000 ) ) ;
#1040 = VERTEX_POINT ( 'NONE', #4780 ) ;
#1041 = PLANE ( 'NONE',  #5657 ) ;
#1042 = LINE ( 'NONE', #8104, #7254 ) ;
#1043 = VERTEX_POINT ( 'NONE', #6935 ) ;
#1044 = EDGE_CURVE ( 'NONE', #5003, #4349, #613, .T. ) ;
#1045 = CARTESIAN_POINT ( 'NONE',  ( 11.48129423660262916, -62.14297269969665649, -6.049999999999999822 ) ) ;
#1046 = ORIENTED_EDGE ( 'NONE', *, *, #8223, .T. ) ;
#1047 = VECTOR ( 'NONE', #8933, 1000.000000000000000 ) ;
#1048 = LINE ( 'NONE', #5113, #7528 ) ;
#1049 = LINE ( 'NONE', #3873, #5041 ) ;
#1050 = AXIS2_PLACEMENT_3D ( 'NONE', #3080, #7973, #1648 ) ;
#1051 = CARTESIAN_POINT ( 'NONE',  ( -6.000000000000000000, -75.00000000000000000, -6.349999999999999645 ) ) ;
#1052 = CARTESIAN_POINT ( 'NONE',  ( 24.93528816986855645, -69.96838557465453334, -6.049999999999999822 ) ) ;
#1053 = CARTESIAN_POINT ( 'NONE',  ( 14.42972699696663241, -66.53528816986855077, -6.049999999999999822 ) ) ;
#1054 = CIRCLE ( 'NONE', #2529, 0.7500000000000006661 ) ;
#1056 = ORIENTED_EDGE ( 'NONE', *, *, #1654, .F. ) ;
#1055 = EDGE_CURVE ( 'NONE', #809, #7173, #4648, .T. ) ;
#1057 = EDGE_CURVE ( 'NONE', #137, #4010, #3621, .T. ) ;
#1058 = AXIS2_PLACEMENT_3D ( 'NONE', #6424, #5735, #4813 ) ;
#1059 = ORIENTED_EDGE ( 'NONE', *, *, #7740, .T. ) ;
#1060 = FACE_OUTER_BOUND ( 'NONE', #3014, .T. ) ;
#1061 = DIRECTION ( 'NONE',  ( 0.000000000000000000, 0.000000000000000000, -1.000000000000000000 ) ) ;
#1062 = CARTESIAN_POINT ( 'NONE',  ( 16.23087293562521083, -63.97849679811257317, -6.049999999999999822 ) ) ;
#1063 = AXIS2_PLACEMENT_3D ( 'NONE', #6673, #7325, #7366 ) ;
#1064 = DIRECTION ( 'NONE',  ( 0.8126997945612389751, -0.5826826270965351773, 0.000000000000000000 ) ) ;
#1065 = LINE ( 'NONE', #6700, #2787 ) ;
#1066 = DIRECTION ( 'NONE',  ( 0.000000000000000000, 0.000000000000000000, -1.000000000000000000 ) ) ;
#1067 = VECTOR ( 'NONE', #4375, 1000.000000000000000 ) ;
#1068 = LINE ( 'NONE', #2454, #1108 ) ;
#1069 = ORIENTED_EDGE ( 'NONE', *, *, #4440, .T. ) ;
#1070 = ORIENTED_EDGE ( 'NONE', *, *, #1643, .T. ) ;
#1071 = VECTOR ( 'NONE', #5098, 1000.000000000000000 ) ;
#1072 = VECTOR ( 'NONE', #2008, 1000.000000000000000 ) ;
#1073 = ORIENTED_EDGE ( 'NONE', *, *, #4191, .T. ) ;
#1074 = CYLINDRICAL_SURFACE ( 'NONE', #2852, 0.7500000000000006661 ) ;
#1075 = CARTESIAN_POINT ( 'NONE',  ( -2.000000000000000000, 2.000000000000000000, -4.349999999999999645 ) ) ;
#1076 = VECTOR ( 'NONE', #4248, 1000.000000000000000 ) ;
#1078 = DIRECTION ( 'NONE',  ( -0.000000000000000000, -1.000000000000000000, -0.000000000000000000 ) ) ;
#1077 = VECTOR ( 'NONE', #2738, 1000.000000000000000 ) ;
#1079 = ORIENTED_EDGE ( 'NONE', *, *, #2174, .F. ) ;
#1080 = ORIENTED_EDGE ( 'NONE', *, *, #7908, .F. ) ;
#1081 = AXIS2_PLACEMENT_3D ( 'NONE', #516, #8225, #8135 ) ;
#1082 = PLANE ( 'NONE',  #1691 ) ;
#1083 = ORIENTED_EDGE ( 'NONE', *, *, #5040, .F. ) ;
#1084 = ORIENTED_EDGE ( 'NONE', *, *, #7708, .F. ) ;
#1085 = EDGE_CURVE ( 'NONE', #8870, #6284, #3663, .T. ) ;
#1087 = ADVANCED_FACE ( 'NONE', ( #107 ), #2139, .T. ) ;
#1086 = VECTOR ( 'NONE', #2184, 1000.000000000000000 ) ;
#1088 = VECTOR ( 'NONE', #6052, 1000.000000000000000 ) ;
#1089 = EDGE_CURVE ( 'NONE', #1137, #9042, #7869, .T. ) ;
#1090 = AXIS2_PLACEMENT_3D ( 'NONE', #325, #1618, #2354 ) ;
#1091 = LINE ( 'NONE', #8830, #4737 ) ;
#1092 = FACE_OUTER_BOUND ( 'NONE', #2880, .T. ) ;
#1093 = VERTEX_POINT ( 'NONE', #4908 ) ;
#1094 = CARTESIAN_POINT ( 'NONE',  ( 20.29625884732052654, -68.99534883720930623, -6.049999999999999822 ) ) ;
#1095 = CARTESIAN_POINT ( 'NONE',  ( 2.907313784967980652, -66.97209302325580893, -6.049999999999999822 ) ) ;
#1096 = ORIENTED_EDGE ( 'NONE', *, *, #8705, .F. ) ;
#1098 = CARTESIAN_POINT ( 'NONE',  ( 25.80000000000000071, -5.000000000000000000, 13.00000000000000000 ) ) ;
#1097 = VECTOR ( 'NONE', #1403, 1000.000000000000000 ) ;
#1099 = ORIENTED_EDGE ( 'NONE', *, *, #5089, .T. ) ;
#1100 = VECTOR ( 'NONE', #1265, 1000.000000000000114 ) ;
#1101 = EDGE_CURVE ( 'NONE', #3550, #2902, #2921, .T. ) ;
#1102 = CARTESIAN_POINT ( 'NONE',  ( 18.67644084934277160, -62.94378159757329882, -6.049999999999999822 ) ) ;
#1103 = LINE ( 'NONE', #6726, #8133 ) ;
#1104 = EDGE_CURVE ( 'NONE', #1148, #799, #7813, .T. ) ;
#1105 = DIRECTION ( 'NONE',  ( 0.000000000000000000, 1.000000000000000000, 0.000000000000000000 ) ) ;
#1106 = CARTESIAN_POINT ( 'NONE',  ( 15.00000000000000000, -41.00000000000000000, 15.00000000000000000 ) ) ;
#1107 = DIRECTION ( 'NONE',  ( 0.000000000000000000, -1.000000000000000000, 0.000000000000000000 ) ) ;
#1108 = VECTOR ( 'NONE', #5176, 1000.000000000000000 ) ;
#1109 = EDGE_LOOP ( 'NONE', ( #1499, #4988, #5847, #5967 ) ) ;
#1110 = ORIENTED_EDGE ( 'NONE', *, *, #5536, .T. ) ;
#1111 = ORIENTED_EDGE ( 'NONE', *, *, #6223, .T. ) ;
#1112 = FACE_OUTER_BOUND ( 'NONE', #1317, .T. ) ;
#1113 = CARTESIAN_POINT ( 'NONE',  ( 12.17290192113245695, -61.95490394337713980, -6.049999999999999822 ) ) ;
#1114 = CARTESIAN_POINT ( 'NONE',  ( 18.67644084934277160, -65.49180990899898802, -6.049999999999999822 ) ) ;
#1115 = EDGE_CURVE ( 'NONE', #6395, #2183, #5740, .T. ) ;
#1117 = ADVANCED_FACE ( 'NONE', ( #6384 ), #2181, .T. ) ;
#1116 = CARTESIAN_POINT ( 'NONE',  ( 16.00707785642062575, -65.71779575328613987, -6.049999999999999822 ) ) ;
#1118 = DIRECTION ( 'NONE',  ( 0.5521808251049362681, 0.8337243767495537972, 0.000000000000000000 ) ) ;
#1119 = DIRECTION ( 'NONE',  ( -0.2724074397486345722, 0.9621819925407012475, 0.000000000000000000 ) ) ;
#1120 = DIRECTION ( 'NONE',  ( 0.000000000000000000, 0.000000000000000000, 1.000000000000000000 ) ) ;
#1121 = VERTEX_POINT ( 'NONE', #8552 ) ;
#1122 = ORIENTED_EDGE ( 'NONE', *, *, #6278, .F. ) ;
#1123 = ADVANCED_FACE ( 'NONE', ( #2228 ), #847, .F. ) ;
#1124 = CARTESIAN_POINT ( 'NONE',  ( 8.314459049544995040, -62.82851365015167033, -6.049999999999999822 ) ) ;
#1125 = DIRECTION ( 'NONE',  ( 0.3166170226182511427, -0.9485534571063213294, 0.000000000000000000 ) ) ;
#1126 = CARTESIAN_POINT ( 'NONE',  ( 11.10549376474553540, -68.38395685877992491, -6.049999999999999822 ) ) ;
#1127 = ORIENTED_EDGE ( 'NONE', *, *, #8872, .T. ) ;
#1128 = ORIENTED_EDGE ( 'NONE', *, *, #4247, .T. ) ;
#1129 = LINE ( 'NONE', #3946, #4632 ) ;
#1130 = ORIENTED_EDGE ( 'NONE', *, *, #6181, .T. ) ;
#1131 = ORIENTED_EDGE ( 'NONE', *, *, #7653, .F. ) ;
#1132 = FACE_OUTER_BOUND ( 'NONE', #8698, .T. ) ;
#1133 = DIRECTION ( 'NONE',  ( 0.000000000000000000, 0.000000000000000000, -1.000000000000000000 ) ) ;
#1134 = ORIENTED_EDGE ( 'NONE', *, *, #3988, .F. ) ;
#1135 = CARTESIAN_POINT ( 'NONE',  ( 18.69531513313111049, -68.53865857768789738, -6.049999999999999822 ) ) ;
#1136 = CARTESIAN_POINT ( 'NONE',  ( 20.88945062352544468, -68.96838557465453334, -6.349999999999999645 ) ) ;
#1137 = VERTEX_POINT ( 'NONE', #7127 ) ;
#1138 = DIRECTION ( 'NONE',  ( 0.000000000000000000, 0.000000000000000000, 1.000000000000000000 ) ) ;
#1139 = ORIENTED_EDGE ( 'NONE', *, *, #286, .F. ) ;
#1140 = ADVANCED_FACE ( 'NONE', ( #5555 ), #7028, .F. ) ;
#1141 = CARTESIAN_POINT ( 'NONE',  ( 25.71385237613751329, -65.49180990899898802, -6.049999999999999822 ) ) ;
#1142 = CARTESIAN_POINT ( 'NONE',  ( 0.000000000000000000, 9.799999999999998934, -2.674999999999999822 ) ) ;
#1143 = FACE_OUTER_BOUND ( 'NONE', #4160, .T. ) ;
#1144 = CARTESIAN_POINT ( 'NONE',  ( 21.42163801820020197, -58.70920121334680886, -6.349999999999999645 ) ) ;
#1145 = DIRECTION ( 'NONE',  ( 0.000000000000000000, 0.000000000000000000, -1.000000000000000000 ) ) ;
#1146 = EDGE_LOOP ( 'NONE', ( #8598, #6373, #2329, #7702 ) ) ;
#1147 = EDGE_CURVE ( 'NONE', #1761, #3153, #4174, .T. ) ;
#1148 = VERTEX_POINT ( 'NONE', #8413 ) ;
#1149 = VERTEX_POINT ( 'NONE', #1541 ) ;
#1150 = PLANE ( 'NONE',  #2207 ) ;
#1151 = ADVANCED_FACE ( 'NONE', ( #4358 ), #8370, .F. ) ;
#1152 = DIRECTION ( 'NONE',  ( 0.000000000000000000, 0.000000000000000000, 1.000000000000000000 ) ) ;
#1153 = DIRECTION ( 'NONE',  ( 0.000000000000000000, 0.000000000000000000, -1.000000000000000000 ) ) ;
#1154 = CARTESIAN_POINT ( 'NONE',  ( 10.26794742163801999, -68.56157735085945149, -6.049999999999999822 ) ) ;
#1155 = CARTESIAN_POINT ( 'NONE',  ( 16.67846309403437743, -66.18965284799460846, -6.049999999999999822 ) ) ;
#1156 = CARTESIAN_POINT ( 'NONE',  ( 10.26794742163801999, -68.56157735085945149, -6.349999999999999645 ) ) ;
#1157 = CARTESIAN_POINT ( 'NONE',  ( -6.000000000000000000, 11.00000000000000000, -6.349999999999999645 ) ) ;
#1158 = ORIENTED_EDGE ( 'NONE', *, *, #4721, .T. ) ;
#1159 = VERTEX_POINT ( 'NONE', #7729 ) ;
#1160 = CARTESIAN_POINT ( 'NONE',  ( 8.314459049544995040, -62.82851365015167033, -6.049999999999999822 ) ) ;
#1161 = PLANE ( 'NONE',  #5796 ) ;
#1162 = LINE ( 'NONE', #6185, #489 ) ;
#1163 = EDGE_LOOP ( 'NONE', ( #4263, #7652 ) ) ;
#1164 = ORIENTED_EDGE ( 'NONE', *, *, #2175, .F. ) ;
#1165 = CARTESIAN_POINT ( 'NONE',  ( 9.632457027300302954, -63.02972699696663028, -6.349999999999999645 ) ) ;
#1166 = ORIENTED_EDGE ( 'NONE', *, *, #6207, .F. ) ;
#1167 = ORIENTED_EDGE ( 'NONE', *, *, #5264, .T. ) ;
#1168 = EDGE_CURVE ( 'NONE', #8376, #9122, #5696, .T. ) ;
#1169 = EDGE_CURVE ( 'NONE', #6950, #8877, #8509, .T. ) ;
#1170 = CARTESIAN_POINT ( 'NONE',  ( 20.89686552072800652, -70.51506572295247111, -6.049999999999999822 ) ) ;
#1171 = CIRCLE ( 'NONE', #5153, 0.7500000000000006661 ) ;
#1172 = LINE ( 'NONE', #3043, #1674 ) ;
#1173 = CARTESIAN_POINT ( 'NONE',  ( 15.75000000000000000, -38.00000000000000000, 15.00000000000000000 ) ) ;
#1174 = VECTOR ( 'NONE', #8256, 1000.000000000000000 ) ;
#1175 = DIRECTION ( 'NONE',  ( 0.000000000000000000, 0.000000000000000000, -1.000000000000000000 ) ) ;
#1176 = LINE ( 'NONE', #3995, #4749 ) ;
#1177 = ORIENTED_EDGE ( 'NONE', *, *, #8916, .F. ) ;
#1178 = PLANE ( 'NONE',  #8300 ) ;
#1179 = ORIENTED_EDGE ( 'NONE', *, *, #6879, .T. ) ;
#1180 = AXIS2_PLACEMENT_3D ( 'NONE', #6046, #4104, #7522 ) ;
#1181 = DIRECTION ( 'NONE',  ( 0.000000000000000000, 0.000000000000000000, 1.000000000000000000 ) ) ;
#1182 = PLANE ( 'NONE',  #7847 ) ;
#1183 = FACE_BOUND ( 'NONE', #8715, .T. ) ;
#1184 = CIRCLE ( 'NONE', #6338, 0.7500000000000006661 ) ;
#1185 = CARTESIAN_POINT ( 'NONE',  ( 3.788675429726996668, -68.42810920121334561, -6.349999999999999645 ) ) ;
#1186 = ORIENTED_EDGE ( 'NONE', *, *, #827, .F. ) ;
#1187 = VERTEX_POINT ( 'NONE', #5650 ) ;
#1188 = ORIENTED_EDGE ( 'NONE', *, *, #8503, .F. ) ;
#1189 = AXIS2_PLACEMENT_3D ( 'NONE', #8159, #3258, #4654 ) ;
#1190 = CARTESIAN_POINT ( 'NONE',  ( 22.00000000000000000, 9.500000000000000000, -2.674999999999999822 ) ) ;
#1191 = EDGE_CURVE ( 'NONE', #5879, #5285, #3520, .T. ) ;
#1192 = EDGE_CURVE ( 'NONE', #3413, #3787, #4308, .T. ) ;
#1193 = DIRECTION ( 'NONE',  ( 0.1611318989021508219, 0.9869328807756821975, 0.000000000000000000 ) ) ;
#1194 = CARTESIAN_POINT ( 'NONE',  ( 16.67846309403437743, -66.18965284799460846, -6.049999999999999822 ) ) ;
#1195 = CARTESIAN_POINT ( 'NONE',  ( 12.00000000000000000, -35.00000000000000000, 13.00000000000000000 ) ) ;
#1196 = LINE ( 'NONE', #6002, #3526 ) ;
#1197 = FACE_OUTER_BOUND ( 'NONE', #141, .T. ) ;
#1198 = VECTOR ( 'NONE', #1889, 1000.000000000000000 ) ;
#1199 = AXIS2_PLACEMENT_3D ( 'NONE', #3707, #2281, #5094 ) ;
#1200 = CARTESIAN_POINT ( 'NONE',  ( 4.698685540950455319, -68.56157735085945149, -6.049999999999999822 ) ) ;
#1201 = ORIENTED_EDGE ( 'NONE', *, *, #8479, .T. ) ;
#1202 = ORIENTED_EDGE ( 'NONE', *, *, #6637, .T. ) ;
#1203 = AXIS2_PLACEMENT_3D ( 'NONE', #3914, #4550, #3075 ) ;
#1204 = EDGE_CURVE ( 'NONE', #6885, #8007, #3903, .T. ) ;
#1205 = VECTOR ( 'NONE', #9033, 1000.000000000000114 ) ;
#1206 = DIRECTION ( 'NONE',  ( -0.9949164490211110934, -0.1007038205194950853, 0.000000000000000000 ) ) ;
#1207 = PLANE ( 'NONE',  #483 ) ;
#1208 = ADVANCED_FACE ( 'NONE', ( #8006 ), #4500, .T. ) ;
#1209 = DIRECTION ( 'NONE',  ( -0.3166170226182511982, 0.9485534571063213294, 0.000000000000000000 ) ) ;
#1210 = VERTEX_POINT ( 'NONE', #8092 ) ;
#1211 = DIRECTION ( 'NONE',  ( 0.8014002650527352056, -0.5981284269898945460, 0.000000000000000000 ) ) ;
#1212 = VECTOR ( 'NONE', #2829, 1000.000000000000000 ) ;
#1213 = ORIENTED_EDGE ( 'NONE', *, *, #5040, .T. ) ;
#1214 = AXIS2_PLACEMENT_3D ( 'NONE', #6296, #7821, #4962 ) ;
#1215 = ORIENTED_EDGE ( 'NONE', *, *, #7885, .T. ) ;
#1216 = LINE ( 'NONE', #3377, #3260 ) ;
#1217 = VECTOR ( 'NONE', #4258, 1000.000000000000114 ) ;
#1218 = AXIS2_PLACEMENT_3D ( 'NONE', #5268, #277, #1753 ) ;
#1219 = DIRECTION ( 'NONE',  ( 0.000000000000000000, 0.000000000000000000, -1.000000000000000000 ) ) ;
#1220 = LINE ( 'NONE', #1264, #6952 ) ;
#1221 = CIRCLE ( 'NONE', #6229, 0.7500000000000006661 ) ;
#1222 = EDGE_CURVE ( 'NONE', #6516, #6189, #1663, .T. ) ;
#1223 = DIRECTION ( 'NONE',  ( 0.000000000000000000, 0.000000000000000000, -1.000000000000000000 ) ) ;
#1224 = DIRECTION ( 'NONE',  ( -0.9986649849421113112, -0.05165508542798625397, 0.000000000000000000 ) ) ;
#1225 = ADVANCED_FACE ( 'NONE', ( #7953 ), #6571, .T. ) ;
#1226 = VERTEX_POINT ( 'NONE', #7314 ) ;
#1227 = DIRECTION ( 'NONE',  ( -0.000000000000000000, -0.000000000000000000, -1.000000000000000000 ) ) ;
#1228 = ORIENTED_EDGE ( 'NONE', *, *, #7175, .T. ) ;
#1229 = AXIS2_PLACEMENT_3D ( 'NONE', #2709, #6258, #3394 ) ;
#1230 = VECTOR ( 'NONE', #1745, 1000.000000000000000 ) ;
#1231 = VECTOR ( 'NONE', #7342, 1000.000000000000000 ) ;
#1232 = CARTESIAN_POINT ( 'NONE',  ( 3.218402426693629081, -62.14297269969665649, -6.349999999999999645 ) ) ;
#1233 = FACE_OUTER_BOUND ( 'NONE', #3690, .T. ) ;
#1234 = VECTOR ( 'NONE', #6198, 1000.000000000000000 ) ;
#1235 = VECTOR ( 'NONE', #5277, 1000.000000000000114 ) ;
#1236 = LINE ( 'NONE', #8896, #6356 ) ;
#1237 = LINE ( 'NONE', #5610, #9023 ) ;
#1238 = ORIENTED_EDGE ( 'NONE', *, *, #7198, .F. ) ;
#1239 = VERTEX_POINT ( 'NONE', #4400 ) ;
#1240 = VERTEX_POINT ( 'NONE', #340 ) ;
#1241 = VECTOR ( 'NONE', #7300, 1000.000000000000000 ) ;
#1242 = LINE ( 'NONE', #7512, #308 ) ;
#1243 = CARTESIAN_POINT ( 'NONE',  ( 5.078867542972695048, -63.79582069430400537, -6.049999999999999822 ) ) ;
#1244 = CARTESIAN_POINT ( 'NONE',  ( 20.59622514324233222, -68.98355240984157888, -6.049999999999999822 ) ) ;
#1245 = LINE ( 'NONE', #3495, #14 ) ;
#1246 = CARTESIAN_POINT ( 'NONE',  ( 9.632457027300302954, -63.02972699696663028, -6.049999999999999822 ) ) ;
#1247 = DIRECTION ( 'NONE',  ( -1.000000000000000000, 0.000000000000000000, 0.000000000000000000 ) ) ;
#1248 = PLANE ( 'NONE',  #3380 ) ;
#1249 = VERTEX_POINT ( 'NONE', #3711 ) ;
#1250 = ADVANCED_FACE ( 'NONE', ( #6522 ), #3803, .F. ) ;
#1251 = ORIENTED_EDGE ( 'NONE', *, *, #1495, .F. ) ;
#1252 = DIRECTION ( 'NONE',  ( 0.1724095775557430710, 0.9850253486926364710, 0.000000000000000000 ) ) ;
#1253 = DIRECTION ( 'NONE',  ( -1.000000000000000000, 0.000000000000000000, -0.000000000000000000 ) ) ;
#1254 = DIRECTION ( 'NONE',  ( -0.3897989369210800303, 0.9208999884760536991, 0.000000000000000000 ) ) ;
#1255 = CARTESIAN_POINT ( 'NONE',  ( 13.84732052578361916, -61.94883720930231874, -6.349999999999999645 ) ) ;
#1256 = ORIENTED_EDGE ( 'NONE', *, *, #2150, .F. ) ;
#1257 = EDGE_CURVE ( 'NONE', #7029, #1318, #4539, .T. ) ;
#1258 = DIRECTION ( 'NONE',  ( 0.5316790020403504569, -0.8469459479738816743, 0.000000000000000000 ) ) ;
#1259 = VERTEX_POINT ( 'NONE', #945 ) ;
#1260 = EDGE_CURVE ( 'NONE', #3316, #3861, #6610, .T. ) ;
#1261 = ORIENTED_EDGE ( 'NONE', *, *, #5870, .F. ) ;
#1262 = PLANE ( 'NONE',  #7536 ) ;
#1263 = DIRECTION ( 'NONE',  ( -1.000000000000000000, 0.000000000000000000, 0.000000000000000000 ) ) ;
#1264 = CARTESIAN_POINT ( 'NONE',  ( 3.218402426693629081, -62.14297269969665649, -6.049999999999999822 ) ) ;
#1265 = DIRECTION ( 'NONE',  ( -0.7761140001162727398, 0.6305926250944569045, 0.000000000000000000 ) ) ;
#1266 = CARTESIAN_POINT ( 'NONE',  ( 9.000000000000001776, -38.00000000000000000, 13.00000000000000000 ) ) ;
#1267 = ORIENTED_EDGE ( 'NONE', *, *, #8216, .F. ) ;
#1268 = DIRECTION ( 'NONE',  ( 1.000000000000000000, 0.000000000000000000, 0.000000000000000000 ) ) ;
#1269 = ORIENTED_EDGE ( 'NONE', *, *, #3224, .F. ) ;
#1270 = EDGE_CURVE ( 'NONE', #3559, #7654, #8730, .T. ) ;
#1271 = CARTESIAN_POINT ( 'NONE',  ( 12.01516683518705797, -61.50208965284798523, -6.049999999999999822 ) ) ;
#1272 = LINE ( 'NONE', #2748, #1072 ) ;
#1273 = LINE ( 'NONE', #3391, #2388 ) ;
#1274 = DIRECTION ( 'NONE',  ( -0.000000000000000000, -0.000000000000000000, 1.000000000000000000 ) ) ;
#1275 = ORIENTED_EDGE ( 'NONE', *, *, #7196, .T. ) ;
#1276 = ORIENTED_EDGE ( 'NONE', *, *, #3600, .F. ) ;
#1277 = EDGE_CURVE ( 'NONE', #1394, #3172, #6709, .T. ) ;
#1278 = ADVANCED_FACE ( 'NONE', ( #5788 ), #5836, .F. ) ;
#1279 = VERTEX_POINT ( 'NONE', #2461 ) ;
#1280 = CARTESIAN_POINT ( 'NONE',  ( 21.00000000000000000, -38.00000000000000000, 15.00000000000000000 ) ) ;
#1281 = CARTESIAN_POINT ( 'NONE',  ( -6.000000000000000000, 11.00000000000000000, -6.349999999999999645 ) ) ;
#1282 = CARTESIAN_POINT ( 'NONE',  ( -4.200000000000000178, 4.200000000000000178, -6.349999999999999645 ) ) ;
#1283 = CARTESIAN_POINT ( 'NONE',  ( 18.67644084934277160, -65.49180990899898802, -6.049999999999999822 ) ) ;
#1284 = CARTESIAN_POINT ( 'NONE',  ( 22.00000000000000000, 9.500000000000000000, 11.32499999999999929 ) ) ;
#1285 = PLANE ( 'NONE',  #6693 ) ;
#1286 = CARTESIAN_POINT ( 'NONE',  ( 18.67644084934277160, -63.67178968655207427, -6.049999999999999822 ) ) ;
#1287 = ORIENTED_EDGE ( 'NONE', *, *, #4950, .F. ) ;
#1288 = VERTEX_POINT ( 'NONE', #2367 ) ;
#1289 = CARTESIAN_POINT ( 'NONE',  ( 16.86181327940680674, -64.51236939669699666, -6.349999999999999645 ) ) ;
#1290 = ORIENTED_EDGE ( 'NONE', *, *, #8904, .F. ) ;
#1291 = CARTESIAN_POINT ( 'NONE',  ( 11.54465790360633548, -68.18611391978429026, -6.049999999999999822 ) ) ;
#1292 = EDGE_CURVE ( 'NONE', #6575, #488, #5136, .T. ) ;
#1293 = DIRECTION ( 'NONE',  ( 1.000000000000000000, 0.000000000000000000, 0.000000000000000000 ) ) ;
#1294 = FACE_OUTER_BOUND ( 'NONE', #645, .T. ) ;
#1295 = ORIENTED_EDGE ( 'NONE', *, *, #16, .F. ) ;
#1296 = LINE ( 'NONE', #7584, #4489 ) ;
#1297 = ORIENTED_EDGE ( 'NONE', *, *, #1539, .T. ) ;
#1298 = ORIENTED_EDGE ( 'NONE', *, *, #3362, .T. ) ;
#1299 = EDGE_CURVE ( 'NONE', #6487, #8683, #5975, .T. ) ;
#1300 = CARTESIAN_POINT ( 'NONE',  ( 14.02325581395348841, -65.91041456016176880, -6.049999999999999822 ) ) ;
#1301 = CARTESIAN_POINT ( 'NONE',  ( 14.66700370744860216, -65.02534546680148253, -6.349999999999999645 ) ) ;
#1302 = ADVANCED_FACE ( 'NONE', ( #4446 ), #2285, .F. ) ;
#1303 = CARTESIAN_POINT ( 'NONE',  ( 11.25000000000000000, -32.00000000000000000, 13.00000000000000000 ) ) ;
#1304 = LINE ( 'NONE', #5387, #7134 ) ;
#1305 = PLANE ( 'NONE',  #185 ) ;
#1306 = ORIENTED_EDGE ( 'NONE', *, *, #2208, .F. ) ;
#1307 = EDGE_CURVE ( 'NONE', #4349, #3996, #1584, .T. ) ;
#1308 = DIRECTION ( 'NONE',  ( 0.6663309835302445583, 0.7456561006171792405, 0.000000000000000000 ) ) ;
#1309 = ORIENTED_EDGE ( 'NONE', *, *, #254, .T. ) ;
#1310 = VECTOR ( 'NONE', #190, 1000.000000000000000 ) ;
#1311 = DIRECTION ( 'NONE',  ( 0.5441911050990204668, -0.8389612870276594858, 0.000000000000000000 ) ) ;
#1312 = EDGE_CURVE ( 'NONE', #4057, #2456, #4583, .T. ) ;
#1313 = DIRECTION ( 'NONE',  ( 1.000000000000000000, 0.000000000000000000, 0.000000000000000000 ) ) ;
#1314 = DIRECTION ( 'NONE',  ( -0.000000000000000000, 1.000000000000000000, -0.000000000000000000 ) ) ;
#1315 = DIRECTION ( 'NONE',  ( 1.000000000000000000, 0.000000000000000000, -0.000000000000000000 ) ) ;
#1316 = VERTEX_POINT ( 'NONE', #3943 ) ;
#1317 = EDGE_LOOP ( 'NONE', ( #3110, #4660, #4225, #4873 ) ) ;
#1318 = VERTEX_POINT ( 'NONE', #424 ) ;
#1319 = DIRECTION ( 'NONE',  ( 1.000000000000000000, 0.000000000000000000, 0.000000000000000000 ) ) ;
#1320 = DIRECTION ( 'NONE',  ( 1.000000000000000000, 0.000000000000000000, 0.000000000000000000 ) ) ;
#1321 = CARTESIAN_POINT ( 'NONE',  ( 36.00000000000000711, -75.00000000000000000, -6.349999999999999645 ) ) ;
#1322 = DIRECTION ( 'NONE',  ( -1.000000000000000000, 0.000000000000000000, 0.000000000000000000 ) ) ;
#1323 = FACE_OUTER_BOUND ( 'NONE', #2369, .T. ) ;
#1324 = ADVANCED_FACE ( 'NONE', ( #7618 ), #5453, .F. ) ;
#1325 = EDGE_CURVE ( 'NONE', #6523, #3829, #8998, .T. ) ;
#1326 = DIRECTION ( 'NONE',  ( 0.000000000000000000, 0.000000000000000000, -1.000000000000000000 ) ) ;
#1327 = ORIENTED_EDGE ( 'NONE', *, *, #8934, .T. ) ;
#1328 = VECTOR ( 'NONE', #3680, 1000.000000000000000 ) ;
#1329 = EDGE_LOOP ( 'NONE', ( #9111, #7460, #3977, #2734 ) ) ;
#1330 = DIRECTION ( 'NONE',  ( 0.000000000000000000, 0.000000000000000000, 1.000000000000000000 ) ) ;
#1331 = AXIS2_PLACEMENT_3D ( 'NONE', #189, #5125, #7940 ) ;
#1332 = ORIENTED_EDGE ( 'NONE', *, *, #6865, .F. ) ;
#1333 = DIRECTION ( 'NONE',  ( 0.000000000000000000, 0.000000000000000000, -1.000000000000000000 ) ) ;
#1334 = CARTESIAN_POINT ( 'NONE',  ( 11.68756319514661257, -67.96248736097066967, -6.349999999999999645 ) ) ;
#1335 = AXIS2_PLACEMENT_3D ( 'NONE', #6618, #4454, #6533 ) ;
#1336 = CARTESIAN_POINT ( 'NONE',  ( 6.712841253791708596, -60.62628918099089503, -6.049999999999999822 ) ) ;
#1337 = ORIENTED_EDGE ( 'NONE', *, *, #6348, .F. ) ;
#1338 = LINE ( 'NONE', #6461, #8272 ) ;
#1339 = ORIENTED_EDGE ( 'NONE', *, *, #6914, .F. ) ;
#1340 = ORIENTED_EDGE ( 'NONE', *, *, #6004, .T. ) ;
#1341 = AXIS2_PLACEMENT_3D ( 'NONE', #3042, #8069, #3822 ) ;
#1342 = ORIENTED_EDGE ( 'NONE', *, *, #7971, .F. ) ;
#1343 = FACE_OUTER_BOUND ( 'NONE', #2881, .T. ) ;
#1344 = DIRECTION ( 'NONE',  ( -0.000000000000000000, 1.000000000000000000, -0.000000000000000000 ) ) ;
#1345 = DIRECTION ( 'NONE',  ( -0.000000000000000000, -0.000000000000000000, 1.000000000000000000 ) ) ;
#1346 = VECTOR ( 'NONE', #3120, 1000.000000000000000 ) ;
#1347 = CARTESIAN_POINT ( 'NONE',  ( 31.19999999999999929, 2.000000000000000000, 1.650000000000000355 ) ) ;
#1348 = DIRECTION ( 'NONE',  ( 1.000000000000000000, 0.000000000000000000, 0.000000000000000000 ) ) ;
#1349 = ORIENTED_EDGE ( 'NONE', *, *, #4492, .F. ) ;
#1350 = AXIS2_PLACEMENT_3D ( 'NONE', #2613, #3444, #8935 ) ;
#1351 = DIRECTION ( 'NONE',  ( 0.000000000000000000, 0.000000000000000000, -1.000000000000000000 ) ) ;
#1352 = ORIENTED_EDGE ( 'NONE', *, *, #3974, .T. ) ;
#1353 = EDGE_CURVE ( 'NONE', #5152, #732, #8954, .T. ) ;
#1354 = EDGE_CURVE ( 'NONE', #7604, #3676, #2680, .T. ) ;
#1355 = VECTOR ( 'NONE', #1899, 1000.000000000000000 ) ;
#1356 = AXIS2_PLACEMENT_3D ( 'NONE', #1075, #6053, #3901 ) ;
#1357 = CARTESIAN_POINT ( 'NONE',  ( 10.48179979777552973, -64.68796764408493516, -6.349999999999999645 ) ) ;
#1358 = LINE ( 'NONE', #2886, #7256 ) ;
#1359 = VERTEX_POINT ( 'NONE', #7448 ) ;
#1360 = DIRECTION ( 'NONE',  ( 1.000000000000000000, 0.000000000000000000, 0.000000000000000000 ) ) ;
#1362 = VECTOR ( 'NONE', #8765, 1000.000000000000114 ) ;
#1361 = CARTESIAN_POINT ( 'NONE',  ( 6.712841253791708596, -70.59999999999999432, -6.049999999999999822 ) ) ;
#1363 = ORIENTED_EDGE ( 'NONE', *, *, #2321, .T. ) ;
#1364 = VECTOR ( 'NONE', #3321, 1000.000000000000114 ) ;
#1365 = VECTOR ( 'NONE', #6911, 1000.000000000000000 ) ;
#1366 = EDGE_CURVE ( 'NONE', #475, #2735, #4073, .T. ) ;
#1367 = ORIENTED_EDGE ( 'NONE', *, *, #3295, .F. ) ;
#1368 = EDGE_CURVE ( 'NONE', #8454, #8922, #6012, .T. ) ;
#1369 = ORIENTED_EDGE ( 'NONE', *, *, #3336, .F. ) ;
#1370 = ADVANCED_FACE ( 'NONE', ( #1294 ), #5320, .T. ) ;
#1371 = DIRECTION ( 'NONE',  ( 0.5514394156850852546, 0.8342149428228264885, 0.000000000000000000 ) ) ;
#1372 = AXIS2_PLACEMENT_3D ( 'NONE', #1599, #1451, #4371 ) ;
#1373 = CIRCLE ( 'NONE', #1825, 0.7500000000000006661 ) ;
#1375 = DIRECTION ( 'NONE',  ( 1.000000000000000000, 0.000000000000000000, 0.000000000000000000 ) ) ;
#1374 = VECTOR ( 'NONE', #7728, 1000.000000000000227 ) ;
#1376 = DIRECTION ( 'NONE',  ( 1.000000000000000000, 0.000000000000000000, 0.000000000000000000 ) ) ;
#1377 = LINE ( 'NONE', #6219, #3715 ) ;
#1378 = DIRECTION ( 'NONE',  ( -1.000000000000000000, -0.000000000000000000, -0.000000000000000000 ) ) ;
#1379 = CARTESIAN_POINT ( 'NONE',  ( 23.95146612740141734, -67.97917087967643113, -6.349999999999999645 ) ) ;
#1380 = VECTOR ( 'NONE', #1992, 1000.000000000000114 ) ;
#1381 = VERTEX_POINT ( 'NONE', #6746 ) ;
#1382 = ORIENTED_EDGE ( 'NONE', *, *, #1963, .T. ) ;
#1383 = EDGE_CURVE ( 'NONE', #6953, #3671, #5413, .T. ) ;
#1384 = EDGE_CURVE ( 'NONE', #3007, #5445, #2501, .T. ) ;
#1385 = CARTESIAN_POINT ( 'NONE',  ( 18.84630940343781802, -68.84064711830130534, -6.049999999999999822 ) ) ;
#1386 = ORIENTED_EDGE ( 'NONE', *, *, #1883, .T. ) ;
#1387 = DIRECTION ( 'NONE',  ( 1.000000000000000000, 0.000000000000000000, 0.000000000000000000 ) ) ;
#1388 = CARTESIAN_POINT ( 'NONE',  ( 25.80000000000000071, -7.000000000000000000, 13.00000000000000000 ) ) ;
#1389 = CARTESIAN_POINT ( 'NONE',  ( 7.200000000000001066, 9.500000000000000000, -3.474999999999999645 ) ) ;
#1390 = ORIENTED_EDGE ( 'NONE', *, *, #8801, .T. ) ;
#1391 = DIRECTION ( 'NONE',  ( -0.000000000000000000, -0.000000000000000000, 1.000000000000000000 ) ) ;
#1392 = EDGE_LOOP ( 'NONE', ( #4673, #560 ) ) ;
#1393 = ORIENTED_EDGE ( 'NONE', *, *, #2041, .F. ) ;
#1394 = VERTEX_POINT ( 'NONE', #6881 ) ;
#1395 = EDGE_CURVE ( 'NONE', #341, #960, #5376, .T. ) ;
#1396 = DIRECTION ( 'NONE',  ( 0.000000000000000000, 0.000000000000000000, 1.000000000000000000 ) ) ;
#1397 = CARTESIAN_POINT ( 'NONE',  ( 30.50000000000000000, -50.50000000000000000, 13.00000000000000178 ) ) ;
#1398 = CARTESIAN_POINT ( 'NONE',  ( 6.712841253791708596, -62.89524772497472327, -6.349999999999999645 ) ) ;
#1399 = LINE ( 'NONE', #7952, #7717 ) ;
#1400 = CARTESIAN_POINT ( 'NONE',  ( 6.461577350859451840, -63.69100101112233858, -6.049999999999999822 ) ) ;
#1401 = ORIENTED_EDGE ( 'NONE', *, *, #4441, .F. ) ;
#1402 = ORIENTED_EDGE ( 'NONE', *, *, #267, .T. ) ;
#1403 = DIRECTION ( 'NONE',  ( 0.000000000000000000, 0.000000000000000000, -1.000000000000000000 ) ) ;
#1404 = ORIENTED_EDGE ( 'NONE', *, *, #1566, .F. ) ;
#1405 = CARTESIAN_POINT ( 'NONE',  ( 18.75193798449612359, -68.70852713178295801, -6.349999999999999645 ) ) ;
#1406 = DIRECTION ( 'NONE',  ( 0.000000000000000000, 0.000000000000000000, -1.000000000000000000 ) ) ;
#1407 = EDGE_LOOP ( 'NONE', ( #4681, #8129, #6259, #8580 ) ) ;
#1408 = DIRECTION ( 'NONE',  ( -0.8551470035835033734, 0.5183855729687658620, 0.000000000000000000 ) ) ;
#1409 = EDGE_CURVE ( 'NONE', #7064, #3249, #386, .T. ) ;
#1410 = DIRECTION ( 'NONE',  ( -0.4237422564744444120, 0.9057828106549307146, 0.000000000000000000 ) ) ;
#1411 = ORIENTED_EDGE ( 'NONE', *, *, #7371, .T. ) ;
#1412 = VERTEX_POINT ( 'NONE', #8320 ) ;
#1413 = DIRECTION ( 'NONE',  ( 0.3762081107378902889, 0.9265351895179304575, 0.000000000000000000 ) ) ;
#1414 = DIRECTION ( 'NONE',  ( 0.000000000000000000, 0.000000000000000000, -1.000000000000000000 ) ) ;
#1415 = DIRECTION ( 'NONE',  ( 0.000000000000000000, 0.000000000000000000, -1.000000000000000000 ) ) ;
#1416 = CARTESIAN_POINT ( 'NONE',  ( -0.5000000000000000000, 0.5000000000000000000, -4.349999999999999645 ) ) ;
#1417 = DIRECTION ( 'NONE',  ( -0.9931358110189343336, -0.1169669221265713932, 0.000000000000000000 ) ) ;
#1418 = EDGE_CURVE ( 'NONE', #8499, #1902, #6843, .T. ) ;
#1419 = DIRECTION ( 'NONE',  ( -0.7139499639964812516, -0.7001967215786025767, 0.000000000000000000 ) ) ;
#1420 = ORIENTED_EDGE ( 'NONE', *, *, #7597, .T. ) ;
#1421 = EDGE_LOOP ( 'NONE', ( #1295, #7947, #5381, #2571 ) ) ;
#1422 = EDGE_CURVE ( 'NONE', #6499, #3065, #6055, .T. ) ;
#1423 = LINE ( 'NONE', #4340, #6635 ) ;
#1424 = PLANE ( 'NONE',  #2836 ) ;
#1425 = ORIENTED_EDGE ( 'NONE', *, *, #6587, .F. ) ;
#1426 = CARTESIAN_POINT ( 'NONE',  ( 11.48129423660262916, -60.62628918099089503, -6.349999999999999645 ) ) ;
#1427 = CYLINDRICAL_SURFACE ( 'NONE', #787, 0.7500000000000006661 ) ;
#1428 = EDGE_CURVE ( 'NONE', #3550, #8826, #4805, .T. ) ;
#1429 = LINE ( 'NONE', #739, #4757 ) ;
#1430 = ORIENTED_EDGE ( 'NONE', *, *, #4916, .T. ) ;
#1431 = DIRECTION ( 'NONE',  ( -0.2314199685979519416, -0.9728539449136869299, 0.000000000000000000 ) ) ;
#1432 = ORIENTED_EDGE ( 'NONE', *, *, #7031, .F. ) ;
#1433 = VERTEX_POINT ( 'NONE', #7487 ) ;
#1434 = ORIENTED_EDGE ( 'NONE', *, *, #5119, .F. ) ;
#1435 = CARTESIAN_POINT ( 'NONE',  ( 16.33872598584428815, -65.95557802494101907, -6.349999999999999645 ) ) ;
#1436 = CARTESIAN_POINT ( 'NONE',  ( 4.258847320525783076, -67.89726996966632555, -6.349999999999999645 ) ) ;
#1437 = DIRECTION ( 'NONE',  ( -0.000000000000000000, 1.000000000000000000, -0.000000000000000000 ) ) ;
#1438 = DIRECTION ( 'NONE',  ( 0.000000000000000000, 0.000000000000000000, -1.000000000000000000 ) ) ;
#1439 = CARTESIAN_POINT ( 'NONE',  ( 25.01145938658577705, -68.26902595214019698, -6.349999999999999645 ) ) ;
#1440 = VERTEX_POINT ( 'NONE', #6145 ) ;
#1441 = ORIENTED_EDGE ( 'NONE', *, *, #5899, .T. ) ;
#1442 = DIRECTION ( 'NONE',  ( 1.000000000000000000, 0.000000000000000000, -0.000000000000000000 ) ) ;
#1443 = EDGE_CURVE ( 'NONE', #6953, #8210, #3369, .T. ) ;
#1444 = ORIENTED_EDGE ( 'NONE', *, *, #6802, .F. ) ;
#1445 = EDGE_CURVE ( 'NONE', #952, #8478, #1162, .T. ) ;
#1446 = DIRECTION ( 'NONE',  ( 1.000000000000000000, 0.000000000000000000, 0.000000000000000000 ) ) ;
#1447 = FACE_BOUND ( 'NONE', #6761, .T. ) ;
#1448 = VERTEX_POINT ( 'NONE', #6790 ) ;
#1449 = DIRECTION ( 'NONE',  ( 0.5514394156850852546, 0.8342149428228264885, 0.000000000000000000 ) ) ;
#1450 = CARTESIAN_POINT ( 'NONE',  ( 26.54398382204247042, -70.05197168857431222, -6.049999999999999822 ) ) ;
#1451 = DIRECTION ( 'NONE',  ( 0.000000000000000000, 0.000000000000000000, 1.000000000000000000 ) ) ;
#1452 = EDGE_LOOP ( 'NONE', ( #1261, #5263, #3983, #7348 ) ) ;
#1453 = VECTOR ( 'NONE', #1378, 1000.000000000000000 ) ;
#1454 = ORIENTED_EDGE ( 'NONE', *, *, #963, .T. ) ;
#1455 = DIRECTION ( 'NONE',  ( 0.000000000000000000, 0.000000000000000000, 1.000000000000000000 ) ) ;
#1456 = DIRECTION ( 'NONE',  ( 0.000000000000000000, 0.000000000000000000, -1.000000000000000000 ) ) ;
#1457 = FACE_BOUND ( 'NONE', #841, .T. ) ;
#1458 = AXIS2_PLACEMENT_3D ( 'NONE', #2305, #8576, #2943 ) ;
#1459 = CARTESIAN_POINT ( 'NONE',  ( 12.00000000000000000, -29.00000000000000000, 13.00000000000000000 ) ) ;
#1460 = DIRECTION ( 'NONE',  ( 0.000000000000000000, 0.000000000000000000, 1.000000000000000000 ) ) ;
#1461 = VECTOR ( 'NONE', #7478, 1000.000000000000000 ) ;
#1462 = DIRECTION ( 'NONE',  ( 0.5981284269898946571, 0.8014002650527353167, 0.000000000000000000 ) ) ;
#1463 = ORIENTED_EDGE ( 'NONE', *, *, #3919, .F. ) ;
#1464 = ORIENTED_EDGE ( 'NONE', *, *, #7005, .T. ) ;
#1465 = EDGE_CURVE ( 'NONE', #6566, #2731, #469, .T. ) ;
#1466 = EDGE_CURVE ( 'NONE', #3098, #2272, #6976, .T. ) ;
#1467 = AXIS2_PLACEMENT_3D ( 'NONE', #7754, #2209, #7845 ) ;
#1468 = CARTESIAN_POINT ( 'NONE',  ( 12.00000000000000000, -32.00000000000000000, 15.00000000000000000 ) ) ;
#1469 = CARTESIAN_POINT ( 'NONE',  ( 15.36804853387259584, -65.23110886417256893, -6.049999999999999822 ) ) ;
#1470 = ORIENTED_EDGE ( 'NONE', *, *, #1101, .T. ) ;
#1471 = FACE_OUTER_BOUND ( 'NONE', #1659, .T. ) ;
#1472 = LINE ( 'NONE', #8357, #491 ) ;
#1473 = CARTESIAN_POINT ( 'NONE',  ( 19.67610380856083552, -69.00883046848667846, -6.349999999999999645 ) ) ;
#1474 = ORIENTED_EDGE ( 'NONE', *, *, #1530, .T. ) ;
#1475 = CIRCLE ( 'NONE', #2509, 0.7500000000000006661 ) ;
#1476 = DIRECTION ( 'NONE',  ( -0.000000000000000000, -0.000000000000000000, 1.000000000000000000 ) ) ;
#1477 = ORIENTED_EDGE ( 'NONE', *, *, #4129, .F. ) ;
#1478 = ORIENTED_EDGE ( 'NONE', *, *, #3749, .F. ) ;
#1479 = ADVANCED_FACE ( 'NONE', ( #7108 ), #9089, .T. ) ;
#1480 = ORIENTED_EDGE ( 'NONE', *, *, #7933, .T. ) ;
#1481 = EDGE_CURVE ( 'NONE', #3838, #353, #1429, .T. ) ;
#1482 = VECTOR ( 'NONE', #712, 1000.000000000000000 ) ;
#1483 = DIRECTION ( 'NONE',  ( -0.000000000000000000, -0.000000000000000000, 1.000000000000000000 ) ) ;
#1484 = DIRECTION ( 'NONE',  ( 1.000000000000000000, 0.000000000000000000, 0.000000000000000000 ) ) ;
#1485 = LINE ( 'NONE', #4856, #7558 ) ;
#1486 = CARTESIAN_POINT ( 'NONE',  ( 4.698685540950455319, -67.31183013144590177, -6.049999999999999822 ) ) ;
#1487 = CARTESIAN_POINT ( 'NONE',  ( 11.56622851365015237, -60.07286821705425695, -6.049999999999999822 ) ) ;
#1488 = ORIENTED_EDGE ( 'NONE', *, *, #7323, .T. ) ;
#1489 = CARTESIAN_POINT ( 'NONE',  ( 4.258847320525783076, -67.89726996966632555, -6.049999999999999822 ) ) ;
#1490 = VECTOR ( 'NONE', #8773, 1000.000000000000000 ) ;
#1491 = ORIENTED_EDGE ( 'NONE', *, *, #804, .F. ) ;
#1492 = AXIS2_PLACEMENT_3D ( 'NONE', #8505, #2177, #4215 ) ;
#1493 = DIRECTION ( 'NONE',  ( -0.7485881801731986140, 0.6630352452961900678, 0.000000000000000000 ) ) ;
#1494 = VECTOR ( 'NONE', #7224, 1000.000000000000227 ) ;
#1495 = EDGE_CURVE ( 'NONE', #7109, #550, #3578, .T. ) ;
#1496 = ADVANCED_FACE ( 'NONE', ( #2074 ), #7660, .T. ) ;
#1497 = LINE ( 'NONE', #3530, #3574 ) ;
#1498 = VECTOR ( 'NONE', #8252, 1000.000000000000000 ) ;
#1499 = ORIENTED_EDGE ( 'NONE', *, *, #7441, .T. ) ;
#1500 = CARTESIAN_POINT ( 'NONE',  ( 19.67610380856083552, -69.00883046848667846, -6.049999999999999822 ) ) ;
#1501 = CARTESIAN_POINT ( 'NONE',  ( 25.71385237613751329, -65.49180990899898802, -6.049999999999999822 ) ) ;
#1502 = DIRECTION ( 'NONE',  ( -1.000000000000000000, -0.000000000000000000, -0.000000000000000000 ) ) ;
#1503 = VERTEX_POINT ( 'NONE', #7852 ) ;
#1504 = AXIS2_PLACEMENT_3D ( 'NONE', #3064, #8687, #7913 ) ;
#1505 = VECTOR ( 'NONE', #5462, 1000.000000000000227 ) ;
#1506 = ORIENTED_EDGE ( 'NONE', *, *, #1539, .F. ) ;
#1507 = CARTESIAN_POINT ( 'NONE',  ( 8.000000000000000000, 9.500000000000000000, -2.674999999999999822 ) ) ;
#1508 = DIRECTION ( 'NONE',  ( 0.000000000000000000, -1.000000000000000000, -0.000000000000000000 ) ) ;
#1509 = CARTESIAN_POINT ( 'NONE',  ( 2.907313784967980652, -66.97209302325580893, -6.049999999999999822 ) ) ;
#1510 = VECTOR ( 'NONE', #1107, 1000.000000000000000 ) ;
#1511 = VECTOR ( 'NONE', #7067, 1000.000000000000114 ) ;
#1512 = CARTESIAN_POINT ( 'NONE',  ( 24.06370070778564241, -61.14802831142567641, -6.049999999999999822 ) ) ;
#1513 = DIRECTION ( 'NONE',  ( 0.000000000000000000, 0.000000000000000000, 1.000000000000000000 ) ) ;
#1514 = ADVANCED_FACE ( 'NONE', ( #6923 ), #5582, .F. ) ;
#1515 = AXIS2_PLACEMENT_3D ( 'NONE', #8823, #7580, #1125 ) ;
#1516 = DIRECTION ( 'NONE',  ( -0.9998699525321245174, -0.01612693471825775091, 0.000000000000000000 ) ) ;
#1517 = ORIENTED_EDGE ( 'NONE', *, *, #8136, .F. ) ;
#1518 = ORIENTED_EDGE ( 'NONE', *, *, #5474, .T. ) ;
#1519 = VECTOR ( 'NONE', #5938, 1000.000000000000000 ) ;
#1520 = VECTOR ( 'NONE', #5075, 1000.000000000000000 ) ;
#1521 = AXIS2_PLACEMENT_3D ( 'NONE', #5442, #3190, #459 ) ;
#1522 = CARTESIAN_POINT ( 'NONE',  ( 18.84630940343781802, -68.84064711830130534, -6.049999999999999822 ) ) ;
#1523 = CARTESIAN_POINT ( 'NONE',  ( 14.49713515335355929, -63.58820357263228118, -6.349999999999999645 ) ) ;
#1524 = VERTEX_POINT ( 'NONE', #7715 ) ;
#1525 = DIRECTION ( 'NONE',  ( -0.000000000000000000, -0.000000000000000000, 1.000000000000000000 ) ) ;
#1526 = PLANE ( 'NONE',  #8015 ) ;
#1527 = VECTOR ( 'NONE', #2970, 1000.000000000000227 ) ;
#1528 = DIRECTION ( 'NONE',  ( 1.000000000000000000, 0.000000000000000000, 0.000000000000000000 ) ) ;
#1529 = ORIENTED_EDGE ( 'NONE', *, *, #5436, .T. ) ;
#1530 = EDGE_CURVE ( 'NONE', #3047, #8797, #53, .T. ) ;
#1531 = VECTOR ( 'NONE', #2668, 1000.000000000000114 ) ;
#1532 = CARTESIAN_POINT ( 'NONE',  ( 9.056117290192112534, -65.03528816986855077, -6.049999999999999822 ) ) ;
#1533 = ORIENTED_EDGE ( 'NONE', *, *, #813, .T. ) ;
#1534 = EDGE_LOOP ( 'NONE', ( #2051, #4127, #1188, #5433 ) ) ;
#1535 = VERTEX_POINT ( 'NONE', #2129 ) ;
#1536 = DIRECTION ( 'NONE',  ( 0.6630352452961900678, 0.7485881801731986140, 0.000000000000000000 ) ) ;
#1537 = CARTESIAN_POINT ( 'NONE',  ( 16.86181327940680674, -64.51236939669699666, -6.049999999999999822 ) ) ;
#1538 = CARTESIAN_POINT ( 'NONE',  ( 21.00000000000000000, -35.00000000000000000, 13.00000000000000000 ) ) ;
#1539 = EDGE_CURVE ( 'NONE', #5204, #2205, #6317, .T. ) ;
#1540 = DIRECTION ( 'NONE',  ( 0.8437892001072694326, 0.5366747485976348653, 0.000000000000000000 ) ) ;
#1541 = CARTESIAN_POINT ( 'NONE',  ( 11.48129423660262916, -62.14297269969665649, -6.049999999999999822 ) ) ;
#1542 = ORIENTED_EDGE ( 'NONE', *, *, #2442, .T. ) ;
#1543 = EDGE_LOOP ( 'NONE', ( #8012, #5221, #2455, #5548 ) ) ;
#1544 = ADVANCED_FACE ( 'NONE', ( #4207 ), #7017, .T. ) ;
#1545 = CARTESIAN_POINT ( 'NONE',  ( 26.38119312436804975, -70.39373104145600735, -6.049999999999999822 ) ) ;
#1546 = EDGE_LOOP ( 'NONE', ( #251, #6703, #5823, #4588 ) ) ;
#1547 = ORIENTED_EDGE ( 'NONE', *, *, #6018, .F. ) ;
#1548 = EDGE_CURVE ( 'NONE', #931, #2744, #9131, .T. ) ;
#1549 = CARTESIAN_POINT ( 'NONE',  ( 36.00000000000000711, 11.00000000000000000, -6.349999999999999645 ) ) ;
#1550 = CARTESIAN_POINT ( 'NONE',  ( 18.67644084934277160, -62.94378159757329882, -6.349999999999999645 ) ) ;
#1551 = ORIENTED_EDGE ( 'NONE', *, *, #1409, .T. ) ;
#1552 = CARTESIAN_POINT ( 'NONE',  ( 10.75631951466127489, -67.94580384226490821, -6.049999999999999822 ) ) ;
#1553 = LINE ( 'NONE', #4369, #5039 ) ;
#1554 = CARTESIAN_POINT ( 'NONE',  ( 10.02932254802831480, -63.87805864509606124, -6.349999999999999645 ) ) ;
#1555 = ORIENTED_EDGE ( 'NONE', *, *, #2066, .F. ) ;
#1556 = ORIENTED_EDGE ( 'NONE', *, *, #624, .F. ) ;
#1557 = CARTESIAN_POINT ( 'NONE',  ( 21.96697000337040606, -67.31857094708459499, -6.349999999999999645 ) ) ;
#1558 = UNCERTAINTY_MEASURE_WITH_UNIT (LENGTH_MEASURE( 1.000000000000000082E-05 ), #8033, 'distance_accuracy_value', 'NONE');
#1559 = CYLINDRICAL_SURFACE ( 'NONE', #5479, 0.8000000000000020428 ) ;
#1560 = FACE_BOUND ( 'NONE', #5321, .T. ) ;
#1561 = DIRECTION ( 'NONE',  ( 1.000000000000000000, 0.000000000000000000, 0.000000000000000000 ) ) ;
#1562 = CARTESIAN_POINT ( 'NONE',  ( 9.374115267947420449, -65.72436804853386150, -6.049999999999999822 ) ) ;
#1563 = FACE_OUTER_BOUND ( 'NONE', #6992, .T. ) ;
#1565 = ORIENTED_EDGE ( 'NONE', *, *, #2932, .T. ) ;
#1564 = EDGE_CURVE ( 'NONE', #3413, #7265, #2909, .T. ) ;
#1566 = EDGE_CURVE ( 'NONE', #6885, #8153, #2869, .T. ) ;
#1567 = VERTEX_POINT ( 'NONE', #4987 ) ;
#1568 = DIRECTION ( 'NONE',  ( 1.000000000000000000, 0.000000000000000000, 0.000000000000000000 ) ) ;
#1569 = DIRECTION ( 'NONE',  ( 1.000000000000000000, 0.000000000000000000, 0.000000000000000000 ) ) ;
#1570 = VERTEX_POINT ( 'NONE', #7800 ) ;
#1571 = CARTESIAN_POINT ( 'NONE',  ( 5.490899898887763086, -62.98591169531513145, -6.349999999999999645 ) ) ;
#1572 = DIRECTION ( 'NONE',  ( -0.4732084585407242416, -0.8809504837194379601, -0.000000000000000000 ) ) ;
#1573 = LINE ( 'NONE', #4609, #5212 ) ;
#1574 = VERTEX_POINT ( 'NONE', #1473 ) ;
#1575 = CARTESIAN_POINT ( 'NONE',  ( 3.218402426693629081, -60.62628918099089503, -6.049999999999999822 ) ) ;
#1576 = ORIENTED_EDGE ( 'NONE', *, *, #6018, .T. ) ;
#1577 = ORIENTED_EDGE ( 'NONE', *, *, #3143, .F. ) ;
#1578 = ORIENTED_EDGE ( 'NONE', *, *, #2277, .T. ) ;
#1579 = EDGE_CURVE ( 'NONE', #3671, #381, #6417, .T. ) ;
#1580 = LINE ( 'NONE', #4396, #2383 ) ;
#1581 = CARTESIAN_POINT ( 'NONE',  ( 20.98584428715874495, -68.51439164138859894, -6.049999999999999822 ) ) ;
#1582 = LINE ( 'NONE', #5096, #4164 ) ;
#1583 = DIRECTION ( 'NONE',  ( 0.000000000000000000, 0.000000000000000000, -1.000000000000000000 ) ) ;
#1584 = LINE ( 'NONE', #8784, #7846 ) ;
#1585 = VERTEX_POINT ( 'NONE', #8541 ) ;
#1586 = ORIENTED_EDGE ( 'NONE', *, *, #7814, .F. ) ;
#1587 = CARTESIAN_POINT ( 'NONE',  ( 2.733063700707784704, -66.70515672396359719, -6.049999999999999822 ) ) ;
#1588 = ORIENTED_EDGE ( 'NONE', *, *, #7175, .F. ) ;
#1589 = ORIENTED_EDGE ( 'NONE', *, *, #8258, .F. ) ;
#1590 = EDGE_CURVE ( 'NONE', #5177, #3636, #2215, .T. ) ;
#1591 = EDGE_CURVE ( 'NONE', #7511, #1137, #3422, .T. ) ;
#1592 = EDGE_CURVE ( 'NONE', #3536, #7751, #2401, .T. ) ;
#1593 = DIRECTION ( 'NONE',  ( 0.000000000000000000, 0.000000000000000000, -1.000000000000000000 ) ) ;
#1594 = LINE ( 'NONE', #997, #5933 ) ;
#1595 = ORIENTED_EDGE ( 'NONE', *, *, #4096, .F. ) ;
#1596 = EDGE_CURVE ( 'NONE', #7639, #2552, #4844, .T. ) ;
#1597 = LINE ( 'NONE', #3408, #8898 ) ;
#1598 = DIRECTION ( 'NONE',  ( 0.4551110597891072640, 0.8904346821960810177, 0.000000000000000000 ) ) ;
#1599 = CARTESIAN_POINT ( 'NONE',  ( 25.30000000000000071, -5.000000000000000000, 15.00000000000000000 ) ) ;
#1600 = ORIENTED_EDGE ( 'NONE', *, *, #6, .T. ) ;
#1601 = EDGE_CURVE ( 'NONE', #1093, #3694, #8591, .T. ) ;
#1602 = FACE_OUTER_BOUND ( 'NONE', #1861, .T. ) ;
#1603 = DIRECTION ( 'NONE',  ( 1.000000000000000000, -0.000000000000000000, -0.000000000000000000 ) ) ;
#1604 = FACE_BOUND ( 'NONE', #4577, .T. ) ;
#1605 = CARTESIAN_POINT ( 'NONE',  ( 24.06370070778564241, -64.73953488372092124, -6.049999999999999822 ) ) ;
#1606 = DIRECTION ( 'NONE',  ( -0.000000000000000000, -0.000000000000000000, 1.000000000000000000 ) ) ;
#1607 = DIRECTION ( 'NONE',  ( -0.000000000000000000, 1.000000000000000000, -0.000000000000000000 ) ) ;
#1608 = VERTEX_POINT ( 'NONE', #7901 ) ;
#1609 = VERTEX_POINT ( 'NONE', #3876 ) ;
#1610 = CARTESIAN_POINT ( 'NONE',  ( 9.000000000000001776, -32.00000000000000000, 13.00000000000000000 ) ) ;
#1611 = CIRCLE ( 'NONE', #4415, 0.7500000000000006661 ) ;
#1612 = VECTOR ( 'NONE', #7850, 1000.000000000000114 ) ;
#1613 = CARTESIAN_POINT ( 'NONE',  ( 17.25000000000000000, -38.00000000000000000, 15.00000000000000000 ) ) ;
#1614 = EDGE_CURVE ( 'NONE', #4059, #1040, #368, .T. ) ;
#1616 = EDGE_CURVE ( 'NONE', #8227, #4495, #1573, .T. ) ;
#1615 = ORIENTED_EDGE ( 'NONE', *, *, #8932, .F. ) ;
#1617 = CARTESIAN_POINT ( 'NONE',  ( 22.23761375126390405, -69.02871587462082914, -6.049999999999999822 ) ) ;
#1618 = DIRECTION ( 'NONE',  ( 0.000000000000000000, 0.000000000000000000, 1.000000000000000000 ) ) ;
#1619 = ORIENTED_EDGE ( 'NONE', *, *, #5143, .F. ) ;
#1620 = DIRECTION ( 'NONE',  ( -0.5330810212515983970, -0.8460641966076526410, 0.000000000000000000 ) ) ;
#1621 = EDGE_LOOP ( 'NONE', ( #3868, #4138, #1529, #6309 ) ) ;
#1622 = ORIENTED_EDGE ( 'NONE', *, *, #4416, .F. ) ;
#1623 = ORIENTED_EDGE ( 'NONE', *, *, #5595, .F. ) ;
#1624 = DIRECTION ( 'NONE',  ( -0.9728539449136868189, 0.2314199685979519416, 0.000000000000000000 ) ) ;
#1625 = DIRECTION ( 'NONE',  ( 0.000000000000000000, -0.000000000000000000, 1.000000000000000000 ) ) ;
#1626 = AXIS2_PLACEMENT_3D ( 'NONE', #5123, #7051, #7938 ) ;
#1627 = DIRECTION ( 'NONE',  ( -1.000000000000000000, 0.000000000000000000, -0.000000000000000000 ) ) ;
#1628 = CARTESIAN_POINT ( 'NONE',  ( 20.25000000000000000, -38.00000000000000000, 13.00000000000000000 ) ) ;
#1629 = ORIENTED_EDGE ( 'NONE', *, *, #1277, .F. ) ;
#1630 = ORIENTED_EDGE ( 'NONE', *, *, #328, .F. ) ;
#1631 = CARTESIAN_POINT ( 'NONE',  ( 0.000000000000000000, 0.000000000000000000, -6.349999999999999645 ) ) ;
#1632 = ORIENTED_EDGE ( 'NONE', *, *, #3077, .F. ) ;
#1633 = EDGE_LOOP ( 'NONE', ( #6627, #8799, #379, #3066 ) ) ;
#1634 = VECTOR ( 'NONE', #812, 1000.000000000000114 ) ;
#1635 = CARTESIAN_POINT ( 'NONE',  ( 17.25000000000000000, -32.00000000000000000, 13.00000000000000000 ) ) ;
#1636 = FACE_BOUND ( 'NONE', #7498, .T. ) ;
#1637 = ORIENTED_EDGE ( 'NONE', *, *, #1853, .F. ) ;
#1638 = DIRECTION ( 'NONE',  ( 0.2996774122682996366, -0.9540405906334255004, 0.000000000000000000 ) ) ;
#1639 = CARTESIAN_POINT ( 'NONE',  ( 14.42972699696663241, -66.53528816986855077, -6.049999999999999822 ) ) ;
#1640 = ORIENTED_EDGE ( 'NONE', *, *, #5266, .F. ) ;
#1641 = VECTOR ( 'NONE', #6063, 1000.000000000000000 ) ;
#1643 = EDGE_CURVE ( 'NONE', #6401, #8786, #5300, .T. ) ;
#1642 = PLANE ( 'NONE',  #6832 ) ;
#1644 = ORIENTED_EDGE ( 'NONE', *, *, #3988, .T. ) ;
#1645 = EDGE_CURVE ( 'NONE', #7473, #1764, #8848, .T. ) ;
#1646 = VECTOR ( 'NONE', #2157, 1000.000000000000000 ) ;
#1647 = VECTOR ( 'NONE', #4195, 1000.000000000000000 ) ;
#1648 = DIRECTION ( 'NONE',  ( -0.6312713983695661391, 0.7755620037112006537, 0.000000000000000000 ) ) ;
#1649 = FACE_OUTER_BOUND ( 'NONE', #856, .T. ) ;
#1650 = EDGE_CURVE ( 'NONE', #6662, #1440, #3181, .T. ) ;
#1651 = DIRECTION ( 'NONE',  ( -0.9486832980505176538, 0.3162277660168263393, 0.000000000000000000 ) ) ;
#1652 = DIRECTION ( 'NONE',  ( 0.03929546878400042020, -0.9992276347925159730, 0.000000000000000000 ) ) ;
#1653 = CARTESIAN_POINT ( 'NONE',  ( -4.200000000000000178, -54.20000000000000284, -6.349999999999999645 ) ) ;
#1654 = EDGE_CURVE ( 'NONE', #3065, #380, #8208, .T. ) ;
#1655 = VECTOR ( 'NONE', #2514, 1000.000000000000000 ) ;
#1656 = EDGE_CURVE ( 'NONE', #5719, #1524, #5349, .T. ) ;
#1657 = AXIS2_PLACEMENT_3D ( 'NONE', #1878, #6860, #6204 ) ;
#1658 = DIRECTION ( 'NONE',  ( 0.000000000000000000, -1.000000000000000000, 0.000000000000000000 ) ) ;
#1659 = EDGE_LOOP ( 'NONE', ( #8268, #3412, #1984, #4838 ) ) ;
#1660 = EDGE_CURVE ( 'NONE', #2753, #7380, #8805, .T. ) ;
#1661 = ORIENTED_EDGE ( 'NONE', *, *, #4721, .F. ) ;
#1662 = DIRECTION ( 'NONE',  ( -1.000000000000000000, 0.000000000000000000, 0.000000000000000000 ) ) ;
#1663 = CIRCLE ( 'NONE', #6816, 0.7500000000000006661 ) ;
#1664 = AXIS2_PLACEMENT_3D ( 'NONE', #2323, #987, #7261 ) ;
#1665 = VECTOR ( 'NONE', #4714, 1000.000000000000000 ) ;
#1666 = CARTESIAN_POINT ( 'NONE',  ( 6.712841253791708596, -67.03276036400403370, -6.049999999999999822 ) ) ;
#1667 = CARTESIAN_POINT ( 'NONE',  ( 10.26794742163801999, -67.26329625884731911, -6.049999999999999822 ) ) ;
#1668 = CARTESIAN_POINT ( 'NONE',  ( 18.67644084934277160, -62.94378159757329882, -6.049999999999999822 ) ) ;
#1669 = FACE_OUTER_BOUND ( 'NONE', #4037, .T. ) ;
#1670 = EDGE_LOOP ( 'NONE', ( #1632, #937, #3964, #3192 ) ) ;
#1671 = FACE_OUTER_BOUND ( 'NONE', #2221, .T. ) ;
#1672 = VECTOR ( 'NONE', #1410, 1000.000000000000114 ) ;
#1673 = ORIENTED_EDGE ( 'NONE', *, *, #5819, .T. ) ;
#1674 = VECTOR ( 'NONE', #6851, 1000.000000000000114 ) ;
#1675 = CIRCLE ( 'NONE', #4172, 0.8000000000000020428 ) ;
#1676 = ORIENTED_EDGE ( 'NONE', *, *, #5851, .F. ) ;
#1677 = EDGE_CURVE ( 'NONE', #920, #1797, #2691, .T. ) ;
#1678 = EDGE_LOOP ( 'NONE', ( #6867, #1079, #5652, #1029 ) ) ;
#1679 = VECTOR ( 'NONE', #7968, 1000.000000000000000 ) ;
#1680 = VECTOR ( 'NONE', #1206, 1000.000000000000227 ) ;
#1681 = PLANE ( 'NONE',  #4628 ) ;
#1682 = DIRECTION ( 'NONE',  ( 1.000000000000000000, 0.000000000000000000, 0.000000000000000000 ) ) ;
#1683 = VECTOR ( 'NONE', #4596, 1000.000000000000114 ) ;
#1684 = PLANE ( 'NONE',  #1953 ) ;
#1685 = CARTESIAN_POINT ( 'NONE',  ( 21.00000000000000000, -32.00000000000000000, 13.00000000000000000 ) ) ;
#1686 = EDGE_LOOP ( 'NONE', ( #7789, #6995, #7040, #5996 ) ) ;
#1687 = EDGE_LOOP ( 'NONE', ( #5140, #1622, #962, #1454 ) ) ;
#1688 = CARTESIAN_POINT ( 'NONE',  ( 16.23087293562521083, -63.97849679811257317, -6.049999999999999822 ) ) ;
#1689 = ORIENTED_EDGE ( 'NONE', *, *, #7307, .T. ) ;
#1690 = VERTEX_POINT ( 'NONE', #3925 ) ;
#1691 = AXIS2_PLACEMENT_3D ( 'NONE', #5978, #4587, #3906 ) ;
#1692 = EDGE_CURVE ( 'NONE', #3636, #6199, #1795, .T. ) ;
#1693 = EDGE_CURVE ( 'NONE', #4649, #8703, #406, .T. ) ;
#1694 = AXIS2_PLACEMENT_3D ( 'NONE', #2211, #5028, #7848 ) ;
#1695 = LINE ( 'NONE', #2331, #5330 ) ;
#1696 = DIRECTION ( 'NONE',  ( 0.000000000000000000, 0.000000000000000000, -1.000000000000000000 ) ) ;
#1697 = ORIENTED_EDGE ( 'NONE', *, *, #472, .F. ) ;
#1698 = DIRECTION ( 'NONE',  ( 0.02746216603279308735, -0.9996228435949167102, 0.000000000000000000 ) ) ;
#1699 = LINE ( 'NONE', #5336, #178 ) ;
#1700 = ORIENTED_EDGE ( 'NONE', *, *, #464, .T. ) ;
#1701 = DIRECTION ( 'NONE',  ( 0.8904346821960809066, -0.4551110597891072085, 0.000000000000000000 ) ) ;
#1702 = ORIENTED_EDGE ( 'NONE', *, *, #6181, .F. ) ;
#1703 = LINE ( 'NONE', #3176, #8119 ) ;
#1704 = EDGE_CURVE ( 'NONE', #5558, #8371, #5261, .T. ) ;
#1705 = CARTESIAN_POINT ( 'NONE',  ( -1.200000000000000178, -52.00000000000000711, 1.650000000000000355 ) ) ;
#1706 = DIRECTION ( 'NONE',  ( 1.000000000000000000, 0.000000000000000000, 0.000000000000000000 ) ) ;
#1707 = FACE_OUTER_BOUND ( 'NONE', #646, .T. ) ;
#1708 = LINE ( 'NONE', #4520, #8842 ) ;
#1709 = ORIENTED_EDGE ( 'NONE', *, *, #8810, .T. ) ;
#1710 = ORIENTED_EDGE ( 'NONE', *, *, #4488, .T. ) ;
#1711 = ADVANCED_FACE ( 'NONE', ( #448 ), #3263, .F. ) ;
#1712 = CARTESIAN_POINT ( 'NONE',  ( 14.53758004718570973, -65.78975396022917721, -6.049999999999999822 ) ) ;
#1713 = ADVANCED_FACE ( 'NONE', ( #4346 ), #5396, .T. ) ;
#1714 = LINE ( 'NONE', #6000, #924 ) ;
#1715 = LINE ( 'NONE', #2449, #9003 ) ;
#1716 = DIRECTION ( 'NONE',  ( 1.000000000000000000, 0.000000000000000000, 0.000000000000000000 ) ) ;
#1717 = CARTESIAN_POINT ( 'NONE',  ( 15.00000000000000000, -41.00000000000000000, 15.00000000000000000 ) ) ;
#1718 = DIRECTION ( 'NONE',  ( 0.6196685242806970750, 0.7848636314773307365, 0.000000000000000000 ) ) ;
#1719 = ORIENTED_EDGE ( 'NONE', *, *, #916, .T. ) ;
#1720 = ADVANCED_FACE ( 'NONE', ( #3653 ), #315, .T. ) ;
#1721 = ORIENTED_EDGE ( 'NONE', *, *, #7634, .T. ) ;
#1722 = ORIENTED_EDGE ( 'NONE', *, *, #7943, .F. ) ;
#1723 = EDGE_CURVE ( 'NONE', #7630, #3788, #8073, .T. ) ;
#1724 = CARTESIAN_POINT ( 'NONE',  ( 11.10549376474553540, -68.38395685877992491, -6.349999999999999645 ) ) ;
#1725 = LINE ( 'NONE', #8685, #4316 ) ;
#1726 = DIRECTION ( 'NONE',  ( -0.000000000000000000, -0.000000000000000000, 1.000000000000000000 ) ) ;
#1727 = CARTESIAN_POINT ( 'NONE',  ( 9.727502527805865995, -66.39019211324570335, -6.049999999999999822 ) ) ;
#1728 = ORIENTED_EDGE ( 'NONE', *, *, #4011, .T. ) ;
#1729 = ORIENTED_EDGE ( 'NONE', *, *, #3842, .F. ) ;
#1730 = LINE ( 'NONE', #2464, #3899 ) ;
#1731 = ORIENTED_EDGE ( 'NONE', *, *, #5169, .F. ) ;
#1732 = ORIENTED_EDGE ( 'NONE', *, *, #9021, .T. ) ;
#1733 = DIRECTION ( 'NONE',  ( 1.000000000000000000, 0.000000000000000000, 0.000000000000000000 ) ) ;
#1734 = DIRECTION ( 'NONE',  ( 0.000000000000000000, 0.000000000000000000, -1.000000000000000000 ) ) ;
#1735 = ORIENTED_EDGE ( 'NONE', *, *, #6805, .T. ) ;
#1736 = EDGE_CURVE ( 'NONE', #5476, #6847, #7379, .T. ) ;
#1737 = FACE_OUTER_BOUND ( 'NONE', #6474, .T. ) ;
#1738 = LINE ( 'NONE', #1782, #5627 ) ;
#1739 = ADVANCED_FACE ( 'NONE', ( #2050 ), #2656, .T. ) ;
#1740 = ORIENTED_EDGE ( 'NONE', *, *, #951, .F. ) ;
#1741 = CARTESIAN_POINT ( 'NONE',  ( 12.17290192113245695, -67.22082912032355750, -6.049999999999999822 ) ) ;
#1742 = ORIENTED_EDGE ( 'NONE', *, *, #6278, .T. ) ;
#1743 = PLANE ( 'NONE',  #2958 ) ;
#1744 = DIRECTION ( 'NONE',  ( -0.8137334712067249010, 0.5812381937191105630, 0.000000000000000000 ) ) ;
#1745 = DIRECTION ( 'NONE',  ( 0.000000000000000000, 0.000000000000000000, -1.000000000000000000 ) ) ;
#1746 = DIRECTION ( 'NONE',  ( 0.1670542620124292332, 0.9859477032497629967, 0.000000000000000000 ) ) ;
#1747 = CYLINDRICAL_SURFACE ( 'NONE', #5586, 0.8000000000000020428 ) ;
#1748 = CARTESIAN_POINT ( 'NONE',  ( 4.698685540950455319, -68.56157735085945149, -6.349999999999999645 ) ) ;
#1749 = ORIENTED_EDGE ( 'NONE', *, *, #363, .T. ) ;
#1750 = ORIENTED_EDGE ( 'NONE', *, *, #9021, .F. ) ;
#1751 = CARTESIAN_POINT ( 'NONE',  ( 12.00000000000000000, -41.00000000000000000, 13.00000000000000000 ) ) ;
#1752 = CARTESIAN_POINT ( 'NONE',  ( 3.948769801145937119, -68.25722952477251226, -6.049999999999999822 ) ) ;
#1753 = DIRECTION ( 'NONE',  ( 1.000000000000000000, 0.000000000000000000, 0.000000000000000000 ) ) ;
#1754 = DIRECTION ( 'NONE',  ( -0.9545645550443927485, 0.2980042118039617494, 0.000000000000000000 ) ) ;
#1755 = DIRECTION ( 'NONE',  ( 1.000000000000000000, 0.000000000000000000, 0.000000000000000000 ) ) ;
#1756 = CARTESIAN_POINT ( 'NONE',  ( 8.314459049544995040, -68.56157735085945149, -6.049999999999999822 ) ) ;
#1757 = DIRECTION ( 'NONE',  ( 0.000000000000000000, 0.000000000000000000, 1.000000000000000000 ) ) ;
#1758 = EDGE_CURVE ( 'NONE', #5333, #7336, #7686, .T. ) ;
#1759 = ORIENTED_EDGE ( 'NONE', *, *, #6443, .T. ) ;
#1760 = EDGE_CURVE ( 'NONE', #8270, #7431, #6165, .T. ) ;
#1761 = VERTEX_POINT ( 'NONE', #6947 ) ;
#1762 = CIRCLE ( 'NONE', #1458, 0.7500000000000006661 ) ;
#1763 = VECTOR ( 'NONE', #1941, 1000.000000000000227 ) ;
#1764 = VERTEX_POINT ( 'NONE', #8292 ) ;
#1765 = CARTESIAN_POINT ( 'NONE',  ( 12.17290192113245695, -67.22082912032355750, -6.049999999999999822 ) ) ;
#1766 = CARTESIAN_POINT ( 'NONE',  ( 10.58881024603976684, -67.72167172227838705, -6.049999999999999822 ) ) ;
#1767 = DIRECTION ( 'NONE',  ( 0.000000000000000000, 0.000000000000000000, 1.000000000000000000 ) ) ;
#1768 = DIRECTION ( 'NONE',  ( 0.4905869671062231263, 0.8713922352795654414, 0.000000000000000000 ) ) ;
#1769 = ORIENTED_EDGE ( 'NONE', *, *, #1260, .F. ) ;
#1770 = ORIENTED_EDGE ( 'NONE', *, *, #1366, .T. ) ;
#1771 = PRESENTATION_LAYER_ASSIGNMENT (  '', '', ( #5594 ) ) ;
#1772 = DIRECTION ( 'NONE',  ( 0.000000000000000000, 0.000000000000000000, -1.000000000000000000 ) ) ;
#1773 = ORIENTED_EDGE ( 'NONE', *, *, #2655, .F. ) ;
#1774 = ADVANCED_FACE ( 'NONE', ( #1921 ), #3351, .T. ) ;
#1775 = ORIENTED_EDGE ( 'NONE', *, *, #1758, .F. ) ;
#1776 = EDGE_CURVE ( 'NONE', #2883, #8376, #1237, .T. ) ;
#1777 = CIRCLE ( 'NONE', #5603, 0.7500000000000006661 ) ;
#1778 = FACE_OUTER_BOUND ( 'NONE', #6711, .T. ) ;
#1779 = DIRECTION ( 'NONE',  ( -0.000000000000000000, -1.000000000000000000, -0.000000000000000000 ) ) ;
#1780 = ORIENTED_EDGE ( 'NONE', *, *, #6213, .F. ) ;
#1781 = LINE ( 'NONE', #7965, #8759 ) ;
#1782 = CARTESIAN_POINT ( 'NONE',  ( 14.29288843950117993, -66.33238961914391041, -6.049999999999999822 ) ) ;
#1783 = EDGE_LOOP ( 'NONE', ( #8493, #4900, #1275, #8717 ) ) ;
#1784 = DIRECTION ( 'NONE',  ( 0.5812381937191470893, -0.8137334712066988107, 0.000000000000000000 ) ) ;
#1785 = EDGE_LOOP ( 'NONE', ( #8570, #1710, #8794, #5138 ) ) ;
#1786 = VECTOR ( 'NONE', #400, 1000.000000000000000 ) ;
#1787 = ADVANCED_FACE ( 'NONE', ( #8378, #9070, #6998 ), #4739, .F. ) ;
#1788 = EDGE_CURVE ( 'NONE', #7853, #7431, #7554, .T. ) ;
#1789 = DIRECTION ( 'NONE',  ( -0.5178408189272168949, 0.8554769934094016426, 0.000000000000000000 ) ) ;
#1790 = CIRCLE ( 'NONE', #1331, 0.7500000000000006661 ) ;
#1791 = CARTESIAN_POINT ( 'NONE',  ( 6.712841253791708596, -70.59999999999999432, -6.049999999999999822 ) ) ;
#1792 = VECTOR ( 'NONE', #3858, 1000.000000000000114 ) ;
#1793 = CARTESIAN_POINT ( 'NONE',  ( 22.80000000000000071, 0.5000000000000000000, 13.00000000000000178 ) ) ;
#1794 = CARTESIAN_POINT ( 'NONE',  ( 6.461577350859451840, -63.69100101112233858, -6.049999999999999822 ) ) ;
#1795 = LINE ( 'NONE', #6636, #6530 ) ;
#1796 = VECTOR ( 'NONE', #1105, 1000.000000000000000 ) ;
#1797 = VERTEX_POINT ( 'NONE', #4056 ) ;
#1798 = AXIS2_PLACEMENT_3D ( 'NONE', #3081, #7424, #5895 ) ;
#1799 = ORIENTED_EDGE ( 'NONE', *, *, #328, .T. ) ;
#1800 = ADVANCED_FACE ( 'NONE', ( #5431 ), #6208, .T. ) ;
#1801 = PLANE ( 'NONE',  #3246 ) ;
#1802 = CARTESIAN_POINT ( 'NONE',  ( 15.00000000000000000, -38.00000000000000000, 13.00000000000000000 ) ) ;
#1803 = LINE ( 'NONE', #3932, #4031 ) ;
#1804 = VECTOR ( 'NONE', #5347, 1000.000000000000000 ) ;
#1805 = LINE ( 'NONE', #6598, #5029 ) ;
#1806 = LINE ( 'NONE', #3835, #6912 ) ;
#1807 = LINE ( 'NONE', #4706, #3740 ) ;
#1808 = CIRCLE ( 'NONE', #5344, 0.7500000000000006661 ) ;
#1809 = EDGE_LOOP ( 'NONE', ( #2503, #4827 ) ) ;
#1810 = ORIENTED_EDGE ( 'NONE', *, *, #1591, .T. ) ;
#1811 = VECTOR ( 'NONE', #1860, 1000.000000000000114 ) ;
#1812 = AXIS2_PLACEMENT_3D ( 'NONE', #8881, #7494, #7627 ) ;
#1813 = ORIENTED_EDGE ( 'NONE', *, *, #430, .T. ) ;
#1814 = DIRECTION ( 'NONE',  ( 0.5517807434324496496, 0.8339892152642820466, 0.000000000000000000 ) ) ;
#1815 = ADVANCED_FACE ( 'NONE', ( #7601 ), #625, .T. ) ;
#1816 = DIRECTION ( 'NONE',  ( 0.7771555628304779306, -0.6293085341560553658, 0.000000000000000000 ) ) ;
#1818 = DIRECTION ( 'NONE',  ( 1.000000000000000000, 0.000000000000000000, 0.000000000000000000 ) ) ;
#1817 = VECTOR ( 'NONE', #1415, 1000.000000000000000 ) ;
#1819 = EDGE_LOOP ( 'NONE', ( #3742, #8537, #7142, #947 ) ) ;
#1820 = ORIENTED_EDGE ( 'NONE', *, *, #3810, .F. ) ;
#1821 = LINE ( 'NONE', #4503, #7876 ) ;
#1822 = VERTEX_POINT ( 'NONE', #4092 ) ;
#1823 = VERTEX_POINT ( 'NONE', #4188 ) ;
#1824 = VECTOR ( 'NONE', #2933, 1000.000000000000227 ) ;
#1825 = AXIS2_PLACEMENT_3D ( 'NONE', #7866, #8645, #204 ) ;
#1826 = EDGE_CURVE ( 'NONE', #6562, #5503, #4696, .T. ) ;
#1827 = LINE ( 'NONE', #4724, #5033 ) ;
#1828 = EDGE_CURVE ( 'NONE', #2894, #5776, #577, .T. ) ;
#1829 = LINE ( 'NONE', #4645, #7412 ) ;
#1830 = ORIENTED_EDGE ( 'NONE', *, *, #7050, .T. ) ;
#1831 = DIRECTION ( 'NONE',  ( 0.6151066362111659025, -0.7884439270417296086, 0.000000000000000000 ) ) ;
#1832 = DIRECTION ( 'NONE',  ( 0.3897989369210800303, -0.9208999884760536991, 0.000000000000000000 ) ) ;
#1833 = VERTEX_POINT ( 'NONE', #5524 ) ;
#1835 = PLANE ( 'NONE',  #3585 ) ;
#1834 = AXIS2_PLACEMENT_3D ( 'NONE', #5242, #8787, #6614 ) ;
#1836 = EDGE_LOOP ( 'NONE', ( #3370, #4700, #3375, #2657 ) ) ;
#1837 = AXIS2_PLACEMENT_3D ( 'NONE', #1094, #1698, #4511 ) ;
#1838 = CARTESIAN_POINT ( 'NONE',  ( 20.54499494438827156, -58.81840242669362340, -6.049999999999999822 ) ) ;
#1839 = LINE ( 'NONE', #1007, #2540 ) ;
#1840 = LINE ( 'NONE', #1793, #7996 ) ;
#1841 = DIRECTION ( 'NONE',  ( 0.5452743794585548365, -0.8382576281228152348, 0.000000000000000000 ) ) ;
#1842 = CARTESIAN_POINT ( 'NONE',  ( 24.06370070778564241, -62.94378159757329882, -6.049999999999999822 ) ) ;
#1843 = AXIS2_PLACEMENT_3D ( 'NONE', #3191, #8045, #6511 ) ;
#1844 = VERTEX_POINT ( 'NONE', #8339 ) ;
#1845 = VERTEX_POINT ( 'NONE', #2011 ) ;
#1846 = VERTEX_POINT ( 'NONE', #3488 ) ;
#1847 = CARTESIAN_POINT ( 'NONE',  ( -1.200000000000000178, 2.000000000000000000, -4.349999999999999645 ) ) ;
#1848 = DIRECTION ( 'NONE',  ( 1.000000000000000000, 0.000000000000000000, 0.000000000000000000 ) ) ;
#1849 = CARTESIAN_POINT ( 'NONE',  ( 18.00000000000000355, -38.00000000000000000, 13.00000000000000000 ) ) ;
#1850 = LINE ( 'NONE', #323, #3409 ) ;
#1851 = CARTESIAN_POINT ( 'NONE',  ( -4.200000000000000178, -54.20000000000000284, -4.349999999999999645 ) ) ;
#1852 = DIRECTION ( 'NONE',  ( 0.3401717048704679391, 0.9403633399944509863, 0.000000000000000000 ) ) ;
#1853 = EDGE_CURVE ( 'NONE', #7492, #1148, #7507, .T. ) ;
#1854 = EDGE_CURVE ( 'NONE', #1259, #5132, #6300, .T. ) ;
#1855 = FACE_OUTER_BOUND ( 'NONE', #6418, .T. ) ;
#1856 = ORIENTED_EDGE ( 'NONE', *, *, #2650, .F. ) ;
#1857 = ORIENTED_EDGE ( 'NONE', *, *, #1983, .T. ) ;
#1858 = LINE ( 'NONE', #6104, #1088 ) ;
#1859 = DIRECTION ( 'NONE',  ( 0.000000000000000000, 0.000000000000000000, 1.000000000000000000 ) ) ;
#1860 = DIRECTION ( 'NONE',  ( -0.4688119282871155979, 0.8832980108070640490, -0.000000000000000000 ) ) ;
#1861 = EDGE_LOOP ( 'NONE', ( #5295, #1865, #1099, #872 ) ) ;
#1862 = ORIENTED_EDGE ( 'NONE', *, *, #7752, .T. ) ;
#1863 = DIRECTION ( 'NONE',  ( 0.000000000000000000, 0.000000000000000000, 1.000000000000000000 ) ) ;
#1864 = ORIENTED_EDGE ( 'NONE', *, *, #1026, .F. ) ;
#1865 = ORIENTED_EDGE ( 'NONE', *, *, #7710, .F. ) ;
#1866 = CARTESIAN_POINT ( 'NONE',  ( 10.58881024603976684, -67.72167172227838705, -6.349999999999999645 ) ) ;
#1867 = DIRECTION ( 'NONE',  ( 0.000000000000000000, 0.000000000000000000, -1.000000000000000000 ) ) ;
#1868 = ORIENTED_EDGE ( 'NONE', *, *, #5602, .F. ) ;
#1869 = CARTESIAN_POINT ( 'NONE',  ( 22.23761375126390405, -69.02871587462082914, -6.049999999999999822 ) ) ;
#1870 = CARTESIAN_POINT ( 'NONE',  ( 12.01516683518705797, -61.50208965284798523, -6.049999999999999822 ) ) ;
#1871 = ORIENTED_EDGE ( 'NONE', *, *, #3703, .T. ) ;
#1872 = CARTESIAN_POINT ( 'NONE',  ( 26.85136501516683438, -69.45338725985843098, -6.349999999999999645 ) ) ;
#1873 = EDGE_LOOP ( 'NONE', ( #8592, #89, #1127, #4991 ) ) ;
#1874 = EDGE_CURVE ( 'NONE', #4350, #7400, #4006, .T. ) ;
#1875 = EDGE_CURVE ( 'NONE', #1433, #6742, #7779, .T. ) ;
#1876 = ADVANCED_FACE ( 'NONE', ( #7225 ), #2845, .F. ) ;
#1877 = DIRECTION ( 'NONE',  ( 0.000000000000000000, 1.000000000000000000, 0.000000000000000000 ) ) ;
#1878 = CARTESIAN_POINT ( 'NONE',  ( 8.314459049544995040, -58.66066734074822620, -6.049999999999999822 ) ) ;
#1879 = CARTESIAN_POINT ( 'NONE',  ( 11.25000000000000000, -41.00000000000000000, 13.00000000000000000 ) ) ;
#1880 = CARTESIAN_POINT ( 'NONE',  ( 0.000000000000000000, 0.000000000000000000, -6.049999999999999822 ) ) ;
#1881 = ORIENTED_EDGE ( 'NONE', *, *, #8110, .T. ) ;
#1882 = ORIENTED_EDGE ( 'NONE', *, *, #4800, .T. ) ;
#1883 = EDGE_CURVE ( 'NONE', #1093, #5719, #3533, .T. ) ;
#1884 = ORIENTED_EDGE ( 'NONE', *, *, #4642, .F. ) ;
#1885 = EDGE_CURVE ( 'NONE', #5014, #714, #4967, .T. ) ;
#1886 = DIRECTION ( 'NONE',  ( 0.5673606365508415683, 0.8234694336116088476, 0.000000000000000000 ) ) ;
#1887 = LINE ( 'NONE', #4702, #7096 ) ;
#1888 = DIRECTION ( 'NONE',  ( 0.000000000000000000, 0.000000000000000000, -1.000000000000000000 ) ) ;
#1889 = DIRECTION ( 'NONE',  ( 0.5178408189272168949, -0.8554769934094016426, 0.000000000000000000 ) ) ;
#1890 = DIRECTION ( 'NONE',  ( 0.000000000000000000, 0.000000000000000000, -1.000000000000000000 ) ) ;
#1891 = DIRECTION ( 'NONE',  ( 0.000000000000000000, 0.000000000000000000, -1.000000000000000000 ) ) ;
#1892 = CARTESIAN_POINT ( 'NONE',  ( 17.48129423660263271, -70.00242669362992842, -6.049999999999999822 ) ) ;
#1893 = ORIENTED_EDGE ( 'NONE', *, *, #7874, .T. ) ;
#1894 = ORIENTED_EDGE ( 'NONE', *, *, #4980, .T. ) ;
#1895 = EDGE_CURVE ( 'NONE', #331, #1023, #8567, .T. ) ;
#1896 = EDGE_CURVE ( 'NONE', #732, #6453, #4272, .T. ) ;
#1897 = CARTESIAN_POINT ( 'NONE',  ( 21.05156723963600029, -69.60202224469159660, -6.049999999999999822 ) ) ;
#1898 = FACE_OUTER_BOUND ( 'NONE', #5721, .T. ) ;
#1899 = DIRECTION ( 'NONE',  ( 0.000000000000000000, -1.000000000000000000, 0.000000000000000000 ) ) ;
#1900 = ORIENTED_EDGE ( 'NONE', *, *, #8529, .T. ) ;
#1901 = DIRECTION ( 'NONE',  ( 0.000000000000000000, 0.000000000000000000, -1.000000000000000000 ) ) ;
#1902 = VERTEX_POINT ( 'NONE', #3634 ) ;
#1903 = VERTEX_POINT ( 'NONE', #7883 ) ;
#1904 = DIRECTION ( 'NONE',  ( 1.000000000000000000, 0.000000000000000000, -0.000000000000000000 ) ) ;
#1905 = AXIS2_PLACEMENT_3D ( 'NONE', #86, #7045, #826 ) ;
#1906 = PLANE ( 'NONE',  #6531 ) ;
#1907 = DIRECTION ( 'NONE',  ( 0.000000000000000000, 0.000000000000000000, -1.000000000000000000 ) ) ;
#1908 = AXIS2_PLACEMENT_3D ( 'NONE', #6779, #5270, #8774 ) ;
#1909 = DIRECTION ( 'NONE',  ( 1.000000000000000000, -0.000000000000000000, 0.000000000000000000 ) ) ;
#1910 = DIRECTION ( 'NONE',  ( 0.000000000000000000, 0.000000000000000000, -1.000000000000000000 ) ) ;
#1911 = ORIENTED_EDGE ( 'NONE', *, *, #6130, .T. ) ;
#1912 = CARTESIAN_POINT ( 'NONE',  ( 8.000000000000000000, 9.799999999999998934, -2.674999999999999822 ) ) ;
#1913 = ORIENTED_EDGE ( 'NONE', *, *, #1693, .T. ) ;
#1914 = AXIS2_PLACEMENT_3D ( 'NONE', #6874, #549, #8989 ) ;
#1915 = DIRECTION ( 'NONE',  ( -0.7843064726717834390, 0.6203735624002242321, 0.000000000000000000 ) ) ;
#1916 = DIRECTION ( 'NONE',  ( 0.000000000000000000, 0.000000000000000000, -1.000000000000000000 ) ) ;
#1917 = EDGE_CURVE ( 'NONE', #2357, #7020, #3038, .T. ) ;
#1918 = PLANE ( 'NONE',  #26 ) ;
#1919 = EDGE_CURVE ( 'NONE', #7751, #3536, #2262, .T. ) ;
#1920 = AXIS2_PLACEMENT_3D ( 'NONE', #6955, #1886, #9075 ) ;
#1921 = FACE_OUTER_BOUND ( 'NONE', #4479, .T. ) ;
#1922 = ORIENTED_EDGE ( 'NONE', *, *, #2715, .F. ) ;
#1923 = VERTEX_POINT ( 'NONE', #5706 ) ;
#1924 = VECTOR ( 'NONE', #9018, 999.9999999999998863 ) ;
#1925 = LINE ( 'NONE', #4744, #7229 ) ;
#1926 = LINE ( 'NONE', #4747, #4452 ) ;
#1927 = DIRECTION ( 'NONE',  ( 0.000000000000000000, 0.000000000000000000, 1.000000000000000000 ) ) ;
#1928 = EDGE_CURVE ( 'NONE', #8182, #7132, #4412, .T. ) ;
#1929 = DIRECTION ( 'NONE',  ( 1.000000000000000000, 0.000000000000000000, 0.000000000000000000 ) ) ;
#1930 = CARTESIAN_POINT ( 'NONE',  ( 26.11661611054937637, -68.53191776204920416, -6.049999999999999822 ) ) ;
#1931 = FACE_OUTER_BOUND ( 'NONE', #9086, .T. ) ;
#1932 = EDGE_CURVE ( 'NONE', #7309, #3472, #2103, .T. ) ;
#1933 = VECTOR ( 'NONE', #8485, 1000.000000000000227 ) ;
#1934 = VECTOR ( 'NONE', #5842, 1000.000000000000000 ) ;
#1935 = LINE ( 'NONE', #4754, #4424 ) ;
#1936 = VERTEX_POINT ( 'NONE', #167 ) ;
#1937 = ORIENTED_EDGE ( 'NONE', *, *, #4643, .F. ) ;
#1938 = AXIS2_PLACEMENT_3D ( 'NONE', #6946, #6899, #6164 ) ;
#1939 = AXIS2_PLACEMENT_3D ( 'NONE', #888, #5305, #3931 ) ;
#1940 = LINE ( 'NONE', #1385, #215 ) ;
#1941 = DIRECTION ( 'NONE',  ( -0.4663407643991568929, 0.8846051613344848574, 0.000000000000000000 ) ) ;
#1942 = CARTESIAN_POINT ( 'NONE',  ( 14.49713515335355929, -63.58820357263228118, -6.049999999999999822 ) ) ;
#1943 = CARTESIAN_POINT ( 'NONE',  ( 11.10549376474553540, -68.38395685877992491, -6.049999999999999822 ) ) ;
#1944 = ORIENTED_EDGE ( 'NONE', *, *, #9084, .T. ) ;
#1945 = LINE ( 'NONE', #5546, #6103 ) ;
#1946 = VECTOR ( 'NONE', #2782, 1000.000000000000000 ) ;
#1947 = ORIENTED_EDGE ( 'NONE', *, *, #4156, .F. ) ;
#1948 = EDGE_CURVE ( 'NONE', #7295, #4789, #8451, .T. ) ;
#1949 = VECTOR ( 'NONE', #1779, 1000.000000000000000 ) ;
#1950 = ORIENTED_EDGE ( 'NONE', *, *, #6940, .T. ) ;
#1951 = DIRECTION ( 'NONE',  ( 0.000000000000000000, 1.000000000000000000, 0.000000000000000000 ) ) ;
#1952 = AXIS2_PLACEMENT_3D ( 'NONE', #2271, #7158, #837 ) ;
#1953 = AXIS2_PLACEMENT_3D ( 'NONE', #1027, #4399, #1627 ) ;
#1954 = CARTESIAN_POINT ( 'NONE',  ( 7.200000000000001066, 0.000000000000000000, -3.474999999999999645 ) ) ;
#1955 = DIRECTION ( 'NONE',  ( 1.000000000000000000, 0.000000000000000000, 0.000000000000000000 ) ) ;
#1956 = VECTOR ( 'NONE', #1816, 1000.000000000000000 ) ;
#1957 = LINE ( 'NONE', #6117, #8455 ) ;
#1958 = CARTESIAN_POINT ( 'NONE',  ( 7.000000000000000000, 9.799999999999998934, 12.32499999999999929 ) ) ;
#1959 = ORIENTED_EDGE ( 'NONE', *, *, #3702, .T. ) ;
#1960 = DIRECTION ( 'NONE',  ( 0.7501258215615518310, -0.6612951321661206805, 0.000000000000000000 ) ) ;
#1961 = EDGE_CURVE ( 'NONE', #1187, #7887, #6399, .T. ) ;
#1962 = ORIENTED_EDGE ( 'NONE', *, *, #3616, .F. ) ;
#1963 = EDGE_CURVE ( 'NONE', #6148, #7162, #78, .T. ) ;
#1964 = AXIS2_PLACEMENT_3D ( 'NONE', #8965, #6808, #1308 ) ;
#1965 = VECTOR ( 'NONE', #1998, 1000.000000000000000 ) ;
#1966 = VECTOR ( 'NONE', #8539, 1000.000000000000000 ) ;
#1967 = PLANE ( 'NONE',  #160 ) ;
#1968 = DIRECTION ( 'NONE',  ( -1.000000000000000000, 0.000000000000000000, 0.000000000000000000 ) ) ;
#1969 = VECTOR ( 'NONE', #7732, 1000.000000000000000 ) ;
#1970 = DIRECTION ( 'NONE',  ( -1.000000000000000000, 0.000000000000000000, -0.000000000000000000 ) ) ;
#1971 = DIRECTION ( 'NONE',  ( 0.6654758193562170243, -0.7464194088126134830, 0.000000000000000000 ) ) ;
#1972 = ORIENTED_EDGE ( 'NONE', *, *, #1383, .F. ) ;
#1973 = ORIENTED_EDGE ( 'NONE', *, *, #2623, .F. ) ;
#1974 = ORIENTED_EDGE ( 'NONE', *, *, #5952, .T. ) ;
#1975 = EDGE_CURVE ( 'NONE', #8757, #3767, #8623, .T. ) ;
#1976 = CARTESIAN_POINT ( 'NONE',  ( 8.314459049544995040, -68.56157735085945149, -6.349999999999999645 ) ) ;
#1977 = CARTESIAN_POINT ( 'NONE',  ( 4.698685540950455319, -67.31183013144590177, -6.049999999999999822 ) ) ;
#1978 = CARTESIAN_POINT ( 'NONE',  ( 4.698685540950455319, -68.56157735085945149, -6.349999999999999645 ) ) ;
#1979 = DIRECTION ( 'NONE',  ( 1.000000000000000000, 0.000000000000000000, 0.000000000000000000 ) ) ;
#1980 = DIRECTION ( 'NONE',  ( -0.000000000000000000, 1.000000000000000000, -0.000000000000000000 ) ) ;
#1981 = DIRECTION ( 'NONE',  ( -0.000000000000000000, -0.000000000000000000, 1.000000000000000000 ) ) ;
#1982 = ORIENTED_EDGE ( 'NONE', *, *, #5484, .T. ) ;
#1983 = EDGE_CURVE ( 'NONE', #2873, #5146, #3674, .T. ) ;
#1984 = ORIENTED_EDGE ( 'NONE', *, *, #7587, .T. ) ;
#1985 = EDGE_CURVE ( 'NONE', #6902, #7721, #7182, .T. ) ;
#1986 = CARTESIAN_POINT ( 'NONE',  ( 10.26794742163801999, -68.56157735085945149, -6.049999999999999822 ) ) ;
#1987 = EDGE_CURVE ( 'NONE', #8298, #4501, #224, .T. ) ;
#1988 = LINE ( 'NONE', #5542, #4040 ) ;
#1989 = DIRECTION ( 'NONE',  ( 0.000000000000000000, -0.000000000000000000, 1.000000000000000000 ) ) ;
#1990 = DIRECTION ( 'NONE',  ( 1.000000000000000000, 0.000000000000000000, 0.000000000000000000 ) ) ;
#1991 = ORIENTED_EDGE ( 'NONE', *, *, #8491, .F. ) ;
#1992 = DIRECTION ( 'NONE',  ( 0.5649429837949577760, -0.8251299443486765917, 0.000000000000000000 ) ) ;
#1993 = ORIENTED_EDGE ( 'NONE', *, *, #8790, .T. ) ;
#1994 = ORIENTED_EDGE ( 'NONE', *, *, #1384, .T. ) ;
#1995 = EDGE_CURVE ( 'NONE', #4273, #8457, #5805, .T. ) ;
#1996 = ORIENTED_EDGE ( 'NONE', *, *, #222, .T. ) ;
#1997 = LINE ( 'NONE', #6931, #3401 ) ;
#1998 = DIRECTION ( 'NONE',  ( 0.000000000000000000, 0.000000000000000000, -1.000000000000000000 ) ) ;
#1999 = LINE ( 'NONE', #2604, #7102 ) ;
#2000 = DIRECTION ( 'NONE',  ( 0.3454826763145232849, 0.9384251277361206345, 0.000000000000000000 ) ) ;
#2001 = CARTESIAN_POINT ( 'NONE',  ( 18.00000000000000355, -41.00000000000000000, 13.00000000000000000 ) ) ;
#2002 = ORIENTED_EDGE ( 'NONE', *, *, #3214, .F. ) ;
#2003 = LINE ( 'NONE', #6121, #7120 ) ;
#2004 = ORIENTED_EDGE ( 'NONE', *, *, #4129, .T. ) ;
#2005 = DIRECTION ( 'NONE',  ( 0.3289567903747632194, -0.9443449740779764623, 0.000000000000000000 ) ) ;
#2006 = EDGE_CURVE ( 'NONE', #4087, #6529, #5111, .T. ) ;
#2007 = EDGE_CURVE ( 'NONE', #8380, #3767, #3727, .T. ) ;
#2008 = DIRECTION ( 'NONE',  ( 0.000000000000000000, 0.000000000000000000, -1.000000000000000000 ) ) ;
#2009 = LINE ( 'NONE', #1879, #8142 ) ;
#2010 = APPLICATION_PROTOCOL_DEFINITION ( 'draft international standard', 'automotive_design', 1998, #991 ) ;
#2011 = CARTESIAN_POINT ( 'NONE',  ( 15.75000000000000000, -35.00000000000000000, 15.00000000000000000 ) ) ;
#2012 = ORIENTED_EDGE ( 'NONE', *, *, #4828, .F. ) ;
#2013 = ORIENTED_EDGE ( 'NONE', *, *, #4240, .F. ) ;
#2014 = EDGE_LOOP ( 'NONE', ( #3510, #2043, #1352, #8323 ) ) ;
#2015 = LINE ( 'NONE', #9029, #3104 ) ;
#2016 = CARTESIAN_POINT ( 'NONE',  ( 6.712841253791708596, -70.59999999999999432, -6.349999999999999645 ) ) ;
#2017 = CARTESIAN_POINT ( 'NONE',  ( -1.200000000000000178, -52.00000000000000711, 1.650000000000000355 ) ) ;
#2018 = DIRECTION ( 'NONE',  ( 0.000000000000000000, 0.000000000000000000, 1.000000000000000000 ) ) ;
#2019 = LINE ( 'NONE', #1246, #7951 ) ;
#2020 = DIRECTION ( 'NONE',  ( 1.000000000000000000, 0.000000000000000000, 0.000000000000000000 ) ) ;
#2021 = EDGE_LOOP ( 'NONE', ( #5288, #2922, #8992, #4909 ) ) ;
#2022 = ORIENTED_EDGE ( 'NONE', *, *, #7548, .F. ) ;
#2023 = EDGE_CURVE ( 'NONE', #7449, #1902, #3441, .T. ) ;
#2024 = PLANE ( 'NONE',  #4050 ) ;
#2025 = ORIENTED_EDGE ( 'NONE', *, *, #3001, .T. ) ;
#2026 = CARTESIAN_POINT ( 'NONE',  ( 14.17357600269632734, -62.82379507920457229, -6.049999999999999822 ) ) ;
#2027 = CARTESIAN_POINT ( 'NONE',  ( 9.000000000000001776, -38.00000000000000000, 13.00000000000000000 ) ) ;
#2028 = EDGE_CURVE ( 'NONE', #2735, #5776, #2339, .T. ) ;
#2029 = DIRECTION ( 'NONE',  ( 1.000000000000000000, 0.000000000000000000, 0.000000000000000000 ) ) ;
#2030 = ORIENTED_EDGE ( 'NONE', *, *, #4268, .F. ) ;
#2031 = ADVANCED_FACE ( 'NONE', ( #6760 ), #1642, .T. ) ;
#2032 = DIRECTION ( 'NONE',  ( -0.7834507862227654273, 0.6214538322087415079, 0.000000000000000000 ) ) ;
#2033 = ORIENTED_EDGE ( 'NONE', *, *, #7346, .T. ) ;
#2034 = ORIENTED_EDGE ( 'NONE', *, *, #8000, .T. ) ;
#2035 = CARTESIAN_POINT ( 'NONE',  ( 13.62891809908999008, -70.57573306370069588, -6.049999999999999822 ) ) ;
#2036 = LINE ( 'NONE', #7669, #6824 ) ;
#2037 = CARTESIAN_POINT ( 'NONE',  ( 12.00000000000000000, -38.00000000000000000, 13.00000000000000000 ) ) ;
#2038 = CARTESIAN_POINT ( 'NONE',  ( 31.19999999999999929, -52.00000000000000711, -4.349999999999999645 ) ) ;
#2039 = DIRECTION ( 'NONE',  ( -0.7895565706716725085, 0.6136777832944485533, 0.000000000000000000 ) ) ;
#2040 = EDGE_LOOP ( 'NONE', ( #2870, #263, #5480, #1441 ) ) ;
#2041 = EDGE_CURVE ( 'NONE', #3172, #1040, #6584, .T. ) ;
#2042 = CARTESIAN_POINT ( 'NONE',  ( 21.13784967981125718, -69.13825412874957976, -6.349999999999999645 ) ) ;
#2043 = ORIENTED_EDGE ( 'NONE', *, *, #418, .F. ) ;
#2044 = EDGE_CURVE ( 'NONE', #2528, #5556, #3744, .T. ) ;
#2045 = VECTOR ( 'NONE', #3651, 1000.000000000000000 ) ;
#2046 = CARTESIAN_POINT ( 'NONE',  ( 24.80000000000000071, -7.000000000000000000, 13.00000000000000000 ) ) ;
#2047 = CARTESIAN_POINT ( 'NONE',  ( 4.698685540950455319, -67.31183013144590177, -6.049999999999999822 ) ) ;
#2048 = ORIENTED_EDGE ( 'NONE', *, *, #2688, .T. ) ;
#2049 = CARTESIAN_POINT ( 'NONE',  ( -2.000000000000000000, -52.00000000000000711, -4.349999999999999645 ) ) ;
#2050 = FACE_OUTER_BOUND ( 'NONE', #29, .T. ) ;
#2051 = ORIENTED_EDGE ( 'NONE', *, *, #3182, .T. ) ;
#2052 = VECTOR ( 'NONE', #8817, 1000.000000000000000 ) ;
#2054 = ORIENTED_EDGE ( 'NONE', *, *, #1147, .T. ) ;
#2053 = EDGE_CURVE ( 'NONE', #838, #580, #8798, .T. ) ;
#2055 = ADVANCED_FACE ( 'NONE', ( #358 ), #8702, .T. ) ;
#2056 = ORIENTED_EDGE ( 'NONE', *, *, #7546, .F. ) ;
#2057 = DIRECTION ( 'NONE',  ( 0.9249666698918539431, -0.3800482332404326313, 0.000000000000000000 ) ) ;
#2058 = CARTESIAN_POINT ( 'NONE',  ( 23.55409504550050670, -69.51338051904279780, -6.049999999999999822 ) ) ;
#2059 = VECTOR ( 'NONE', #4098, 1000.000000000000000 ) ;
#2060 = DIRECTION ( 'NONE',  ( -0.000000000000000000, 1.000000000000000000, 0.000000000000000000 ) ) ;
#2061 = DIRECTION ( 'NONE',  ( 1.000000000000000000, -0.000000000000000000, 0.000000000000000000 ) ) ;
#2062 = CARTESIAN_POINT ( 'NONE',  ( -4.200000000000000178, 4.200000000000000178, -6.349999999999999645 ) ) ;
#2063 = AXIS2_PLACEMENT_3D ( 'NONE', #698, #2076, #142 ) ;
#2064 = LINE ( 'NONE', #4884, #3985 ) ;
#2065 = ORIENTED_EDGE ( 'NONE', *, *, #2007, .T. ) ;
#2066 = EDGE_CURVE ( 'NONE', #388, #2498, #8745, .T. ) ;
#2067 = VECTOR ( 'NONE', #7782, 1000.000000000000114 ) ;
#2068 = ORIENTED_EDGE ( 'NONE', *, *, #3318, .T. ) ;
#2069 = CARTESIAN_POINT ( 'NONE',  ( 11.71183013144590390, -60.56107178968654381, -6.049999999999999822 ) ) ;
#2070 = ORIENTED_EDGE ( 'NONE', *, *, #2082, .T. ) ;
#2071 = DIRECTION ( 'NONE',  ( -0.8426402363891560832, 0.5384769558839330728, 0.000000000000000000 ) ) ;
#2072 = LINE ( 'NONE', #2728, #1966 ) ;
#2073 = VECTOR ( 'NONE', #3720, 1000.000000000000227 ) ;
#2074 = FACE_OUTER_BOUND ( 'NONE', #6271, .T. ) ;
#2075 = ORIENTED_EDGE ( 'NONE', *, *, #916, .F. ) ;
#2076 = DIRECTION ( 'NONE',  ( 0.005263084999355650655, -0.9999861498722317776, 0.000000000000000000 ) ) ;
#2077 = ORIENTED_EDGE ( 'NONE', *, *, #7843, .T. ) ;
#2078 = VERTEX_POINT ( 'NONE', #2516 ) ;
#2079 = AXIS2_PLACEMENT_3D ( 'NONE', #2537, #5362, #8040 ) ;
#2080 = VECTOR ( 'NONE', #8802, 1000.000000000000000 ) ;
#2081 = VERTEX_POINT ( 'NONE', #1741 ) ;
#2082 = EDGE_CURVE ( 'NONE', #809, #652, #7281, .T. ) ;
#2083 = CARTESIAN_POINT ( 'NONE',  ( 5.580384226491403865, -65.82345803842264331, -6.049999999999999822 ) ) ;
#2084 = LINE ( 'NONE', #8409, #196 ) ;
#2085 = DIRECTION ( 'NONE',  ( 0.000000000000000000, -1.000000000000000000, 0.000000000000000000 ) ) ;
#2086 = AXIS2_PLACEMENT_3D ( 'NONE', #4460, #1598, #4512 ) ;
#2087 = LINE ( 'NONE', #5695, #4482 ) ;
#2088 = CARTESIAN_POINT ( 'NONE',  ( 3.218402426693629081, -60.62628918099089503, -6.349999999999999645 ) ) ;
#2089 = EDGE_LOOP ( 'NONE', ( #6730, #1096, #6595, #441 ) ) ;
#2090 = ORIENTED_EDGE ( 'NONE', *, *, #5830, .F. ) ;
#2091 = VECTOR ( 'NONE', #5393, 1000.000000000000000 ) ;
#2092 = DIRECTION ( 'NONE',  ( 0.4300372592883947021, 0.9028111406178624954, 0.000000000000000000 ) ) ;
#2093 = ORIENTED_EDGE ( 'NONE', *, *, #5952, .F. ) ;
#2094 = EDGE_CURVE ( 'NONE', #5691, #9, #5294, .T. ) ;
#2095 = EDGE_CURVE ( 'NONE', #5219, #4756, #8022, .T. ) ;
#2096 = AXIS2_PLACEMENT_3D ( 'NONE', #3765, #8609, #3849 ) ;
#2097 = EDGE_CURVE ( 'NONE', #3612, #2134, #8755, .T. ) ;
#2098 = VECTOR ( 'NONE', #5553, 1000.000000000000000 ) ;
#2099 = FACE_OUTER_BOUND ( 'NONE', #6705, .T. ) ;
#2100 = DIRECTION ( 'NONE',  ( 1.000000000000000000, 0.000000000000000000, 0.000000000000000000 ) ) ;
#2101 = EDGE_LOOP ( 'NONE', ( #4755, #1640, #10, #6037 ) ) ;
#2102 = DIRECTION ( 'NONE',  ( -0.9593512567182799211, 0.2822147519763219536, 0.000000000000000000 ) ) ;
#2104 = VECTOR ( 'NONE', #500, 1000.000000000000114 ) ;
#2103 = LINE ( 'NONE', #6344, #7282 ) ;
#2105 = ORIENTED_EDGE ( 'NONE', *, *, #8540, .T. ) ;
#2106 = VECTOR ( 'NONE', #508, 1000.000000000000000 ) ;
#2107 = EDGE_CURVE ( 'NONE', #1210, #2616, #5500, .T. ) ;
#2108 = AXIS2_PLACEMENT_3D ( 'NONE', #191, #878, #3147 ) ;
#2109 = EDGE_LOOP ( 'NONE', ( #3221, #1215, #8404, #6857 ) ) ;
#2110 = LINE ( 'NONE', #774, #5319 ) ;
#2111 = AXIS2_PLACEMENT_3D ( 'NONE', #5052, #7817, #710 ) ;
#2113 = CARTESIAN_POINT ( 'NONE',  ( 32.80000000000000426, -52.00000000000000711, 1.650000000000000355 ) ) ;
#2112 = VECTOR ( 'NONE', #6757, 1000.000000000000000 ) ;
#2114 = CARTESIAN_POINT ( 'NONE',  ( 9.750000000000001776, -32.00000000000000000, 13.00000000000000000 ) ) ;
#2115 = DIRECTION ( 'NONE',  ( -0.9996228435949165991, -0.02746216603279308388, 0.000000000000000000 ) ) ;
#2116 = LINE ( 'NONE', #4879, #1174 ) ;
#2117 = DIRECTION ( 'NONE',  ( 0.000000000000000000, 0.000000000000000000, -1.000000000000000000 ) ) ;
#2118 = AXIS2_PLACEMENT_3D ( 'NONE', #8415, #7074, #1442 ) ;
#2119 = ORIENTED_EDGE ( 'NONE', *, *, #2097, .T. ) ;
#2120 = VECTOR ( 'NONE', #6521, 1000.000000000000000 ) ;
#2121 = ORIENTED_EDGE ( 'NONE', *, *, #3747, .F. ) ;
#2122 = DIRECTION ( 'NONE',  ( 0.1726525487150487037, 0.9849827904193035888, 0.000000000000000000 ) ) ;
#2123 = CARTESIAN_POINT ( 'NONE',  ( 11.86147623862487244, -61.03747893495112464, -6.049999999999999822 ) ) ;
#2124 = ADVANCED_FACE ( 'NONE', ( #8155 ), #1835, .T. ) ;
#2126 = EDGE_CURVE ( 'NONE', #1034, #7336, #3149, .T. ) ;
#2125 = ORIENTED_EDGE ( 'NONE', *, *, #2600, .F. ) ;
#2127 = DIRECTION ( 'NONE',  ( -0.000000000000000000, -0.000000000000000000, 1.000000000000000000 ) ) ;
#2128 = DIRECTION ( 'NONE',  ( -0.000000000000000000, -0.000000000000000000, 1.000000000000000000 ) ) ;
#2129 = CARTESIAN_POINT ( 'NONE',  ( 14.59959555106167883, -65.40990899898886823, -6.349999999999999645 ) ) ;
#2130 = ORIENTED_EDGE ( 'NONE', *, *, #4881, .T. ) ;
#2131 = FACE_OUTER_BOUND ( 'NONE', #8143, .T. ) ;
#2132 = ORIENTED_EDGE ( 'NONE', *, *, #656, .T. ) ;
#2133 = ORIENTED_EDGE ( 'NONE', *, *, #4298, .F. ) ;
#2134 = VERTEX_POINT ( 'NONE', #1098 ) ;
#2135 = CARTESIAN_POINT ( 'NONE',  ( 7.000000000000000000, 11.00000000000000000, 12.32499999999999929 ) ) ;
#2136 = FACE_OUTER_BOUND ( 'NONE', #7894, .T. ) ;
#2137 = CARTESIAN_POINT ( 'NONE',  ( 15.00000000000000000, -35.00000000000000000, 15.00000000000000000 ) ) ;
#2138 = CARTESIAN_POINT ( 'NONE',  ( 3.948769801145937119, -68.25722952477251226, -6.349999999999999645 ) ) ;
#2139 = PLANE ( 'NONE',  #8147 ) ;
#2140 = VERTEX_POINT ( 'NONE', #306 ) ;
#2141 = ORIENTED_EDGE ( 'NONE', *, *, #2044, .F. ) ;
#2142 = LINE ( 'NONE', #7772, #4773 ) ;
#2143 = ORIENTED_EDGE ( 'NONE', *, *, #3820, .F. ) ;
#2144 = DIRECTION ( 'NONE',  ( -0.3185721158650197116, 0.9478986269603330017, -0.000000000000000000 ) ) ;
#2145 = DIRECTION ( 'NONE',  ( -0.000000000000000000, -0.000000000000000000, 1.000000000000000000 ) ) ;
#2146 = ORIENTED_EDGE ( 'NONE', *, *, #8222, .T. ) ;
#2147 = DIRECTION ( 'NONE',  ( 0.000000000000000000, -1.000000000000000000, 0.000000000000000000 ) ) ;
#2148 = PLANE ( 'NONE',  #6949 ) ;
#2150 = EDGE_CURVE ( 'NONE', #849, #4920, #3955, .T. ) ;
#2149 = DIRECTION ( 'NONE',  ( 1.000000000000000000, 0.000000000000000000, 0.000000000000000000 ) ) ;
#2151 = VERTEX_POINT ( 'NONE', #3123 ) ;
#2152 = EDGE_CURVE ( 'NONE', #1149, #6977, #4552, .T. ) ;
#2153 = ORIENTED_EDGE ( 'NONE', *, *, #2126, .T. ) ;
#2154 = CARTESIAN_POINT ( 'NONE',  ( 22.80000000000000071, -7.000000000000000000, 13.00000000000000000 ) ) ;
#2155 = CARTESIAN_POINT ( 'NONE',  ( 11.25000000000000000, -32.00000000000000000, 15.00000000000000000 ) ) ;
#2156 = FACE_BOUND ( 'NONE', #5103, .T. ) ;
#2157 = DIRECTION ( 'NONE',  ( 0.000000000000000000, 0.000000000000000000, -1.000000000000000000 ) ) ;
#2158 = DIRECTION ( 'NONE',  ( 1.000000000000000000, 0.000000000000000000, 0.000000000000000000 ) ) ;
#2159 = EDGE_CURVE ( 'NONE', #3136, #7709, #8334, .T. ) ;
#2160 = DIRECTION ( 'NONE',  ( 0.000000000000000000, 0.000000000000000000, -1.000000000000000000 ) ) ;
#2161 = VERTEX_POINT ( 'NONE', #1912 ) ;
#2162 = ADVANCED_FACE ( 'NONE', ( #7545 ), #4820, .T. ) ;
#2163 = ORIENTED_EDGE ( 'NONE', *, *, #813, .F. ) ;
#2164 = CARTESIAN_POINT ( 'NONE',  ( 18.29019211324570193, -70.45271317829457303, -6.049999999999999822 ) ) ;
#2165 = LINE ( 'NONE', #1469, #62 ) ;
#2166 = ORIENTED_EDGE ( 'NONE', *, *, #1191, .T. ) ;
#2167 = DIRECTION ( 'NONE',  ( 0.000000000000000000, 0.000000000000000000, 1.000000000000000000 ) ) ;
#2168 = DIRECTION ( 'NONE',  ( 0.000000000000000000, 0.000000000000000000, 1.000000000000000000 ) ) ;
#2169 = DIRECTION ( 'NONE',  ( -0.6006625941801743140, -0.7995026253570048924, 0.000000000000000000 ) ) ;
#2170 = ORIENTED_EDGE ( 'NONE', *, *, #9094, .T. ) ;
#2171 = CARTESIAN_POINT ( 'NONE',  ( 18.75000000000000355, -29.00000000000000000, 13.00000000000000000 ) ) ;
#2172 = ORIENTED_EDGE ( 'NONE', *, *, #7310, .F. ) ;
#2173 = VERTEX_POINT ( 'NONE', #5466 ) ;
#2174 = EDGE_CURVE ( 'NONE', #8037, #6575, #2003, .T. ) ;
#2175 = EDGE_CURVE ( 'NONE', #408, #7525, #2608, .T. ) ;
#2176 = ORIENTED_EDGE ( 'NONE', *, *, #402, .T. ) ;
#2177 = DIRECTION ( 'NONE',  ( -0.6203735624002243432, -0.7843064726717835500, 0.000000000000000000 ) ) ;
#2178 = CARTESIAN_POINT ( 'NONE',  ( 24.80000000000000071, -7.000000000000000000, 13.00000000000000000 ) ) ;
#2179 = LINE ( 'NONE', #6426, #5639 ) ;
#2180 = CARTESIAN_POINT ( 'NONE',  ( 10.26794742163801999, -68.56157735085945149, -6.049999999999999822 ) ) ;
#2181 = PLANE ( 'NONE',  #6958 ) ;
#2182 = VERTEX_POINT ( 'NONE', #487 ) ;
#2183 = VERTEX_POINT ( 'NONE', #8930 ) ;
#2184 = DIRECTION ( 'NONE',  ( 0.000000000000000000, 0.000000000000000000, -1.000000000000000000 ) ) ;
#2185 = ORIENTED_EDGE ( 'NONE', *, *, #1650, .T. ) ;
#2186 = LINE ( 'NONE', #73, #6789 ) ;
#2187 = LINE ( 'NONE', #162, #2395 ) ;
#2188 = ORIENTED_EDGE ( 'NONE', *, *, #6508, .T. ) ;
#2189 = CARTESIAN_POINT ( 'NONE',  ( 18.29019211324570193, -70.45271317829457303, -6.049999999999999822 ) ) ;
#2190 = PLANE ( 'NONE',  #5195 ) ;
#2191 = DIRECTION ( 'NONE',  ( 0.000000000000000000, 0.000000000000000000, -1.000000000000000000 ) ) ;
#2192 = EDGE_LOOP ( 'NONE', ( #556, #2012, #3965, #7039 ) ) ;
#2193 = AXIS2_PLACEMENT_3D ( 'NONE', #6872, #2719, #5816 ) ;
#2194 = VECTOR ( 'NONE', #6220, 1000.000000000000000 ) ;
#2195 = ORIENTED_EDGE ( 'NONE', *, *, #3891, .F. ) ;
#2196 = DIRECTION ( 'NONE',  ( -0.4534339825191248674, -0.8912898650253160415, 0.000000000000000000 ) ) ;
#2197 = PRODUCT_DEFINITION_CONTEXT ( 'detailed design', #8353, 'design' ) ;
#2198 = ADVANCED_FACE ( 'NONE', ( #7632 ), #2648, .F. ) ;
#2199 = DIRECTION ( 'NONE',  ( 1.000000000000000000, 0.000000000000000000, 0.000000000000000000 ) ) ;
#2200 = DIRECTION ( 'NONE',  ( 1.000000000000000000, 0.000000000000000000, 0.000000000000000000 ) ) ;
#2201 = CARTESIAN_POINT ( 'NONE',  ( 12.00000000000000000, -41.00000000000000000, 15.00000000000000000 ) ) ;
#2202 = DIRECTION ( 'NONE',  ( 1.000000000000000000, 0.000000000000000000, 0.000000000000000000 ) ) ;
#2203 = AXIS2_PLACEMENT_3D ( 'NONE', #6741, #1120, #2542 ) ;
#2204 = DIRECTION ( 'NONE',  ( 0.000000000000000000, 0.000000000000000000, -1.000000000000000000 ) ) ;
#2205 = VERTEX_POINT ( 'NONE', #4731 ) ;
#2206 = ORIENTED_EDGE ( 'NONE', *, *, #4053, .T. ) ;
#2207 = AXIS2_PLACEMENT_3D ( 'NONE', #2713, #6088, #4060 ) ;
#2208 = EDGE_CURVE ( 'NONE', #2773, #5877, #8285, .T. ) ;
#2209 = DIRECTION ( 'NONE',  ( -0.000000000000000000, -0.000000000000000000, 1.000000000000000000 ) ) ;
#2210 = EDGE_CURVE ( 'NONE', #971, #3266, #4126, .T. ) ;
#2211 = CARTESIAN_POINT ( 'NONE',  ( 26.85136501516683438, -69.45338725985843098, -6.049999999999999822 ) ) ;
#2212 = ORIENTED_EDGE ( 'NONE', *, *, #1085, .T. ) ;
#2213 = CARTESIAN_POINT ( 'NONE',  ( 27.12133468149646376, -65.49180990899898802, -6.049999999999999822 ) ) ;
#2214 = CARTESIAN_POINT ( 'NONE',  ( 23.30000000000000071, -5.000000000000000000, 15.00000000000000000 ) ) ;
#2215 = LINE ( 'NONE', #8358, #4314 ) ;
#2216 = ORIENTED_EDGE ( 'NONE', *, *, #4666, .F. ) ;
#2217 = AXIS2_PLACEMENT_3D ( 'NONE', #7034, #7774, #18 ) ;
#2218 = CARTESIAN_POINT ( 'NONE',  ( 26.11661611054937637, -68.53191776204920416, -6.049999999999999822 ) ) ;
#2219 = ORIENTED_EDGE ( 'NONE', *, *, #1418, .F. ) ;
#2220 = EDGE_CURVE ( 'NONE', #4192, #3316, #4048, .T. ) ;
#2221 = EDGE_LOOP ( 'NONE', ( #307, #4208, #8423, #1728 ) ) ;
#2222 = ORIENTED_EDGE ( 'NONE', *, *, #8351, .F. ) ;
#2223 = VECTOR ( 'NONE', #5961, 1000.000000000000114 ) ;
#2224 = CARTESIAN_POINT ( 'NONE',  ( 17.07684529828109277, -69.11803168183350010, -6.049999999999999822 ) ) ;
#2225 = CARTESIAN_POINT ( 'NONE',  ( 27.26693629929221530, -68.76784630940343845, -6.049999999999999822 ) ) ;
#2226 = CARTESIAN_POINT ( 'NONE',  ( 32.00000000000000000, -52.00000000000000711, 1.650000000000000355 ) ) ;
#2227 = LINE ( 'NONE', #3477, #7434 ) ;
#2228 = FACE_OUTER_BOUND ( 'NONE', #8220, .T. ) ;
#2229 = ORIENTED_EDGE ( 'NONE', *, *, #6565, .T. ) ;
#2230 = VERTEX_POINT ( 'NONE', #3344 ) ;
#2231 = DIRECTION ( 'NONE',  ( 0.000000000000000000, 0.000000000000000000, -1.000000000000000000 ) ) ;
#2232 = VECTOR ( 'NONE', #8629, 1000.000000000000114 ) ;
#2233 = ORIENTED_EDGE ( 'NONE', *, *, #1579, .T. ) ;
#2234 = CIRCLE ( 'NONE', #7833, 0.8000000000000020428 ) ;
#2235 = EDGE_LOOP ( 'NONE', ( #1059, #4036, #5340, #4682 ) ) ;
#2236 = FACE_OUTER_BOUND ( 'NONE', #701, .T. ) ;
#2237 = VECTOR ( 'NONE', #2646, 1000.000000000000000 ) ;
#2238 = FACE_OUTER_BOUND ( 'NONE', #3894, .T. ) ;
#2239 = VECTOR ( 'NONE', #4876, 1000.000000000000000 ) ;
#2240 = VERTEX_POINT ( 'NONE', #3255 ) ;
#2241 = ADVANCED_FACE ( 'NONE', ( #531 ), #5424, .T. ) ;
#2242 = DIRECTION ( 'NONE',  ( 0.000000000000000000, 0.000000000000000000, -1.000000000000000000 ) ) ;
#2243 = DIRECTION ( 'NONE',  ( 0.2822147519763219536, 0.9593512567182799211, 0.000000000000000000 ) ) ;
#2244 = EDGE_CURVE ( 'NONE', #242, #8553, #8237, .T. ) ;
#2245 = CARTESIAN_POINT ( 'NONE',  ( 12.17290192113245695, -70.57573306370069588, -6.049999999999999822 ) ) ;
#2246 = ORIENTED_EDGE ( 'NONE', *, *, #7240, .T. ) ;
#2247 = VECTOR ( 'NONE', #4677, 1000.000000000000114 ) ;
#2248 = VECTOR ( 'NONE', #1867, 1000.000000000000000 ) ;
#2249 = ORIENTED_EDGE ( 'NONE', *, *, #7299, .T. ) ;
#2250 = DIRECTION ( 'NONE',  ( 1.000000000000000000, 0.000000000000000000, 0.000000000000000000 ) ) ;
#2251 = DIRECTION ( 'NONE',  ( 0.3289567903747632194, -0.9443449740779764623, 0.000000000000000000 ) ) ;
#2252 = CARTESIAN_POINT ( 'NONE',  ( 12.00168520390967331, -67.47984496124030329, -6.049999999999999822 ) ) ;
#2253 = VECTOR ( 'NONE', #6767, 1000.000000000000000 ) ;
#2254 = VECTOR ( 'NONE', #8386, 1000.000000000000000 ) ;
#2255 = CARTESIAN_POINT ( 'NONE',  ( 24.06370070778564241, -65.49180990899898802, -6.049999999999999822 ) ) ;
#2256 = LINE ( 'NONE', #4281, #4711 ) ;
#2257 = AXIS2_PLACEMENT_3D ( 'NONE', #2037, #1345, #205 ) ;
#2258 = PLANE ( 'NONE',  #1032 ) ;
#2259 = ORIENTED_EDGE ( 'NONE', *, *, #8216, .T. ) ;
#2260 = EDGE_CURVE ( 'NONE', #5623, #6817, #3439, .T. ) ;
#2261 = ORIENTED_EDGE ( 'NONE', *, *, #382, .F. ) ;
#2262 = CIRCLE ( 'NONE', #1372, 0.5000000000000004441 ) ;
#2263 = VECTOR ( 'NONE', #1624, 1000.000000000000227 ) ;
#2264 = AXIS2_PLACEMENT_3D ( 'NONE', #3360, #8082, #7569 ) ;
#2265 = CARTESIAN_POINT ( 'NONE',  ( -4.200000000000000178, 4.200000000000000178, -6.349999999999999645 ) ) ;
#2266 = DIRECTION ( 'NONE',  ( 0.5826826270965352883, 0.8126997945612390861, 0.000000000000000000 ) ) ;
#2267 = ORIENTED_EDGE ( 'NONE', *, *, #1422, .T. ) ;
#2268 = DIRECTION ( 'NONE',  ( 0.000000000000000000, -1.000000000000000000, -0.000000000000000000 ) ) ;
#2269 = PLANE ( 'NONE',  #7124 ) ;
#2270 = VECTOR ( 'NONE', #896, 1000.000000000000114 ) ;
#2271 = CARTESIAN_POINT ( 'NONE',  ( 19.14829794405122954, -68.99164138860801643, -6.049999999999999822 ) ) ;
#2272 = VERTEX_POINT ( 'NONE', #4689 ) ;
#2273 = VECTOR ( 'NONE', #7414, 1000.000000000000000 ) ;
#2274 = EDGE_CURVE ( 'NONE', #7309, #8182, #7594, .T. ) ;
#2275 = CARTESIAN_POINT ( 'NONE',  ( 16.67846309403437743, -66.18965284799460846, -6.349999999999999645 ) ) ;
#2276 = ORIENTED_EDGE ( 'NONE', *, *, #1564, .T. ) ;
#2277 = EDGE_CURVE ( 'NONE', #2298, #7357, #2570, .T. ) ;
#2278 = ORIENTED_EDGE ( 'NONE', *, *, #8471, .F. ) ;
#2279 = ORIENTED_EDGE ( 'NONE', *, *, #1299, .T. ) ;
#2280 = EDGE_CURVE ( 'NONE', #569, #7936, #9014, .T. ) ;
#2281 = DIRECTION ( 'NONE',  ( 0.000000000000000000, 0.000000000000000000, 1.000000000000000000 ) ) ;
#2282 = PLANE ( 'NONE',  #4481 ) ;
#2283 = CARTESIAN_POINT ( 'NONE',  ( 3.257836198179980158, -67.53023255813953085, -6.349999999999999645 ) ) ;
#2284 = LINE ( 'NONE', #106, #3448 ) ;
#2285 = CYLINDRICAL_SURFACE ( 'NONE', #1504, 0.7500000000000006661 ) ;
#2286 = EDGE_LOOP ( 'NONE', ( #4812, #2377, #6112, #6732 ) ) ;
#2287 = ORIENTED_EDGE ( 'NONE', *, *, #973, .T. ) ;
#2288 = DIRECTION ( 'NONE',  ( 0.8010106654503517110, 0.5986500762839547241, 0.000000000000000000 ) ) ;
#2289 = VERTEX_POINT ( 'NONE', #2699 ) ;
#2290 = EDGE_CURVE ( 'NONE', #1043, #1433, #4861, .T. ) ;
#2291 = ORIENTED_EDGE ( 'NONE', *, *, #8076, .F. ) ;
#2292 = CARTESIAN_POINT ( 'NONE',  ( 0.000000000000000000, 9.799999999999998934, 0.000000000000000000 ) ) ;
#2293 = FACE_BOUND ( 'NONE', #3853, .T. ) ;
#2294 = EDGE_LOOP ( 'NONE', ( #3984, #529, #4047, #4732 ) ) ;
#2295 = FACE_OUTER_BOUND ( 'NONE', #5837, .T. ) ;
#2296 = CARTESIAN_POINT ( 'NONE',  ( 8.773508594539936922, -64.32295247724974274, -6.049999999999999822 ) ) ;
#2297 = DIRECTION ( 'NONE',  ( 0.5475720493500896291, 0.8367585379131442513, 0.000000000000000000 ) ) ;
#2298 = VERTEX_POINT ( 'NONE', #8199 ) ;
#2299 = ADVANCED_FACE ( 'NONE', ( #7499 ), #1178, .T. ) ;
#2300 = EDGE_CURVE ( 'NONE', #1316, #8826, #756, .T. ) ;
#2301 = LINE ( 'NONE', #4467, #5468 ) ;
#2302 = CARTESIAN_POINT ( 'NONE',  ( 16.23087293562521083, -63.97849679811257317, -6.049999999999999822 ) ) ;
#2303 = FACE_BOUND ( 'NONE', #5928, .T. ) ;
#2304 = LINE ( 'NONE', #4421, #5770 ) ;
#2305 = CARTESIAN_POINT ( 'NONE',  ( 18.00000000000000355, -32.00000000000000000, 15.00000000000000000 ) ) ;
#2306 = FACE_OUTER_BOUND ( 'NONE', #4116, .T. ) ;
#2307 = ORIENTED_EDGE ( 'NONE', *, *, #131, .T. ) ;
#2308 = ORIENTED_EDGE ( 'NONE', *, *, #2210, .T. ) ;
#2309 = DIRECTION ( 'NONE',  ( 0.000000000000000000, -0.000000000000000000, 1.000000000000000000 ) ) ;
#2310 = CARTESIAN_POINT ( 'NONE',  ( 17.22851365015166891, -69.61449275362318190, -6.049999999999999822 ) ) ;
#2311 = ORIENTED_EDGE ( 'NONE', *, *, #8529, .F. ) ;
#2312 = DIRECTION ( 'NONE',  ( 0.9425176360692421040, -0.3341564090339245729, 0.000000000000000000 ) ) ;
#2313 = LINE ( 'NONE', #7900, #45 ) ;
#2314 = VERTEX_POINT ( 'NONE', #13 ) ;
#2315 = CARTESIAN_POINT ( 'NONE',  ( 17.48129423660263271, -70.00242669362992842, -6.049999999999999822 ) ) ;
#2316 = VERTEX_POINT ( 'NONE', #3666 ) ;
#2317 = VERTEX_POINT ( 'NONE', #4221 ) ;
#2318 = ORIENTED_EDGE ( 'NONE', *, *, #8758, .T. ) ;
#2319 = ADVANCED_FACE ( 'NONE', ( #6431 ), #5699, .T. ) ;
#2320 = FACE_OUTER_BOUND ( 'NONE', #5164, .T. ) ;
#2321 = EDGE_CURVE ( 'NONE', #2357, #7832, #69, .T. ) ;
#2322 = FACE_OUTER_BOUND ( 'NONE', #581, .T. ) ;
#2323 = CARTESIAN_POINT ( 'NONE',  ( 32.00000000000000000, 2.000000000000000000, 1.650000000000000355 ) ) ;
#2324 = DIRECTION ( 'NONE',  ( 1.000000000000000000, -0.000000000000000000, -0.000000000000000000 ) ) ;
#2325 = ORIENTED_EDGE ( 'NONE', *, *, #3295, .T. ) ;
#2326 = VERTEX_POINT ( 'NONE', #5001 ) ;
#2327 = DIRECTION ( 'NONE',  ( 0.000000000000000000, 0.000000000000000000, -1.000000000000000000 ) ) ;
#2328 = EDGE_LOOP ( 'NONE', ( #2436, #6650, #3769, #2476 ) ) ;
#2329 = ORIENTED_EDGE ( 'NONE', *, *, #4353, .T. ) ;
#2330 = EDGE_CURVE ( 'NONE', #7511, #6603, #7030, .T. ) ;
#2331 = CARTESIAN_POINT ( 'NONE',  ( 6.712841253791708596, -70.59999999999999432, -6.049999999999999822 ) ) ;
#2332 = ADVANCED_FACE ( 'NONE', ( #8468 ), #6387, .F. ) ;
#2333 = LINE ( 'NONE', #8697, #8428 ) ;
#2334 = ORIENTED_EDGE ( 'NONE', *, *, #3339, .F. ) ;
#2335 = LINE ( 'NONE', #8103, #6542 ) ;
#2336 = CARTESIAN_POINT ( 'NONE',  ( 25.01145938658577705, -68.26902595214019698, -6.049999999999999822 ) ) ;
#2337 = ORIENTED_EDGE ( 'NONE', *, *, #3062, .F. ) ;
#2338 = EDGE_CURVE ( 'NONE', #3073, #5508, #666, .T. ) ;
#2339 = LINE ( 'NONE', #5253, #7864 ) ;
#2340 = EDGE_LOOP ( 'NONE', ( #4260, #2434, #1900, #5741 ) ) ;
#2341 = LINE ( 'NONE', #3781, #2518 ) ;
#2342 = CARTESIAN_POINT ( 'NONE',  ( 3.948769801145937119, -68.25722952477251226, -6.349999999999999645 ) ) ;
#2343 = LINE ( 'NONE', #5159, #2411 ) ;
#2344 = DIRECTION ( 'NONE',  ( 0.000000000000000000, -0.000000000000000000, 1.000000000000000000 ) ) ;
#2345 = CARTESIAN_POINT ( 'NONE',  ( 4.597067745197168875, -64.57269969666329246, -6.049999999999999822 ) ) ;
#2346 = EDGE_CURVE ( 'NONE', #783, #2722, #4311, .T. ) ;
#2347 = LINE ( 'NONE', #3046, #7514 ) ;
#2348 = ORIENTED_EDGE ( 'NONE', *, *, #1115, .T. ) ;
#2349 = EDGE_LOOP ( 'NONE', ( #1576, #8399, #199, #225 ) ) ;
#2350 = DIRECTION ( 'NONE',  ( -0.000000000000000000, -0.000000000000000000, 1.000000000000000000 ) ) ;
#2351 = CARTESIAN_POINT ( 'NONE',  ( 13.51836872261543654, -60.96332996292550632, -6.049999999999999822 ) ) ;
#2352 = ORIENTED_EDGE ( 'NONE', *, *, #5520, .T. ) ;
#2353 = LINE ( 'NONE', #2907, #1612 ) ;
#2354 = DIRECTION ( 'NONE',  ( 1.000000000000000000, 0.000000000000000000, 0.000000000000000000 ) ) ;
#2355 = EDGE_CURVE ( 'NONE', #2841, #5710, #3480, .T. ) ;
#2356 = EDGE_CURVE ( 'NONE', #6999, #4312, #5743, .T. ) ;
#2357 = VERTEX_POINT ( 'NONE', #7872 ) ;
#2358 = DIRECTION ( 'NONE',  ( -1.000000000000000000, -0.000000000000000000, -0.000000000000000000 ) ) ;
#2359 = EDGE_LOOP ( 'NONE', ( #1430, #686 ) ) ;
#2360 = VECTOR ( 'NONE', #6781, 1000.000000000000000 ) ;
#2361 = ORIENTED_EDGE ( 'NONE', *, *, #3336, .T. ) ;
#2362 = VERTEX_POINT ( 'NONE', #9102 ) ;
#2363 = DIRECTION ( 'NONE',  ( 0.9958932064677021856, -0.09053574604253653013, 0.000000000000000000 ) ) ;
#2364 = DIRECTION ( 'NONE',  ( -0.3493824492423583394, 0.9369802047863182715, 0.000000000000000000 ) ) ;
#2365 = CIRCLE ( 'NONE', #3839, 0.7500000000000006661 ) ;
#2366 = LINE ( 'NONE', #7352, #480 ) ;
#2367 = CARTESIAN_POINT ( 'NONE',  ( 15.75000000000000000, -38.00000000000000000, 13.00000000000000000 ) ) ;
#2368 = ORIENTED_EDGE ( 'NONE', *, *, #1395, .F. ) ;
#2369 = EDGE_LOOP ( 'NONE', ( #885, #4068, #8249, #4329 ) ) ;
#2370 = CARTESIAN_POINT ( 'NONE',  ( 6.712841253791708596, -58.66066734074822620, -6.049999999999999822 ) ) ;
#2371 = VERTEX_POINT ( 'NONE', #5791 ) ;
#2372 = VERTEX_POINT ( 'NONE', #2924 ) ;
#2373 = EDGE_CURVE ( 'NONE', #6863, #1567, #4959, .T. ) ;
#2374 = VECTOR ( 'NONE', #3040, 1000.000000000000000 ) ;
#2375 = CARTESIAN_POINT ( 'NONE',  ( 7.200000000000001066, 0.5000000000000000000, 12.12500000000000000 ) ) ;
#2376 = FACE_BOUND ( 'NONE', #4502, .T. ) ;
#2377 = ORIENTED_EDGE ( 'NONE', *, *, #147, .F. ) ;
#2378 = AXIS2_PLACEMENT_3D ( 'NONE', #2218, #1431, #743 ) ;
#2379 = AXIS2_PLACEMENT_3D ( 'NONE', #4667, #7477, #3971 ) ;
#2380 = CARTESIAN_POINT ( 'NONE',  ( 10.26794742163801999, -67.26329625884731911, -6.349999999999999645 ) ) ;
#2381 = DIRECTION ( 'NONE',  ( 0.000000000000000000, 0.000000000000000000, 1.000000000000000000 ) ) ;
#2382 = ORIENTED_EDGE ( 'NONE', *, *, #4653, .F. ) ;
#2383 = VECTOR ( 'NONE', #7207, 1000.000000000000000 ) ;
#2384 = CARTESIAN_POINT ( 'NONE',  ( 12.00000000000000000, -38.00000000000000000, 13.00000000000000000 ) ) ;
#2385 = EDGE_LOOP ( 'NONE', ( #319, #5465, #8011, #8246 ) ) ;
#2386 = EDGE_CURVE ( 'NONE', #7495, #7703, #2142, .T. ) ;
#2387 = ADVANCED_FACE ( 'NONE', ( #5600 ), #3523, .F. ) ;
#2388 = VECTOR ( 'NONE', #5430, 1000.000000000000000 ) ;
#2389 = VECTOR ( 'NONE', #4419, 1000.000000000000000 ) ;
#2390 = CARTESIAN_POINT ( 'NONE',  ( 10.92854735422985968, -68.16656555443208276, -6.049999999999999822 ) ) ;
#2391 = CARTESIAN_POINT ( 'NONE',  ( 6.712841253791708596, -60.62628918099089503, -6.049999999999999822 ) ) ;
#2392 = DIRECTION ( 'NONE',  ( -0.6663309835302445583, -0.7456561006171792405, 0.000000000000000000 ) ) ;
#2393 = LINE ( 'NONE', #8803, #2978 ) ;
#2394 = DIRECTION ( 'NONE',  ( 1.000000000000000000, 0.000000000000000000, 0.000000000000000000 ) ) ;
#2395 = VECTOR ( 'NONE', #1406, 1000.000000000000000 ) ;
#2396 = CARTESIAN_POINT ( 'NONE',  ( 14.53758004718570973, -65.78975396022917721, -6.049999999999999822 ) ) ;
#2397 = ORIENTED_EDGE ( 'NONE', *, *, #7631, .T. ) ;
#2398 = ADVANCED_FACE ( 'NONE', ( #4361 ), #7171, .T. ) ;
#2399 = ORIENTED_EDGE ( 'NONE', *, *, #8835, .F. ) ;
#2400 = LINE ( 'NONE', #8077, #4576 ) ;
#2401 = CIRCLE ( 'NONE', #5493, 0.5000000000000004441 ) ;
#2402 = VECTOR ( 'NONE', #789, 1000.000000000000227 ) ;
#2403 = AXIS2_PLACEMENT_3D ( 'NONE', #2137, #805, #9058 ) ;
#2404 = DIRECTION ( 'NONE',  ( 0.5986500762839546130, -0.8010106654503518220, 0.000000000000000000 ) ) ;
#2405 = DIRECTION ( 'NONE',  ( 0.9361580787700960471, -0.3515793673603196945, 0.000000000000000000 ) ) ;
#2406 = PLANE ( 'NONE',  #8690 ) ;
#2407 = DIRECTION ( 'NONE',  ( 0.4237422564744444120, -0.9057828106549307146, 0.000000000000000000 ) ) ;
#2408 = DIRECTION ( 'NONE',  ( 0.9979131251885896559, 0.06457084927691521259, 0.000000000000000000 ) ) ;
#2409 = VECTOR ( 'NONE', #4659, 1000.000000000000114 ) ;
#2410 = ORIENTED_EDGE ( 'NONE', *, *, #3400, .F. ) ;
#2411 = VECTOR ( 'NONE', #2392, 1000.000000000000000 ) ;
#2412 = CIRCLE ( 'NONE', #7429, 0.8000000000000020428 ) ;
#2413 = ORIENTED_EDGE ( 'NONE', *, *, #3513, .T. ) ;
#2414 = ORIENTED_EDGE ( 'NONE', *, *, #119, .F. ) ;
#2415 = EDGE_CURVE ( 'NONE', #746, #471, #7915, .T. ) ;
#2416 = ADVANCED_FACE ( 'NONE', ( #6336, #2833, #5653, #4262 ), #3806, .T. ) ;
#2417 = VECTOR ( 'NONE', #6476, 1000.000000000000227 ) ;
#2418 = AXIS2_PLACEMENT_3D ( 'NONE', #3505, #649, #4157 ) ;
#2419 = DIRECTION ( 'NONE',  ( -0.1492526923300505348, -0.9887990866865883355, 0.000000000000000000 ) ) ;
#2420 = CARTESIAN_POINT ( 'NONE',  ( 13.51836872261543654, -60.96332996292550632, -6.049999999999999822 ) ) ;
#2421 = AXIS2_PLACEMENT_3D ( 'NONE', #8517, #5063, #7138 ) ;
#2422 = PLANE ( 'NONE',  #954 ) ;
#2423 = DIRECTION ( 'NONE',  ( 0.9657476563286420124, 0.2594830713085829466, 0.000000000000000000 ) ) ;
#2424 = ORIENTED_EDGE ( 'NONE', *, *, #5683, .F. ) ;
#2425 = ORIENTED_EDGE ( 'NONE', *, *, #8779, .T. ) ;
#2426 = DIRECTION ( 'NONE',  ( 0.000000000000000000, 0.000000000000000000, -1.000000000000000000 ) ) ;
#2427 = ORIENTED_EDGE ( 'NONE', *, *, #7678, .T. ) ;
#2428 = EDGE_LOOP ( 'NONE', ( #1709, #5067 ) ) ;
#2429 = LINE ( 'NONE', #7176, #7089 ) ;
#2430 = CARTESIAN_POINT ( 'NONE',  ( 21.00337040781934661, -69.87738456353218908, -6.349999999999999645 ) ) ;
#2431 = ORIENTED_EDGE ( 'NONE', *, *, #5584, .F. ) ;
#2432 = PLANE ( 'NONE',  #9043 ) ;
#2433 = DIRECTION ( 'NONE',  ( -0.9979131251885896559, -0.06457084927691519871, 0.000000000000000000 ) ) ;
#2434 = ORIENTED_EDGE ( 'NONE', *, *, #2159, .F. ) ;
#2435 = DIRECTION ( 'NONE',  ( -0.5591416682777761160, 0.8290721288256801547, 0.000000000000000000 ) ) ;
#2436 = ORIENTED_EDGE ( 'NONE', *, *, #7521, .F. ) ;
#2437 = PLANE ( 'NONE',  #1050 ) ;
#2438 = PLANE ( 'NONE',  #8726 ) ;
#2439 = CARTESIAN_POINT ( 'NONE',  ( -2.799999999999999822, 2.000000000000000000, -4.349999999999999645 ) ) ;
#2440 = EDGE_CURVE ( 'NONE', #3440, #4192, #3109, .T. ) ;
#2441 = CARTESIAN_POINT ( 'NONE',  ( 13.62891809908999008, -65.23700707785641839, -6.049999999999999822 ) ) ;
#2442 = EDGE_CURVE ( 'NONE', #4948, #2371, #357, .T. ) ;
#2443 = DIRECTION ( 'NONE',  ( -0.9361580787700960471, 0.3515793673603196945, 0.000000000000000000 ) ) ;
#2444 = ORIENTED_EDGE ( 'NONE', *, *, #8904, .T. ) ;
#2445 = ORIENTED_EDGE ( 'NONE', *, *, #121, .T. ) ;
#2446 = CARTESIAN_POINT ( 'NONE',  ( 16.70003370407819432, -64.38092349174250728, -6.049999999999999822 ) ) ;
#2447 = CARTESIAN_POINT ( 'NONE',  ( 25.80000000000000071, -7.000000000000000000, 15.00000000000000000 ) ) ;
#2448 = LINE ( 'NONE', #6777, #2545 ) ;
#2449 = CARTESIAN_POINT ( 'NONE',  ( -6.000000000000000000, -75.00000000000000000, -6.349999999999999645 ) ) ;
#2450 = LINE ( 'NONE', #458, #135 ) ;
#2451 = DIRECTION ( 'NONE',  ( -0.4671672817180972936, -0.8841689492920026261, 0.000000000000000000 ) ) ;
#2452 = EDGE_CURVE ( 'NONE', #2289, #6795, #6525, .T. ) ;
#2453 = EDGE_CURVE ( 'NONE', #3743, #192, #6244, .T. ) ;
#2454 = CARTESIAN_POINT ( 'NONE',  ( 6.712841253791708596, -68.56157735085945149, -6.049999999999999822 ) ) ;
#2455 = ORIENTED_EDGE ( 'NONE', *, *, #8191, .T. ) ;
#2456 = VERTEX_POINT ( 'NONE', #3026 ) ;
#2457 = VERTEX_POINT ( 'NONE', #2370 ) ;
#2458 = LINE ( 'NONE', #5411, #7865 ) ;
#2459 = DIRECTION ( 'NONE',  ( -0.000000000000000000, -0.000000000000000000, 1.000000000000000000 ) ) ;
#2460 = DIRECTION ( 'NONE',  ( 0.000000000000000000, 0.000000000000000000, 1.000000000000000000 ) ) ;
#2461 = CARTESIAN_POINT ( 'NONE',  ( 27.13447927199191412, -68.96804853387259016, -6.049999999999999822 ) ) ;
#2462 = ORIENTED_EDGE ( 'NONE', *, *, #5991, .F. ) ;
#2463 = ORIENTED_EDGE ( 'NONE', *, *, #2453, .T. ) ;
#2464 = CARTESIAN_POINT ( 'NONE',  ( 27.12133468149646376, -66.94782608695651049, -6.049999999999999822 ) ) ;
#2465 = EDGE_CURVE ( 'NONE', #3135, #5353, #1821, .T. ) ;
#2466 = EDGE_LOOP ( 'NONE', ( #4990, #755, #4252, #5104 ) ) ;
#2467 = ADVANCED_FACE ( 'NONE', ( #5139 ), #4449, .T. ) ;
#2468 = ORIENTED_EDGE ( 'NONE', *, *, #828, .T. ) ;
#2469 = PLANE ( 'NONE',  #8566 ) ;
#2470 = CARTESIAN_POINT ( 'NONE',  ( 23.00000000000000000, 9.799999999999998934, -3.674999999999999822 ) ) ;
#2471 = VERTEX_POINT ( 'NONE', #948 ) ;
#2472 = LINE ( 'NONE', #8019, #1683 ) ;
#2473 = DIRECTION ( 'NONE',  ( -0.1370033920826732310, -0.9905705782819522742, 0.000000000000000000 ) ) ;
#2474 = VERTEX_POINT ( 'NONE', #6574 ) ;
#2475 = DIRECTION ( 'NONE',  ( 1.000000000000000000, 0.000000000000000000, 0.000000000000000000 ) ) ;
#2476 = ORIENTED_EDGE ( 'NONE', *, *, #6466, .F. ) ;
#2477 = DIRECTION ( 'NONE',  ( -0.9850253486926365820, 0.1724095775557430987, 0.000000000000000000 ) ) ;
#2478 = CARTESIAN_POINT ( 'NONE',  ( 20.89686552072800652, -70.51506572295247111, -6.349999999999999645 ) ) ;
#2479 = DIRECTION ( 'NONE',  ( 0.9992276347925158619, 0.03929546878400041326, 0.000000000000000000 ) ) ;
#2480 = PLANE ( 'NONE',  #2786 ) ;
#2481 = DIRECTION ( 'NONE',  ( -0.4405375903731389986, 0.8977341652561900975, 0.000000000000000000 ) ) ;
#2482 = EDGE_LOOP ( 'NONE', ( #5630, #1432, #8568, #2775 ) ) ;
#2483 = ORIENTED_EDGE ( 'NONE', *, *, #3032, .F. ) ;
#2484 = EDGE_CURVE ( 'NONE', #58, #408, #5189, .T. ) ;
#2485 = CARTESIAN_POINT ( 'NONE',  ( 15.00000000000000000, -29.00000000000000000, 15.00000000000000000 ) ) ;
#2486 = CARTESIAN_POINT ( 'NONE',  ( 9.750000000000001776, -35.00000000000000000, 13.00000000000000000 ) ) ;
#2487 = CARTESIAN_POINT ( 'NONE',  ( 16.70003370407819432, -64.38092349174250728, -6.349999999999999645 ) ) ;
#2488 = CARTESIAN_POINT ( 'NONE',  ( 3.218402426693629081, -60.62628918099089503, -6.349999999999999645 ) ) ;
#2489 = CARTESIAN_POINT ( 'NONE',  ( 2.907313784967980652, -66.97209302325580893, -6.349999999999999645 ) ) ;
#2490 = FACE_OUTER_BOUND ( 'NONE', #3334, .T. ) ;
#2491 = SURFACE_STYLE_USAGE ( .BOTH. , #4020 ) ;
#2492 = ORIENTED_EDGE ( 'NONE', *, *, #4504, .T. ) ;
#2493 = EDGE_CURVE ( 'NONE', #4347, #1240, #1730, .T. ) ;
#2494 = ORIENTED_EDGE ( 'NONE', *, *, #7031, .T. ) ;
#2495 = VECTOR ( 'NONE', #7978, 999.9999999999998863 ) ;
#2496 = ADVANCED_FACE ( 'NONE', ( #252 ), #7317, .F. ) ;
#2497 = AXIS2_PLACEMENT_3D ( 'NONE', #5725, #1525, #4344 ) ;
#2498 = VERTEX_POINT ( 'NONE', #7402 ) ;
#2499 = DIRECTION ( 'NONE',  ( 1.000000000000000000, 0.000000000000000000, 0.000000000000000000 ) ) ;
#2500 = PLANE ( 'NONE',  #1515 ) ;
#2501 = LINE ( 'NONE', #3239, #5350 ) ;
#2502 = ORIENTED_EDGE ( 'NONE', *, *, #1270, .T. ) ;
#2503 = ORIENTED_EDGE ( 'NONE', *, *, #3602, .F. ) ;
#2504 = EDGE_CURVE ( 'NONE', #7462, #809, #3068, .T. ) ;
#2505 = VECTOR ( 'NONE', #9040, 999.9999999999998863 ) ;
#2506 = CARTESIAN_POINT ( 'NONE',  ( 14.17357600269632734, -62.82379507920457229, -6.349999999999999645 ) ) ;
#2507 = ORIENTED_EDGE ( 'NONE', *, *, #6805, .F. ) ;
#2508 = EDGE_LOOP ( 'NONE', ( #8964, #523, #8502, #3912 ) ) ;
#2509 = AXIS2_PLACEMENT_3D ( 'NONE', #1610, #46, #689 ) ;
#2510 = DIRECTION ( 'NONE',  ( 0.000000000000000000, 0.000000000000000000, -1.000000000000000000 ) ) ;
#2511 = CARTESIAN_POINT ( 'NONE',  ( 12.17290192113245695, -67.22082912032355750, -6.049999999999999822 ) ) ;
#2512 = EDGE_LOOP ( 'NONE', ( #9015, #6990 ) ) ;
#2513 = DIRECTION ( 'NONE',  ( 0.3687731444460039532, -0.9295194284873269375, 0.000000000000000000 ) ) ;
#2514 = DIRECTION ( 'NONE',  ( 0.000000000000000000, 0.000000000000000000, -1.000000000000000000 ) ) ;
#2515 = EDGE_LOOP ( 'NONE', ( #330, #3054, #1069, #1731 ) ) ;
#2516 = CARTESIAN_POINT ( 'NONE',  ( 17.02628918099090072, -68.51304347826086882, -6.349999999999999645 ) ) ;
#2517 = EDGE_LOOP ( 'NONE', ( #2229, #8701, #3210, #6260 ) ) ;
#2518 = VECTOR ( 'NONE', #4516, 1000.000000000000000 ) ;
#2519 = CARTESIAN_POINT ( 'NONE',  ( 15.75000000000000000, -29.00000000000000000, 13.00000000000000000 ) ) ;
#2520 = VECTOR ( 'NONE', #6698, 1000.000000000000227 ) ;
#2521 = EDGE_CURVE ( 'NONE', #5778, #2831, #6015, .T. ) ;
#2522 = EDGE_CURVE ( 'NONE', #4383, #2151, #3852, .T. ) ;
#2523 = CARTESIAN_POINT ( 'NONE',  ( 8.773508594539936922, -64.32295247724974274, -6.049999999999999822 ) ) ;
#2524 = VECTOR ( 'NONE', #7766, 1000.000000000000000 ) ;
#2525 = CARTESIAN_POINT ( 'NONE',  ( 6.712841253791708596, -58.66066734074822620, -6.349999999999999645 ) ) ;
#2526 = CARTESIAN_POINT ( 'NONE',  ( 18.29019211324570193, -70.45271317829457303, -6.049999999999999822 ) ) ;
#2527 = CARTESIAN_POINT ( 'NONE',  ( 18.97842938995618667, -68.93501853724299622, -6.349999999999999645 ) ) ;
#2528 = VERTEX_POINT ( 'NONE', #8096 ) ;
#2529 = AXIS2_PLACEMENT_3D ( 'NONE', #126, #5815, #8435 ) ;
#2530 = ORIENTED_EDGE ( 'NONE', *, *, #680, .T. ) ;
#2531 = AXIS2_PLACEMENT_3D ( 'NONE', #507, #6265, #8983 ) ;
#2532 = ORIENTED_EDGE ( 'NONE', *, *, #3501, .F. ) ;
#2533 = DIRECTION ( 'NONE',  ( -0.08327520234334384597, 0.9965265880420225431, 0.000000000000000000 ) ) ;
#2534 = DIRECTION ( 'NONE',  ( 0.000000000000000000, 0.000000000000000000, 1.000000000000000000 ) ) ;
#2535 = DIRECTION ( 'NONE',  ( 1.000000000000000000, 0.000000000000000000, 0.000000000000000000 ) ) ;
#2536 = AXIS2_PLACEMENT_3D ( 'NONE', #6861, #536, #1360 ) ;
#2537 = CARTESIAN_POINT ( 'NONE',  ( 23.30000000000000071, -7.000000000000000000, 13.00000000000000000 ) ) ;
#2538 = LINE ( 'NONE', #3888, #6629 ) ;
#2539 = DIRECTION ( 'NONE',  ( 1.000000000000000000, 0.000000000000000000, 0.000000000000000000 ) ) ;
#2540 = VECTOR ( 'NONE', #5157, 1000.000000000000000 ) ;
#2541 = ADVANCED_FACE ( 'NONE', ( #344 ), #1082, .T. ) ;
#2542 = DIRECTION ( 'NONE',  ( 1.000000000000000000, 0.000000000000000000, 0.000000000000000000 ) ) ;
#2543 = EDGE_LOOP ( 'NONE', ( #2013, #3644, #7816, #1386 ) ) ;
#2544 = VERTEX_POINT ( 'NONE', #6712 ) ;
#2545 = VECTOR ( 'NONE', #7437, 1000.000000000000000 ) ;
#2546 = VECTOR ( 'NONE', #1907, 1000.000000000000000 ) ;
#2547 = CARTESIAN_POINT ( 'NONE',  ( 18.67644084934277160, -61.87603640040444475, -6.049999999999999822 ) ) ;
#2548 = FACE_OUTER_BOUND ( 'NONE', #5193, .T. ) ;
#2549 = EDGE_CURVE ( 'NONE', #4840, #2580, #389, .T. ) ;
#2551 = DIRECTION ( 'NONE',  ( 0.5053204179204614510, -0.8629317906026467977, 0.000000000000000000 ) ) ;
#2550 = VECTOR ( 'NONE', #7646, 1000.000000000000000 ) ;
#2552 = VERTEX_POINT ( 'NONE', #8827 ) ;
#2553 = VERTEX_POINT ( 'NONE', #2506 ) ;
#2554 = EDGE_CURVE ( 'NONE', #2902, #4273, #5323, .T. ) ;
#2555 = CIRCLE ( 'NONE', #4906, 0.7500000000000006661 ) ;
#2556 = DIRECTION ( 'NONE',  ( -0.5270461925134133363, -0.8498366378058279658, 0.000000000000000000 ) ) ;
#2557 = ORIENTED_EDGE ( 'NONE', *, *, #3703, .F. ) ;
#2558 = VERTEX_POINT ( 'NONE', #6749 ) ;
#2559 = VECTOR ( 'NONE', #7739, 1000.000000000000000 ) ;
#2560 = VECTOR ( 'NONE', #737, 1000.000000000000114 ) ;
#2561 = AXIS2_PLACEMENT_3D ( 'NONE', #8608, #9099, #5649 ) ;
#2562 = CARTESIAN_POINT ( 'NONE',  ( 32.80000000000000426, 2.000000000000000000, 1.650000000000000355 ) ) ;
#2563 = LINE ( 'NONE', #2643, #4152 ) ;
#2564 = EDGE_LOOP ( 'NONE', ( #4077, #7242, #7576, #6302 ) ) ;
#2565 = DIRECTION ( 'NONE',  ( 0.000000000000000000, 0.000000000000000000, -1.000000000000000000 ) ) ;
#2566 = DIRECTION ( 'NONE',  ( -0.3289567903747632194, 0.9443449740779764623, 0.000000000000000000 ) ) ;
#2567 = VERTEX_POINT ( 'NONE', #6846 ) ;
#2568 = EDGE_CURVE ( 'NONE', #8499, #7683, #7433, .T. ) ;
#2570 = LINE ( 'NONE', #8372, #1234 ) ;
#2569 = VECTOR ( 'NONE', #8543, 1000.000000000000000 ) ;
#2571 = ORIENTED_EDGE ( 'NONE', *, *, #5909, .T. ) ;
#2572 = CIRCLE ( 'NONE', #8905, 0.7500000000000006661 ) ;
#2573 = CARTESIAN_POINT ( 'NONE',  ( 17.02628918099090072, -64.64246713852375592, -6.049999999999999822 ) ) ;
#2574 = DIRECTION ( 'NONE',  ( 1.000000000000000000, 0.000000000000000000, 0.000000000000000000 ) ) ;
#2575 = CARTESIAN_POINT ( 'NONE',  ( 25.01145938658577705, -68.26902595214019698, -6.049999999999999822 ) ) ;
#2576 = DIRECTION ( 'NONE',  ( 0.5183855729687658620, 0.8551470035835033734, 0.000000000000000000 ) ) ;
#2577 = CARTESIAN_POINT ( 'NONE',  ( 20.59622514324233222, -68.98355240984157888, -6.349999999999999645 ) ) ;
#2578 = ORIENTED_EDGE ( 'NONE', *, *, #7421, .F. ) ;
#2580 = VERTEX_POINT ( 'NONE', #8873 ) ;
#2579 = EDGE_CURVE ( 'NONE', #3610, #1535, #2732, .T. ) ;
#2581 = EDGE_CURVE ( 'NONE', #4837, #2326, #1129, .T. ) ;
#2582 = ORIENTED_EDGE ( 'NONE', *, *, #6242, .T. ) ;
#2583 = DIRECTION ( 'NONE',  ( 0.000000000000000000, -1.000000000000000000, 0.000000000000000000 ) ) ;
#2584 = DIRECTION ( 'NONE',  ( 0.000000000000000000, 0.000000000000000000, 1.000000000000000000 ) ) ;
#2585 = LINE ( 'NONE', #5962, #6818 ) ;
#2586 = LINE ( 'NONE', #1116, #3118 ) ;
#2587 = CARTESIAN_POINT ( 'NONE',  ( 14.66700370744860216, -65.02534546680148253, -6.349999999999999645 ) ) ;
#2588 = CARTESIAN_POINT ( 'NONE',  ( 6.712841253791708596, -68.56157735085945149, -6.049999999999999822 ) ) ;
#2589 = FILL_AREA_STYLE_COLOUR ( '', #6918 ) ;
#2590 = EDGE_LOOP ( 'NONE', ( #8778, #2796, #7585, #7722 ) ) ;
#2591 = ORIENTED_EDGE ( 'NONE', *, *, #1645, .T. ) ;
#2592 = ADVANCED_BREP_SHAPE_REPRESENTATION ( '\X2\8eab4f53\X0\', ( #3029, #3831 ), #571 ) ;
#2593 = CARTESIAN_POINT ( 'NONE',  ( -2.799999999999999822, 2.000000000000000000, 1.650000000000000355 ) ) ;
#2594 = CARTESIAN_POINT ( 'NONE',  ( 7.000000000000000000, 9.799999999999998934, -3.674999999999999822 ) ) ;
#2595 = CARTESIAN_POINT ( 'NONE',  ( 12.17290192113245695, -61.95490394337713980, -6.349999999999999645 ) ) ;
#2596 = ORIENTED_EDGE ( 'NONE', *, *, #4546, .T. ) ;
#2597 = LINE ( 'NONE', #3243, #8172 ) ;
#2598 = ORIENTED_EDGE ( 'NONE', *, *, #1089, .F. ) ;
#2599 = ORIENTED_EDGE ( 'NONE', *, *, #6913, .F. ) ;
#2600 = EDGE_CURVE ( 'NONE', #8210, #381, #5379, .T. ) ;
#2601 = EDGE_CURVE ( 'NONE', #550, #7109, #793, .T. ) ;
#2602 = CYLINDRICAL_SURFACE ( 'NONE', #2812, 0.7999999999999999334 ) ;
#2603 = LINE ( 'NONE', #3338, #5056 ) ;
#2604 = CARTESIAN_POINT ( 'NONE',  ( 25.80000000000000071, -7.000000000000000000, 13.00000000000000000 ) ) ;
#2605 = CARTESIAN_POINT ( 'NONE',  ( 23.00000000000000000, 9.799999999999998934, -3.674999999999999822 ) ) ;
#2606 = DIRECTION ( 'NONE',  ( 0.000000000000000000, 0.000000000000000000, -1.000000000000000000 ) ) ;
#2607 = ORIENTED_EDGE ( 'NONE', *, *, #3554, .F. ) ;
#2608 = LINE ( 'NONE', #6991, #9030 ) ;
#2609 = ORIENTED_EDGE ( 'NONE', *, *, #7575, .T. ) ;
#2610 = EDGE_CURVE ( 'NONE', #6742, #8999, #7490, .T. ) ;
#2611 = ADVANCED_FACE ( 'NONE', ( #8920 ), #3986, .T. ) ;
#2612 = LINE ( 'NONE', #2573, #8852 ) ;
#2613 = CARTESIAN_POINT ( 'NONE',  ( 18.00000000000000355, -38.00000000000000000, 13.00000000000000000 ) ) ;
#2614 = CARTESIAN_POINT ( 'NONE',  ( -0.5000000000000000000, -50.50000000000000000, -4.349999999999999645 ) ) ;
#2615 = DIRECTION ( 'NONE',  ( 0.1724095775557430710, 0.9850253486926364710, 0.000000000000000000 ) ) ;
#2616 = VERTEX_POINT ( 'NONE', #427 ) ;
#2617 = EDGE_LOOP ( 'NONE', ( #765, #538, #6893, #6122 ) ) ;
#2618 = ORIENTED_EDGE ( 'NONE', *, *, #2126, .F. ) ;
#2619 = CYLINDRICAL_SURFACE ( 'NONE', #8261, 0.5000000000000004441 ) ;
#2620 = CARTESIAN_POINT ( 'NONE',  ( 15.00000000000000000, -35.00000000000000000, 13.00000000000000000 ) ) ;
#2621 = DIRECTION ( 'NONE',  ( -0.8977341652561900975, -0.4405375903731389986, 0.000000000000000000 ) ) ;
#2623 = EDGE_CURVE ( 'NONE', #4349, #2773, #3333, .T. ) ;
#2622 = DIRECTION ( 'NONE',  ( 1.000000000000000000, 0.000000000000000000, 0.000000000000000000 ) ) ;
#2624 = DIRECTION ( 'NONE',  ( 0.000000000000000000, 0.000000000000000000, -1.000000000000000000 ) ) ;
#2625 = FACE_OUTER_BOUND ( 'NONE', #1873, .T. ) ;
#2626 = CARTESIAN_POINT ( 'NONE',  ( 21.11257162116616115, -58.74560161779575651, -6.349999999999999645 ) ) ;
#2627 = ORIENTED_EDGE ( 'NONE', *, *, #5355, .F. ) ;
#2628 = EDGE_LOOP ( 'NONE', ( #1444, #2424, #2976, #5986 ) ) ;
#2629 = PLANE ( 'NONE',  #4923 ) ;
#2630 = EDGE_CURVE ( 'NONE', #1903, #380, #2597, .T. ) ;
#2631 = EDGE_CURVE ( 'NONE', #1412, #4551, #1945, .T. ) ;
#2632 = DIRECTION ( 'NONE',  ( 0.2688681910994876190, -0.9631769805258477701, 0.000000000000000000 ) ) ;
#2633 = DIRECTION ( 'NONE',  ( -0.000000000000000000, -0.000000000000000000, 1.000000000000000000 ) ) ;
#2634 = DIRECTION ( 'NONE',  ( 0.000000000000000000, 1.000000000000000000, 0.000000000000000000 ) ) ;
#2635 = ORIENTED_EDGE ( 'NONE', *, *, #8652, .T. ) ;
#2636 = DIRECTION ( 'NONE',  ( 0.5956235165036278811, 0.8032637341420639787, 0.000000000000000000 ) ) ;
#2637 = ORIENTED_EDGE ( 'NONE', *, *, #7323, .F. ) ;
#2638 = VECTOR ( 'NONE', #7341, 1000.000000000000114 ) ;
#2639 = ORIENTED_EDGE ( 'NONE', *, *, #913, .T. ) ;
#2640 = LINE ( 'NONE', #4079, #7389 ) ;
#2641 = VECTOR ( 'NONE', #3045, 1000.000000000000000 ) ;
#2642 = CARTESIAN_POINT ( 'NONE',  ( 18.97842938995618667, -68.93501853724299622, -6.049999999999999822 ) ) ;
#2643 = CARTESIAN_POINT ( 'NONE',  ( 7.200000000000001066, 9.500000000000000000, 12.12500000000000000 ) ) ;
#2644 = VECTOR ( 'NONE', #6412, 1000.000000000000227 ) ;
#2645 = LINE ( 'NONE', #2741, #2112 ) ;
#2646 = DIRECTION ( 'NONE',  ( -0.000000000000000000, 1.000000000000000000, -0.000000000000000000 ) ) ;
#2647 = ORIENTED_EDGE ( 'NONE', *, *, #8058, .T. ) ;
#2648 = CYLINDRICAL_SURFACE ( 'NONE', #202, 0.7500000000000006661 ) ;
#2649 = ORIENTED_EDGE ( 'NONE', *, *, #983, .F. ) ;
#2650 = EDGE_CURVE ( 'NONE', #1240, #3978, #4639, .T. ) ;
#2651 = VECTOR ( 'NONE', #5817, 1000.000000000000000 ) ;
#2652 = DIRECTION ( 'NONE',  ( 0.000000000000000000, 0.000000000000000000, -1.000000000000000000 ) ) ;
#2653 = LINE ( 'NONE', #7636, #3878 ) ;
#2654 = PLANE ( 'NONE',  #5925 ) ;
#2655 = EDGE_CURVE ( 'NONE', #5789, #488, #8228, .T. ) ;
#2656 = PLANE ( 'NONE',  #3882 ) ;
#2657 = ORIENTED_EDGE ( 'NONE', *, *, #3857, .T. ) ;
#2658 = EDGE_CURVE ( 'NONE', #6047, #9136, #7451, .T. ) ;
#2659 = ORIENTED_EDGE ( 'NONE', *, *, #266, .F. ) ;
#2660 = ORIENTED_EDGE ( 'NONE', *, *, #1932, .T. ) ;
#2661 = VECTOR ( 'NONE', #5989, 999.9999999999998863 ) ;
#2662 = LINE ( 'NONE', #3355, #1037 ) ;
#2663 = ADVANCED_FACE ( 'NONE', ( #8956 ), #4035, .T. ) ;
#2664 = LINE ( 'NONE', #2016, #5192 ) ;
#2665 = DIRECTION ( 'NONE',  ( 1.000000000000000000, 0.000000000000000000, 0.000000000000000000 ) ) ;
#2666 = LINE ( 'NONE', #7931, #8132 ) ;
#2667 = LINE ( 'NONE', #684, #6620 ) ;
#2668 = DIRECTION ( 'NONE',  ( 0.1873220498752722063, 0.9822985542239823786, 0.000000000000000000 ) ) ;
#2669 = AXIS2_PLACEMENT_3D ( 'NONE', #1459, #2801, #1561 ) ;
#2670 = EDGE_CURVE ( 'NONE', #7060, #3504, #1296, .T. ) ;
#2671 = VECTOR ( 'NONE', #7493, 1000.000000000000000 ) ;
#2672 = CARTESIAN_POINT ( 'NONE',  ( 7.200000000000001066, 9.500000000000000000, -3.474999999999999645 ) ) ;
#2673 = VERTEX_POINT ( 'NONE', #6187 ) ;
#2674 = ORIENTED_EDGE ( 'NONE', *, *, #267, .F. ) ;
#2675 = VECTOR ( 'NONE', #2750, 1000.000000000000000 ) ;
#2676 = AXIS2_PLACEMENT_3D ( 'NONE', #2798, #1508, #1414 ) ;
#2677 = LINE ( 'NONE', #4153, #3282 ) ;
#2678 = LINE ( 'NONE', #5579, #5368 ) ;
#2679 = LINE ( 'NONE', #4634, #3884 ) ;
#2680 = LINE ( 'NONE', #8226, #8585 ) ;
#2681 = ORIENTED_EDGE ( 'NONE', *, *, #5448, .F. ) ;
#2682 = LINE ( 'NONE', #8322, #1380 ) ;
#2683 = VECTOR ( 'NONE', #154, 1000.000000000000000 ) ;
#2684 = ORIENTED_EDGE ( 'NONE', *, *, #8670, .F. ) ;
#2685 = AXIS2_PLACEMENT_3D ( 'NONE', #8337, #3349, #1313 ) ;
#2686 = ORIENTED_EDGE ( 'NONE', *, *, #5025, .T. ) ;
#2687 = ADVANCED_FACE ( 'NONE', ( #4076, #6883 ), #557, .T. ) ;
#2688 = EDGE_CURVE ( 'NONE', #6723, #5922, #2682, .T. ) ;
#2689 = VERTEX_POINT ( 'NONE', #6926 ) ;
#2690 = CARTESIAN_POINT ( 'NONE',  ( 4.045500505561170357, -65.31654870239297850, -6.049999999999999822 ) ) ;
#2691 = CIRCLE ( 'NONE', #4470, 0.7500000000000006661 ) ;
#2692 = CIRCLE ( 'NONE', #4618, 0.7500000000000006661 ) ;
#2693 = DIRECTION ( 'NONE',  ( 0.000000000000000000, 0.000000000000000000, -1.000000000000000000 ) ) ;
#2694 = CARTESIAN_POINT ( 'NONE',  ( 21.75000000000000355, -32.00000000000000000, 13.00000000000000000 ) ) ;
#2695 = AXIS2_PLACEMENT_3D ( 'NONE', #4071, #6880, #423 ) ;
#2696 = CARTESIAN_POINT ( 'NONE',  ( 24.06370070778564241, -61.87603640040444475, -6.049999999999999822 ) ) ;
#2697 = LINE ( 'NONE', #8331, #5931 ) ;
#2698 = ORIENTED_EDGE ( 'NONE', *, *, #8947, .F. ) ;
#2699 = CARTESIAN_POINT ( 'NONE',  ( 31.19999999999999929, -52.00000000000000711, 1.650000000000000355 ) ) ;
#2700 = ORIENTED_EDGE ( 'NONE', *, *, #7874, .F. ) ;
#2701 = AXIS2_PLACEMENT_3D ( 'NONE', #4911, #7131, #3575 ) ;
#2702 = AXIS2_PLACEMENT_3D ( 'NONE', #3564, #6379, #1484 ) ;
#2703 = CIRCLE ( 'NONE', #2996, 0.7500000000000006661 ) ;
#2704 = CARTESIAN_POINT ( 'NONE',  ( 21.17593528816986748, -68.94984833164812699, -6.049999999999999822 ) ) ;
#2705 = PLANE ( 'NONE',  #8288 ) ;
#2706 = VECTOR ( 'NONE', #8653, 1000.000000000000000 ) ;
#2707 = LINE ( 'NONE', #6764, #4603 ) ;
#2708 = VECTOR ( 'NONE', #1449, 1000.000000000000114 ) ;
#2709 = CARTESIAN_POINT ( 'NONE',  ( 19.79878665318503650, -67.97040781934614984, -6.049999999999999822 ) ) ;
#2710 = VERTEX_POINT ( 'NONE', #56 ) ;
#2711 = ORIENTED_EDGE ( 'NONE', *, *, #8110, .F. ) ;
#2712 = ORIENTED_EDGE ( 'NONE', *, *, #1660, .T. ) ;
#2713 = CARTESIAN_POINT ( 'NONE',  ( 21.42163801820020197, -58.70920121334680886, -6.049999999999999822 ) ) ;
#2714 = EDGE_CURVE ( 'NONE', #3490, #7495, #7160, .T. ) ;
#2715 = EDGE_CURVE ( 'NONE', #3712, #2914, #5688, .T. ) ;
#2716 = LINE ( 'NONE', #1281, #1647 ) ;
#2717 = FACE_OUTER_BOUND ( 'NONE', #1109, .T. ) ;
#2718 = LINE ( 'NONE', #640, #1198 ) ;
#2719 = DIRECTION ( 'NONE',  ( 0.9242009100704550173, -0.3819066349579994801, 0.000000000000000000 ) ) ;
#2720 = FACE_OUTER_BOUND ( 'NONE', #3288, .T. ) ;
#2721 = LINE ( 'NONE', #7097, #3099 ) ;
#2722 = VERTEX_POINT ( 'NONE', #7111 ) ;
#2723 = ORIENTED_EDGE ( 'NONE', *, *, #8617, .T. ) ;
#2724 = EDGE_CURVE ( 'NONE', #5651, #5050, #5777, .T. ) ;
#2725 = DIRECTION ( 'NONE',  ( -1.000000000000000000, 0.000000000000000000, -0.000000000000000000 ) ) ;
#2726 = EDGE_LOOP ( 'NONE', ( #4957, #4021, #4638, #5423, #6321, #7830, #6102, #6876, #1894, #8732, #6462, #591, #5915, #675, #2814, #7998, #2635, #7664, #4784, #1158, #8624, #2947, #2068, #5545, #2926, #8391, #4461, #8211, #8198, #3426, #5793, #7967, #9001, #1644, #7730, #463, #7014, #4646, #8469, #5779, #4850, #5042, #5611, #3419, #8751, #1402, #2130, #8021, #3522, #7304, #2048, #8744, #3716, #79, #736, #6008, #711, #6659, #4339, #4097, #5037, #8167, #4540, #5322, #8559, #2948, #3701, #132, #6022, #8156, #8754, #7150, #6335, #5053, #7062, #5137, #6510, #2712, #7948, #4463, #1770 ) ) ;
#2727 = PLANE ( 'NONE',  #6475 ) ;
#2728 = CARTESIAN_POINT ( 'NONE',  ( 18.67644084934277160, -63.67178968655207427, -6.349999999999999645 ) ) ;
#2729 = ADVANCED_FACE ( 'NONE', ( #7855 ), #3470, .F. ) ;
#2730 = CARTESIAN_POINT ( 'NONE',  ( 25.30000000000000071, -5.000000000000000000, 15.00000000000000000 ) ) ;
#2731 = VERTEX_POINT ( 'NONE', #7058 ) ;
#2732 = LINE ( 'NONE', #6239, #644 ) ;
#2733 = EDGE_LOOP ( 'NONE', ( #3796, #1533, #6478, #1390 ) ) ;
#2734 = ORIENTED_EDGE ( 'NONE', *, *, #8821, .T. ) ;
#2735 = VERTEX_POINT ( 'NONE', #2772 ) ;
#2736 = ORIENTED_EDGE ( 'NONE', *, *, #8341, .T. ) ;
#2737 = DIRECTION ( 'NONE',  ( -0.6837016954685850578, -0.7297615991633035204, 0.000000000000000000 ) ) ;
#2738 = DIRECTION ( 'NONE',  ( 0.000000000000000000, 0.000000000000000000, -1.000000000000000000 ) ) ;
#2739 = CARTESIAN_POINT ( 'NONE',  ( 6.712841253791708596, -67.03276036400403370, -6.049999999999999822 ) ) ;
#2740 = ADVANCED_FACE ( 'NONE', ( #2871 ), #7802, .T. ) ;
#2741 = CARTESIAN_POINT ( 'NONE',  ( 26.99595551061678833, -69.19656218402425907, -6.049999999999999822 ) ) ;
#2742 = DIRECTION ( 'NONE',  ( 1.000000000000000000, 0.000000000000000000, 0.000000000000000000 ) ) ;
#2743 = EDGE_CURVE ( 'NONE', #602, #2873, #4894, .T. ) ;
#2744 = VERTEX_POINT ( 'NONE', #2911 ) ;
#2745 = CARTESIAN_POINT ( 'NONE',  ( 14.24999999999999822, -38.00000000000000000, 13.00000000000000000 ) ) ;
#2746 = ORIENTED_EDGE ( 'NONE', *, *, #6408, .F. ) ;
#2747 = CARTESIAN_POINT ( 'NONE',  ( 19.98955173576002764, -69.00377485675765854, -6.349999999999999645 ) ) ;
#2748 = CARTESIAN_POINT ( 'NONE',  ( 13.62891809908999008, -65.23700707785641839, -6.049999999999999822 ) ) ;
#2749 = ORIENTED_EDGE ( 'NONE', *, *, #402, .F. ) ;
#2750 = DIRECTION ( 'NONE',  ( 0.000000000000000000, 0.000000000000000000, -1.000000000000000000 ) ) ;
#2751 = ADVANCED_FACE ( 'NONE', ( #2131 ), #5585, .T. ) ;
#2752 = DIRECTION ( 'NONE',  ( 0.000000000000000000, 0.000000000000000000, 1.000000000000000000 ) ) ;
#2753 = VERTEX_POINT ( 'NONE', #3509 ) ;
#2754 = ORIENTED_EDGE ( 'NONE', *, *, #4986, .T. ) ;
#2755 = EDGE_LOOP ( 'NONE', ( #7001, #8429 ) ) ;
#2756 = DIRECTION ( 'NONE',  ( 0.000000000000000000, 0.000000000000000000, 1.000000000000000000 ) ) ;
#2757 = DIRECTION ( 'NONE',  ( 1.000000000000000000, 0.000000000000000000, 0.000000000000000000 ) ) ;
#2758 = PLANE ( 'NONE',  #628 ) ;
#2759 = CARTESIAN_POINT ( 'NONE',  ( 12.17290192113245695, -61.95490394337713980, -6.049999999999999822 ) ) ;
#2760 = CARTESIAN_POINT ( 'NONE',  ( 11.28715874620829140, -59.06107178968654381, -6.049999999999999822 ) ) ;
#2761 = FACE_OUTER_BOUND ( 'NONE', #6452, .T. ) ;
#2762 = ORIENTED_EDGE ( 'NONE', *, *, #2743, .T. ) ;
#2763 = ADVANCED_FACE ( 'NONE', ( #4209 ), #2815, .F. ) ;
#2764 = ORIENTED_EDGE ( 'NONE', *, *, #5720, .F. ) ;
#2765 = FACE_OUTER_BOUND ( 'NONE', #8053, .T. ) ;
#2766 = ORIENTED_EDGE ( 'NONE', *, *, #4011, .F. ) ;
#2767 = FACE_OUTER_BOUND ( 'NONE', #7806, .T. ) ;
#2768 = LINE ( 'NONE', #5580, #5069 ) ;
#2769 = DIRECTION ( 'NONE',  ( -0.000000000000000000, -1.000000000000000000, -0.000000000000000000 ) ) ;
#2770 = VERTEX_POINT ( 'NONE', #2171 ) ;
#2771 = PRODUCT_RELATED_PRODUCT_CATEGORY ( 'part', '', ( #8406 ) ) ;
#2772 = CARTESIAN_POINT ( 'NONE',  ( 13.51836872261543654, -60.96332996292550632, -6.349999999999999645 ) ) ;
#2773 = VERTEX_POINT ( 'NONE', #9091 ) ;
#2774 = EDGE_CURVE ( 'NONE', #7492, #2240, #3611, .T. ) ;
#2775 = ORIENTED_EDGE ( 'NONE', *, *, #9106, .T. ) ;
#2776 = ORIENTED_EDGE ( 'NONE', *, *, #5373, .T. ) ;
#2777 = DIRECTION ( 'NONE',  ( 0.000000000000000000, 0.000000000000000000, -1.000000000000000000 ) ) ;
#2778 = CYLINDRICAL_SURFACE ( 'NONE', #935, 0.7500000000000006661 ) ;
#2779 = ADVANCED_FACE ( 'NONE', ( #797 ), #5635, .T. ) ;
#2780 = DIRECTION ( 'NONE',  ( 0.000000000000000000, 0.000000000000000000, -1.000000000000000000 ) ) ;
#2781 = CARTESIAN_POINT ( 'NONE',  ( 11.71183013144590390, -60.56107178968654381, -6.049999999999999822 ) ) ;
#2782 = DIRECTION ( 'NONE',  ( 0.2857997923907349969, -0.9582893501805249681, 0.000000000000000000 ) ) ;
#2783 = EDGE_LOOP ( 'NONE', ( #8739, #2382, #253, #5700 ) ) ;
#2784 = DIRECTION ( 'NONE',  ( -0.7676877484551136721, 0.6408240951087263992, 0.000000000000000000 ) ) ;
#2785 = ORIENTED_EDGE ( 'NONE', *, *, #7533, .F. ) ;
#2786 = AXIS2_PLACEMENT_3D ( 'NONE', #5260, #4608, #6634 ) ;
#2787 = VECTOR ( 'NONE', #3229, 1000.000000000000000 ) ;
#2788 = CARTESIAN_POINT ( 'NONE',  ( 14.59959555106167883, -65.40990899898886823, -6.049999999999999822 ) ) ;
#2789 = FACE_OUTER_BOUND ( 'NONE', #3011, .T. ) ;
#2790 = ORIENTED_EDGE ( 'NONE', *, *, #2440, .T. ) ;
#2791 = CARTESIAN_POINT ( 'NONE',  ( 5.490899898887763086, -62.98591169531513145, -6.049999999999999822 ) ) ;
#2792 = DIRECTION ( 'NONE',  ( -0.000000000000000000, 1.000000000000000000, 0.000000000000000000 ) ) ;
#2793 = ORIENTED_EDGE ( 'NONE', *, *, #7934, .T. ) ;
#2794 = ADVANCED_FACE ( 'NONE', ( #653 ), #99, .T. ) ;
#2795 = EDGE_CURVE ( 'NONE', #5623, #475, #3558, .T. ) ;
#2796 = ORIENTED_EDGE ( 'NONE', *, *, #731, .F. ) ;
#2797 = FACE_OUTER_BOUND ( 'NONE', #1543, .T. ) ;
#2798 = CARTESIAN_POINT ( 'NONE',  ( 6.712841253791708596, -60.62628918099089503, -6.049999999999999822 ) ) ;
#2799 = AXIS2_PLACEMENT_3D ( 'NONE', #5265, #276, #7435 ) ;
#2800 = DIRECTION ( 'NONE',  ( -1.000000000000000000, 0.000000000000000000, -0.000000000000000000 ) ) ;
#2801 = DIRECTION ( 'NONE',  ( -0.000000000000000000, -0.000000000000000000, 1.000000000000000000 ) ) ;
#2802 = DIRECTION ( 'NONE',  ( 0.000000000000000000, 0.000000000000000000, 1.000000000000000000 ) ) ;
#2803 = CARTESIAN_POINT ( 'NONE',  ( 14.59959555106167883, -65.40990899898886823, -6.049999999999999822 ) ) ;
#2804 = ORIENTED_EDGE ( 'NONE', *, *, #1692, .T. ) ;
#2805 = AXIS2_PLACEMENT_3D ( 'NONE', #5894, #5209, #1789 ) ;
#2806 = EDGE_LOOP ( 'NONE', ( #5708, #4095, #2070, #7018 ) ) ;
#2807 = DIRECTION ( 'NONE',  ( 1.000000000000000000, 0.000000000000000000, 0.000000000000000000 ) ) ;
#2808 = CARTESIAN_POINT ( 'NONE',  ( 22.44994944388270852, -58.59999999999999432, -6.349999999999999645 ) ) ;
#2809 = ORIENTED_EDGE ( 'NONE', *, *, #6951, .T. ) ;
#2810 = LINE ( 'NONE', #2026, #7426 ) ;
#2811 = PLANE ( 'NONE',  #8891 ) ;
#2812 = AXIS2_PLACEMENT_3D ( 'NONE', #8959, #392, #3910 ) ;
#2813 = DIRECTION ( 'NONE',  ( -1.000000000000000000, -0.000000000000000000, -0.000000000000000000 ) ) ;
#2814 = ORIENTED_EDGE ( 'NONE', *, *, #1875, .T. ) ;
#2815 = CYLINDRICAL_SURFACE ( 'NONE', #3843, 0.7500000000000006661 ) ;
#2816 = EDGE_LOOP ( 'NONE', ( #5849, #9127, #758, #9082 ) ) ;
#2817 = EDGE_LOOP ( 'NONE', ( #5902, #3219, #1911, #470 ) ) ;
#2818 = AXIS2_PLACEMENT_3D ( 'NONE', #3216, #6031, #2344 ) ;
#2819 = VERTEX_POINT ( 'NONE', #839 ) ;
#2820 = CIRCLE ( 'NONE', #171, 0.5000000000000004441 ) ;
#2821 = ORIENTED_EDGE ( 'NONE', *, *, #3918, .F. ) ;
#2822 = LINE ( 'NONE', #3474, #3866 ) ;
#2823 = EDGE_CURVE ( 'NONE', #8922, #7359, #6369, .T. ) ;
#2824 = CARTESIAN_POINT ( 'NONE',  ( 8.314459049544995040, -67.03276036400403370, -6.049999999999999822 ) ) ;
#2825 = EDGE_CURVE ( 'NONE', #4920, #9081, #1338, .T. ) ;
#2826 = DIRECTION ( 'NONE',  ( 1.000000000000000000, -0.000000000000000000, -0.000000000000000000 ) ) ;
#2827 = VECTOR ( 'NONE', #7415, 1000.000000000000000 ) ;
#2828 = LINE ( 'NONE', #1486, #360 ) ;
#2829 = DIRECTION ( 'NONE',  ( 0.000000000000000000, 0.000000000000000000, -1.000000000000000000 ) ) ;
#2830 = VERTEX_POINT ( 'NONE', #7663 ) ;
#2831 = VERTEX_POINT ( 'NONE', #881 ) ;
#2832 = VECTOR ( 'NONE', #8160, 1000.000000000000000 ) ;
#2833 = FACE_BOUND ( 'NONE', #2733, .T. ) ;
#2834 = EDGE_LOOP ( 'NONE', ( #245, #4351, #7450, #2793 ) ) ;
#2835 = AXIS2_PLACEMENT_3D ( 'NONE', #67, #807, #3570 ) ;
#2836 = AXIS2_PLACEMENT_3D ( 'NONE', #6455, #4288, #7052 ) ;
#2837 = VECTOR ( 'NONE', #6330, 1000.000000000000000 ) ;
#2838 = DIRECTION ( 'NONE',  ( 0.01612693471825775438, -0.9998699525321246284, 0.000000000000000000 ) ) ;
#2839 = EDGE_CURVE ( 'NONE', #3787, #420, #8727, .T. ) ;
#2840 = DIRECTION ( 'NONE',  ( -0.000000000000000000, -0.000000000000000000, 1.000000000000000000 ) ) ;
#2841 = VERTEX_POINT ( 'NONE', #1575 ) ;
#2842 = CARTESIAN_POINT ( 'NONE',  ( 20.88945062352544468, -68.96838557465453334, -6.049999999999999822 ) ) ;
#2843 = ADVANCED_FACE ( 'NONE', ( #1671 ), #3699, .T. ) ;
#2845 = CYLINDRICAL_SURFACE ( 'NONE', #8013, 0.5000000000000004441 ) ;
#2844 = VECTOR ( 'NONE', #2191, 1000.000000000000000 ) ;
#2846 = ORIENTED_EDGE ( 'NONE', *, *, #8863, .T. ) ;
#2847 = AXIS2_PLACEMENT_3D ( 'NONE', #6986, #6328, #7025 ) ;
#2848 = VECTOR ( 'NONE', #7200, 1000.000000000000114 ) ;
#2849 = ORIENTED_EDGE ( 'NONE', *, *, #8582, .T. ) ;
#2850 = DIRECTION ( 'NONE',  ( 0.9265351895179304575, -0.3762081107378902889, 0.000000000000000000 ) ) ;
#2851 = AXIS2_PLACEMENT_3D ( 'NONE', #2384, #4514, #4601 ) ;
#2852 = AXIS2_PLACEMENT_3D ( 'NONE', #7396, #4028, #6744 ) ;
#2854 = DIRECTION ( 'NONE',  ( -0.7927255965546595728, -0.6095786483851440840, 0.000000000000000000 ) ) ;
#2853 = VECTOR ( 'NONE', #1223, 1000.000000000000000 ) ;
#2855 = FACE_BOUND ( 'NONE', #1809, .T. ) ;
#2856 = LINE ( 'NONE', #6405, #1933 ) ;
#2857 = CARTESIAN_POINT ( 'NONE',  ( 18.00000000000000355, -29.00000000000000000, 13.00000000000000000 ) ) ;
#2858 = ADVANCED_FACE ( 'NONE', ( #4574 ), #7993, .T. ) ;
#2859 = EDGE_CURVE ( 'NONE', #4999, #3606, #6648, .T. ) ;
#2860 = CARTESIAN_POINT ( 'NONE',  ( 15.68351870576339557, -65.47630603302998509, -6.049999999999999822 ) ) ;
#2861 = ORIENTED_EDGE ( 'NONE', *, *, #7583, .T. ) ;
#2862 = AXIS2_PLACEMENT_3D ( 'NONE', #4385, #8492, #3006 ) ;
#2863 = VERTEX_POINT ( 'NONE', #2275 ) ;
#2864 = DIRECTION ( 'NONE',  ( 1.000000000000000000, 0.000000000000000000, 0.000000000000000000 ) ) ;
#2865 = DIRECTION ( 'NONE',  ( -0.8832980108070641601, -0.4688119282871156535, 0.000000000000000000 ) ) ;
#2866 = ORIENTED_EDGE ( 'NONE', *, *, #5246, .T. ) ;
#2867 = DIRECTION ( 'NONE',  ( -0.000000000000000000, -0.000000000000000000, 1.000000000000000000 ) ) ;
#2868 = CARTESIAN_POINT ( 'NONE',  ( 17.02628918099090072, -59.71627906976743816, -6.049999999999999822 ) ) ;
#2869 = LINE ( 'NONE', #6367, #6227 ) ;
#2870 = ORIENTED_EDGE ( 'NONE', *, *, #6291, .F. ) ;
#2871 = FACE_OUTER_BOUND ( 'NONE', #4434, .T. ) ;
#2872 = ORIENTED_EDGE ( 'NONE', *, *, #2554, .T. ) ;
#2873 = VERTEX_POINT ( 'NONE', #378 ) ;
#2874 = ORIENTED_EDGE ( 'NONE', *, *, #3869, .F. ) ;
#2875 = CARTESIAN_POINT ( 'NONE',  ( 18.67644084934277160, -64.73953488372092124, -6.049999999999999822 ) ) ;
#2876 = DIRECTION ( 'NONE',  ( 0.1790038755583224783, 0.9838483686702440556, 0.000000000000000000 ) ) ;
#2877 = CARTESIAN_POINT ( 'NONE',  ( 8.314459049544995040, -62.82851365015167033, -6.349999999999999645 ) ) ;
#2878 = DIRECTION ( 'NONE',  ( 1.000000000000000000, 0.000000000000000000, 0.000000000000000000 ) ) ;
#2879 = DIRECTION ( 'NONE',  ( -0.000000000000000000, -0.000000000000000000, 1.000000000000000000 ) ) ;
#2880 = EDGE_LOOP ( 'NONE', ( #3631, #3938, #1464, #7172 ) ) ;
#2881 = EDGE_LOOP ( 'NONE', ( #3395, #4742, #1993, #6583 ) ) ;
#2882 = DIRECTION ( 'NONE',  ( 0.000000000000000000, 0.000000000000000000, 1.000000000000000000 ) ) ;
#2883 = VERTEX_POINT ( 'NONE', #193 ) ;
#2884 = ADVANCED_FACE ( 'NONE', ( #3757 ), #4493, .T. ) ;
#2885 = LINE ( 'NONE', #1357, #1634 ) ;
#2886 = CARTESIAN_POINT ( 'NONE',  ( 11.25000000000000000, -35.00000000000000000, 13.00000000000000000 ) ) ;
#2887 = EDGE_LOOP ( 'NONE', ( #6282, #3240, #4437, #4283 ) ) ;
#2888 = CARTESIAN_POINT ( 'NONE',  ( -0.5000000000000000000, -50.50000000000000000, 13.00000000000000178 ) ) ;
#2889 = CARTESIAN_POINT ( 'NONE',  ( 25.30000000000000071, -5.000000000000000000, 13.00000000000000000 ) ) ;
#2890 = CARTESIAN_POINT ( 'NONE',  ( 2.907313784967980652, -66.97209302325580893, -6.349999999999999645 ) ) ;
#2891 = ORIENTED_EDGE ( 'NONE', *, *, #8672, .T. ) ;
#2892 = ADVANCED_FACE ( 'NONE', ( #8776 ), #6702, .T. ) ;
#2893 = EDGE_CURVE ( 'NONE', #4496, #5152, #1068, .T. ) ;
#2894 = VERTEX_POINT ( 'NONE', #329 ) ;
#2895 = DIRECTION ( 'NONE',  ( 0.000000000000000000, 0.000000000000000000, 1.000000000000000000 ) ) ;
#2896 = DIRECTION ( 'NONE',  ( 0.4925617505404687457, -0.8702774970688998968, 0.000000000000000000 ) ) ;
#2897 = DIRECTION ( 'NONE',  ( 0.000000000000000000, 0.000000000000000000, -1.000000000000000000 ) ) ;
#2898 = CARTESIAN_POINT ( 'NONE',  ( 22.80000000000000071, 9.500000000000000000, 12.12500000000000000 ) ) ;
#2899 = CARTESIAN_POINT ( 'NONE',  ( 21.09639366363330026, -69.35564543309739349, -6.349999999999999645 ) ) ;
#2900 = CARTESIAN_POINT ( 'NONE',  ( 4.105493764745530072, -68.08028311425681522, -6.049999999999999822 ) ) ;
#2901 = EDGE_LOOP ( 'NONE', ( #5858, #1974, #7453, #4983 ) ) ;
#2902 = VERTEX_POINT ( 'NONE', #5231 ) ;
#2903 = FACE_OUTER_BOUND ( 'NONE', #7116, .T. ) ;
#2904 = ADVANCED_FACE ( 'NONE', ( #7305 ), #4436, .T. ) ;
#2905 = LINE ( 'NONE', #2310, #505 ) ;
#2906 = EDGE_LOOP ( 'NONE', ( #851, #2334 ) ) ;
#2907 = CARTESIAN_POINT ( 'NONE',  ( 24.93528816986855645, -69.96838557465453334, -6.349999999999999645 ) ) ;
#2908 = CARTESIAN_POINT ( 'NONE',  ( 27.12133468149646376, -65.49180990899898802, -6.349999999999999645 ) ) ;
#2909 = LINE ( 'NONE', #3609, #337 ) ;
#2910 = ORIENTED_EDGE ( 'NONE', *, *, #2338, .T. ) ;
#2911 = CARTESIAN_POINT ( 'NONE',  ( 18.67644084934277160, -64.73953488372092124, -6.349999999999999645 ) ) ;
#2912 = EDGE_LOOP ( 'NONE', ( #2056, #4630, #4007, #2746 ) ) ;
#2913 = ORIENTED_EDGE ( 'NONE', *, *, #7520, .T. ) ;
#2914 = VERTEX_POINT ( 'NONE', #5272 ) ;
#2915 = EDGE_CURVE ( 'NONE', #8786, #602, #3148, .T. ) ;
#2916 = ADVANCED_FACE ( 'NONE', ( #5912 ), #7251, .T. ) ;
#2917 = FACE_OUTER_BOUND ( 'NONE', #6658, .T. ) ;
#2918 = DIRECTION ( 'NONE',  ( 0.7761140001162727398, -0.6305926250944569045, 0.000000000000000000 ) ) ;
#2919 = DIRECTION ( 'NONE',  ( 0.7848636314773307365, -0.6196685242806970750, 0.000000000000000000 ) ) ;
#2920 = CARTESIAN_POINT ( 'NONE',  ( 21.13784967981125718, -69.13825412874957976, -6.049999999999999822 ) ) ;
#2921 = LINE ( 'NONE', #7770, #5636 ) ;
#2922 = ORIENTED_EDGE ( 'NONE', *, *, #2944, .F. ) ;
#2923 = EDGE_LOOP ( 'NONE', ( #3657, #2337, #7904, #1382 ) ) ;
#2924 = CARTESIAN_POINT ( 'NONE',  ( 20.88945062352544468, -68.96838557465453334, -6.349999999999999645 ) ) ;
#2925 = VERTEX_POINT ( 'NONE', #6561 ) ;
#2926 = ORIENTED_EDGE ( 'NONE', *, *, #3890, .T. ) ;
#2927 = CARTESIAN_POINT ( 'NONE',  ( 36.00000000000000711, -75.00000000000000000, -6.349999999999999645 ) ) ;
#2928 = CARTESIAN_POINT ( 'NONE',  ( 4.105493764745530072, -68.08028311425681522, -6.349999999999999645 ) ) ;
#2929 = ORIENTED_EDGE ( 'NONE', *, *, #5276, .F. ) ;
#2930 = CARTESIAN_POINT ( 'NONE',  ( 21.09639366363330026, -69.35564543309739349, -6.049999999999999822 ) ) ;
#2931 = DIRECTION ( 'NONE',  ( -1.000000000000000000, 0.000000000000000000, -0.000000000000000000 ) ) ;
#2932 = EDGE_CURVE ( 'NONE', #1823, #8190, #5673, .T. ) ;
#2933 = DIRECTION ( 'NONE',  ( 0.5366747485976347543, -0.8437892001072693215, 0.000000000000000000 ) ) ;
#2934 = VERTEX_POINT ( 'NONE', #3056 ) ;
#2935 = PRODUCT_DEFINITION_FORMATION_WITH_SPECIFIED_SOURCE ( 'ANY', '', #8406, .NOT_KNOWN. ) ;
#2936 = CIRCLE ( 'NONE', #8101, 0.7500000000000006661 ) ;
#2937 = ORIENTED_EDGE ( 'NONE', *, *, #4504, .F. ) ;
#2938 = DIRECTION ( 'NONE',  ( 1.000000000000000000, 0.000000000000000000, 0.000000000000000000 ) ) ;
#2939 = LINE ( 'NONE', #83, #909 ) ;
#2940 = CARTESIAN_POINT ( 'NONE',  ( 5.244186046511623900, -66.44934277047524063, -6.049999999999999822 ) ) ;
#2941 = ADVANCED_FACE ( 'NONE', ( #4392 ), #7203, .T. ) ;
#2942 = CARTESIAN_POINT ( 'NONE',  ( 12.01516683518705797, -61.50208965284798523, -6.049999999999999822 ) ) ;
#2943 = DIRECTION ( 'NONE',  ( 1.000000000000000000, 0.000000000000000000, 0.000000000000000000 ) ) ;
#2944 = EDGE_CURVE ( 'NONE', #8788, #2883, #3097, .T. ) ;
#2945 = VECTOR ( 'NONE', #3543, 1000.000000000000227 ) ;
#2946 = DIRECTION ( 'NONE',  ( -0.8367585379131443624, 0.5475720493500897401, 0.000000000000000000 ) ) ;
#2947 = ORIENTED_EDGE ( 'NONE', *, *, #541, .T. ) ;
#2948 = ORIENTED_EDGE ( 'NONE', *, *, #5043, .T. ) ;
#2949 = AXIS2_PLACEMENT_3D ( 'NONE', #1468, #4287, #5679 ) ;
#2950 = DIRECTION ( 'NONE',  ( -1.000000000000000000, 0.000000000000000000, 0.000000000000000000 ) ) ;
#2951 = FACE_OUTER_BOUND ( 'NONE', #6834, .T. ) ;
#2952 = EDGE_LOOP ( 'NONE', ( #4522, #2937, #1046, #5244 ) ) ;
#2953 = FACE_OUTER_BOUND ( 'NONE', #431, .T. ) ;
#2954 = LINE ( 'NONE', #4388, #8607 ) ;
#2955 = ADVANCED_FACE ( 'NONE', ( #6602 ), #4671, .F. ) ;
#2956 = CARTESIAN_POINT ( 'NONE',  ( 17.83518705763397350, -70.28183350185372547, -6.049999999999999822 ) ) ;
#2957 = ORIENTED_EDGE ( 'NONE', *, *, #1895, .T. ) ;
#2958 = AXIS2_PLACEMENT_3D ( 'NONE', #4554, #2477, #7373 ) ;
#2959 = CARTESIAN_POINT ( 'NONE',  ( 16.70003370407819432, -64.38092349174250728, -6.049999999999999822 ) ) ;
#2960 = ORIENTED_EDGE ( 'NONE', *, *, #695, .T. ) ;
#2961 = ORIENTED_EDGE ( 'NONE', *, *, #5720, .T. ) ;
#2962 = ORIENTED_EDGE ( 'NONE', *, *, #2549, .F. ) ;
#2963 = AXIS2_PLACEMENT_3D ( 'NONE', #5418, #7588, #3949 ) ;
#2964 = DIRECTION ( 'NONE',  ( 1.000000000000000000, 0.000000000000000000, 0.000000000000000000 ) ) ;
#2965 = DIRECTION ( 'NONE',  ( -0.2009158940844049945, -0.9796084950143421066, 0.000000000000000000 ) ) ;
#2966 = LINE ( 'NONE', #3763, #781 ) ;
#2967 = DIRECTION ( 'NONE',  ( 0.8526968151704255039, -0.5224061077344073212, 0.000000000000000000 ) ) ;
#2968 = DIRECTION ( 'NONE',  ( -0.8555863871944446863, -0.5176600564536130156, 0.000000000000000000 ) ) ;
#2969 = ORIENTED_EDGE ( 'NONE', *, *, #121, .F. ) ;
#2970 = DIRECTION ( 'NONE',  ( 0.5819217978924353663, -0.8132447486074751986, 0.000000000000000000 ) ) ;
#2971 = VECTOR ( 'NONE', #3178, 1000.000000000000000 ) ;
#2972 = EDGE_CURVE ( 'NONE', #4501, #931, #6915, .T. ) ;
#2973 = EDGE_LOOP ( 'NONE', ( #6430, #2002, #2762, #1857 ) ) ;
#2974 = EDGE_CURVE ( 'NONE', #5968, #7593, #4625, .T. ) ;
#2975 = VECTOR ( 'NONE', #1744, 1000.000000000000000 ) ;
#2976 = ORIENTED_EDGE ( 'NONE', *, *, #6408, .T. ) ;
#2977 = CARTESIAN_POINT ( 'NONE',  ( 8.000000000000000000, 9.500000000000000000, 11.32499999999999929 ) ) ;
#2978 = VECTOR ( 'NONE', #1746, 1000.000000000000114 ) ;
#2979 = CARTESIAN_POINT ( 'NONE',  ( 18.00000000000000355, -38.00000000000000000, 13.00000000000000000 ) ) ;
#2980 = AXIS2_PLACEMENT_3D ( 'NONE', #7035, #4183, #7736 ) ;
#2981 = ORIENTED_EDGE ( 'NONE', *, *, #8202, .T. ) ;
#2982 = CARTESIAN_POINT ( 'NONE',  ( 15.00000000000000000, -35.00000000000000000, 13.00000000000000000 ) ) ;
#2983 = DIRECTION ( 'NONE',  ( 0.000000000000000000, 0.000000000000000000, 1.000000000000000000 ) ) ;
#2984 = CARTESIAN_POINT ( 'NONE',  ( 24.06370070778564241, -65.49180990899898802, -6.349999999999999645 ) ) ;
#2985 = ORIENTED_EDGE ( 'NONE', *, *, #7237, .T. ) ;
#2986 = AXIS2_PLACEMENT_3D ( 'NONE', #7529, #8824, #8267 ) ;
#2987 = VECTOR ( 'NONE', #5785, 1000.000000000000114 ) ;
#2988 = ORIENTED_EDGE ( 'NONE', *, *, #5234, .T. ) ;
#2989 = LINE ( 'NONE', #1507, #5013 ) ;
#2990 = LINE ( 'NONE', #2113, #8422 ) ;
#2991 = PLANE ( 'NONE',  #5795 ) ;
#2992 = VECTOR ( 'NONE', #537, 1000.000000000000000 ) ;
#2993 = VECTOR ( 'NONE', #4469, 1000.000000000000000 ) ;
#2994 = CARTESIAN_POINT ( 'NONE',  ( 12.17290192113245695, -61.95490394337713980, -6.349999999999999645 ) ) ;
#2995 = DIRECTION ( 'NONE',  ( -1.000000000000000000, 0.000000000000000000, 0.000000000000000000 ) ) ;
#2996 = AXIS2_PLACEMENT_3D ( 'NONE', #7712, #6416, #599 ) ;
#2997 = CARTESIAN_POINT ( 'NONE',  ( 3.424165824064710595, -66.02736771149308481, -6.049999999999999822 ) ) ;
#2998 = ORIENTED_EDGE ( 'NONE', *, *, #2082, .F. ) ;
#2999 = ORIENTED_EDGE ( 'NONE', *, *, #517, .F. ) ;
#3001 = EDGE_CURVE ( 'NONE', #2362, #5667, #4568, .T. ) ;
#3000 = AXIS2_PLACEMENT_3D ( 'NONE', #5987, #6026, #2475 ) ;
#3002 = VECTOR ( 'NONE', #7526, 1000.000000000000114 ) ;
#3003 = ADVANCED_FACE ( 'NONE', ( #590 ), #1248, .T. ) ;
#3004 = CIRCLE ( 'NONE', #8165, 0.7500000000000006661 ) ;
#3005 = LINE ( 'NONE', #4384, #8704 ) ;
#3006 = DIRECTION ( 'NONE',  ( -0.5432761961549543717, -0.8395540332172811704, 0.000000000000000000 ) ) ;
#3007 = VERTEX_POINT ( 'NONE', #6177 ) ;
#3008 = DIRECTION ( 'NONE',  ( 0.000000000000000000, 0.000000000000000000, -1.000000000000000000 ) ) ;
#3009 = DIRECTION ( 'NONE',  ( 1.000000000000000000, 0.000000000000000000, 0.000000000000000000 ) ) ;
#3010 = AXIS2_PLACEMENT_3D ( 'NONE', #1631, #5283, #3714 ) ;
#3011 = EDGE_LOOP ( 'NONE', ( #4299, #4239, #9123, #1868 ) ) ;
#3012 = AXIS2_PLACEMENT_3D ( 'NONE', #2920, #706, #3662 ) ;
#3013 = CARTESIAN_POINT ( 'NONE',  ( 11.41118975396022783, -68.39794405123019772, -6.049999999999999822 ) ) ;
#3014 = EDGE_LOOP ( 'NONE', ( #1309, #3376, #450, #2969 ) ) ;
#3015 = EDGE_CURVE ( 'NONE', #6875, #8229, #7443, .T. ) ;
#3016 = ORIENTED_EDGE ( 'NONE', *, *, #869, .F. ) ;
#3017 = EDGE_CURVE ( 'NONE', #4543, #2883, #8128, .T. ) ;
#3018 = EDGE_LOOP ( 'NONE', ( #2133, #1773, #282, #6750 ) ) ;
#3019 = EDGE_CURVE ( 'NONE', #331, #3353, #5443, .T. ) ;
#3020 = CARTESIAN_POINT ( 'NONE',  ( 34.20000000000000284, -54.20000000000000284, -4.349999999999999645 ) ) ;
#3021 = FACE_OUTER_BOUND ( 'NONE', #200, .T. ) ;
#3022 = CARTESIAN_POINT ( 'NONE',  ( 8.314459049544995040, -58.66066734074822620, -6.049999999999999822 ) ) ;
#3023 = DIRECTION ( 'NONE',  ( -1.000000000000000000, -0.000000000000000000, -0.000000000000000000 ) ) ;
#3024 = ORIENTED_EDGE ( 'NONE', *, *, #2823, .F. ) ;
#3025 = ORIENTED_EDGE ( 'NONE', *, *, #1044, .F. ) ;
#3026 = CARTESIAN_POINT ( 'NONE',  ( -4.200000000000000178, -54.20000000000000284, -6.349999999999999645 ) ) ;
#3027 = VERTEX_POINT ( 'NONE', #3232 ) ;
#3028 = VERTEX_POINT ( 'NONE', #5365 ) ;
#3029 = MANIFOLD_SOLID_BREP ( '\X2\523b5b57\X0\_\X2\8eab4f53\X0\', #5328 ) ;
#3030 = LINE ( 'NONE', #5882, #600 ) ;
#3031 = EDGE_CURVE ( 'NONE', #5146, #6948, #419, .T. ) ;
#3032 = EDGE_CURVE ( 'NONE', #1159, #7202, #1935, .T. ) ;
#3033 = LINE ( 'NONE', #7321, #333 ) ;
#3034 = VERTEX_POINT ( 'NONE', #7570 ) ;
#3035 = DIRECTION ( 'NONE',  ( -0.9079788809437027153, -0.4190159325851720573, 0.000000000000000000 ) ) ;
#3036 = CARTESIAN_POINT ( 'NONE',  ( -0.5000000000000000000, 0.5000000000000000000, -4.349999999999999645 ) ) ;
#3037 = EDGE_LOOP ( 'NONE', ( #4564, #8829, #2176, #4093 ) ) ;
#3038 = LINE ( 'NONE', #7140, #8023 ) ;
#3039 = ORIENTED_EDGE ( 'NONE', *, *, #951, .T. ) ;
#3040 = DIRECTION ( 'NONE',  ( 0.000000000000000000, 0.000000000000000000, -1.000000000000000000 ) ) ;
#3041 = ADVANCED_FACE ( 'NONE', ( #1855 ), #4066, .T. ) ;
#3042 = CARTESIAN_POINT ( 'NONE',  ( 21.00000000000000000, -32.00000000000000000, 13.00000000000000000 ) ) ;
#3043 = CARTESIAN_POINT ( 'NONE',  ( 21.13784967981125718, -69.13825412874957976, -6.049999999999999822 ) ) ;
#3044 = DIRECTION ( 'NONE',  ( -0.000000000000000000, -0.000000000000000000, 1.000000000000000000 ) ) ;
#3045 = DIRECTION ( 'NONE',  ( -0.6581254116260015774, -0.7529083228203191647, 0.000000000000000000 ) ) ;
#3046 = CARTESIAN_POINT ( 'NONE',  ( 27.13447927199191412, -68.96804853387259016, -6.049999999999999822 ) ) ;
#3047 = VERTEX_POINT ( 'NONE', #2672 ) ;
#3048 = ORIENTED_EDGE ( 'NONE', *, *, #5943, .F. ) ;
#3049 = DIRECTION ( 'NONE',  ( 0.9965265880420226541, 0.08327520234334385985, 0.000000000000000000 ) ) ;
#3050 = CARTESIAN_POINT ( 'NONE',  ( 16.00707785642062575, -65.71779575328613987, -6.049999999999999822 ) ) ;
#3051 = CYLINDRICAL_SURFACE ( 'NONE', #6801, 0.8000000000000020428 ) ;
#3052 = FACE_OUTER_BOUND ( 'NONE', #2294, .T. ) ;
#3053 = PLANE ( 'NONE',  #2108 ) ;
#3054 = ORIENTED_EDGE ( 'NONE', *, *, #8332, .T. ) ;
#3055 = ADVANCED_FACE ( 'NONE', ( #5490 ), #8310, .F. ) ;
#3056 = CARTESIAN_POINT ( 'NONE',  ( 18.75000000000000355, -41.00000000000000000, 15.00000000000000000 ) ) ;
#3057 = ORIENTED_EDGE ( 'NONE', *, *, #1222, .T. ) ;
#3058 = ORIENTED_EDGE ( 'NONE', *, *, #1643, .F. ) ;
#3059 = ORIENTED_EDGE ( 'NONE', *, *, #802, .F. ) ;
#3060 = LINE ( 'NONE', #246, #6835 ) ;
#3061 = CARTESIAN_POINT ( 'NONE',  ( 19.14829794405122954, -68.99164138860801643, -6.049999999999999822 ) ) ;
#3062 = EDGE_CURVE ( 'NONE', #2081, #3163, #9121, .T. ) ;
#3063 = LINE ( 'NONE', #4538, #3579 ) ;
#3064 = CARTESIAN_POINT ( 'NONE',  ( 15.00000000000000000, -41.00000000000000000, 13.00000000000000000 ) ) ;
#3065 = VERTEX_POINT ( 'NONE', #6962 ) ;
#3066 = ORIENTED_EDGE ( 'NONE', *, *, #3557, .T. ) ;
#3067 = EDGE_CURVE ( 'NONE', #6612, #7380, #2721, .T. ) ;
#3068 = LINE ( 'NONE', #1688, #5371 ) ;
#3069 = ORIENTED_EDGE ( 'NONE', *, *, #1601, .T. ) ;
#3070 = ORIENTED_EDGE ( 'NONE', *, *, #5520, .F. ) ;
#3071 = DIRECTION ( 'NONE',  ( 0.000000000000000000, 1.000000000000000000, 0.000000000000000000 ) ) ;
#3072 = FACE_BOUND ( 'NONE', #1003, .T. ) ;
#3073 = VERTEX_POINT ( 'NONE', #643 ) ;
#3074 = LINE ( 'NONE', #5886, #2273 ) ;
#3075 = DIRECTION ( 'NONE',  ( 1.000000000000000000, 0.000000000000000000, 0.000000000000000000 ) ) ;
#3076 = ORIENTED_EDGE ( 'NONE', *, *, #1368, .T. ) ;
#3077 = EDGE_CURVE ( 'NONE', #4229, #1574, #3599, .T. ) ;
#3078 = DIRECTION ( 'NONE',  ( -0.000000000000000000, 1.000000000000000000, -0.000000000000000000 ) ) ;
#3079 = VERTEX_POINT ( 'NONE', #4282 ) ;
#3080 = CARTESIAN_POINT ( 'NONE',  ( 10.92854735422985968, -68.16656555443208276, -6.049999999999999822 ) ) ;
#3081 = CARTESIAN_POINT ( 'NONE',  ( 27.13447927199191412, -68.96804853387259016, -6.049999999999999822 ) ) ;
#3082 = PLANE ( 'NONE',  #490 ) ;
#3083 = DIRECTION ( 'NONE',  ( 1.000000000000000000, 0.000000000000000000, 0.000000000000000000 ) ) ;
#3084 = CARTESIAN_POINT ( 'NONE',  ( -4.200000000000000178, -54.20000000000000284, -4.349999999999999645 ) ) ;
#3085 = LINE ( 'NONE', #5900, #4122 ) ;
#3087 = EDGE_LOOP ( 'NONE', ( #233, #5378 ) ) ;
#3086 = ADVANCED_FACE ( 'NONE', ( #38 ), #8487, .F. ) ;
#3088 = EDGE_CURVE ( 'NONE', #421, #2553, #5676, .T. ) ;
#3089 = ORIENTED_EDGE ( 'NONE', *, *, #4379, .F. ) ;
#3090 = DIRECTION ( 'NONE',  ( 0.000000000000000000, 0.000000000000000000, -1.000000000000000000 ) ) ;
#3091 = VECTOR ( 'NONE', #3924, 1000.000000000000114 ) ;
#3092 = VECTOR ( 'NONE', #3458, 1000.000000000000114 ) ;
#3093 = CARTESIAN_POINT ( 'NONE',  ( 25.71385237613751329, -59.71627906976743816, -6.049999999999999822 ) ) ;
#3094 = LINE ( 'NONE', #375, #1490 ) ;
#3095 = DIRECTION ( 'NONE',  ( 1.000000000000000000, -0.000000000000000000, 0.000000000000000000 ) ) ;
#3096 = FACE_OUTER_BOUND ( 'NONE', #6456, .T. ) ;
#3097 = LINE ( 'NONE', #8680, #4274 ) ;
#3098 = VERTEX_POINT ( 'NONE', #7701 ) ;
#3099 = VECTOR ( 'NONE', #1326, 1000.000000000000000 ) ;
#3100 = ORIENTED_EDGE ( 'NONE', *, *, #4855, .F. ) ;
#3101 = ORIENTED_EDGE ( 'NONE', *, *, #5101, .F. ) ;
#3102 = FACE_OUTER_BOUND ( 'NONE', #3162, .T. ) ;
#3103 = LINE ( 'NONE', #3061, #8437 ) ;
#3104 = VECTOR ( 'NONE', #4831, 1000.000000000000000 ) ;
#3105 = LINE ( 'NONE', #7211, #2120 ) ;
#3106 = DIRECTION ( 'NONE',  ( 0.000000000000000000, 1.000000000000000000, 0.000000000000000000 ) ) ;
#3107 = ORIENTED_EDGE ( 'NONE', *, *, #5872, .T. ) ;
#3108 = EDGE_LOOP ( 'NONE', ( #7914, #3751, #3546, #2660 ) ) ;
#3109 = LINE ( 'NONE', #7957, #6692 ) ;
#3110 = ORIENTED_EDGE ( 'NONE', *, *, #2670, .F. ) ;
#3111 = ORIENTED_EDGE ( 'NONE', *, *, #679, .F. ) ;
#3112 = VECTOR ( 'NONE', #4961, 1000.000000000000000 ) ;
#3113 = ADVANCED_FACE ( 'NONE', ( #6269 ), #4836, .T. ) ;
#3114 = ADVANCED_FACE ( 'NONE', ( #2761 ), #7148, .T. ) ;
#3115 = LINE ( 'NONE', #7361, #2073 ) ;
#3116 = FACE_BOUND ( 'NONE', #4615, .T. ) ;
#3117 = ORIENTED_EDGE ( 'NONE', *, *, #6528, .T. ) ;
#3118 = VECTOR ( 'NONE', #1064, 1000.000000000000227 ) ;
#3119 = PLANE ( 'NONE',  #3298 ) ;
#3120 = DIRECTION ( 'NONE',  ( 0.9937730656455696643, -0.1114230406935940304, 0.000000000000000000 ) ) ;
#3121 = EDGE_LOOP ( 'NONE', ( #1615, #7731, #8729, #2961 ) ) ;
#3122 = AXIS2_PLACEMENT_3D ( 'NONE', #5383, #6754, #6887 ) ;
#3123 = CARTESIAN_POINT ( 'NONE',  ( 32.80000000000000426, 2.000000000000000000, -4.349999999999999645 ) ) ;
#3124 = ORIENTED_EDGE ( 'NONE', *, *, #1548, .F. ) ;
#3125 = AXIS2_PLACEMENT_3D ( 'NONE', #8622, #2381, #8020 ) ;
#3126 = EDGE_CURVE ( 'NONE', #2831, #1259, #6224, .T. ) ;
#3127 = DIRECTION ( 'NONE',  ( -0.7843064726717834390, 0.6203735624002242321, 0.000000000000000000 ) ) ;
#3128 = CARTESIAN_POINT ( 'NONE',  ( 8.314459049544995040, -67.03276036400403370, -6.049999999999999822 ) ) ;
#3129 = EDGE_CURVE ( 'NONE', #2830, #8229, #87, .T. ) ;
#3130 = DIRECTION ( 'NONE',  ( 0.000000000000000000, 0.000000000000000000, -1.000000000000000000 ) ) ;
#3131 = PLANE ( 'NONE',  #2818 ) ;
#3132 = FACE_OUTER_BOUND ( 'NONE', #3668, .T. ) ;
#3133 = CARTESIAN_POINT ( 'NONE',  ( 12.17290192113245695, -61.95490394337713980, -6.049999999999999822 ) ) ;
#3134 = VECTOR ( 'NONE', #3248, 1000.000000000000114 ) ;
#3135 = VERTEX_POINT ( 'NONE', #2900 ) ;
#3136 = VERTEX_POINT ( 'NONE', #8390 ) ;
#3137 = LINE ( 'NONE', #5167, #8115 ) ;
#3138 = VECTOR ( 'NONE', #4562, 1000.000000000000000 ) ;
#3139 = VECTOR ( 'NONE', #6413, 1000.000000000000000 ) ;
#3141 = CARTESIAN_POINT ( 'NONE',  ( 20.59622514324233222, -68.98355240984157888, -6.349999999999999645 ) ) ;
#3140 = VECTOR ( 'NONE', #2919, 999.9999999999998863 ) ;
#3142 = CARTESIAN_POINT ( 'NONE',  ( 15.00000000000000000, -38.00000000000000000, 13.00000000000000000 ) ) ;
#3143 = EDGE_CURVE ( 'NONE', #5698, #8850, #2064, .T. ) ;
#3145 = EDGE_CURVE ( 'NONE', #5003, #3829, #5718, .T. ) ;
#3144 = CARTESIAN_POINT ( 'NONE',  ( 19.35591506572295373, -69.01051567239635176, -6.349999999999999645 ) ) ;
#3146 = PLANE ( 'NONE',  #4264 ) ;
#3147 = DIRECTION ( 'NONE',  ( -0.000000000000000000, 0.000000000000000000, -1.000000000000000000 ) ) ;
#3148 = LINE ( 'NONE', #8083, #7734 ) ;
#3149 = CIRCLE ( 'NONE', #3893, 0.7500000000000006661 ) ;
#3150 = ORIENTED_EDGE ( 'NONE', *, *, #2522, .F. ) ;
#3151 = CIRCLE ( 'NONE', #8014, 0.7500000000000006661 ) ;
#3152 = VECTOR ( 'NONE', #4018, 1000.000000000000000 ) ;
#3153 = VERTEX_POINT ( 'NONE', #685 ) ;
#3154 = VERTEX_POINT ( 'NONE', #8530 ) ;
#3155 = VECTOR ( 'NONE', #1391, 1000.000000000000000 ) ;
#3156 = CARTESIAN_POINT ( 'NONE',  ( 15.68351870576339557, -65.47630603302998509, -6.049999999999999822 ) ) ;
#3157 = PLANE ( 'NONE',  #7115 ) ;
#3158 = VECTOR ( 'NONE', #484, 1000.000000000000114 ) ;
#3159 = CARTESIAN_POINT ( 'NONE',  ( 15.00000000000000000, -41.00000000000000000, 13.00000000000000000 ) ) ;
#3160 = DIRECTION ( 'NONE',  ( 0.6151066362111659025, -0.7884439270417296086, 0.000000000000000000 ) ) ;
#3161 = EDGE_CURVE ( 'NONE', #2183, #3798, #4200, .T. ) ;
#3162 = EDGE_LOOP ( 'NONE', ( #7595, #3989, #503, #4992 ) ) ;
#3163 = VERTEX_POINT ( 'NONE', #7009 ) ;
#3164 = CARTESIAN_POINT ( 'NONE',  ( 9.000000000000001776, -38.00000000000000000, 15.00000000000000000 ) ) ;
#3165 = EDGE_LOOP ( 'NONE', ( #5535, #8362, #7530, #5370 ) ) ;
#3166 = ORIENTED_EDGE ( 'NONE', *, *, #930, .T. ) ;
#3167 = PLANE ( 'NONE',  #3553 ) ;
#3168 = LINE ( 'NONE', #5196, #179 ) ;
#3169 = ORIENTED_EDGE ( 'NONE', *, *, #3749, .T. ) ;
#3170 = FACE_OUTER_BOUND ( 'NONE', #7218, .T. ) ;
#3171 = CARTESIAN_POINT ( 'NONE',  ( 9.056117290192112534, -65.03528816986855077, -6.049999999999999822 ) ) ;
#3172 = VERTEX_POINT ( 'NONE', #3497 ) ;
#3173 = DIRECTION ( 'NONE',  ( 0.9944085917273508546, 0.1056009123958065177, 0.000000000000000000 ) ) ;
#3174 = VERTEX_POINT ( 'NONE', #2803 ) ;
#3175 = EDGE_CURVE ( 'NONE', #1822, #931, #7046, .T. ) ;
#3176 = CARTESIAN_POINT ( 'NONE',  ( 17.02628918099090072, -64.64246713852375592, -6.349999999999999645 ) ) ;
#3177 = LINE ( 'NONE', #8029, #4600 ) ;
#3178 = DIRECTION ( 'NONE',  ( 1.000000000000000000, -0.000000000000000000, -0.000000000000000000 ) ) ;
#3179 = DIRECTION ( 'NONE',  ( -0.8342149428228264885, 0.5514394156850853657, 0.000000000000000000 ) ) ;
#3180 = EDGE_CURVE ( 'NONE', #3245, #746, #4935, .T. ) ;
#3181 = LINE ( 'NONE', #3133, #1510 ) ;
#3182 = EDGE_CURVE ( 'NONE', #2552, #3249, #4237, .T. ) ;
#3183 = ORIENTED_EDGE ( 'NONE', *, *, #8526, .T. ) ;
#3184 = ORIENTED_EDGE ( 'NONE', *, *, #869, .T. ) ;
#3185 = CARTESIAN_POINT ( 'NONE',  ( 14.15739804516346645, -66.12409841590832116, -6.349999999999999645 ) ) ;
#3186 = CARTESIAN_POINT ( 'NONE',  ( 15.00000000000000000, -29.00000000000000000, 13.00000000000000000 ) ) ;
#3187 = LINE ( 'NONE', #5226, #7724 ) ;
#3188 = LINE ( 'NONE', #5906, #7087 ) ;
#3189 = CARTESIAN_POINT ( 'NONE',  ( 8.000000000000000000, 9.799999999999998934, 0.000000000000000000 ) ) ;
#3190 = DIRECTION ( 'NONE',  ( -0.9332770215274464043, -0.3591573486493885303, 0.000000000000000000 ) ) ;
#3191 = CARTESIAN_POINT ( 'NONE',  ( 20.89686552072800652, -70.51506572295247111, -6.049999999999999822 ) ) ;
#3192 = ORIENTED_EDGE ( 'NONE', *, *, #347, .T. ) ;
#3193 = ORIENTED_EDGE ( 'NONE', *, *, #7421, .T. ) ;
#3194 = EDGE_LOOP ( 'NONE', ( #6671, #1130 ) ) ;
#3195 = DIRECTION ( 'NONE',  ( 0.000000000000000000, 0.000000000000000000, -1.000000000000000000 ) ) ;
#3196 = LINE ( 'NONE', #3238, #7860 ) ;
#3197 = CARTESIAN_POINT ( 'NONE',  ( 8.250000000000000000, -32.00000000000000000, 13.00000000000000000 ) ) ;
#3198 = EDGE_LOOP ( 'NONE', ( #1722, #4105, #4309, #7471 ) ) ;
#3199 = ORIENTED_EDGE ( 'NONE', *, *, #3573, .F. ) ;
#3200 = CARTESIAN_POINT ( 'NONE',  ( 4.698685540950455319, -67.31183013144590177, -6.049999999999999822 ) ) ;
#3201 = ORIENTED_EDGE ( 'NONE', *, *, #6625, .T. ) ;
#3202 = VERTEX_POINT ( 'NONE', #7294 ) ;
#3203 = ADVANCED_FACE ( 'NONE', ( #5857 ), #8669, .F. ) ;
#3204 = EDGE_CURVE ( 'NONE', #7523, #6349, #8579, .T. ) ;
#3205 = CARTESIAN_POINT ( 'NONE',  ( 23.80000000000000071, -7.000000000000000000, 13.00000000000000000 ) ) ;
#3206 = CARTESIAN_POINT ( 'NONE',  ( -2.000000000000000000, -52.00000000000000711, 1.650000000000000355 ) ) ;
#3207 = ORIENTED_EDGE ( 'NONE', *, *, #7310, .T. ) ;
#3208 = CARTESIAN_POINT ( 'NONE',  ( 12.17290192113245695, -61.95490394337713980, -6.049999999999999822 ) ) ;
#3209 = CARTESIAN_POINT ( 'NONE',  ( 21.09639366363330026, -69.35564543309739349, -6.349999999999999645 ) ) ;
#3210 = ORIENTED_EDGE ( 'NONE', *, *, #8779, .F. ) ;
#3211 = DIRECTION ( 'NONE',  ( 1.000000000000000000, 0.000000000000000000, 0.000000000000000000 ) ) ;
#3212 = ORIENTED_EDGE ( 'NONE', *, *, #2839, .F. ) ;
#3213 = CARTESIAN_POINT ( 'NONE',  ( 26.99595551061678833, -69.19656218402425907, -6.049999999999999822 ) ) ;
#3214 = EDGE_CURVE ( 'NONE', #602, #9081, #6550, .T. ) ;
#3215 = DIRECTION ( 'NONE',  ( -0.000000000000000000, -0.000000000000000000, 1.000000000000000000 ) ) ;
#3216 = CARTESIAN_POINT ( 'NONE',  ( -6.000000000000000000, 11.00000000000000000, -6.349999999999999645 ) ) ;
#3217 = DIRECTION ( 'NONE',  ( 1.000000000000000000, 0.000000000000000000, 0.000000000000000000 ) ) ;
#3218 = DIRECTION ( 'NONE',  ( -0.9992276347925158619, -0.03929546878400040633, 0.000000000000000000 ) ) ;
#3219 = ORIENTED_EDGE ( 'NONE', *, *, #3998, .F. ) ;
#3220 = ORIENTED_EDGE ( 'NONE', *, *, #6273, .F. ) ;
#3221 = ORIENTED_EDGE ( 'NONE', *, *, #3859, .T. ) ;
#3222 = ADVANCED_FACE ( 'NONE', ( #870 ), #6451, .T. ) ;
#3223 = CARTESIAN_POINT ( 'NONE',  ( 12.75000000000000178, -35.00000000000000000, 13.00000000000000000 ) ) ;
#3224 = EDGE_CURVE ( 'NONE', #6817, #2894, #7935, .T. ) ;
#3225 = EDGE_CURVE ( 'NONE', #1279, #5547, #2347, .T. ) ;
#3226 = CYLINDRICAL_SURFACE ( 'NONE', #7395, 0.7500000000000006661 ) ;
#3227 = DIRECTION ( 'NONE',  ( -0.000000000000000000, -0.000000000000000000, 1.000000000000000000 ) ) ;
#3228 = LINE ( 'NONE', #4622, #5470 ) ;
#3229 = DIRECTION ( 'NONE',  ( 0.000000000000000000, 0.000000000000000000, -1.000000000000000000 ) ) ;
#3230 = CARTESIAN_POINT ( 'NONE',  ( -6.000000000000000000, -75.00000000000000000, -6.349999999999999645 ) ) ;
#3231 = EDGE_CURVE ( 'NONE', #3034, #3027, #129, .T. ) ;
#3232 = CARTESIAN_POINT ( 'NONE',  ( 13.62891809908999008, -65.23700707785641839, -6.349999999999999645 ) ) ;
#3233 = ORIENTED_EDGE ( 'NONE', *, *, #5449, .F. ) ;
#3234 = EDGE_LOOP ( 'NONE', ( #6638, #3614 ) ) ;
#3235 = VECTOR ( 'NONE', #2624, 1000.000000000000000 ) ;
#3236 = ADVANCED_FACE ( 'NONE', ( #1563 ), #2258, .T. ) ;
#3237 = LINE ( 'NONE', #335, #3002 ) ;
#3238 = CARTESIAN_POINT ( 'NONE',  ( 5.490899898887763086, -62.98591169531513145, -6.049999999999999822 ) ) ;
#3239 = CARTESIAN_POINT ( 'NONE',  ( 18.67644084934277160, -67.39676440849342498, -6.349999999999999645 ) ) ;
#3240 = ORIENTED_EDGE ( 'NONE', *, *, #1168, .T. ) ;
#3241 = ORIENTED_EDGE ( 'NONE', *, *, #1590, .T. ) ;
#3242 = AXIS2_PLACEMENT_3D ( 'NONE', #6409, #9080, #4337 ) ;
#3243 = CARTESIAN_POINT ( 'NONE',  ( 13.75901584091674934, -65.46686889113581742, -6.349999999999999645 ) ) ;
#3244 = ORIENTED_EDGE ( 'NONE', *, *, #7349, .F. ) ;
#3245 = VERTEX_POINT ( 'NONE', #2997 ) ;
#3246 = AXIS2_PLACEMENT_3D ( 'NONE', #8174, #5960, #974 ) ;
#3247 = CARTESIAN_POINT ( 'NONE',  ( 11.28715874620829140, -59.06107178968654381, -6.049999999999999822 ) ) ;
#3248 = DIRECTION ( 'NONE',  ( -0.9999861498722317776, -0.005263084999355650655, 0.000000000000000000 ) ) ;
#3249 = VERTEX_POINT ( 'NONE', #5118 ) ;
#3250 = EDGE_CURVE ( 'NONE', #2457, #5204, #7980, .T. ) ;
#3251 = CARTESIAN_POINT ( 'NONE',  ( 8.314459049544995040, -68.56157735085945149, -6.349999999999999645 ) ) ;
#3252 = LINE ( 'NONE', #528, #3877 ) ;
#3253 = EDGE_CURVE ( 'NONE', #1844, #3047, #5763, .T. ) ;
#3254 = VERTEX_POINT ( 'NONE', #8631 ) ;
#3255 = CARTESIAN_POINT ( 'NONE',  ( 23.03842264914054638, -59.71627906976743816, -6.049999999999999822 ) ) ;
#3256 = EDGE_LOOP ( 'NONE', ( #3697, #8789 ) ) ;
#3257 = AXIS2_PLACEMENT_3D ( 'NONE', #7501, #1181, #3484 ) ;
#3258 = DIRECTION ( 'NONE',  ( 0.000000000000000000, 0.000000000000000000, 1.000000000000000000 ) ) ;
#3259 = LINE ( 'NONE', #622, #3427 ) ;
#3260 = VECTOR ( 'NONE', #6020, 1000.000000000000000 ) ;
#3261 = DIRECTION ( 'NONE',  ( 0.000000000000000000, 0.000000000000000000, -1.000000000000000000 ) ) ;
#3262 = LINE ( 'NONE', #968, #7210 ) ;
#3263 = CYLINDRICAL_SURFACE ( 'NONE', #6376, 0.7999999999999999334 ) ;
#3264 = EDGE_LOOP ( 'NONE', ( #7643, #3603, #2163, #5567 ) ) ;
#3265 = VECTOR ( 'NONE', #3597, 1000.000000000000000 ) ;
#3266 = VERTEX_POINT ( 'NONE', #7893 ) ;
#3267 = CIRCLE ( 'NONE', #8284, 0.7500000000000006661 ) ;
#3268 = EDGE_LOOP ( 'NONE', ( #2711, #145, #3613, #2913 ) ) ;
#3269 = FACE_OUTER_BOUND ( 'NONE', #2973, .T. ) ;
#3270 = PLANE ( 'NONE',  #7682 ) ;
#3271 = FACE_OUTER_BOUND ( 'NONE', #9101, .T. ) ;
#3272 = AXIS2_PLACEMENT_3D ( 'NONE', #7376, #1652, #2479 ) ;
#3273 = CARTESIAN_POINT ( 'NONE',  ( -4.200000000000000178, -54.20000000000000284, -4.349999999999999645 ) ) ;
#3274 = PLANE ( 'NONE',  #1908 ) ;
#3275 = FACE_OUTER_BOUND ( 'NONE', #3165, .T. ) ;
#3276 = AXIS2_PLACEMENT_3D ( 'NONE', #393, #5107, #7921 ) ;
#3277 = ADVANCED_FACE ( 'NONE', ( #2306 ), #8035, .F. ) ;
#3278 = ORIENTED_EDGE ( 'NONE', *, *, #8243, .T. ) ;
#3279 = EDGE_CURVE ( 'NONE', #6884, #790, #231, .T. ) ;
#3280 = ORIENTED_EDGE ( 'NONE', *, *, #5612, .F. ) ;
#3281 = VECTOR ( 'NONE', #1224, 1000.000000000000114 ) ;
#3282 = VECTOR ( 'NONE', #8951, 1000.000000000000000 ) ;
#3283 = LINE ( 'NONE', #8822, #1235 ) ;
#3284 = CARTESIAN_POINT ( 'NONE',  ( 23.30000000000000071, -5.000000000000000000, 13.00000000000000000 ) ) ;
#3285 = AXIS2_PLACEMENT_3D ( 'NONE', #3468, #6279, #4944 ) ;
#3287 = CARTESIAN_POINT ( 'NONE',  ( 15.06066734074823010, -64.98220424671384876, -6.349999999999999645 ) ) ;
#3286 = VECTOR ( 'NONE', #1706, 1000.000000000000000 ) ;
#3288 = EDGE_LOOP ( 'NONE', ( #3048, #8692, #8501, #5868 ) ) ;
#3289 = AXIS2_PLACEMENT_3D ( 'NONE', #1717, #6507, #3009 ) ;
#3290 = EDGE_CURVE ( 'NONE', #9042, #2173, #3085, .T. ) ;
#3291 = CARTESIAN_POINT ( 'NONE',  ( 26.85136501516683438, -69.45338725985843098, -6.049999999999999822 ) ) ;
#3292 = ORIENTED_EDGE ( 'NONE', *, *, #1677, .F. ) ;
#3293 = EDGE_CURVE ( 'NONE', #3254, #7306, #1708, .T. ) ;
#3294 = ORIENTED_EDGE ( 'NONE', *, *, #2504, .T. ) ;
#3295 = EDGE_CURVE ( 'NONE', #4391, #5589, #3604, .T. ) ;
#3296 = VECTOR ( 'NONE', #1502, 1000.000000000000000 ) ;
#3297 = CIRCLE ( 'NONE', #2702, 0.7999999999999999334 ) ;
#3298 = AXIS2_PLACEMENT_3D ( 'NONE', #7365, #3035, #5845 ) ;
#3299 = CARTESIAN_POINT ( 'NONE',  ( 20.98584428715874495, -68.51439164138859894, -6.349999999999999645 ) ) ;
#3300 = FACE_OUTER_BOUND ( 'NONE', #3999, .T. ) ;
#3301 = CARTESIAN_POINT ( 'NONE',  ( 23.80000000000000071, -5.000000000000000000, 13.00000000000000000 ) ) ;
#3302 = CARTESIAN_POINT ( 'NONE',  ( 18.67644084934277160, -61.87603640040444475, -6.049999999999999822 ) ) ;
#3303 = CARTESIAN_POINT ( 'NONE',  ( 12.17290192113245695, -66.88715874620828572, -6.349999999999999645 ) ) ;
#3304 = ORIENTED_EDGE ( 'NONE', *, *, #8275, .F. ) ;
#3306 = CARTESIAN_POINT ( 'NONE',  ( 16.38456353218739281, -64.11398719245029554, -6.049999999999999822 ) ) ;
#3305 = VECTOR ( 'NONE', #5415, 1000.000000000000000 ) ;
#3307 = ORIENTED_EDGE ( 'NONE', *, *, #6724, .T. ) ;
#3308 = VECTOR ( 'NONE', #188, 1000.000000000000114 ) ;
#3309 = EDGE_CURVE ( 'NONE', #6529, #8497, #6454, .T. ) ;
#3310 = DIRECTION ( 'NONE',  ( 0.000000000000000000, 0.000000000000000000, -1.000000000000000000 ) ) ;
#3311 = PLANE ( 'NONE',  #4611 ) ;
#3312 = DIRECTION ( 'NONE',  ( -0.1838260591562008717, -0.9829587885435995265, 0.000000000000000000 ) ) ;
#3313 = DIRECTION ( 'NONE',  ( 0.1670542620124292332, 0.9859477032497629967, 0.000000000000000000 ) ) ;
#3314 = ORIENTED_EDGE ( 'NONE', *, *, #6608, .F. ) ;
#3315 = ORIENTED_EDGE ( 'NONE', *, *, #16, .T. ) ;
#3316 = VERTEX_POINT ( 'NONE', #8533 ) ;
#3317 = ADVANCED_FACE ( 'NONE', ( #90 ), #873, .T. ) ;
#3318 = EDGE_CURVE ( 'NONE', #2205, #137, #7012, .T. ) ;
#3319 = DIRECTION ( 'NONE',  ( -0.000000000000000000, 1.000000000000000000, -0.000000000000000000 ) ) ;
#3320 = DIRECTION ( 'NONE',  ( -0.5812381937191468673, 0.8137334712066988107, 0.000000000000000000 ) ) ;
#3321 = DIRECTION ( 'NONE',  ( -0.7761140001162727398, 0.6305926250944569045, 0.000000000000000000 ) ) ;
#3322 = CARTESIAN_POINT ( 'NONE',  ( 18.67644084934277160, -68.33104145601616608, -6.349999999999999645 ) ) ;
#3323 = LINE ( 'NONE', #2062, #1453 ) ;
#3324 = CARTESIAN_POINT ( 'NONE',  ( 6.189079878665317835, -64.44428715874620650, -6.049999999999999822 ) ) ;
#3325 = ORIENTED_EDGE ( 'NONE', *, *, #5169, .T. ) ;
#3326 = EDGE_LOOP ( 'NONE', ( #8650, #6963, #8150, #7113 ) ) ;
#3327 = DIRECTION ( 'NONE',  ( 1.000000000000000000, 0.000000000000000000, -0.000000000000000000 ) ) ;
#3328 = CARTESIAN_POINT ( 'NONE',  ( 20.54499494438827156, -58.81840242669362340, -6.349999999999999645 ) ) ;
#3329 = ADVANCED_FACE ( 'NONE', ( #2903 ), #5722, .F. ) ;
#3330 = PLANE ( 'NONE',  #1081 ) ;
#3331 = DIRECTION ( 'NONE',  ( 0.8904346821960809066, -0.4551110597891072085, 0.000000000000000000 ) ) ;
#3332 = EDGE_LOOP ( 'NONE', ( #2698, #2649, #2639, #1542 ) ) ;
#3333 = LINE ( 'NONE', #3291, #6982 ) ;
#3334 = EDGE_LOOP ( 'NONE', ( #5997, #5062, #5367, #1297 ) ) ;
#3335 = ORIENTED_EDGE ( 'NONE', *, *, #3733, .T. ) ;
#3336 = EDGE_CURVE ( 'NONE', #3245, #5939, #1423, .T. ) ;
#3337 = DIRECTION ( 'NONE',  ( -0.000000000000000000, 1.000000000000000000, -0.000000000000000000 ) ) ;
#3338 = CARTESIAN_POINT ( 'NONE',  ( 20.89686552072800652, -70.51506572295247111, -6.049999999999999822 ) ) ;
#3339 = EDGE_CURVE ( 'NONE', #5038, #7357, #5455, .T. ) ;
#3340 = CARTESIAN_POINT ( 'NONE',  ( 18.75193798449612359, -68.70852713178295801, -6.049999999999999822 ) ) ;
#3341 = CARTESIAN_POINT ( 'NONE',  ( 30.50000000000000000, 0.5000000000000000000, 13.00000000000000178 ) ) ;
#3342 = FACE_OUTER_BOUND ( 'NONE', #4553, .T. ) ;
#3343 = ORIENTED_EDGE ( 'NONE', *, *, #2415, .F. ) ;
#3344 = CARTESIAN_POINT ( 'NONE',  ( 19.98955173576002764, -69.00377485675765854, -6.049999999999999822 ) ) ;
#3345 = VERTEX_POINT ( 'NONE', #8446 ) ;
#3346 = EDGE_CURVE ( 'NONE', #4057, #5080, #7153, .T. ) ;
#3347 = LINE ( 'NONE', #8336, #747 ) ;
#3348 = EDGE_CURVE ( 'NONE', #5578, #1761, #4428, .T. ) ;
#3349 = DIRECTION ( 'NONE',  ( 0.000000000000000000, 0.000000000000000000, 1.000000000000000000 ) ) ;
#3350 = DIRECTION ( 'NONE',  ( 0.000000000000000000, 0.000000000000000000, -1.000000000000000000 ) ) ;
#3351 = PLANE ( 'NONE',  #1229 ) ;
#3352 = ORIENTED_EDGE ( 'NONE', *, *, #1961, .F. ) ;
#3353 = VERTEX_POINT ( 'NONE', #6502 ) ;
#3354 = ORIENTED_EDGE ( 'NONE', *, *, #7063, .T. ) ;
#3355 = CARTESIAN_POINT ( 'NONE',  ( 17.02628918099090072, -59.71627906976743816, -6.049999999999999822 ) ) ;
#3356 = PLANE ( 'NONE',  #6070 ) ;
#3357 = CARTESIAN_POINT ( 'NONE',  ( 23.95146612740141734, -67.97917087967643113, -6.049999999999999822 ) ) ;
#3358 = LINE ( 'NONE', #6172, #4595 ) ;
#3359 = CARTESIAN_POINT ( 'NONE',  ( 14.59959555106167883, -65.40990899898886823, -6.049999999999999822 ) ) ;
#3360 = CARTESIAN_POINT ( 'NONE',  ( 3.424165824064710595, -66.02736771149308481, -6.049999999999999822 ) ) ;
#3361 = ADVANCED_FACE ( 'NONE', ( #8584 ), #3646, .F. ) ;
#3362 = EDGE_CURVE ( 'NONE', #2289, #7315, #891, .T. ) ;
#3363 = SURFACE_STYLE_FILL_AREA ( #3976 ) ;
#3364 = ORIENTED_EDGE ( 'NONE', *, *, #3820, .T. ) ;
#3365 = ORIENTED_EDGE ( 'NONE', *, *, #6617, .F. ) ;
#3366 = CARTESIAN_POINT ( 'NONE',  ( 14.15739804516346645, -66.12409841590832116, -6.049999999999999822 ) ) ;
#3367 = LINE ( 'NONE', #6365, #9031 ) ;
#3368 = CARTESIAN_POINT ( 'NONE',  ( 3.788675429726996668, -68.42810920121334561, -6.049999999999999822 ) ) ;
#3369 = LINE ( 'NONE', #1943, #933 ) ;
#3370 = ORIENTED_EDGE ( 'NONE', *, *, #8556, .F. ) ;
#3371 = CARTESIAN_POINT ( 'NONE',  ( -0.5000000000000000000, 0.5000000000000000000, 13.00000000000000178 ) ) ;
#3372 = CIRCLE ( 'NONE', #5892, 0.7500000000000006661 ) ;
#3373 = ORIENTED_EDGE ( 'NONE', *, *, #2175, .T. ) ;
#3374 = VECTOR ( 'NONE', #5441, 1000.000000000000114 ) ;
#3375 = ORIENTED_EDGE ( 'NONE', *, *, #4189, .T. ) ;
#3376 = ORIENTED_EDGE ( 'NONE', *, *, #5121, .T. ) ;
#3377 = CARTESIAN_POINT ( 'NONE',  ( 11.25000000000000000, -38.00000000000000000, 13.00000000000000000 ) ) ;
#3378 = DIRECTION ( 'NONE',  ( 0.1626191042782905438, 0.9866889210504627972, 0.000000000000000000 ) ) ;
#3379 = CARTESIAN_POINT ( 'NONE',  ( 11.54465790360633548, -68.18611391978429026, -6.349999999999999645 ) ) ;
#3380 = AXIS2_PLACEMENT_3D ( 'NONE', #1200, #7480, #4798 ) ;
#3381 = DIRECTION ( 'NONE',  ( 0.1726525487150487037, 0.9849827904193035888, 0.000000000000000000 ) ) ;
#3382 = FACE_OUTER_BOUND ( 'NONE', #2286, .T. ) ;
#3383 = ORIENTED_EDGE ( 'NONE', *, *, #7149, .F. ) ;
#3384 = CARTESIAN_POINT ( 'NONE',  ( 5.833164812942365884, -62.14297269969665649, -6.349999999999999645 ) ) ;
#3385 = ORIENTED_EDGE ( 'NONE', *, *, #4370, .F. ) ;
#3386 = EDGE_CURVE ( 'NONE', #3174, #1121, #3005, .T. ) ;
#3387 = EDGE_CURVE ( 'NONE', #5587, #3266, #1777, .T. ) ;
#3388 = VECTOR ( 'NONE', #8384, 1000.000000000000000 ) ;
#3389 = DIRECTION ( 'NONE',  ( -0.5003250487184213169, 0.8658376554671836089, 0.000000000000000000 ) ) ;
#3390 = CARTESIAN_POINT ( 'NONE',  ( 18.69531513313111049, -68.53865857768789738, -6.349999999999999645 ) ) ;
#3391 = CARTESIAN_POINT ( 'NONE',  ( 10.48179979777552973, -64.68796764408493516, -6.049999999999999822 ) ) ;
#3392 = SHAPE_DEFINITION_REPRESENTATION ( #5609, #2592 ) ;
#3393 = AXIS2_PLACEMENT_3D ( 'NONE', #7679, #8514, #5660 ) ;
#3394 = DIRECTION ( 'NONE',  ( -0.9090892628571120015, 0.4166013828084501602, 0.000000000000000000 ) ) ;
#3395 = ORIENTED_EDGE ( 'NONE', *, *, #1854, .F. ) ;
#3396 = ORIENTED_EDGE ( 'NONE', *, *, #3463, .F. ) ;
#3397 = ADVANCED_FACE ( 'NONE', ( #4981 ), #8634, .T. ) ;
#3398 = VECTOR ( 'NONE', #240, 1000.000000000000114 ) ;
#3399 = EDGE_LOOP ( 'NONE', ( #4513, #6489, #5444, #8171 ) ) ;
#3400 = EDGE_CURVE ( 'NONE', #7683, #8499, #1475, .T. ) ;
#3401 = VECTOR ( 'NONE', #3430, 1000.000000000000114 ) ;
#3402 = CARTESIAN_POINT ( 'NONE',  ( 27.26693629929221530, -68.76784630940343845, -6.049999999999999822 ) ) ;
#3403 = DIRECTION ( 'NONE',  ( 0.000000000000000000, 0.000000000000000000, 1.000000000000000000 ) ) ;
#3404 = FACE_OUTER_BOUND ( 'NONE', #830, .T. ) ;
#3405 = FACE_OUTER_BOUND ( 'NONE', #7944, .T. ) ;
#3406 = CARTESIAN_POINT ( 'NONE',  ( 25.71385237613751329, -65.49180990899898802, -6.049999999999999822 ) ) ;
#3407 = ADVANCED_FACE ( 'NONE', ( #3502 ), #6312, .F. ) ;
#3408 = CARTESIAN_POINT ( 'NONE',  ( 18.67644084934277160, -61.87603640040444475, -6.349999999999999645 ) ) ;
#3409 = VECTOR ( 'NONE', #2405, 1000.000000000000000 ) ;
#3410 = VECTOR ( 'NONE', #8305, 1000.000000000000000 ) ;
#3411 = DIRECTION ( 'NONE',  ( -0.8014002650527352056, 0.5981284269898945460, 0.000000000000000000 ) ) ;
#3412 = ORIENTED_EDGE ( 'NONE', *, *, #1788, .F. ) ;
#3413 = VERTEX_POINT ( 'NONE', #3547 ) ;
#3414 = AXIS2_PLACEMENT_3D ( 'NONE', #2889, #4226, #6342 ) ;
#3415 = EDGE_CURVE ( 'NONE', #5734, #2173, #8490, .T. ) ;
#3416 = EDGE_CURVE ( 'NONE', #6917, #7992, #741, .T. ) ;
#3417 = AXIS2_PLACEMENT_3D ( 'NONE', #1802, #8547, #8121 ) ;
#3418 = CARTESIAN_POINT ( 'NONE',  ( 20.59622514324233222, -68.98355240984157888, -6.049999999999999822 ) ) ;
#3419 = ORIENTED_EDGE ( 'NONE', *, *, #5105, .T. ) ;
#3420 = CARTESIAN_POINT ( 'NONE',  ( 18.67644084934277160, -65.49180990899898802, -6.349999999999999645 ) ) ;
#3421 = CARTESIAN_POINT ( 'NONE',  ( 22.80000000000000071, 0.5000000000000000000, -3.474999999999999645 ) ) ;
#3422 = LINE ( 'NONE', #6236, #5644 ) ;
#3423 = EDGE_LOOP ( 'NONE', ( #7719, #3654, #1327, #842 ) ) ;
#3424 = DIRECTION ( 'NONE',  ( -0.3591573486493885303, 0.9332770215274462933, 0.000000000000000000 ) ) ;
#3425 = VECTOR ( 'NONE', #5921, 1000.000000000000227 ) ;
#3426 = ORIENTED_EDGE ( 'NONE', *, *, #5143, .T. ) ;
#3427 = VECTOR ( 'NONE', #8290, 1000.000000000000000 ) ;
#3428 = ORIENTED_EDGE ( 'NONE', *, *, #5970, .F. ) ;
#3429 = EDGE_CURVE ( 'NONE', #2770, #6411, #1184, .T. ) ;
#3430 = DIRECTION ( 'NONE',  ( 0.4925617505404687457, -0.8702774970688998968, 0.000000000000000000 ) ) ;
#3431 = AXIS2_PLACEMENT_3D ( 'NONE', #4892, #696, #8496 ) ;
#3432 = AXIS2_PLACEMENT_3D ( 'NONE', #1282, #2060, #5571 ) ;
#3433 = CARTESIAN_POINT ( 'NONE',  ( 21.13784967981125718, -69.13825412874957976, -6.049999999999999822 ) ) ;
#3434 = CARTESIAN_POINT ( 'NONE',  ( 17.25000000000000000, -41.00000000000000000, 13.00000000000000000 ) ) ;
#3435 = VECTOR ( 'NONE', #8050, 1000.000000000000227 ) ;
#3436 = CARTESIAN_POINT ( 'NONE',  ( 13.51836872261543654, -60.96332996292550632, -6.049999999999999822 ) ) ;
#3437 = CARTESIAN_POINT ( 'NONE',  ( 5.895348837209302140, -65.15510616784629860, -6.349999999999999645 ) ) ;
#3438 = ORIENTED_EDGE ( 'NONE', *, *, #7587, .F. ) ;
#3439 = LINE ( 'NONE', #6252, #6684 ) ;
#3440 = VERTEX_POINT ( 'NONE', #410 ) ;
#3441 = CIRCLE ( 'NONE', #785, 0.7500000000000006661 ) ;
#3442 = CIRCLE ( 'NONE', #4915, 0.8000000000000020428 ) ;
#3443 = DIRECTION ( 'NONE',  ( -0.000000000000000000, -0.000000000000000000, 1.000000000000000000 ) ) ;
#3444 = DIRECTION ( 'NONE',  ( -0.000000000000000000, -0.000000000000000000, 1.000000000000000000 ) ) ;
#3445 = VECTOR ( 'NONE', #3624, 1000.000000000000000 ) ;
#3446 = LINE ( 'NONE', #2575, #6073 ) ;
#3447 = EDGE_CURVE ( 'NONE', #4220, #6621, #2365, .T. ) ;
#3448 = VECTOR ( 'NONE', #4218, 1000.000000000000114 ) ;
#3449 = DIRECTION ( 'NONE',  ( 0.000000000000000000, -0.000000000000000000, 1.000000000000000000 ) ) ;
#3450 = EDGE_LOOP ( 'NONE', ( #8688, #699, #3908, #2790 ) ) ;
#3451 = ORIENTED_EDGE ( 'NONE', *, *, #6639, .F. ) ;
#3452 = ORIENTED_EDGE ( 'NONE', *, *, #8351, .T. ) ;
#3453 = CARTESIAN_POINT ( 'NONE',  ( 21.04246713852376161, -66.94782608695651049, -6.349999999999999645 ) ) ;
#3454 = DIRECTION ( 'NONE',  ( 0.000000000000000000, 0.000000000000000000, -1.000000000000000000 ) ) ;
#3455 = FACE_OUTER_BOUND ( 'NONE', #4033, .T. ) ;
#3456 = EDGE_CURVE ( 'NONE', #1137, #5734, #7985, .T. ) ;
#3457 = DIRECTION ( 'NONE',  ( 0.9688027044775664454, 0.2478332499826305935, 0.000000000000000000 ) ) ;
#3458 = DIRECTION ( 'NONE',  ( 0.6837016954685850578, 0.7297615991633035204, 0.000000000000000000 ) ) ;
#3459 = EDGE_CURVE ( 'NONE', #5353, #5508, #6555, .T. ) ;
#3460 = CARTESIAN_POINT ( 'NONE',  ( 25.30000000000000071, -7.000000000000000000, 13.00000000000000000 ) ) ;
#3461 = ORIENTED_EDGE ( 'NONE', *, *, #1204, .T. ) ;
#3462 = ORIENTED_EDGE ( 'NONE', *, *, #5850, .F. ) ;
#3463 = EDGE_CURVE ( 'NONE', #1846, #580, #5304, .T. ) ;
#3464 = CARTESIAN_POINT ( 'NONE',  ( 34.20000000000000284, -54.20000000000000284, -4.349999999999999645 ) ) ;
#3465 = ORIENTED_EDGE ( 'NONE', *, *, #4643, .T. ) ;
#3466 = CARTESIAN_POINT ( 'NONE',  ( 9.000000000000001776, -32.00000000000000000, 13.00000000000000000 ) ) ;
#3467 = DIRECTION ( 'NONE',  ( 0.8126997945612389751, -0.5826826270965351773, 0.000000000000000000 ) ) ;
#3468 = CARTESIAN_POINT ( 'NONE',  ( 8.314459049544995040, -70.59999999999999432, -6.049999999999999822 ) ) ;
#3469 = ORIENTED_EDGE ( 'NONE', *, *, #1383, .T. ) ;
#3470 = PLANE ( 'NONE',  #8311 ) ;
#3471 = ORIENTED_EDGE ( 'NONE', *, *, #8764, .T. ) ;
#3472 = VERTEX_POINT ( 'NONE', #372 ) ;
#3473 = ORIENTED_EDGE ( 'NONE', *, *, #1055, .T. ) ;
#3474 = CARTESIAN_POINT ( 'NONE',  ( 25.80000000000000071, -5.000000000000000000, 13.00000000000000000 ) ) ;
#3475 = CARTESIAN_POINT ( 'NONE',  ( 15.00000000000000000, -35.00000000000000000, 15.00000000000000000 ) ) ;
#3476 = DIRECTION ( 'NONE',  ( 1.000000000000000000, 0.000000000000000000, 0.000000000000000000 ) ) ;
#3477 = CARTESIAN_POINT ( 'NONE',  ( 22.80000000000000071, -7.000000000000000000, 13.00000000000000000 ) ) ;
#3478 = CARTESIAN_POINT ( 'NONE',  ( 18.69531513313111049, -68.53865857768789738, -6.049999999999999822 ) ) ;
#3479 = ORIENTED_EDGE ( 'NONE', *, *, #802, .T. ) ;
#3480 = LINE ( 'NONE', #156, #3445 ) ;
#3481 = EDGE_CURVE ( 'NONE', #8841, #895, #3137, .T. ) ;
#3482 = VERTEX_POINT ( 'NONE', #5998 ) ;
#3483 = ADVANCED_FACE ( 'NONE', ( #1112 ), #1801, .T. ) ;
#3484 = DIRECTION ( 'NONE',  ( 1.000000000000000000, 0.000000000000000000, 0.000000000000000000 ) ) ;
#3485 = FACE_BOUND ( 'NONE', #784, .T. ) ;
#3486 = VERTEX_POINT ( 'NONE', #3223 ) ;
#3487 = CARTESIAN_POINT ( 'NONE',  ( 24.93528816986855645, -69.96838557465453334, -6.049999999999999822 ) ) ;
#3488 = CARTESIAN_POINT ( 'NONE',  ( -0.5000000000000000000, -50.50000000000000000, 13.00000000000000178 ) ) ;
#3489 = ORIENTED_EDGE ( 'NONE', *, *, #4556, .T. ) ;
#3490 = VERTEX_POINT ( 'NONE', #2446 ) ;
#3491 = ORIENTED_EDGE ( 'NONE', *, *, #3939, .F. ) ;
#3492 = CARTESIAN_POINT ( 'NONE',  ( 3.611054937647454111, -68.12072800808897455, -6.049999999999999822 ) ) ;
#3493 = CARTESIAN_POINT ( 'NONE',  ( 12.01516683518705797, -61.50208965284798523, -6.349999999999999645 ) ) ;
#3494 = DIRECTION ( 'NONE',  ( 1.000000000000000000, 0.000000000000000000, 0.000000000000000000 ) ) ;
#3495 = CARTESIAN_POINT ( 'NONE',  ( -0.5000000000000000000, 0.5000000000000000000, -3.474999999999998757 ) ) ;
#3496 = LINE ( 'NONE', #7609, #2194 ) ;
#3497 = CARTESIAN_POINT ( 'NONE',  ( 24.06370070778564241, -63.67178968655207427, -6.349999999999999645 ) ) ;
#3498 = VERTEX_POINT ( 'NONE', #6642 ) ;
#3499 = ORIENTED_EDGE ( 'NONE', *, *, #8202, .F. ) ;
#3500 = EDGE_CURVE ( 'NONE', #7192, #2230, #4524, .T. ) ;
#3501 = EDGE_CURVE ( 'NONE', #1288, #5587, #2400, .T. ) ;
#3502 = FACE_OUTER_BOUND ( 'NONE', #6444, .T. ) ;
#3503 = CARTESIAN_POINT ( 'NONE',  ( 6.712841253791708596, -62.89524772497472327, -6.049999999999999822 ) ) ;
#3504 = VERTEX_POINT ( 'NONE', #3185 ) ;
#3505 = CARTESIAN_POINT ( 'NONE',  ( 14.73980451634647970, -64.63606336366699168, -6.049999999999999822 ) ) ;
#3506 = DIRECTION ( 'NONE',  ( -0.9979131251885896559, -0.06457084927691519871, 0.000000000000000000 ) ) ;
#3507 = DIRECTION ( 'NONE',  ( -0.000000000000000000, 1.000000000000000000, 0.000000000000000000 ) ) ;
#3508 = ORIENTED_EDGE ( 'NONE', *, *, #5659, .T. ) ;
#3509 = CARTESIAN_POINT ( 'NONE',  ( 14.81799797775530791, -64.24206268958543831, -6.349999999999999645 ) ) ;
#3510 = ORIENTED_EDGE ( 'NONE', *, *, #1760, .F. ) ;
#3511 = EDGE_LOOP ( 'NONE', ( #5832, #3304, #5467, #1228 ) ) ;
#3512 = ORIENTED_EDGE ( 'NONE', *, *, #6123, .T. ) ;
#3513 = EDGE_CURVE ( 'NONE', #1761, #5578, #152, .T. ) ;
#3514 = ORIENTED_EDGE ( 'NONE', *, *, #6731, .T. ) ;
#3515 = EDGE_CURVE ( 'NONE', #3486, #720, #6925, .T. ) ;
#3516 = LINE ( 'NONE', #3563, #4591 ) ;
#3517 = CARTESIAN_POINT ( 'NONE',  ( 16.67846309403437743, -66.18965284799460846, -6.049999999999999822 ) ) ;
#3518 = LINE ( 'NONE', #9098, #2837 ) ;
#3519 = CARTESIAN_POINT ( 'NONE',  ( 17.25000000000000000, -35.00000000000000000, 15.00000000000000000 ) ) ;
#3520 = LINE ( 'NONE', #3478, #1212 ) ;
#3521 = ORIENTED_EDGE ( 'NONE', *, *, #4707, .T. ) ;
#3522 = ORIENTED_EDGE ( 'NONE', *, *, #6866, .T. ) ;
#3523 = PLANE ( 'NONE',  #2118 ) ;
#3524 = ORIENTED_EDGE ( 'NONE', *, *, #3387, .T. ) ;
#3525 = VECTOR ( 'NONE', #7838, 1000.000000000000114 ) ;
#3526 = VECTOR ( 'NONE', #7387, 1000.000000000000000 ) ;
#3527 = DIRECTION ( 'NONE',  ( -0.6630352452961900678, -0.7485881801731986140, 0.000000000000000000 ) ) ;
#3528 = ADVANCED_FACE ( 'NONE', ( #1060 ), #3881, .F. ) ;
#3529 = ADVANCED_FACE ( 'NONE', ( #234 ), #4429, .T. ) ;
#3530 = CARTESIAN_POINT ( 'NONE',  ( 21.04246713852376161, -66.94782608695651049, -6.049999999999999822 ) ) ;
#3531 = ORIENTED_EDGE ( 'NONE', *, *, #7130, .F. ) ;
#3532 = DIRECTION ( 'NONE',  ( 0.000000000000000000, 0.000000000000000000, 1.000000000000000000 ) ) ;
#3533 = LINE ( 'NONE', #8477, #2844 ) ;
#3534 = ORIENTED_EDGE ( 'NONE', *, *, #6160, .F. ) ;
#3535 = VECTOR ( 'NONE', #273, 1000.000000000000000 ) ;
#3536 = VERTEX_POINT ( 'NONE', #6694 ) ;
#3537 = CYLINDRICAL_SURFACE ( 'NONE', #6647, 0.7500000000000006661 ) ;
#3538 = DIRECTION ( 'NONE',  ( 0.000000000000000000, 0.000000000000000000, -1.000000000000000000 ) ) ;
#3539 = AXIS2_PLACEMENT_3D ( 'NONE', #1280, #7562, #6134 ) ;
#3540 = FACE_BOUND ( 'NONE', #1392, .T. ) ;
#3541 = LINE ( 'NONE', #7837, #6066 ) ;
#3542 = LINE ( 'NONE', #4422, #7803 ) ;
#3543 = DIRECTION ( 'NONE',  ( -0.5224061077344072102, -0.8526968151704255039, -0.000000000000000000 ) ) ;
#3544 = ORIENTED_EDGE ( 'NONE', *, *, #7979, .F. ) ;
#3545 = CIRCLE ( 'NONE', #3393, 0.5000000000000004441 ) ;
#3546 = ORIENTED_EDGE ( 'NONE', *, *, #8258, .T. ) ;
#3547 = CARTESIAN_POINT ( 'NONE',  ( 34.20000000000000284, -54.20000000000000284, -6.349999999999999645 ) ) ;
#3548 = PLANE ( 'NONE',  #4465 ) ;
#3549 = VECTOR ( 'NONE', #5440, 1000.000000000000000 ) ;
#3550 = VERTEX_POINT ( 'NONE', #7243 ) ;
#3551 = CARTESIAN_POINT ( 'NONE',  ( -1.200000000000000178, -52.00000000000000711, -4.349999999999999645 ) ) ;
#3552 = CARTESIAN_POINT ( 'NONE',  ( 18.84630940343781802, -70.51506572295247111, -6.049999999999999822 ) ) ;
#3553 = AXIS2_PLACEMENT_3D ( 'NONE', #2977, #7919, #298 ) ;
#3554 = EDGE_CURVE ( 'NONE', #6401, #849, #6596, .T. ) ;
#3555 = CARTESIAN_POINT ( 'NONE',  ( 4.555443208628242147, -67.51304347826086882, -6.349999999999999645 ) ) ;
#3556 = ORIENTED_EDGE ( 'NONE', *, *, #6983, .F. ) ;
#3557 = EDGE_CURVE ( 'NONE', #5977, #3610, #8038, .T. ) ;
#3558 = LINE ( 'NONE', #5036, #5327 ) ;
#3559 = VERTEX_POINT ( 'NONE', #8906 ) ;
#3560 = ORIENTED_EDGE ( 'NONE', *, *, #2893, .F. ) ;
#3561 = VECTOR ( 'NONE', #904, 1000.000000000000114 ) ;
#3562 = CIRCLE ( 'NONE', #7544, 0.7999999999999999334 ) ;
#3563 = CARTESIAN_POINT ( 'NONE',  ( 18.67644084934277160, -62.94378159757329882, -6.049999999999999822 ) ) ;
#3564 = CARTESIAN_POINT ( 'NONE',  ( -2.000000000000000000, 2.000000000000000000, 1.650000000000000355 ) ) ;
#3565 = EDGE_CURVE ( 'NONE', #5547, #8841, #6215, .T. ) ;
#3566 = CARTESIAN_POINT ( 'NONE',  ( 3.948769801145937119, -68.25722952477251226, -6.049999999999999822 ) ) ;
#3567 = EDGE_CURVE ( 'NONE', #1187, #2819, #2662, .T. ) ;
#3568 = AXIS2_PLACEMENT_3D ( 'NONE', #5875, #7263, #8738 ) ;
#3569 = PLANE ( 'NONE',  #3012 ) ;
#3570 = DIRECTION ( 'NONE',  ( 1.000000000000000000, 0.000000000000000000, 0.000000000000000000 ) ) ;
#3571 = ORIENTED_EDGE ( 'NONE', *, *, #3161, .F. ) ;
#3572 = EDGE_LOOP ( 'NONE', ( #4960, #2700, #7741, #8335 ) ) ;
#3573 = EDGE_CURVE ( 'NONE', #2710, #894, #1242, .T. ) ;
#3574 = VECTOR ( 'NONE', #3629, 1000.000000000000000 ) ;
#3575 = DIRECTION ( 'NONE',  ( 0.7676877484551137831, -0.6408240951087262882, 0.000000000000000000 ) ) ;
#3576 = EDGE_LOOP ( 'NONE', ( #6167, #4067, #8065, #7510 ) ) ;
#3577 = EDGE_CURVE ( 'NONE', #8870, #3316, #2015, .T. ) ;
#3578 = CIRCLE ( 'NONE', #8735, 0.7500000000000006661 ) ;
#3579 = VECTOR ( 'NONE', #1583, 1000.000000000000000 ) ;
#3580 = DIRECTION ( 'NONE',  ( 0.9593512567182799211, -0.2822147519763219536, 0.000000000000000000 ) ) ;
#3581 = LINE ( 'NONE', #3670, #7691 ) ;
#3582 = EDGE_LOOP ( 'NONE', ( #8966, #1434, #1340, #1411 ) ) ;
#3583 = CARTESIAN_POINT ( 'NONE',  ( 27.13447927199191412, -68.96804853387259016, -6.049999999999999822 ) ) ;
#3584 = CARTESIAN_POINT ( 'NONE',  ( 15.68351870576339557, -65.47630603302998509, -6.349999999999999645 ) ) ;
#3586 = DIRECTION ( 'NONE',  ( 0.000000000000000000, 0.000000000000000000, 1.000000000000000000 ) ) ;
#3585 = AXIS2_PLACEMENT_3D ( 'NONE', #1002, #3817, #2435 ) ;
#3587 = VERTEX_POINT ( 'NONE', #3453 ) ;
#3588 = AXIS2_PLACEMENT_3D ( 'NONE', #3475, #6286, #9097 ) ;
#3589 = VECTOR ( 'NONE', #3506, 1000.000000000000114 ) ;
#3590 = ADVANCED_FACE ( 'NONE', ( #3269 ), #1150, .T. ) ;
#3591 = EDGE_LOOP ( 'NONE', ( #1401, #665, #7675, #2609 ) ) ;
#3592 = CARTESIAN_POINT ( 'NONE',  ( 22.80000000000000071, -5.000000000000000000, 15.00000000000000000 ) ) ;
#3593 = AXIS2_PLACEMENT_3D ( 'NONE', #7461, #8066, #4650 ) ;
#3595 = CARTESIAN_POINT ( 'NONE',  ( 13.62891809908999008, -65.23700707785641839, -6.349999999999999645 ) ) ;
#3594 = VECTOR ( 'NONE', #4123, 1000.000000000000000 ) ;
#3596 = FACE_BOUND ( 'NONE', #2906, .T. ) ;
#3597 = DIRECTION ( 'NONE',  ( 0.000000000000000000, 0.000000000000000000, -1.000000000000000000 ) ) ;
#3598 = PLANE ( 'NONE',  #7059 ) ;
#3599 = LINE ( 'NONE', #4148, #6776 ) ;
#3601 = ORIENTED_EDGE ( 'NONE', *, *, #2581, .F. ) ;
#3600 = EDGE_CURVE ( 'NONE', #6212, #7525, #5529, .T. ) ;
#3602 = EDGE_CURVE ( 'NONE', #5050, #1318, #5166, .T. ) ;
#3603 = ORIENTED_EDGE ( 'NONE', *, *, #1564, .F. ) ;
#3604 = LINE ( 'NONE', #1522, #2644 ) ;
#3605 = DIRECTION ( 'NONE',  ( 0.000000000000000000, 0.000000000000000000, -1.000000000000000000 ) ) ;
#3606 = VERTEX_POINT ( 'NONE', #8212 ) ;
#3607 = CYLINDRICAL_SURFACE ( 'NONE', #2497, 0.7500000000000006661 ) ;
#3608 = CARTESIAN_POINT ( 'NONE',  ( 10.11627906976744207, -67.03276036400403370, -6.349999999999999645 ) ) ;
#3609 = CARTESIAN_POINT ( 'NONE',  ( 34.20000000000000284, -54.20000000000000284, -6.349999999999999645 ) ) ;
#3610 = VERTEX_POINT ( 'NONE', #8344 ) ;
#3611 = LINE ( 'NONE', #6320, #5756 ) ;
#3612 = VERTEX_POINT ( 'NONE', #7644 ) ;
#3613 = ORIENTED_EDGE ( 'NONE', *, *, #5540, .T. ) ;
#3614 = ORIENTED_EDGE ( 'NONE', *, *, #7063, .F. ) ;
#3615 = EDGE_LOOP ( 'NONE', ( #4275, #9103, #6325, #255 ) ) ;
#3616 = EDGE_CURVE ( 'NONE', #7152, #1226, #4723, .T. ) ;
#3617 = CYLINDRICAL_SURFACE ( 'NONE', #8859, 0.7500000000000006661 ) ;
#3618 = CARTESIAN_POINT ( 'NONE',  ( 6.189079878665317835, -64.44428715874620650, -6.349999999999999645 ) ) ;
#3619 = LINE ( 'NONE', #7727, #6372 ) ;
#3620 = CYLINDRICAL_SURFACE ( 'NONE', #2561, 0.7500000000000006661 ) ;
#3621 = LINE ( 'NONE', #2088, #770 ) ;
#3622 = ORIENTED_EDGE ( 'NONE', *, *, #6567, .F. ) ;
#3623 = ORIENTED_EDGE ( 'NONE', *, *, #8201, .F. ) ;
#3624 = DIRECTION ( 'NONE',  ( 0.000000000000000000, -1.000000000000000000, 0.000000000000000000 ) ) ;
#3625 = ORIENTED_EDGE ( 'NONE', *, *, #2152, .F. ) ;
#3626 = EDGE_CURVE ( 'NONE', #2841, #137, #506, .T. ) ;
#3627 = EDGE_CURVE ( 'NONE', #5507, #5558, #4141, .T. ) ;
#3628 = LINE ( 'NONE', #6435, #7983 ) ;
#3629 = DIRECTION ( 'NONE',  ( 1.000000000000000000, 0.000000000000000000, 0.000000000000000000 ) ) ;
#3630 = ADVANCED_FACE ( 'NONE', ( #4701 ), #454, .T. ) ;
#3631 = ORIENTED_EDGE ( 'NONE', *, *, #6735, .F. ) ;
#3632 = CARTESIAN_POINT ( 'NONE',  ( 8.314459049544995040, -68.56157735085945149, -6.049999999999999822 ) ) ;
#3633 = DIRECTION ( 'NONE',  ( -0.6422646925144749330, -0.7664829187589811132, 0.000000000000000000 ) ) ;
#3634 = CARTESIAN_POINT ( 'NONE',  ( 8.250000000000000000, -32.00000000000000000, 15.00000000000000000 ) ) ;
#3635 = ORIENTED_EDGE ( 'NONE', *, *, #1932, .F. ) ;
#3636 = VERTEX_POINT ( 'NONE', #6169 ) ;
#3637 = ADVANCED_FACE ( 'NONE', ( #8982 ), #2619, .F. ) ;
#3638 = DIRECTION ( 'NONE',  ( -0.000000000000000000, -0.000000000000000000, 1.000000000000000000 ) ) ;
#3639 = FACE_OUTER_BOUND ( 'NONE', #5478, .T. ) ;
#3640 = CARTESIAN_POINT ( 'NONE',  ( 14.15739804516346645, -66.12409841590832116, -6.049999999999999822 ) ) ;
#3641 = CARTESIAN_POINT ( 'NONE',  ( 18.67644084934277160, -63.67178968655207427, -6.049999999999999822 ) ) ;
#3642 = DIRECTION ( 'NONE',  ( 0.000000000000000000, 0.000000000000000000, 1.000000000000000000 ) ) ;
#3643 = CARTESIAN_POINT ( 'NONE',  ( 21.42163801820020197, -58.70920121334680886, -6.049999999999999822 ) ) ;
#3644 = ORIENTED_EDGE ( 'NONE', *, *, #1828, .F. ) ;
#3645 = EDGE_LOOP ( 'NONE', ( #9054, #3679, #848, #2785 ) ) ;
#3646 = PLANE ( 'NONE',  #6783 ) ;
#3647 = LINE ( 'NONE', #2351, #8434 ) ;
#3648 = EDGE_CURVE ( 'NONE', #5667, #2362, #4278, .T. ) ;
#3650 = EDGE_CURVE ( 'NONE', #4551, #2753, #5569, .T. ) ;
#3649 = ORIENTED_EDGE ( 'NONE', *, *, #417, .F. ) ;
#3651 = DIRECTION ( 'NONE',  ( 0.000000000000000000, 0.000000000000000000, -1.000000000000000000 ) ) ;
#3652 = CARTESIAN_POINT ( 'NONE',  ( 19.98955173576002764, -69.00377485675765854, -6.049999999999999822 ) ) ;
#3653 = FACE_OUTER_BOUND ( 'NONE', #4413, .T. ) ;
#3654 = ORIENTED_EDGE ( 'NONE', *, *, #2107, .F. ) ;
#3655 = DIRECTION ( 'NONE',  ( -0.4190159325851720573, 0.9079788809437026043, -0.000000000000000000 ) ) ;
#3656 = ORIENTED_EDGE ( 'NONE', *, *, #7288, .T. ) ;
#3657 = ORIENTED_EDGE ( 'NONE', *, *, #4423, .F. ) ;
#3658 = ORIENTED_EDGE ( 'NONE', *, *, #1192, .F. ) ;
#3659 = DIRECTION ( 'NONE',  ( -0.000000000000000000, -1.000000000000000000, -0.000000000000000000 ) ) ;
#3660 = DIRECTION ( 'NONE',  ( 0.4472135954999579277, 0.8944271909999158554, 0.000000000000000000 ) ) ;
#3661 = CARTESIAN_POINT ( 'NONE',  ( 22.23761375126390405, -69.02871587462082914, -6.349999999999999645 ) ) ;
#3662 = DIRECTION ( 'NONE',  ( -0.1981389197361790588, -0.9801739480754321221, 0.000000000000000000 ) ) ;
#3663 = LINE ( 'NONE', #1487, #1946 ) ;
#3664 = EDGE_LOOP ( 'NONE', ( #1729, #7602, #6640, #7345 ) ) ;
#3665 = ORIENTED_EDGE ( 'NONE', *, *, #6666, .T. ) ;
#3666 = CARTESIAN_POINT ( 'NONE',  ( 18.67644084934277160, -61.14802831142567641, -6.349999999999999645 ) ) ;
#3667 = VERTEX_POINT ( 'NONE', #1847 ) ;
#3668 = EDGE_LOOP ( 'NONE', ( #3016, #730, #2170, #8105 ) ) ;
#3669 = FACE_OUTER_BOUND ( 'NONE', #5201, .T. ) ;
#3670 = CARTESIAN_POINT ( 'NONE',  ( 11.28715874620829140, -68.59797775530839203, -6.049999999999999822 ) ) ;
#3671 = VERTEX_POINT ( 'NONE', #4663 ) ;
#3672 = DIRECTION ( 'NONE',  ( 1.000000000000000000, 0.000000000000000000, 0.000000000000000000 ) ) ;
#3673 = CARTESIAN_POINT ( 'NONE',  ( 10.98988877654196017, -65.45945399393326625, -6.049999999999999822 ) ) ;
#3675 = EDGE_CURVE ( 'NONE', #4532, #7452, #1925, .T. ) ;
#3674 = LINE ( 'NONE', #118, #6538 ) ;
#3676 = VERTEX_POINT ( 'NONE', #1976 ) ;
#3677 = EDGE_CURVE ( 'NONE', #8768, #6523, #4792, .T. ) ;
#3678 = AXIS2_PLACEMENT_3D ( 'NONE', #3466, #2127, #8449 ) ;
#3679 = ORIENTED_EDGE ( 'NONE', *, *, #5171, .T. ) ;
#3680 = DIRECTION ( 'NONE',  ( 0.000000000000000000, 0.000000000000000000, -1.000000000000000000 ) ) ;
#3681 = DIRECTION ( 'NONE',  ( 0.000000000000000000, 0.000000000000000000, -1.000000000000000000 ) ) ;
#3682 = FACE_BOUND ( 'NONE', #7269, .T. ) ;
#3683 = CARTESIAN_POINT ( 'NONE',  ( 11.55358948432760435, -66.19251769464104029, -6.349999999999999645 ) ) ;
#3684 = LINE ( 'NONE', #2899, #4561 ) ;
#3685 = VECTOR ( 'NONE', #969, 1000.000000000000227 ) ;
#3686 = EDGE_CURVE ( 'NONE', #115, #3610, #6490, .T. ) ;
#3687 = DIRECTION ( 'NONE',  ( 0.000000000000000000, -1.000000000000000000, 0.000000000000000000 ) ) ;
#3688 = ORIENTED_EDGE ( 'NONE', *, *, #9105, .F. ) ;
#3689 = EDGE_CURVE ( 'NONE', #658, #6916, #6303, .T. ) ;
#3690 = EDGE_LOOP ( 'NONE', ( #8532, #7098, #3851, #2206 ) ) ;
#3691 = VECTOR ( 'NONE', #634, 1000.000000000000000 ) ;
#3692 = DIRECTION ( 'NONE',  ( 0.000000000000000000, 0.000000000000000000, 1.000000000000000000 ) ) ;
#3693 = DIRECTION ( 'NONE',  ( -0.8126997945612389751, 0.5826826270965351773, 0.000000000000000000 ) ) ;
#3694 = VERTEX_POINT ( 'NONE', #9113 ) ;
#3695 = CARTESIAN_POINT ( 'NONE',  ( -0.5000000000000000000, -50.50000000000000000, -4.349999999999999645 ) ) ;
#3696 = DIRECTION ( 'NONE',  ( 0.000000000000000000, 0.000000000000000000, -1.000000000000000000 ) ) ;
#3697 = ORIENTED_EDGE ( 'NONE', *, *, #3400, .T. ) ;
#3698 = VECTOR ( 'NONE', #6586, 1000.000000000000227 ) ;
#3699 = PLANE ( 'NONE',  #7823 ) ;
#3700 = ORIENTED_EDGE ( 'NONE', *, *, #7079, .F. ) ;
#3701 = ORIENTED_EDGE ( 'NONE', *, *, #2630, .T. ) ;
#3702 = EDGE_CURVE ( 'NONE', #1923, #4837, #82, .T. ) ;
#3703 = EDGE_CURVE ( 'NONE', #8371, #6920, #2989, .T. ) ;
#3704 = EDGE_LOOP ( 'NONE', ( #6464, #1404, #3461, #4947 ) ) ;
#3705 = AXIS2_PLACEMENT_3D ( 'NONE', #5129, #7390, #2408 ) ;
#3706 = CIRCLE ( 'NONE', #1199, 0.7999999999999999334 ) ;
#3707 = CARTESIAN_POINT ( 'NONE',  ( -2.000000000000000000, -52.00000000000000711, -4.349999999999999645 ) ) ;
#3708 = DIRECTION ( 'NONE',  ( 0.000000000000000000, 0.000000000000000000, -1.000000000000000000 ) ) ;
#3709 = FACE_OUTER_BOUND ( 'NONE', #8654, .T. ) ;
#3710 = LINE ( 'NONE', #6656, #4491 ) ;
#3711 = CARTESIAN_POINT ( 'NONE',  ( 15.75000000000000000, -29.00000000000000000, 13.00000000000000000 ) ) ;
#3712 = VERTEX_POINT ( 'NONE', #7186 ) ;
#3713 = ORIENTED_EDGE ( 'NONE', *, *, #8601, .T. ) ;
#3714 = DIRECTION ( 'NONE',  ( -1.000000000000000000, 0.000000000000000000, -0.000000000000000000 ) ) ;
#3715 = VECTOR ( 'NONE', #6828, 1000.000000000000000 ) ;
#3716 = ORIENTED_EDGE ( 'NONE', *, *, #7483, .T. ) ;
#3717 = VECTOR ( 'NONE', #7231, 1000.000000000000114 ) ;
#3718 = ORIENTED_EDGE ( 'NONE', *, *, #4085, .F. ) ;
#3719 = EDGE_CURVE ( 'NONE', #8094, #5219, #5615, .T. ) ;
#3720 = DIRECTION ( 'NONE',  ( 0.9090892628571118905, -0.4166013828084501602, 0.000000000000000000 ) ) ;
#3721 = AXIS2_PLACEMENT_3D ( 'NONE', #4597, #6537, #8753 ) ;
#3722 = FACE_BOUND ( 'NONE', #4641, .T. ) ;
#3723 = VECTOR ( 'NONE', #7331, 1000.000000000000000 ) ;
#3724 = ORIENTED_EDGE ( 'NONE', *, *, #668, .T. ) ;
#3725 = CARTESIAN_POINT ( 'NONE',  ( 15.06066734074823010, -64.98220424671384876, -6.349999999999999645 ) ) ;
#3726 = CARTESIAN_POINT ( 'NONE',  ( 4.408830468486684140, -67.70819009100100061, -6.349999999999999645 ) ) ;
#3727 = LINE ( 'NONE', #4462, #5655 ) ;
#3728 = ORIENTED_EDGE ( 'NONE', *, *, #6130, .F. ) ;
#3729 = AXIS2_PLACEMENT_3D ( 'NONE', #1266, #6196, #2742 ) ;
#3730 = AXIS2_PLACEMENT_3D ( 'NONE', #1849, #975, #2535 ) ;
#3731 = VECTOR ( 'NONE', #7768, 999.9999999999998863 ) ;
#3732 = CARTESIAN_POINT ( 'NONE',  ( 18.97842938995618667, -68.93501853724299622, -6.049999999999999822 ) ) ;
#3733 = EDGE_CURVE ( 'NONE', #8007, #4840, #7002, .T. ) ;
#3734 = LINE ( 'NONE', #1705, #606 ) ;
#3735 = FACE_BOUND ( 'NONE', #342, .T. ) ;
#3736 = VECTOR ( 'NONE', #3825, 1000.000000000000000 ) ;
#3737 = VECTOR ( 'NONE', #312, 1000.000000000000000 ) ;
#3738 = LINE ( 'NONE', #4335, #3265 ) ;
#3739 = DIRECTION ( 'NONE',  ( -0.9796084950143419956, 0.2009158940844049390, 0.000000000000000000 ) ) ;
#3740 = VECTOR ( 'NONE', #4572, 1000.000000000000114 ) ;
#3741 = DIRECTION ( 'NONE',  ( 0.000000000000000000, -0.000000000000000000, -1.000000000000000000 ) ) ;
#3742 = ORIENTED_EDGE ( 'NONE', *, *, #413, .F. ) ;
#3743 = VERTEX_POINT ( 'NONE', #3592 ) ;
#3744 = CIRCLE ( 'NONE', #3593, 0.5000000000000004441 ) ;
#3745 = VECTOR ( 'NONE', #5095, 1000.000000000000000 ) ;
#3746 = CIRCLE ( 'NONE', #339, 0.7500000000000006661 ) ;
#3747 = EDGE_CURVE ( 'NONE', #1288, #971, #7975, .T. ) ;
#3748 = CARTESIAN_POINT ( 'NONE',  ( 22.09032692955847565, -58.63640040444893486, -6.049999999999999822 ) ) ;
#3749 = EDGE_CURVE ( 'NONE', #8478, #2471, #5670, .T. ) ;
#3750 = CARTESIAN_POINT ( 'NONE',  ( 17.02628918099090072, -68.51304347826086882, -6.349999999999999645 ) ) ;
#3751 = ORIENTED_EDGE ( 'NONE', *, *, #7920, .F. ) ;
#3752 = PLANE ( 'NONE',  #9120 ) ;
#3753 = DIRECTION ( 'NONE',  ( -1.000000000000000000, 0.000000000000000000, 0.000000000000000000 ) ) ;
#3754 = AXIS2_PLACEMENT_3D ( 'NONE', #8691, #8010, #1772 ) ;
#3755 = ORIENTED_EDGE ( 'NONE', *, *, #618, .T. ) ;
#3756 = VECTOR ( 'NONE', #5539, 1000.000000000000000 ) ;
#3757 = FACE_OUTER_BOUND ( 'NONE', #840, .T. ) ;
#3758 = ORIENTED_EDGE ( 'NONE', *, *, #8556, .T. ) ;
#3759 = ADVANCED_FACE ( 'NONE', ( #2797 ), #5711, .T. ) ;
#3760 = VERTEX_POINT ( 'NONE', #6402 ) ;
#3761 = ORIENTED_EDGE ( 'NONE', *, *, #7634, .F. ) ;
#3762 = CARTESIAN_POINT ( 'NONE',  ( 18.75000000000000355, -38.00000000000000000, 13.00000000000000000 ) ) ;
#3763 = CARTESIAN_POINT ( 'NONE',  ( 14.24999999999999822, -29.00000000000000000, 13.00000000000000000 ) ) ;
#3764 = DIRECTION ( 'NONE',  ( 1.000000000000000000, 0.000000000000000000, 0.000000000000000000 ) ) ;
#3765 = CARTESIAN_POINT ( 'NONE',  ( 30.50000000000000000, -50.50000000000000000, 13.00000000000000178 ) ) ;
#3766 = ORIENTED_EDGE ( 'NONE', *, *, #2972, .T. ) ;
#3767 = VERTEX_POINT ( 'NONE', #864 ) ;
#3768 = DIRECTION ( 'NONE',  ( -0.000000000000000000, 1.000000000000000000, -0.000000000000000000 ) ) ;
#3769 = ORIENTED_EDGE ( 'NONE', *, *, #6608, .T. ) ;
#3770 = ORIENTED_EDGE ( 'NONE', *, *, #6554, .T. ) ;
#3771 = DIRECTION ( 'NONE',  ( 0.000000000000000000, -0.000000000000000000, 1.000000000000000000 ) ) ;
#3772 = FACE_BOUND ( 'NONE', #3840, .T. ) ;
#3773 = ORIENTED_EDGE ( 'NONE', *, *, #5819, .F. ) ;
#3774 = EDGE_CURVE ( 'NONE', #4405, #2722, #2110, .T. ) ;
#3775 = DIRECTION ( 'NONE',  ( -0.9999861498722317776, -0.005263084999355650655, 0.000000000000000000 ) ) ;
#3776 = FACE_OUTER_BOUND ( 'NONE', #8416, .T. ) ;
#3777 = EDGE_CURVE ( 'NONE', #4551, #6612, #172, .T. ) ;
#3778 = ORIENTED_EDGE ( 'NONE', *, *, #8981, .T. ) ;
#3779 = DIRECTION ( 'NONE',  ( 0.000000000000000000, 0.000000000000000000, 1.000000000000000000 ) ) ;
#3780 = ORIENTED_EDGE ( 'NONE', *, *, #1975, .F. ) ;
#3781 = CARTESIAN_POINT ( 'NONE',  ( 11.48129423660262916, -62.14297269969665649, -6.349999999999999645 ) ) ;
#3782 = CARTESIAN_POINT ( 'NONE',  ( 14.48095719582069307, -66.16488035052240946, -6.049999999999999822 ) ) ;
#3783 = LINE ( 'NONE', #228, #8890 ) ;
#3784 = CARTESIAN_POINT ( 'NONE',  ( 20.95180316818334987, -70.18173238961914251, -6.049999999999999822 ) ) ;
#3785 = CARTESIAN_POINT ( 'NONE',  ( 16.00707785642062575, -65.71779575328613987, -6.049999999999999822 ) ) ;
#3786 = DIRECTION ( 'NONE',  ( 0.5517807434324496496, 0.8339892152642820466, 0.000000000000000000 ) ) ;
#3787 = VERTEX_POINT ( 'NONE', #4230 ) ;
#3788 = VERTEX_POINT ( 'NONE', #7041 ) ;
#3789 = CARTESIAN_POINT ( 'NONE',  ( 12.00000000000000000, -35.00000000000000000, 13.00000000000000000 ) ) ;
#3790 = DIRECTION ( 'NONE',  ( -0.2857997923907349969, 0.9582893501805249681, 0.000000000000000000 ) ) ;
#3791 = DIRECTION ( 'NONE',  ( 0.9497899192519785316, -0.3128883335749674810, 0.000000000000000000 ) ) ;
#3792 = LINE ( 'NONE', #7247, #292 ) ;
#3793 = LINE ( 'NONE', #3652, #6238 ) ;
#3794 = DIRECTION ( 'NONE',  ( -0.5053204179204614510, 0.8629317906026467977, 0.000000000000000000 ) ) ;
#3795 = EDGE_CURVE ( 'NONE', #6178, #838, #721, .T. ) ;
#3796 = ORIENTED_EDGE ( 'NONE', *, *, #1312, .T. ) ;
#3797 = EDGE_CURVE ( 'NONE', #4532, #7060, #7834, .T. ) ;
#3798 = VERTEX_POINT ( 'NONE', #7143 ) ;
#3799 = ORIENTED_EDGE ( 'NONE', *, *, #5830, .T. ) ;
#3800 = CARTESIAN_POINT ( 'NONE',  ( 16.67846309403437743, -66.18965284799460846, -6.349999999999999645 ) ) ;
#3801 = PLANE ( 'NONE',  #4466 ) ;
#3802 = CYLINDRICAL_SURFACE ( 'NONE', #8461, 0.7500000000000006661 ) ;
#3803 = PLANE ( 'NONE',  #3568 ) ;
#3804 = VERTEX_POINT ( 'NONE', #2154 ) ;
#3805 = EDGE_LOOP ( 'NONE', ( #7818, #120, #7954, #6324, #6009, #9028, #5662, #9132, #359, #8138, #4958, #3025, #2291, #6651, #8834, #4395, #5687, #8679, #304, #4637, #6420, #8395, #4201, #1367, #8097, #8442, #232, #6292, #8359, #5792, #5888, #9092, #3728, #5841, #1425, #3544, #88, #5130, #633, #1586, #8544, #7099, #6311, #5281, #5913, #5576, #7347, #1589, #7057, #8488, #5457, #3649, #8098, #2998, #8633, #2311, #3100, #8186, #8057, #6929, #5351, #3438, #4490, #7117, #2399, #334, #7318, #3058, #7687, #6551, #4515, #6297, #1856 ) ) ;
#3806 = PLANE ( 'NONE',  #3010 ) ;
#3807 = ORIENTED_EDGE ( 'NONE', *, *, #3677, .T. ) ;
#3808 = ADVANCED_FACE ( 'NONE', ( #123 ), #3537, .F. ) ;
#3809 = EDGE_LOOP ( 'NONE', ( #5937, #3396, #15, #700 ) ) ;
#3810 = EDGE_CURVE ( 'NONE', #8828, #3587, #5757, .T. ) ;
#3811 = DIRECTION ( 'NONE',  ( 0.000000000000000000, 0.000000000000000000, -1.000000000000000000 ) ) ;
#3812 = FACE_BOUND ( 'NONE', #7946, .T. ) ;
#3813 = ORIENTED_EDGE ( 'NONE', *, *, #3031, .F. ) ;
#3814 = CARTESIAN_POINT ( 'NONE',  ( 17.07684529828109277, -69.11803168183350010, -6.049999999999999822 ) ) ;
#3815 = FACE_OUTER_BOUND ( 'NONE', #3828, .T. ) ;
#3816 = ORIENTED_EDGE ( 'NONE', *, *, #6347, .F. ) ;
#3817 = DIRECTION ( 'NONE',  ( 0.8290721288256802657, 0.5591416682777762270, 0.000000000000000000 ) ) ;
#3818 = VERTEX_POINT ( 'NONE', #6351 ) ;
#3819 = EDGE_CURVE ( 'NONE', #8457, #2081, #7693, .T. ) ;
#3820 = EDGE_CURVE ( 'NONE', #7613, #6057, #4194, .T. ) ;
#3821 = CARTESIAN_POINT ( 'NONE',  ( 26.70070778564206293, -69.73852376137512010, -6.349999999999999645 ) ) ;
#3822 = DIRECTION ( 'NONE',  ( 1.000000000000000000, 0.000000000000000000, 0.000000000000000000 ) ) ;
#3823 = DIRECTION ( 'NONE',  ( -0.7501258215615518310, 0.6612951321661205695, 0.000000000000000000 ) ) ;
#3824 = DIRECTION ( 'NONE',  ( 0.000000000000000000, -1.000000000000000000, 0.000000000000000000 ) ) ;
#3825 = DIRECTION ( 'NONE',  ( 0.000000000000000000, 0.000000000000000000, -1.000000000000000000 ) ) ;
#3826 = CIRCLE ( 'NONE', #8970, 0.5000000000000004441 ) ;
#3827 = DIRECTION ( 'NONE',  ( 0.5475720493500896291, 0.8367585379131442513, 0.000000000000000000 ) ) ;
#3828 = EDGE_LOOP ( 'NONE', ( #687, #5458, #6087, #6179 ) ) ;
#3829 = VERTEX_POINT ( 'NONE', #3821 ) ;
#3830 = CARTESIAN_POINT ( 'NONE',  ( 20.29625884732052654, -68.99534883720930623, -6.049999999999999822 ) ) ;
#3831 = AXIS2_PLACEMENT_3D ( 'NONE', #6127, #6900, #673 ) ;
#3832 = MECHANICAL_DESIGN_GEOMETRIC_PRESENTATION_REPRESENTATION (  '', ( #5594 ), #5898 ) ;
#3833 = CARTESIAN_POINT ( 'NONE',  ( 11.56622851365015237, -60.07286821705425695, -6.049999999999999822 ) ) ;
#3834 = DIRECTION ( 'NONE',  ( 0.7848636314773307365, -0.6196685242806970750, 0.000000000000000000 ) ) ;
#3835 = CARTESIAN_POINT ( 'NONE',  ( -0.5000000000000000000, 0.5000000000000000000, 13.00000000000000178 ) ) ;
#3836 = CARTESIAN_POINT ( 'NONE',  ( 6.712841253791708596, -70.59999999999999432, -6.349999999999999645 ) ) ;
#3837 = CARTESIAN_POINT ( 'NONE',  ( 34.20000000000000284, 4.200000000000000178, -6.349999999999999645 ) ) ;
#3838 = VERTEX_POINT ( 'NONE', #1102 ) ;
#3839 = AXIS2_PLACEMENT_3D ( 'NONE', #2485, #5356, #320 ) ;
#3840 = EDGE_LOOP ( 'NONE', ( #5640, #5316 ) ) ;
#3841 = ORIENTED_EDGE ( 'NONE', *, *, #6319, .T. ) ;
#3842 = EDGE_CURVE ( 'NONE', #993, #6847, #364, .T. ) ;
#3843 = AXIS2_PLACEMENT_3D ( 'NONE', #4296, #1476, #8498 ) ;
#3844 = CARTESIAN_POINT ( 'NONE',  ( 5.833164812942365884, -62.14297269969665649, -6.049999999999999822 ) ) ;
#3845 = EDGE_CURVE ( 'NONE', #5789, #6953, #5255, .T. ) ;
#3846 = LINE ( 'NONE', #6655, #5496 ) ;
#3847 = AXIS2_PLACEMENT_3D ( 'NONE', #6361, #3692, #2807 ) ;
#3848 = DIRECTION ( 'NONE',  ( -0.5269706996921290632, -0.8498834518132399873, 0.000000000000000000 ) ) ;
#3849 = DIRECTION ( 'NONE',  ( 0.000000000000000000, 0.000000000000000000, 1.000000000000000000 ) ) ;
#3850 = EDGE_LOOP ( 'NONE', ( #4613, #6240 ) ) ;
#3851 = ORIENTED_EDGE ( 'NONE', *, *, #442, .F. ) ;
#3852 = LINE ( 'NONE', #4542, #9041 ) ;
#3853 = EDGE_LOOP ( 'NONE', ( #5079, #5983 ) ) ;
#3854 = EDGE_LOOP ( 'NONE', ( #1001, #8403, #6326, #4190 ) ) ;
#3855 = AXIS2_PLACEMENT_3D ( 'NONE', #3013, #5827, #1620 ) ;
#3856 = AXIS2_PLACEMENT_3D ( 'NONE', #8572, #2895, #2250 ) ;
#3857 = EDGE_CURVE ( 'NONE', #6863, #8768, #7330, .T. ) ;
#3858 = DIRECTION ( 'NONE',  ( 0.6312713983695661391, -0.7755620037112006537, 0.000000000000000000 ) ) ;
#3859 = EDGE_CURVE ( 'NONE', #58, #4360, #8027, .T. ) ;
#3860 = FACE_BOUND ( 'NONE', #2755, .T. ) ;
#3861 = VERTEX_POINT ( 'NONE', #8800 ) ;
#3862 = CIRCLE ( 'NONE', #4735, 0.7500000000000006661 ) ;
#3863 = CARTESIAN_POINT ( 'NONE',  ( 10.26794742163801999, -67.26329625884731911, -6.049999999999999822 ) ) ;
#3864 = LINE ( 'NONE', #1095, #1494 ) ;
#3865 = ORIENTED_EDGE ( 'NONE', *, *, #4810, .F. ) ;
#3866 = VECTOR ( 'NONE', #6375, 1000.000000000000000 ) ;
#3867 = CARTESIAN_POINT ( 'NONE',  ( 18.84630940343781802, -68.84064711830130534, -6.049999999999999822 ) ) ;
#3868 = ORIENTED_EDGE ( 'NONE', *, *, #5717, .F. ) ;
#3869 = EDGE_CURVE ( 'NONE', #7654, #6927, #6543, .T. ) ;
#3870 = AXIS2_PLACEMENT_3D ( 'NONE', #3487, #2243, #2102 ) ;
#3871 = CIRCLE ( 'NONE', #1341, 0.7500000000000006661 ) ;
#3872 = FACE_OUTER_BOUND ( 'NONE', #6360, .T. ) ;
#3873 = CARTESIAN_POINT ( 'NONE',  ( 15.06066734074823010, -64.98220424671384876, -6.049999999999999822 ) ) ;
#3874 = DIRECTION ( 'NONE',  ( -0.6654758193562170243, 0.7464194088126134830, 0.000000000000000000 ) ) ;
#3875 = LINE ( 'NONE', #8164, #7647 ) ;
#3877 = VECTOR ( 'NONE', #2606, 1000.000000000000000 ) ;
#3876 = CARTESIAN_POINT ( 'NONE',  ( 8.526289180990898942, -63.58736097067745163, -6.049999999999999822 ) ) ;
#3878 = VECTOR ( 'NONE', #7466, 1000.000000000000000 ) ;
#3879 = ORIENTED_EDGE ( 'NONE', *, *, #1917, .T. ) ;
#3880 = ORIENTED_EDGE ( 'NONE', *, *, #327, .F. ) ;
#3881 = CYLINDRICAL_SURFACE ( 'NONE', #6641, 0.7999999999999999334 ) ;
#3882 = AXIS2_PLACEMENT_3D ( 'NONE', #8245, #9110, #3449 ) ;
#3883 = AXIS2_PLACEMENT_3D ( 'NONE', #6404, #8525, #2200 ) ;
#3885 = DIRECTION ( 'NONE',  ( 0.000000000000000000, 0.000000000000000000, -1.000000000000000000 ) ) ;
#3884 = VECTOR ( 'NONE', #554, 1000.000000000000000 ) ;
#3886 = CARTESIAN_POINT ( 'NONE',  ( 20.82035726322884983, -58.78200202224468285, -6.049999999999999822 ) ) ;
#3887 = DIRECTION ( 'NONE',  ( -1.000000000000000000, 0.000000000000000000, 0.000000000000000000 ) ) ;
#3888 = CARTESIAN_POINT ( 'NONE',  ( 10.58881024603976684, -67.72167172227838705, -6.049999999999999822 ) ) ;
#3889 = CARTESIAN_POINT ( 'NONE',  ( 4.045500505561170357, -65.31654870239297850, -6.049999999999999822 ) ) ;
#3890 = EDGE_CURVE ( 'NONE', #4010, #242, #7230, .T. ) ;
#3891 = EDGE_CURVE ( 'NONE', #6572, #7250, #1703, .T. ) ;
#3892 = DIRECTION ( 'NONE',  ( 0.000000000000000000, 0.000000000000000000, -1.000000000000000000 ) ) ;
#3893 = AXIS2_PLACEMENT_3D ( 'NONE', #6626, #1138, #6722 ) ;
#3894 = EDGE_LOOP ( 'NONE', ( #8046, #1637, #667, #7053 ) ) ;
#3895 = VECTOR ( 'NONE', #6010, 1000.000000000000000 ) ;
#3896 = VECTOR ( 'NONE', #7659, 1000.000000000000000 ) ;
#3897 = VERTEX_POINT ( 'NONE', #309 ) ;
#3898 = VERTEX_POINT ( 'NONE', #268 ) ;
#3899 = VECTOR ( 'NONE', #293, 1000.000000000000000 ) ;
#3900 = LINE ( 'NONE', #6840, #8162 ) ;
#3901 = DIRECTION ( 'NONE',  ( 1.000000000000000000, 0.000000000000000000, 0.000000000000000000 ) ) ;
#3902 = VECTOR ( 'NONE', #8752, 1000.000000000000227 ) ;
#3903 = LINE ( 'NONE', #5185, #3425 ) ;
#3904 = ORIENTED_EDGE ( 'NONE', *, *, #530, .F. ) ;
#3905 = ORIENTED_EDGE ( 'NONE', *, *, #4829, .T. ) ;
#3906 = DIRECTION ( 'NONE',  ( 0.000000000000000000, -0.000000000000000000, 1.000000000000000000 ) ) ;
#3907 = ORIENTED_EDGE ( 'NONE', *, *, #9130, .F. ) ;
#3908 = ORIENTED_EDGE ( 'NONE', *, *, #8766, .T. ) ;
#3909 = EDGE_CURVE ( 'NONE', #6948, #8270, #8109, .T. ) ;
#3910 = DIRECTION ( 'NONE',  ( -1.000000000000000000, 0.000000000000000000, 0.000000000000000000 ) ) ;
#3911 = FACE_BOUND ( 'NONE', #75, .T. ) ;
#3912 = ORIENTED_EDGE ( 'NONE', *, *, #3145, .T. ) ;
#3913 = CARTESIAN_POINT ( 'NONE',  ( 8.773508594539936922, -64.32295247724974274, -6.049999999999999822 ) ) ;
#3914 = CARTESIAN_POINT ( 'NONE',  ( 9.000000000000001776, -32.00000000000000000, 15.00000000000000000 ) ) ;
#3915 = ORIENTED_EDGE ( 'NONE', *, *, #3702, .F. ) ;
#3916 = CARTESIAN_POINT ( 'NONE',  ( 24.06370070778564241, -62.94378159757329882, -6.349999999999999645 ) ) ;
#3917 = ORIENTED_EDGE ( 'NONE', *, *, #1428, .T. ) ;
#3918 = EDGE_CURVE ( 'NONE', #3482, #8283, #2341, .T. ) ;
#3919 = EDGE_CURVE ( 'NONE', #6411, #567, #5945, .T. ) ;
#3920 = ADVANCED_FACE ( 'NONE', ( #5156 ), #2437, .T. ) ;
#3921 = DIRECTION ( 'NONE',  ( 0.5591416682777761160, -0.8290721288256802657, 0.000000000000000000 ) ) ;
#3922 = LINE ( 'NONE', #965, #2080 ) ;
#3923 = CARTESIAN_POINT ( 'NONE',  ( 10.92854735422985968, -68.16656555443208276, -6.349999999999999645 ) ) ;
#3924 = DIRECTION ( 'NONE',  ( 0.5459346737665824456, -0.8378277460071223981, 0.000000000000000000 ) ) ;
#3925 = CARTESIAN_POINT ( 'NONE',  ( 23.00000000000000000, 11.00000000000000000, 12.32499999999999929 ) ) ;
#3926 = ORIENTED_EDGE ( 'NONE', *, *, #370, .F. ) ;
#3927 = EDGE_LOOP ( 'NONE', ( #5914, #6576, #2259, #3307 ) ) ;
#3928 = ADVANCED_FACE ( 'NONE', ( #8068 ), #1743, .T. ) ;
#3929 = ORIENTED_EDGE ( 'NONE', *, *, #2859, .T. ) ;
#3930 = DIRECTION ( 'NONE',  ( 1.000000000000000000, 0.000000000000000000, 0.000000000000000000 ) ) ;
#3931 = DIRECTION ( 'NONE',  ( 1.000000000000000000, 0.000000000000000000, 0.000000000000000000 ) ) ;
#3932 = CARTESIAN_POINT ( 'NONE',  ( 5.833164812942365884, -62.14297269969665649, -6.049999999999999822 ) ) ;
#3933 = CARTESIAN_POINT ( 'NONE',  ( 22.80000000000000071, 0.5000000000000000000, 12.12500000000000000 ) ) ;
#3934 = DIRECTION ( 'NONE',  ( -1.000000000000000000, -0.000000000000000000, -0.000000000000000000 ) ) ;
#3935 = LINE ( 'NONE', #548, #6688 ) ;
#3936 =( NAMED_UNIT ( * ) SI_UNIT ( $, .STERADIAN. ) SOLID_ANGLE_UNIT ( ) );
#3937 = ORIENTED_EDGE ( 'NONE', *, *, #2915, .T. ) ;
#3938 = ORIENTED_EDGE ( 'NONE', *, *, #7151, .F. ) ;
#3939 = EDGE_CURVE ( 'NONE', #5315, #2753, #2301, .T. ) ;
#3940 = EDGE_CURVE ( 'NONE', #1846, #7905, #1048, .T. ) ;
#3941 = DIRECTION ( 'NONE',  ( 0.000000000000000000, 0.000000000000000000, -1.000000000000000000 ) ) ;
#3942 = DIRECTION ( 'NONE',  ( -0.9486832980505215396, -0.3162277660168146820, 0.000000000000000000 ) ) ;
#3943 = CARTESIAN_POINT ( 'NONE',  ( 11.41118975396022783, -68.39794405123019772, -6.349999999999999645 ) ) ;
#3944 = EDGE_LOOP ( 'NONE', ( #98, #7184 ) ) ;
#3945 = ORIENTED_EDGE ( 'NONE', *, *, #862, .F. ) ;
#3946 = CARTESIAN_POINT ( 'NONE',  ( 5.078867542972695048, -63.79582069430400537, -6.049999999999999822 ) ) ;
#3947 = ORIENTED_EDGE ( 'NONE', *, *, #5203, .F. ) ;
#3948 = ORIENTED_EDGE ( 'NONE', *, *, #1006, .T. ) ;
#3949 = DIRECTION ( 'NONE',  ( -0.4300372592883947021, -0.9028111406178624954, 0.000000000000000000 ) ) ;
#3950 = CARTESIAN_POINT ( 'NONE',  ( 18.75000000000000355, -32.00000000000000000, 13.00000000000000000 ) ) ;
#3951 = ORIENTED_EDGE ( 'NONE', *, *, #305, .T. ) ;
#3952 = LINE ( 'NONE', #2605, #8615 ) ;
#3953 = CARTESIAN_POINT ( 'NONE',  ( 14.24999999999999822, -38.00000000000000000, 13.00000000000000000 ) ) ;
#3954 = EDGE_LOOP ( 'NONE', ( #4936, #4937, #3452, #346 ) ) ;
#3955 = LINE ( 'NONE', #5848, #4039 ) ;
#3956 = ORIENTED_EDGE ( 'NONE', *, *, #7764, .T. ) ;
#3957 = CARTESIAN_POINT ( 'NONE',  ( 17.83518705763397350, -70.28183350185372547, -6.049999999999999822 ) ) ;
#3958 = DIRECTION ( 'NONE',  ( 0.000000000000000000, 1.000000000000000000, 0.000000000000000000 ) ) ;
#3959 = ADVANCED_FACE ( 'NONE', ( #3872 ), #7286, .T. ) ;
#3960 = CARTESIAN_POINT ( 'NONE',  ( 13.84732052578361916, -61.94883720930231874, -6.349999999999999645 ) ) ;
#3961 = DIRECTION ( 'NONE',  ( 0.000000000000000000, 0.000000000000000000, 1.000000000000000000 ) ) ;
#3962 = EDGE_CURVE ( 'NONE', #4496, #3788, #7423, .T. ) ;
#3963 = DIRECTION ( 'NONE',  ( -1.000000000000000000, -0.000000000000000000, -0.000000000000000000 ) ) ;
#3964 = ORIENTED_EDGE ( 'NONE', *, *, #7960, .T. ) ;
#3965 = ORIENTED_EDGE ( 'NONE', *, *, #4722, .T. ) ;
#3966 = ORIENTED_EDGE ( 'NONE', *, *, #1896, .T. ) ;
#3967 = DIRECTION ( 'NONE',  ( 0.000000000000000000, 0.000000000000000000, 1.000000000000000000 ) ) ;
#3968 = CARTESIAN_POINT ( 'NONE',  ( 17.02628918099090072, -68.51304347826086882, -6.049999999999999822 ) ) ;
#3969 = FACE_OUTER_BOUND ( 'NONE', #4249, .T. ) ;
#3970 = ADVANCED_FACE ( 'NONE', ( #1602 ), #8664, .T. ) ;
#3971 = DIRECTION ( 'NONE',  ( 0.000000000000000000, 0.000000000000000000, -1.000000000000000000 ) ) ;
#3972 = CARTESIAN_POINT ( 'NONE',  ( 20.29625884732052654, -68.99534883720930623, -6.349999999999999645 ) ) ;
#3973 = LINE ( 'NONE', #3230, #5953 ) ;
#3974 = EDGE_CURVE ( 'NONE', #7804, #7853, #4002, .T. ) ;
#3975 = ADVANCED_FACE ( 'NONE', ( #492 ), #4089, .T. ) ;
#3976 = FILL_AREA_STYLE ('',( #2589 ) ) ;
#3977 = ORIENTED_EDGE ( 'NONE', *, *, #3627, .F. ) ;
#3978 = VERTEX_POINT ( 'NONE', #1141 ) ;
#3979 = VECTOR ( 'NONE', #4560, 1000.000000000000000 ) ;
#3980 = LINE ( 'NONE', #3844, #5223 ) ;
#3981 = LINE ( 'NONE', #7486, #1665 ) ;
#3982 = DIRECTION ( 'NONE',  ( -0.4688119282871155979, 0.8832980108070640490, -0.000000000000000000 ) ) ;
#3983 = ORIENTED_EDGE ( 'NONE', *, *, #8329, .T. ) ;
#3984 = ORIENTED_EDGE ( 'NONE', *, *, #1057, .F. ) ;
#3985 = VECTOR ( 'NONE', #4977, 1000.000000000000000 ) ;
#3986 = PLANE ( 'NONE',  #953 ) ;
#3987 = ORIENTED_EDGE ( 'NONE', *, *, #5803, .F. ) ;
#3988 = EDGE_CURVE ( 'NONE', #3767, #5969, #7551, .T. ) ;
#3989 = ORIENTED_EDGE ( 'NONE', *, *, #1031, .F. ) ;
#3990 = AXIS2_PLACEMENT_3D ( 'NONE', #7896, #4241, #1568 ) ;
#3991 = DIRECTION ( 'NONE',  ( 0.000000000000000000, 0.000000000000000000, -1.000000000000000000 ) ) ;
#3992 = DIRECTION ( 'NONE',  ( -0.000000000000000000, -0.000000000000000000, 1.000000000000000000 ) ) ;
#3993 = DIRECTION ( 'NONE',  ( 0.000000000000000000, 0.000000000000000000, 1.000000000000000000 ) ) ;
#3994 = CARTESIAN_POINT ( 'NONE',  ( 11.48129423660262916, -60.62628918099089503, -6.049999999999999822 ) ) ;
#3995 = CARTESIAN_POINT ( 'NONE',  ( 10.02932254802831480, -63.87805864509606124, -6.049999999999999822 ) ) ;
#3996 = VERTEX_POINT ( 'NONE', #3213 ) ;
#3997 = CARTESIAN_POINT ( 'NONE',  ( -6.000000000000000000, -75.00000000000000000, -6.349999999999999645 ) ) ;
#3998 = EDGE_CURVE ( 'NONE', #8588, #7936, #6124, .T. ) ;
#3999 = EDGE_LOOP ( 'NONE', ( #1213, #8102, #1474, #4716 ) ) ;
#4000 = ADVANCED_FACE ( 'NONE', ( #6896 ), #1967, .T. ) ;
#4001 = AXIS2_PLACEMENT_3D ( 'NONE', #4051, #8203, #6202 ) ;
#4002 = LINE ( 'NONE', #1838, #5175 ) ;
#4003 = VECTOR ( 'NONE', #7698, 999.9999999999998863 ) ;
#4004 = CARTESIAN_POINT ( 'NONE',  ( 8.250000000000000000, -35.00000000000000000, 13.00000000000000000 ) ) ;
#4005 = CARTESIAN_POINT ( 'NONE',  ( 15.06066734074823010, -64.98220424671384876, -6.049999999999999822 ) ) ;
#4006 = LINE ( 'NONE', #6815, #7272 ) ;
#4007 = ORIENTED_EDGE ( 'NONE', *, *, #2601, .T. ) ;
#4008 = AXIS2_PLACEMENT_3D ( 'NONE', #1154, #976, #6738 ) ;
#4009 = ORIENTED_EDGE ( 'NONE', *, *, #930, .F. ) ;
#4010 = VERTEX_POINT ( 'NONE', #1232 ) ;
#4011 = EDGE_CURVE ( 'NONE', #4087, #5844, #4131, .T. ) ;
#4012 = DIRECTION ( 'NONE',  ( -0.000000000000000000, -0.000000000000000000, 1.000000000000000000 ) ) ;
#4013 = FACE_OUTER_BOUND ( 'NONE', #8888, .T. ) ;
#4014 = CARTESIAN_POINT ( 'NONE',  ( 21.00000000000000000, -32.00000000000000000, 15.00000000000000000 ) ) ;
#4015 = AXIS2_PLACEMENT_3D ( 'NONE', #2049, #4694, #4868 ) ;
#4016 = DIRECTION ( 'NONE',  ( -0.000000000000000000, -0.000000000000000000, 1.000000000000000000 ) ) ;
#4017 = LINE ( 'NONE', #1851, #5000 ) ;
#4018 = DIRECTION ( 'NONE',  ( -0.000000000000000000, -0.000000000000000000, 1.000000000000000000 ) ) ;
#4019 = VECTOR ( 'NONE', #5061, 1000.000000000000000 ) ;
#4020 = SURFACE_SIDE_STYLE ('',( #3363 ) ) ;
#4021 = ORIENTED_EDGE ( 'NONE', *, *, #4240, .T. ) ;
#4022 = EDGE_CURVE ( 'NONE', #4177, #8788, #7465, .T. ) ;
#4023 = VERTEX_POINT ( 'NONE', #4692 ) ;
#4024 = CIRCLE ( 'NONE', #1664, 0.8000000000000020428 ) ;
#4025 = EDGE_CURVE ( 'NONE', #8553, #1359, #6859, .T. ) ;
#4026 = CIRCLE ( 'NONE', #5057, 0.7500000000000006661 ) ;
#4027 = LINE ( 'NONE', #691, #4315 ) ;
#4028 = DIRECTION ( 'NONE',  ( -0.000000000000000000, -0.000000000000000000, 1.000000000000000000 ) ) ;
#4029 = CARTESIAN_POINT ( 'NONE',  ( 18.75193798449612359, -68.70852713178295801, -6.049999999999999822 ) ) ;
#4030 = AXIS2_PLACEMENT_3D ( 'NONE', #794, #3507, #7056 ) ;
#4032 = DIRECTION ( 'NONE',  ( 0.000000000000000000, 0.000000000000000000, -1.000000000000000000 ) ) ;
#4031 = VECTOR ( 'NONE', #7986, 1000.000000000000000 ) ;
#4033 = EDGE_LOOP ( 'NONE', ( #3571, #6188, #102, #5519 ) ) ;
#4034 = AXIS2_PLACEMENT_3D ( 'NONE', #3284, #2633, #5452 ) ;
#4035 = PLANE ( 'NONE',  #7723 ) ;
#4036 = ORIENTED_EDGE ( 'NONE', *, *, #8136, .T. ) ;
#4037 = EDGE_LOOP ( 'NONE', ( #6676, #9072, #158, #7898 ) ) ;
#4038 = EDGE_CURVE ( 'NONE', #4507, #2744, #8240, .T. ) ;
#4039 = VECTOR ( 'NONE', #8662, 1000.000000000000000 ) ;
#4040 = VECTOR ( 'NONE', #4841, 1000.000000000000000 ) ;
#4041 = VECTOR ( 'NONE', #4307, 1000.000000000000000 ) ;
#4042 = PLANE ( 'NONE',  #2963 ) ;
#4043 = LINE ( 'NONE', #5896, #6966 ) ;
#4044 = LINE ( 'NONE', #6852, #3134 ) ;
#4045 = DIRECTION ( 'NONE',  ( -0.000000000000000000, 1.000000000000000000, -0.000000000000000000 ) ) ;
#4046 = DIRECTION ( 'NONE',  ( -0.4237422564744444120, 0.9057828106549307146, 0.000000000000000000 ) ) ;
#4047 = ORIENTED_EDGE ( 'NONE', *, *, #2355, .T. ) ;
#4048 = LINE ( 'NONE', #6157, #5222 ) ;
#4049 = EDGE_LOOP ( 'NONE', ( #4074, #7508, #3905, #5326 ) ) ;
#4050 = AXIS2_PLACEMENT_3D ( 'NONE', #8316, #6839, #4839 ) ;
#4051 = CARTESIAN_POINT ( 'NONE',  ( 4.555443208628242147, -67.51304347826086882, -6.049999999999999822 ) ) ;
#4052 = EDGE_CURVE ( 'NONE', #2819, #7418, #2612, .T. ) ;
#4053 = EDGE_CURVE ( 'NONE', #353, #1394, #3347, .T. ) ;
#4054 = CYLINDRICAL_SURFACE ( 'NONE', #1350, 0.7500000000000006661 ) ;
#4055 = DIRECTION ( 'NONE',  ( 0.000000000000000000, -0.000000000000000000, 1.000000000000000000 ) ) ;
#4056 = CARTESIAN_POINT ( 'NONE',  ( 12.75000000000000178, -35.00000000000000000, 15.00000000000000000 ) ) ;
#4057 = VERTEX_POINT ( 'NONE', #6161 ) ;
#4058 = ORIENTED_EDGE ( 'NONE', *, *, #3214, .T. ) ;
#4059 = VERTEX_POINT ( 'NONE', #6075 ) ;
#4060 = DIRECTION ( 'NONE',  ( 0.9931358110189343336, 0.1169669221265713932, 0.000000000000000000 ) ) ;
#4061 = CARTESIAN_POINT ( 'NONE',  ( 21.09639366363330026, -69.35564543309739349, -6.049999999999999822 ) ) ;
#4062 = CARTESIAN_POINT ( 'NONE',  ( 11.86147623862487244, -61.03747893495112464, -6.049999999999999822 ) ) ;
#4063 = CARTESIAN_POINT ( 'NONE',  ( 32.00000000000000000, 2.000000000000000000, -4.349999999999999645 ) ) ;
#4064 = DIRECTION ( 'NONE',  ( -0.3591573486493885303, 0.9332770215274462933, 0.000000000000000000 ) ) ;
#4065 = PLANE ( 'NONE',  #2264 ) ;
#4066 = PLANE ( 'NONE',  #1914 ) ;
#4067 = ORIENTED_EDGE ( 'NONE', *, *, #4556, .F. ) ;
#4068 = ORIENTED_EDGE ( 'NONE', *, *, #4966, .F. ) ;
#4069 = FACE_OUTER_BOUND ( 'NONE', #3234, .T. ) ;
#4070 = LINE ( 'NONE', #1617, #5301 ) ;
#4071 = CARTESIAN_POINT ( 'NONE',  ( 25.30000000000000071, -7.000000000000000000, 15.00000000000000000 ) ) ;
#4072 = EDGE_CURVE ( 'NONE', #2457, #3345, #4734, .T. ) ;
#4073 = LINE ( 'NONE', #1255, #4610 ) ;
#4074 = ORIENTED_EDGE ( 'NONE', *, *, #6264, .F. ) ;
#4075 = EDGE_CURVE ( 'NONE', #1249, #6621, #5469, .T. ) ;
#4076 = FACE_BOUND ( 'NONE', #6704, .T. ) ;
#4077 = ORIENTED_EDGE ( 'NONE', *, *, #5495, .F. ) ;
#4078 = ORIENTED_EDGE ( 'NONE', *, *, #595, .T. ) ;
#4079 = CARTESIAN_POINT ( 'NONE',  ( 7.000000000000000000, 9.799999999999998934, 12.32499999999999929 ) ) ;
#4080 = DIRECTION ( 'NONE',  ( 0.000000000000000000, 0.000000000000000000, 1.000000000000000000 ) ) ;
#4081 = LINE ( 'NONE', #1303, #8144 ) ;
#4082 = LINE ( 'NONE', #7496, #3158 ) ;
#4083 = CARTESIAN_POINT ( 'NONE',  ( 23.30000000000000071, -7.000000000000000000, 13.00000000000000000 ) ) ;
#4084 = ORIENTED_EDGE ( 'NONE', *, *, #8034, .F. ) ;
#4085 = EDGE_CURVE ( 'NONE', #2544, #6662, #8289, .T. ) ;
#4086 = DIRECTION ( 'NONE',  ( 0.000000000000000000, 0.000000000000000000, -1.000000000000000000 ) ) ;
#4087 = VERTEX_POINT ( 'NONE', #3957 ) ;
#4088 = ADVANCED_FACE ( 'NONE', ( #5345 ), #6762, .F. ) ;
#4089 = PLANE ( 'NONE',  #4001 ) ;
#4090 = FACE_OUTER_BOUND ( 'NONE', #284, .T. ) ;
#4091 = CARTESIAN_POINT ( 'NONE',  ( 14.66700370744860216, -65.02534546680148253, -6.049999999999999822 ) ) ;
#4092 = CARTESIAN_POINT ( 'NONE',  ( 24.06370070778564241, -64.73953488372092124, -6.049999999999999822 ) ) ;
#4093 = ORIENTED_EDGE ( 'NONE', *, *, #913, .F. ) ;
#4095 = ORIENTED_EDGE ( 'NONE', *, *, #1055, .F. ) ;
#4094 = EDGE_CURVE ( 'NONE', #3202, #1148, #8893, .T. ) ;
#4096 = EDGE_CURVE ( 'NONE', #971, #1288, #7232, .T. ) ;
#4097 = ORIENTED_EDGE ( 'NONE', *, *, #6182, .T. ) ;
#4098 = DIRECTION ( 'NONE',  ( 0.000000000000000000, 0.000000000000000000, -1.000000000000000000 ) ) ;
#4099 = CARTESIAN_POINT ( 'NONE',  ( 13.62891809908999008, -70.57573306370069588, -6.049999999999999822 ) ) ;
#4100 = CARTESIAN_POINT ( 'NONE',  ( 3.611054937647454111, -68.12072800808897455, -6.049999999999999822 ) ) ;
#4101 = CARTESIAN_POINT ( 'NONE',  ( 23.80000000000000071, -5.000000000000000000, 15.00000000000000000 ) ) ;
#4102 = CARTESIAN_POINT ( 'NONE',  ( 21.96697000337040606, -67.31857094708459499, -6.349999999999999645 ) ) ;
#4103 = DIRECTION ( 'NONE',  ( 0.5466225009349171549, -0.8373791503683719606, 0.000000000000000000 ) ) ;
#4104 = DIRECTION ( 'NONE',  ( -0.000000000000000000, -0.000000000000000000, 1.000000000000000000 ) ) ;
#4105 = ORIENTED_EDGE ( 'NONE', *, *, #2338, .F. ) ;
#4106 = ORIENTED_EDGE ( 'NONE', *, *, #5766, .F. ) ;
#4107 = DIRECTION ( 'NONE',  ( 0.000000000000000000, 0.000000000000000000, -1.000000000000000000 ) ) ;
#4108 = ORIENTED_EDGE ( 'NONE', *, *, #8695, .F. ) ;
#4109 = CARTESIAN_POINT ( 'NONE',  ( 23.95146612740141734, -67.97917087967643113, -6.049999999999999822 ) ) ;
#4110 = CARTESIAN_POINT ( 'NONE',  ( 32.00000000000000000, -52.00000000000000711, -4.349999999999999645 ) ) ;
#4111 = DIRECTION ( 'NONE',  ( 0.6471255083420551779, -0.7623834838537865144, 0.000000000000000000 ) ) ;
#4112 = ORIENTED_EDGE ( 'NONE', *, *, #4247, .F. ) ;
#4113 = DIRECTION ( 'NONE',  ( 0.000000000000000000, -0.000000000000000000, -1.000000000000000000 ) ) ;
#4114 = ORIENTED_EDGE ( 'NONE', *, *, #8332, .F. ) ;
#4115 = VECTOR ( 'NONE', #7649, 1000.000000000000000 ) ;
#4116 = EDGE_LOOP ( 'NONE', ( #2874, #7489, #4565, #2849 ) ) ;
#4117 = ORIENTED_EDGE ( 'NONE', *, *, #5540, .F. ) ;
#4118 = EDGE_CURVE ( 'NONE', #2314, #3498, #2186, .T. ) ;
#4119 = DIRECTION ( 'NONE',  ( 0.000000000000000000, 0.000000000000000000, -1.000000000000000000 ) ) ;
#4120 = LINE ( 'NONE', #2824, #8746 ) ;
#4121 = CARTESIAN_POINT ( 'NONE',  ( 4.045500505561170357, -65.31654870239297850, -6.049999999999999822 ) ) ;
#4122 = VECTOR ( 'NONE', #8713, 1000.000000000000000 ) ;
#4123 = DIRECTION ( 'NONE',  ( -0.000000000000000000, -0.000000000000000000, 1.000000000000000000 ) ) ;
#4124 = CARTESIAN_POINT ( 'NONE',  ( 9.727502527805865995, -66.39019211324570335, -6.349999999999999645 ) ) ;
#4125 = ORIENTED_EDGE ( 'NONE', *, *, #5026, .T. ) ;
#4126 = LINE ( 'NONE', #2745, #5065 ) ;
#4127 = ORIENTED_EDGE ( 'NONE', *, *, #1409, .F. ) ;
#4128 = VECTOR ( 'NONE', #8718, 1000.000000000000227 ) ;
#4129 = EDGE_CURVE ( 'NONE', #2474, #9122, #4364, .T. ) ;
#4130 = ADVANCED_FACE ( 'NONE', ( #2236 ), #5058, .F. ) ;
#4131 = LINE ( 'NONE', #4822, #4435 ) ;
#4132 = CARTESIAN_POINT ( 'NONE',  ( 24.06370070778564241, -63.67178968655207427, -6.049999999999999822 ) ) ;
#4133 = PLANE ( 'NONE',  #917 ) ;
#4134 = AXIS2_PLACEMENT_3D ( 'NONE', #3732, #5852, #4785 ) ;
#4135 = CARTESIAN_POINT ( 'NONE',  ( 20.54499494438827156, -58.81840242669362340, -6.349999999999999645 ) ) ;
#4136 = ORIENTED_EDGE ( 'NONE', *, *, #1736, .F. ) ;
#4137 = EDGE_CURVE ( 'NONE', #7202, #1433, #2885, .T. ) ;
#4138 = ORIENTED_EDGE ( 'NONE', *, *, #128, .F. ) ;
#4139 = ORIENTED_EDGE ( 'NONE', *, *, #4379, .T. ) ;
#4140 = AXIS2_PLACEMENT_3D ( 'NONE', #562, #8326, #6850 ) ;
#4141 = LINE ( 'NONE', #1190, #5459 ) ;
#4142 = LINE ( 'NONE', #6135, #21 ) ;
#4143 = CARTESIAN_POINT ( 'NONE',  ( 21.12740141557128482, -59.71627906976743816, -6.049999999999999822 ) ) ;
#4144 = CARTESIAN_POINT ( 'NONE',  ( 5.833164812942365884, -62.14297269969665649, -6.349999999999999645 ) ) ;
#4145 = PLANE ( 'NONE',  #2193 ) ;
#4146 = AXIS2_PLACEMENT_3D ( 'NONE', #1051, #3824, #403 ) ;
#4147 = VECTOR ( 'NONE', #2896, 1000.000000000000114 ) ;
#4148 = CARTESIAN_POINT ( 'NONE',  ( 19.98955173576002764, -69.00377485675765854, -6.349999999999999645 ) ) ;
#4149 = EDGE_LOOP ( 'NONE', ( #4009, #4510, #6146, #3278 ) ) ;
#4150 = ORIENTED_EDGE ( 'NONE', *, *, #3225, .T. ) ;
#4151 = CIRCLE ( 'NONE', #3414, 0.5000000000000004441 ) ;
#4152 = VECTOR ( 'NONE', #1955, 1000.000000000000000 ) ;
#4153 = CARTESIAN_POINT ( 'NONE',  ( 18.84630940343781802, -70.51506572295247111, -6.349999999999999645 ) ) ;
#4154 = ADVANCED_FACE ( 'NONE', ( #5701 ), #761, .T. ) ;
#4156 = EDGE_CURVE ( 'NONE', #3174, #1535, #4265, .T. ) ;
#4155 = ORIENTED_EDGE ( 'NONE', *, *, #3129, .F. ) ;
#4157 = DIRECTION ( 'NONE',  ( -0.1946636876457804310, -0.9808700468013822338, 0.000000000000000000 ) ) ;
#4158 = DIRECTION ( 'NONE',  ( 1.000000000000000000, 0.000000000000000000, 0.000000000000000000 ) ) ;
#4159 = CARTESIAN_POINT ( 'NONE',  ( 21.00000000000000000, -35.00000000000000000, 15.00000000000000000 ) ) ;
#4160 = EDGE_LOOP ( 'NONE', ( #5273, #3089, #7822, #2307 ) ) ;
#4161 = DIRECTION ( 'NONE',  ( 0.9535918209621130348, -0.3011023729467461330, 0.000000000000000000 ) ) ;
#4162 = VECTOR ( 'NONE', #4111, 999.9999999999998863 ) ;
#4163 = ORIENTED_EDGE ( 'NONE', *, *, #7297, .T. ) ;
#4164 = VECTOR ( 'NONE', #5873, 1000.000000000000000 ) ;
#4165 = ORIENTED_EDGE ( 'NONE', *, *, #7520, .F. ) ;
#4166 = EDGE_LOOP ( 'NONE', ( #4114, #9005, #3325, #1128 ) ) ;
#4167 = DIRECTION ( 'NONE',  ( 0.000000000000000000, 0.000000000000000000, 1.000000000000000000 ) ) ;
#4168 = VECTOR ( 'NONE', #9022, 1000.000000000000000 ) ;
#4169 = VECTOR ( 'NONE', #7515, 1000.000000000000114 ) ;
#4170 = CARTESIAN_POINT ( 'NONE',  ( 17.02628918099090072, -59.71627906976743816, -6.349999999999999645 ) ) ;
#4171 = DIRECTION ( 'NONE',  ( 0.000000000000000000, 0.000000000000000000, -1.000000000000000000 ) ) ;
#4172 = AXIS2_PLACEMENT_3D ( 'NONE', #4110, #8495, #9049 ) ;
#4173 = CARTESIAN_POINT ( 'NONE',  ( 2.907313784967980652, -66.97209302325580893, -6.049999999999999822 ) ) ;
#4174 = LINE ( 'NONE', #8, #923 ) ;
#4175 = ORIENTED_EDGE ( 'NONE', *, *, #1895, .F. ) ;
#4176 = DIRECTION ( 'NONE',  ( -0.000000000000000000, -0.000000000000000000, 1.000000000000000000 ) ) ;
#4177 = VERTEX_POINT ( 'NONE', #1549 ) ;
#4178 = EDGE_CURVE ( 'NONE', #1448, #2182, #3545, .T. ) ;
#4179 = VECTOR ( 'NONE', #819, 1000.000000000000000 ) ;
#4180 = VECTOR ( 'NONE', #3660, 1000.000000000000114 ) ;
#4181 = CIRCLE ( 'NONE', #5369, 0.5000000000000004441 ) ;
#4182 = LINE ( 'NONE', #8418, #3112 ) ;
#4183 = DIRECTION ( 'NONE',  ( 0.000000000000000000, 0.000000000000000000, 1.000000000000000000 ) ) ;
#4184 = ORIENTED_EDGE ( 'NONE', *, *, #6107, .F. ) ;
#4185 = VECTOR ( 'NONE', #3424, 1000.000000000000114 ) ;
#4186 = CARTESIAN_POINT ( 'NONE',  ( 26.99595551061678833, -69.19656218402425907, -6.049999999999999822 ) ) ;
#4187 = VECTOR ( 'NONE', #5135, 1000.000000000000000 ) ;
#4189 = EDGE_CURVE ( 'NONE', #9095, #6863, #6255, .T. ) ;
#4188 = CARTESIAN_POINT ( 'NONE',  ( -1.200000000000000178, 2.000000000000000000, 1.650000000000000355 ) ) ;
#4190 = ORIENTED_EDGE ( 'NONE', *, *, #6588, .T. ) ;
#4191 = EDGE_CURVE ( 'NONE', #7556, #3550, #6392, .T. ) ;
#4192 = VERTEX_POINT ( 'NONE', #669 ) ;
#4193 = ORIENTED_EDGE ( 'NONE', *, *, #7441, .F. ) ;
#4194 = LINE ( 'NONE', #3492, #2661 ) ;
#4195 = DIRECTION ( 'NONE',  ( -1.000000000000000000, -0.000000000000000000, -0.000000000000000000 ) ) ;
#4196 = DIRECTION ( 'NONE',  ( -1.000000000000000000, -0.000000000000000000, -0.000000000000000000 ) ) ;
#4197 = FACE_OUTER_BOUND ( 'NONE', #5275, .T. ) ;
#4198 = CARTESIAN_POINT ( 'NONE',  ( 23.30000000000000071, -5.000000000000000000, 13.00000000000000000 ) ) ;
#4199 = EDGE_CURVE ( 'NONE', #7873, #6283, #5604, .T. ) ;
#4200 = LINE ( 'NONE', #1379, #8977 ) ;
#4201 = ORIENTED_EDGE ( 'NONE', *, *, #1006, .F. ) ;
#4202 = ORIENTED_EDGE ( 'NONE', *, *, #8618, .F. ) ;
#4203 = CARTESIAN_POINT ( 'NONE',  ( 15.75000000000000000, -32.00000000000000000, 13.00000000000000000 ) ) ;
#4204 = ORIENTED_EDGE ( 'NONE', *, *, #1896, .F. ) ;
#4205 = DIRECTION ( 'NONE',  ( -0.3185721158650197116, 0.9478986269603330017, -0.000000000000000000 ) ) ;
#4206 = DIRECTION ( 'NONE',  ( 0.2670329342092561675, -0.9636874036987279624, 0.000000000000000000 ) ) ;
#4207 = FACE_OUTER_BOUND ( 'NONE', #8610, .T. ) ;
#4208 = ORIENTED_EDGE ( 'NONE', *, *, #3015, .F. ) ;
#4209 = FACE_OUTER_BOUND ( 'NONE', #8286, .T. ) ;
#4210 = EDGE_LOOP ( 'NONE', ( #4238, #3220 ) ) ;
#4211 = EDGE_LOOP ( 'NONE', ( #8767, #5980, #6717, #1488 ) ) ;
#4212 = EDGE_CURVE ( 'NONE', #5939, #471, #4182, .T. ) ;
#4213 = ORIENTED_EDGE ( 'NONE', *, *, #4951, .T. ) ;
#4214 = ADVANCED_FACE ( 'NONE', ( #2099 ), #4918, .F. ) ;
#4215 = DIRECTION ( 'NONE',  ( 0.7843064726717834390, -0.6203735624002242321, 0.000000000000000000 ) ) ;
#4216 = LINE ( 'NONE', #3433, #1965 ) ;
#4217 = CARTESIAN_POINT ( 'NONE',  ( 22.44994944388270852, -58.59999999999999432, -6.049999999999999822 ) ) ;
#4218 = DIRECTION ( 'NONE',  ( -0.7409869514359559428, 0.6715194247388888149, 0.000000000000000000 ) ) ;
#4219 = DIRECTION ( 'NONE',  ( 0.000000000000000000, 0.000000000000000000, -1.000000000000000000 ) ) ;
#4220 = VERTEX_POINT ( 'NONE', #7735 ) ;
#4221 = CARTESIAN_POINT ( 'NONE',  ( 13.62891809908999008, -70.57573306370069588, -6.049999999999999822 ) ) ;
#4222 = VERTEX_POINT ( 'NONE', #1405 ) ;
#4223 = LINE ( 'NONE', #5559, #1482 ) ;
#4224 = CARTESIAN_POINT ( 'NONE',  ( 5.078867542972695048, -63.79582069430400537, -6.049999999999999822 ) ) ;
#4225 = ORIENTED_EDGE ( 'NONE', *, *, #3675, .T. ) ;
#4226 = DIRECTION ( 'NONE',  ( 0.000000000000000000, 0.000000000000000000, 1.000000000000000000 ) ) ;
#4227 = CARTESIAN_POINT ( 'NONE',  ( 11.83990562858106088, -67.72706437478935015, -6.049999999999999822 ) ) ;
#4228 = ORIENTED_EDGE ( 'NONE', *, *, #4271, .T. ) ;
#4229 = VERTEX_POINT ( 'NONE', #2747 ) ;
#4230 = CARTESIAN_POINT ( 'NONE',  ( 34.20000000000000284, 4.200000000000000178, -6.349999999999999645 ) ) ;
#4231 = EDGE_CURVE ( 'NONE', #2528, #3743, #4223, .T. ) ;
#4232 = ADVANCED_FACE ( 'NONE', ( #4864 ), #7077, .T. ) ;
#4233 = DIRECTION ( 'NONE',  ( -1.000000000000000000, 0.000000000000000000, 0.000000000000000000 ) ) ;
#4234 = CARTESIAN_POINT ( 'NONE',  ( 16.54095045500505634, -64.24812942366025936, -6.349999999999999645 ) ) ;
#4235 = FACE_OUTER_BOUND ( 'NONE', #2901, .T. ) ;
#4236 = DIRECTION ( 'NONE',  ( 0.000000000000000000, 0.000000000000000000, -1.000000000000000000 ) ) ;
#4237 = LINE ( 'NONE', #729, #2945 ) ;
#4238 = ORIENTED_EDGE ( 'NONE', *, *, #3387, .F. ) ;
#4239 = ORIENTED_EDGE ( 'NONE', *, *, #8816, .T. ) ;
#4240 = EDGE_CURVE ( 'NONE', #5776, #5719, #4317, .T. ) ;
#4241 = DIRECTION ( 'NONE',  ( 0.000000000000000000, 0.000000000000000000, 1.000000000000000000 ) ) ;
#4242 = EDGE_CURVE ( 'NONE', #2240, #5744, #3628, .T. ) ;
#4243 = DIRECTION ( 'NONE',  ( 0.000000000000000000, 0.000000000000000000, 1.000000000000000000 ) ) ;
#4244 = VERTEX_POINT ( 'NONE', #113 ) ;
#4245 = FACE_OUTER_BOUND ( 'NONE', #5728, .T. ) ;
#4246 = LINE ( 'NONE', #3552, #3896 ) ;
#4247 = EDGE_CURVE ( 'NONE', #2934, #5979, #9004, .T. ) ;
#4248 = DIRECTION ( 'NONE',  ( 0.000000000000000000, 0.000000000000000000, 1.000000000000000000 ) ) ;
#4249 = EDGE_LOOP ( 'NONE', ( #4830, #4343, #921, #5240 ) ) ;
#4250 = CARTESIAN_POINT ( 'NONE',  ( 6.461577350859451840, -63.69100101112233858, -6.049999999999999822 ) ) ;
#4251 = ORIENTED_EDGE ( 'NONE', *, *, #243, .F. ) ;
#4252 = ORIENTED_EDGE ( 'NONE', *, *, #1481, .F. ) ;
#4253 = ORIENTED_EDGE ( 'NONE', *, *, #7454, .T. ) ;
#4254 = CARTESIAN_POINT ( 'NONE',  ( -6.000000000000000000, 11.00000000000000000, -6.349999999999999645 ) ) ;
#4255 = LINE ( 'NONE', #5693, #1511 ) ;
#4256 = DIRECTION ( 'NONE',  ( 1.000000000000000000, 0.000000000000000000, 0.000000000000000000 ) ) ;
#4257 = PLANE ( 'NONE',  #4332 ) ;
#4258 = DIRECTION ( 'NONE',  ( -0.3011023729467460774, -0.9535918209621130348, -0.000000000000000000 ) ) ;
#4259 = ADVANCED_FACE ( 'NONE', ( #3669 ), #5286, .F. ) ;
#4260 = ORIENTED_EDGE ( 'NONE', *, *, #7799, .F. ) ;
#4261 = ORIENTED_EDGE ( 'NONE', *, *, #147, .T. ) ;
#4262 = FACE_BOUND ( 'NONE', #5678, .T. ) ;
#4263 = ORIENTED_EDGE ( 'NONE', *, *, #464, .F. ) ;
#4264 = AXIS2_PLACEMENT_3D ( 'NONE', #1155, #1118, #8124 ) ;
#4265 = LINE ( 'NONE', #2788, #8405 ) ;
#4266 = CARTESIAN_POINT ( 'NONE',  ( 16.54095045500505634, -64.24812942366025936, -6.049999999999999822 ) ) ;
#4267 = ORIENTED_EDGE ( 'NONE', *, *, #5313, .T. ) ;
#4268 = EDGE_CURVE ( 'NONE', #5445, #4405, #3115, .T. ) ;
#4269 = CARTESIAN_POINT ( 'NONE',  ( 20.25000000000000000, -32.00000000000000000, 13.00000000000000000 ) ) ;
#4270 = DIRECTION ( 'NONE',  ( -1.000000000000000000, 0.000000000000000000, 0.000000000000000000 ) ) ;
#4271 = EDGE_CURVE ( 'NONE', #2567, #8376, #995, .T. ) ;
#4272 = LINE ( 'NONE', #4323, #4179 ) ;
#4273 = VERTEX_POINT ( 'NONE', #4407 ) ;
#4274 = VECTOR ( 'NONE', #2358, 1000.000000000000000 ) ;
#4275 = ORIENTED_EDGE ( 'NONE', *, *, #3890, .F. ) ;
#4276 = CARTESIAN_POINT ( 'NONE',  ( 4.555443208628242147, -67.51304347826086882, -6.049999999999999822 ) ) ;
#4277 = DIRECTION ( 'NONE',  ( -0.2670329342092561675, 0.9636874036987279624, 0.000000000000000000 ) ) ;
#4278 = CIRCLE ( 'NONE', #6048, 0.7500000000000006661 ) ;
#4279 = CARTESIAN_POINT ( 'NONE',  ( 14.66700370744860216, -65.02534546680148253, -6.049999999999999822 ) ) ;
#4280 = CYLINDRICAL_SURFACE ( 'NONE', #6943, 0.7500000000000006661 ) ;
#4281 = CARTESIAN_POINT ( 'NONE',  ( 27.26693629929221530, -68.76784630940343845, -6.349999999999999645 ) ) ;
#4282 = CARTESIAN_POINT ( 'NONE',  ( 12.75000000000000178, -29.00000000000000000, 15.00000000000000000 ) ) ;
#4283 = ORIENTED_EDGE ( 'NONE', *, *, #2944, .T. ) ;
#4284 = EDGE_CURVE ( 'NONE', #5152, #6371, #1695, .T. ) ;
#4285 = AXIS2_PLACEMENT_3D ( 'NONE', #5071, #2850, #1413 ) ;
#4286 = VERTEX_POINT ( 'NONE', #6480 ) ;
#4287 = DIRECTION ( 'NONE',  ( 0.000000000000000000, 0.000000000000000000, 1.000000000000000000 ) ) ;
#4288 = DIRECTION ( 'NONE',  ( -0.000000000000000000, 1.000000000000000000, 0.000000000000000000 ) ) ;
#4289 = VECTOR ( 'NONE', #3834, 999.9999999999998863 ) ;
#4290 = ORIENTED_EDGE ( 'NONE', *, *, #1169, .T. ) ;
#4291 = LINE ( 'NONE', #7989, #5447 ) ;
#4292 = CARTESIAN_POINT ( 'NONE',  ( -0.5000000000000000000, 0.5000000000000000000, 13.00000000000000178 ) ) ;
#4293 = CARTESIAN_POINT ( 'NONE',  ( 18.67644084934277160, -64.73953488372092124, -6.349999999999999645 ) ) ;
#4294 = ORIENTED_EDGE ( 'NONE', *, *, #6578, .F. ) ;
#4295 = EDGE_CURVE ( 'NONE', #4427, #2182, #8696, .T. ) ;
#4296 = CARTESIAN_POINT ( 'NONE',  ( 21.00000000000000000, -38.00000000000000000, 13.00000000000000000 ) ) ;
#4297 = ORIENTED_EDGE ( 'NONE', *, *, #4533, .F. ) ;
#4298 = EDGE_CURVE ( 'NONE', #488, #8210, #1038, .T. ) ;
#4299 = ORIENTED_EDGE ( 'NONE', *, *, #7106, .F. ) ;
#4300 = AXIS2_PLACEMENT_3D ( 'NONE', #1639, #4411, #2473 ) ;
#4301 = VECTOR ( 'NONE', #1536, 1000.000000000000000 ) ;
#4302 = ORIENTED_EDGE ( 'NONE', *, *, #6051, .F. ) ;
#4303 = LINE ( 'NONE', #4901, #4874 ) ;
#4304 = LINE ( 'NONE', #7122, #636 ) ;
#4305 = LINE ( 'NONE', #8411, #3731 ) ;
#4306 = AXIS2_PLACEMENT_3D ( 'NONE', #1727, #2968, #7353 ) ;
#4307 = DIRECTION ( 'NONE',  ( 0.6630352452961900678, 0.7485881801731986140, 0.000000000000000000 ) ) ;
#4308 = LINE ( 'NONE', #8466, #8287 ) ;
#4309 = ORIENTED_EDGE ( 'NONE', *, *, #5768, .T. ) ;
#4310 = AXIS2_PLACEMENT_3D ( 'NONE', #6125, #5429, #495 ) ;
#4311 = LINE ( 'NONE', #850, #1969 ) ;
#4312 = VERTEX_POINT ( 'NONE', #5930 ) ;
#4313 = EDGE_CURVE ( 'NONE', #6927, #3154, #6500, .T. ) ;
#4314 = VECTOR ( 'NONE', #5034, 1000.000000000000000 ) ;
#4315 = VECTOR ( 'NONE', #9085, 1000.000000000000000 ) ;
#4316 = VECTOR ( 'NONE', #2364, 1000.000000000000000 ) ;
#4317 = LINE ( 'NONE', #7135, #4442 ) ;
#4318 = FACE_OUTER_BOUND ( 'NONE', #3805, .T. ) ;
#4319 = ORIENTED_EDGE ( 'NONE', *, *, #305, .F. ) ;
#4320 = PLANE ( 'NONE',  #6532 ) ;
#4321 = LINE ( 'NONE', #2296, #8874 ) ;
#4323 = CARTESIAN_POINT ( 'NONE',  ( 8.314459049544995040, -70.59999999999999432, -6.049999999999999822 ) ) ;
#4322 = AXIS2_PLACEMENT_3D ( 'NONE', #5011, #3586, #7829 ) ;
#4324 = ORIENTED_EDGE ( 'NONE', *, *, #8766, .F. ) ;
#4325 = VECTOR ( 'NONE', #749, 999.9999999999998863 ) ;
#4326 = VECTOR ( 'NONE', #1247, 1000.000000000000000 ) ;
#4327 = ADVANCED_FACE ( 'NONE', ( #8099 ), #351, .T. ) ;
#4328 = ADVANCED_FACE ( 'NONE', ( #216 ), #3167, .F. ) ;
#4329 = ORIENTED_EDGE ( 'NONE', *, *, #8420, .T. ) ;
#4330 = CARTESIAN_POINT ( 'NONE',  ( 14.81799797775530791, -64.24206268958543831, -6.049999999999999822 ) ) ;
#4331 = VECTOR ( 'NONE', #2092, 1000.000000000000227 ) ;
#4333 = LINE ( 'NONE', #3493, #6945 ) ;
#4332 = AXIS2_PLACEMENT_3D ( 'NONE', #8412, #2967, #6427 ) ;
#4334 = FACE_BOUND ( 'NONE', #7875, .T. ) ;
#4335 = CARTESIAN_POINT ( 'NONE',  ( 19.67610380856083552, -69.00883046848667846, -6.049999999999999822 ) ) ;
#4336 = DIRECTION ( 'NONE',  ( -1.000000000000000000, 0.000000000000000000, 0.000000000000000000 ) ) ;
#4337 = DIRECTION ( 'NONE',  ( -0.5270858155094207964, 0.8498120633932945145, 0.000000000000000000 ) ) ;
#4338 = ORIENTED_EDGE ( 'NONE', *, *, #3309, .T. ) ;
#4339 = ORIENTED_EDGE ( 'NONE', *, *, #5658, .T. ) ;
#4340 = CARTESIAN_POINT ( 'NONE',  ( 3.424165824064710595, -66.02736771149308481, -6.049999999999999822 ) ) ;
#4341 = AXIS2_PLACEMENT_3D ( 'NONE', #1020, #3892, #8641 ) ;
#4342 = DIRECTION ( 'NONE',  ( 0.000000000000000000, 0.000000000000000000, -1.000000000000000000 ) ) ;
#4343 = ORIENTED_EDGE ( 'NONE', *, *, #1758, .T. ) ;
#4344 = DIRECTION ( 'NONE',  ( 1.000000000000000000, 0.000000000000000000, 0.000000000000000000 ) ) ;
#4345 = DIRECTION ( 'NONE',  ( 0.1236121178091324352, -0.9923306124123860705, 0.000000000000000000 ) ) ;
#4346 = FACE_OUTER_BOUND ( 'NONE', #8563, .T. ) ;
#4347 = VERTEX_POINT ( 'NONE', #7275 ) ;
#4348 = CARTESIAN_POINT ( 'NONE',  ( 21.75000000000000355, -38.00000000000000000, 13.00000000000000000 ) ) ;
#4349 = VERTEX_POINT ( 'NONE', #5797 ) ;
#4350 = VERTEX_POINT ( 'NONE', #8749 ) ;
#4351 = ORIENTED_EDGE ( 'NONE', *, *, #1692, .F. ) ;
#4352 = DIRECTION ( 'NONE',  ( 0.9563666902582381724, 0.2921690499770693838, 0.000000000000000000 ) ) ;
#4353 = EDGE_CURVE ( 'NONE', #5399, #7582, #7962, .T. ) ;
#4354 = CARTESIAN_POINT ( 'NONE',  ( 32.00000000000000000, -52.00000000000000711, -4.349999999999999645 ) ) ;
#4355 = ADVANCED_FACE ( 'NONE', ( #5144, #1778 ), #2469, .T. ) ;
#4356 = CARTESIAN_POINT ( 'NONE',  ( 12.85237613751263908, -58.66066734074822620, -6.349999999999999645 ) ) ;
#4357 = FACE_OUTER_BOUND ( 'NONE', #5170, .T. ) ;
#4358 = FACE_OUTER_BOUND ( 'NONE', #7917, .T. ) ;
#4359 = EDGE_LOOP ( 'NONE', ( #5354, #3343, #5416, #8820 ) ) ;
#4360 = VERTEX_POINT ( 'NONE', #2375 ) ;
#4361 = FACE_OUTER_BOUND ( 'NONE', #2089, .T. ) ;
#4362 = VERTEX_POINT ( 'NONE', #1635 ) ;
#4363 = ORIENTED_EDGE ( 'NONE', *, *, #4653, .T. ) ;
#4364 = LINE ( 'NONE', #2927, #6191 ) ;
#4365 = EDGE_CURVE ( 'NONE', #3612, #7751, #2429, .T. ) ;
#4366 = DIRECTION ( 'NONE',  ( 0.000000000000000000, -0.000000000000000000, 1.000000000000000000 ) ) ;
#4367 = EDGE_LOOP ( 'NONE', ( #4302, #8340, #6086, #1363 ) ) ;
#4368 = DIRECTION ( 'NONE',  ( 0.000000000000000000, 0.000000000000000000, -1.000000000000000000 ) ) ;
#4369 = CARTESIAN_POINT ( 'NONE',  ( 24.93528816986855645, -69.96838557465453334, -6.049999999999999822 ) ) ;
#4370 = EDGE_CURVE ( 'NONE', #163, #5476, #5247, .T. ) ;
#4371 = DIRECTION ( 'NONE',  ( 1.000000000000000000, 0.000000000000000000, 0.000000000000000000 ) ) ;
#4372 = ORIENTED_EDGE ( 'NONE', *, *, #3774, .F. ) ;
#4373 = ORIENTED_EDGE ( 'NONE', *, *, #8810, .F. ) ;
#4374 = CARTESIAN_POINT ( 'NONE',  ( 12.00168520390967331, -67.47984496124030329, -6.049999999999999822 ) ) ;
#4375 = DIRECTION ( 'NONE',  ( 0.000000000000000000, 0.000000000000000000, -1.000000000000000000 ) ) ;
#4376 = FACE_BOUND ( 'NONE', #6056, .T. ) ;
#4377 = LINE ( 'NONE', #1416, #8419 ) ;
#4378 = LINE ( 'NONE', #7892, #2641 ) ;
#4379 = EDGE_CURVE ( 'NONE', #7593, #4649, #3030, .T. ) ;
#4380 = ADVANCED_FACE ( 'NONE', ( #7220, #900, #8656, #6798, #8923, #478 ), #1262, .T. ) ;
#4381 = CARTESIAN_POINT ( 'NONE',  ( 11.83990562858106088, -67.72706437478935015, -6.349999999999999645 ) ) ;
#4382 = ORIENTED_EDGE ( 'NONE', *, *, #6173, .F. ) ;
#4383 = VERTEX_POINT ( 'NONE', #2562 ) ;
#4384 = CARTESIAN_POINT ( 'NONE',  ( 14.59959555106167883, -65.40990899898886823, -6.049999999999999822 ) ) ;
#4385 = CARTESIAN_POINT ( 'NONE',  ( 11.68756319514661257, -67.96248736097066967, -6.049999999999999822 ) ) ;
#4386 = ORIENTED_EDGE ( 'NONE', *, *, #8892, .T. ) ;
#4387 = CARTESIAN_POINT ( 'NONE',  ( 18.00000000000000355, -35.00000000000000000, 15.00000000000000000 ) ) ;
#4388 = CARTESIAN_POINT ( 'NONE',  ( 8.314459049544995040, -58.66066734074822620, -6.349999999999999645 ) ) ;
#4389 = DIRECTION ( 'NONE',  ( -0.8137334712067249010, 0.5812381937191105630, 0.000000000000000000 ) ) ;
#4390 = EDGE_CURVE ( 'NONE', #2456, #9137, #6715, .T. ) ;
#4391 = VERTEX_POINT ( 'NONE', #4775 ) ;
#4392 = FACE_OUTER_BOUND ( 'NONE', #8458, .T. ) ;
#4393 = ORIENTED_EDGE ( 'NONE', *, *, #8790, .F. ) ;
#4394 = ORIENTED_EDGE ( 'NONE', *, *, #2053, .F. ) ;
#4395 = ORIENTED_EDGE ( 'NONE', *, *, #7859, .F. ) ;
#4396 = CARTESIAN_POINT ( 'NONE',  ( 23.80000000000000071, -5.000000000000000000, 13.00000000000000000 ) ) ;
#4397 = DIRECTION ( 'NONE',  ( 0.000000000000000000, 0.000000000000000000, -1.000000000000000000 ) ) ;
#4398 = DIRECTION ( 'NONE',  ( 0.2896152683818853379, -0.9571431430669544715, 0.000000000000000000 ) ) ;
#4399 = DIRECTION ( 'NONE',  ( 0.000000000000000000, 0.000000000000000000, -1.000000000000000000 ) ) ;
#4400 = CARTESIAN_POINT ( 'NONE',  ( 26.11661611054937637, -68.53191776204920416, -6.349999999999999645 ) ) ;
#4401 = ORIENTED_EDGE ( 'NONE', *, *, #9065, .T. ) ;
#4402 = EDGE_LOOP ( 'NONE', ( #2981, #4267 ) ) ;
#4403 = CARTESIAN_POINT ( 'NONE',  ( 11.41118975396022783, -68.39794405123019772, -6.349999999999999645 ) ) ;
#4404 = ORIENTED_EDGE ( 'NONE', *, *, #7827, .F. ) ;
#4405 = VERTEX_POINT ( 'NONE', #3299 ) ;
#4406 = ADVANCED_FACE ( 'NONE', ( #6151 ), #2602, .F. ) ;
#4407 = CARTESIAN_POINT ( 'NONE',  ( 11.83990562858106088, -67.72706437478935015, -6.049999999999999822 ) ) ;
#4408 = PLANE ( 'NONE',  #3276 ) ;
#4409 = VERTEX_POINT ( 'NONE', #2690 ) ;
#4410 = DIRECTION ( 'NONE',  ( -0.000000000000000000, -1.000000000000000000, -0.000000000000000000 ) ) ;
#4411 = DIRECTION ( 'NONE',  ( -0.9905705782819522742, 0.1370033920826732310, 0.000000000000000000 ) ) ;
#4412 = LINE ( 'NONE', #768, #7571 ) ;
#4413 = EDGE_LOOP ( 'NONE', ( #2414, #2766, #795, #4338 ) ) ;
#4414 = ADVANCED_FACE ( 'NONE', ( #5460 ), #4042, .T. ) ;
#4415 = AXIS2_PLACEMENT_3D ( 'NONE', #2857, #1460, #5675 ) ;
#4416 = EDGE_CURVE ( 'NONE', #3712, #6916, #2640, .T. ) ;
#4417 = CIRCLE ( 'NONE', #7794, 0.7500000000000006661 ) ;
#4418 = DIRECTION ( 'NONE',  ( -0.000000000000000000, -0.000000000000000000, 1.000000000000000000 ) ) ;
#4419 = DIRECTION ( 'NONE',  ( 0.000000000000000000, 0.000000000000000000, -1.000000000000000000 ) ) ;
#4420 = DIRECTION ( 'NONE',  ( 0.000000000000000000, 0.000000000000000000, -1.000000000000000000 ) ) ;
#4421 = CARTESIAN_POINT ( 'NONE',  ( 20.54499494438827156, -58.81840242669362340, -6.049999999999999822 ) ) ;
#4422 = CARTESIAN_POINT ( 'NONE',  ( 18.67644084934277160, -62.94378159757329882, -6.349999999999999645 ) ) ;
#4423 = EDGE_CURVE ( 'NONE', #3163, #7162, #1827, .T. ) ;
#4424 = VECTOR ( 'NONE', #8180, 1000.000000000000227 ) ;
#4425 = DIRECTION ( 'NONE',  ( 0.000000000000000000, 0.000000000000000000, -1.000000000000000000 ) ) ;
#4426 = ORIENTED_EDGE ( 'NONE', *, *, #6107, .T. ) ;
#4427 = VERTEX_POINT ( 'NONE', #3205 ) ;
#4428 = CIRCLE ( 'NONE', #3847, 0.7500000000000006661 ) ;
#4429 = PLANE ( 'NONE',  #5314 ) ;
#4430 = CARTESIAN_POINT ( 'NONE',  ( 9.056117290192112534, -65.03528816986855077, -6.049999999999999822 ) ) ;
#4431 = EDGE_LOOP ( 'NONE', ( #3489, #426, #6099, #902 ) ) ;
#4432 = DIRECTION ( 'NONE',  ( 0.000000000000000000, 0.000000000000000000, -1.000000000000000000 ) ) ;
#4433 = CARTESIAN_POINT ( 'NONE',  ( 18.75193798449612359, -68.70852713178295801, -6.049999999999999822 ) ) ;
#4434 = EDGE_LOOP ( 'NONE', ( #4899, #5324, #6437, #8849 ) ) ;
#4435 = VECTOR ( 'NONE', #7635, 1000.000000000000000 ) ;
#4436 = PLANE ( 'NONE',  #1843 ) ;
#4437 = ORIENTED_EDGE ( 'NONE', *, *, #5681, .T. ) ;
#4438 = ORIENTED_EDGE ( 'NONE', *, *, #2321, .F. ) ;
#4439 = VERTEX_POINT ( 'NONE', #1170 ) ;
#4440 = EDGE_CURVE ( 'NONE', #5979, #2934, #5472, .T. ) ;
#4441 = EDGE_CURVE ( 'NONE', #260, #3007, #7455, .T. ) ;
#4442 = VECTOR ( 'NONE', #6339, 1000.000000000000114 ) ;
#4443 = CARTESIAN_POINT ( 'NONE',  ( 26.11661611054937637, -68.53191776204920416, -6.349999999999999645 ) ) ;
#4444 = PLANE ( 'NONE',  #6961 ) ;
#4445 = CARTESIAN_POINT ( 'NONE',  ( 4.886754297269968461, -67.03276036400403370, -6.049999999999999822 ) ) ;
#4446 = FACE_OUTER_BOUND ( 'NONE', #5677, .T. ) ;
#4447 = ORIENTED_EDGE ( 'NONE', *, *, #3062, .T. ) ;
#4448 = ORIENTED_EDGE ( 'NONE', *, *, #299, .F. ) ;
#4449 = PLANE ( 'NONE',  #1834 ) ;
#4450 = VECTOR ( 'NONE', #8080, 1000.000000000000000 ) ;
#4451 = EDGE_LOOP ( 'NONE', ( #1950, #1332, #2681, #7118 ) ) ;
#4452 = VECTOR ( 'NONE', #1193, 1000.000000000000227 ) ;
#4453 = VERTEX_POINT ( 'NONE', #1866 ) ;
#4454 = DIRECTION ( 'NONE',  ( 0.7623834838537865144, 0.6471255083420551779, 0.000000000000000000 ) ) ;
#4455 = VECTOR ( 'NONE', #9109, 1000.000000000000000 ) ;
#4456 = FACE_BOUND ( 'NONE', #4402, .T. ) ;
#4457 = VECTOR ( 'NONE', #8961, 1000.000000000000000 ) ;
#4458 = ORIENTED_EDGE ( 'NONE', *, *, #2630, .F. ) ;
#4459 = CARTESIAN_POINT ( 'NONE',  ( 14.73980451634647970, -64.63606336366699168, -6.049999999999999822 ) ) ;
#4460 = CARTESIAN_POINT ( 'NONE',  ( 18.67644084934277160, -67.39676440849342498, -6.049999999999999822 ) ) ;
#4461 = ORIENTED_EDGE ( 'NONE', *, *, #4025, .T. ) ;
#4462 = CARTESIAN_POINT ( 'NONE',  ( 3.082237950792043435, -67.24711830131445822, -6.049999999999999822 ) ) ;
#4463 = ORIENTED_EDGE ( 'NONE', *, *, #5870, .T. ) ;
#4464 = VECTOR ( 'NONE', #6804, 1000.000000000000000 ) ;
#4465 = AXIS2_PLACEMENT_3D ( 'NONE', #47, #2865, #6503 ) ;
#4466 = AXIS2_PLACEMENT_3D ( 'NONE', #2420, #247, #4398 ) ;
#4467 = CARTESIAN_POINT ( 'NONE',  ( 14.73980451634647970, -64.63606336366699168, -6.349999999999999645 ) ) ;
#4468 = DIRECTION ( 'NONE',  ( 0.000000000000000000, -1.000000000000000000, 0.000000000000000000 ) ) ;
#4469 = DIRECTION ( 'NONE',  ( 1.000000000000000000, 0.000000000000000000, 0.000000000000000000 ) ) ;
#4471 = ADVANCED_FACE ( 'NONE', ( #4683 ), #524, .F. ) ;
#4470 = AXIS2_PLACEMENT_3D ( 'NONE', #7430, #8116, #879 ) ;
#4472 = CIRCLE ( 'NONE', #3883, 0.7500000000000006661 ) ;
#4473 = DIRECTION ( 'NONE',  ( 1.000000000000000000, 0.000000000000000000, 0.000000000000000000 ) ) ;
#4474 = CARTESIAN_POINT ( 'NONE',  ( 18.00000000000000355, -29.00000000000000000, 15.00000000000000000 ) ) ;
#4475 = ADVANCED_FACE ( 'NONE', ( #1132 ), #7537, .T. ) ;
#4476 = VECTOR ( 'NONE', #1572, 1000.000000000000227 ) ;
#4477 = CARTESIAN_POINT ( 'NONE',  ( 18.00000000000000355, -35.00000000000000000, 13.00000000000000000 ) ) ;
#4478 = ORIENTED_EDGE ( 'NONE', *, *, #5717, .T. ) ;
#4479 = EDGE_LOOP ( 'NONE', ( #2030, #5731, #4594, #148 ) ) ;
#4480 = VECTOR ( 'NONE', #6486, 1000.000000000000000 ) ;
#4481 = AXIS2_PLACEMENT_3D ( 'NONE', #2225, #2965, #5784 ) ;
#4482 = VECTOR ( 'NONE', #6332, 1000.000000000000000 ) ;
#4483 = CARTESIAN_POINT ( 'NONE',  ( 17.02628918099090072, -68.51304347826086882, -6.049999999999999822 ) ) ;
#4484 = LINE ( 'NONE', #8254, #4766 ) ;
#4485 = CARTESIAN_POINT ( 'NONE',  ( 11.55358948432760435, -66.19251769464104029, -6.349999999999999645 ) ) ;
#4486 = DIRECTION ( 'NONE',  ( 0.000000000000000000, -0.000000000000000000, -1.000000000000000000 ) ) ;
#4487 = CARTESIAN_POINT ( 'NONE',  ( 10.02932254802831480, -63.87805864509606124, -6.049999999999999822 ) ) ;
#4488 = EDGE_CURVE ( 'NONE', #2616, #1226, #1216, .T. ) ;
#4489 = VECTOR ( 'NONE', #1258, 1000.000000000000000 ) ;
#4490 = ORIENTED_EDGE ( 'NONE', *, *, #3974, .F. ) ;
#4491 = VECTOR ( 'NONE', #5974, 1000.000000000000000 ) ;
#4492 = EDGE_CURVE ( 'NONE', #380, #7060, #4644, .T. ) ;
#4493 = PLANE ( 'NONE',  #3855 ) ;
#4494 = ORIENTED_EDGE ( 'NONE', *, *, #2290, .T. ) ;
#4495 = VERTEX_POINT ( 'NONE', #5511 ) ;
#4496 = VERTEX_POINT ( 'NONE', #4592 ) ;
#4497 = DIRECTION ( 'NONE',  ( -0.09053574604253654401, -0.9958932064677022966, 0.000000000000000000 ) ) ;
#4498 = FACE_OUTER_BOUND ( 'NONE', #6119, .T. ) ;
#4499 = DIRECTION ( 'NONE',  ( 1.000000000000000000, 0.000000000000000000, 0.000000000000000000 ) ) ;
#4500 = PLANE ( 'NONE',  #2096 ) ;
#4501 = VERTEX_POINT ( 'NONE', #7408 ) ;
#4502 = EDGE_LOOP ( 'NONE', ( #5178, #2866 ) ) ;
#4503 = CARTESIAN_POINT ( 'NONE',  ( 4.105493764745530072, -68.08028311425681522, -6.049999999999999822 ) ) ;
#4504 = EDGE_CURVE ( 'NONE', #5744, #7178, #1091, .T. ) ;
#4505 = EDGE_LOOP ( 'NONE', ( #7280, #2119 ) ) ;
#4506 = EDGE_CURVE ( 'NONE', #3694, #1524, #432, .T. ) ;
#4507 = VERTEX_POINT ( 'NONE', #2875 ) ;
#4508 = DIRECTION ( 'NONE',  ( 0.000000000000000000, 0.000000000000000000, 1.000000000000000000 ) ) ;
#4509 = CARTESIAN_POINT ( 'NONE',  ( 5.833164812942365884, -62.14297269969665649, -6.049999999999999822 ) ) ;
#4510 = ORIENTED_EDGE ( 'NONE', *, *, #7371, .F. ) ;
#4511 = DIRECTION ( 'NONE',  ( 0.9996228435949165991, 0.02746216603279308388, 0.000000000000000000 ) ) ;
#4512 = DIRECTION ( 'NONE',  ( -0.8904346821960810177, 0.4551110597891072640, 0.000000000000000000 ) ) ;
#4513 = ORIENTED_EDGE ( 'NONE', *, *, #3909, .F. ) ;
#4514 = DIRECTION ( 'NONE',  ( 0.000000000000000000, 0.000000000000000000, 1.000000000000000000 ) ) ;
#4515 = ORIENTED_EDGE ( 'NONE', *, *, #2774, .F. ) ;
#4516 = DIRECTION ( 'NONE',  ( 0.000000000000000000, 1.000000000000000000, 0.000000000000000000 ) ) ;
#4517 = CARTESIAN_POINT ( 'NONE',  ( 18.75000000000000355, -41.00000000000000000, 13.00000000000000000 ) ) ;
#4518 = FACE_OUTER_BOUND ( 'NONE', #2952, .T. ) ;
#4519 = LINE ( 'NONE', #5855, #1796 ) ;
#4520 = CARTESIAN_POINT ( 'NONE',  ( 22.00000000000000000, 9.799999999999998934, 0.000000000000000000 ) ) ;
#4521 = ORIENTED_EDGE ( 'NONE', *, *, #2300, .F. ) ;
#4522 = ORIENTED_EDGE ( 'NONE', *, *, #5872, .F. ) ;
#4523 = ADVANCED_FACE ( 'NONE', ( #1343 ), #659, .T. ) ;
#4524 = LINE ( 'NONE', #3830, #4128 ) ;
#4525 = CARTESIAN_POINT ( 'NONE',  ( 21.12740141557128482, -59.71627906976743816, -6.349999999999999645 ) ) ;
#4526 = LINE ( 'NONE', #3144, #2520 ) ;
#4527 = DIRECTION ( 'NONE',  ( 0.000000000000000000, 0.000000000000000000, 1.000000000000000000 ) ) ;
#4528 = CARTESIAN_POINT ( 'NONE',  ( 3.218402426693629081, -62.14297269969665649, -6.049999999999999822 ) ) ;
#4529 = DIRECTION ( 'NONE',  ( 0.7884439270417297196, 0.6151066362111660135, 0.000000000000000000 ) ) ;
#4530 = VERTEX_POINT ( 'NONE', #1435 ) ;
#4531 = EDGE_CURVE ( 'NONE', #6916, #1690, #4952, .T. ) ;
#4532 = VERTEX_POINT ( 'NONE', #1300 ) ;
#4533 = EDGE_CURVE ( 'NONE', #4059, #3838, #3516, .T. ) ;
#4534 = ORIENTED_EDGE ( 'NONE', *, *, #5909, .F. ) ;
#4535 = EDGE_CURVE ( 'NONE', #7462, #1381, #748, .T. ) ;
#4536 = FACE_OUTER_BOUND ( 'NONE', #2923, .T. ) ;
#4537 = LINE ( 'NONE', #5237, #4759 ) ;
#4538 = CARTESIAN_POINT ( 'NONE',  ( 18.67644084934277160, -61.87603640040444475, -6.049999999999999822 ) ) ;
#4539 = LINE ( 'NONE', #1628, #9016 ) ;
#4540 = ORIENTED_EDGE ( 'NONE', *, *, #4423, .T. ) ;
#4541 = ORIENTED_EDGE ( 'NONE', *, *, #4085, .T. ) ;
#4542 = CARTESIAN_POINT ( 'NONE',  ( 32.80000000000000426, 2.000000000000000000, 1.650000000000000355 ) ) ;
#4543 = VERTEX_POINT ( 'NONE', #4254 ) ;
#4544 = ORIENTED_EDGE ( 'NONE', *, *, #8095, .F. ) ;
#4545 = CARTESIAN_POINT ( 'NONE',  ( 10.92854735422985968, -68.16656555443208276, -6.349999999999999645 ) ) ;
#4546 = EDGE_CURVE ( 'NONE', #6950, #4383, #2234, .T. ) ;
#4547 = DIRECTION ( 'NONE',  ( 0.000000000000000000, 0.000000000000000000, 1.000000000000000000 ) ) ;
#4548 = ORIENTED_EDGE ( 'NONE', *, *, #5733, .T. ) ;
#4549 = FACE_OUTER_BOUND ( 'NONE', #8682, .T. ) ;
#4550 = DIRECTION ( 'NONE',  ( 0.000000000000000000, 0.000000000000000000, 1.000000000000000000 ) ) ;
#4551 = VERTEX_POINT ( 'NONE', #5551 ) ;
#4552 = LINE ( 'NONE', #1045, #1519 ) ;
#4553 = EDGE_LOOP ( 'NONE', ( #6605, #3987, #1922, #8117 ) ) ;
#4554 = CARTESIAN_POINT ( 'NONE',  ( 21.00337040781934661, -69.87738456353218908, -6.049999999999999822 ) ) ;
#4555 = EDGE_CURVE ( 'NONE', #882, #5969, #4303, .T. ) ;
#4556 = EDGE_CURVE ( 'NONE', #604, #658, #5643, .T. ) ;
#4557 = LINE ( 'NONE', #5297, #2975 ) ;
#4558 = DIRECTION ( 'NONE',  ( 0.9949164490211110934, 0.1007038205194950714, 0.000000000000000000 ) ) ;
#4559 = CARTESIAN_POINT ( 'NONE',  ( 18.67644084934277160, -65.49180990899898802, -6.349999999999999645 ) ) ;
#4560 = DIRECTION ( 'NONE',  ( 0.9937730656455696643, -0.1114230406935940304, 0.000000000000000000 ) ) ;
#4561 = VECTOR ( 'NONE', #6355, 1000.000000000000114 ) ;
#4562 = DIRECTION ( 'NONE',  ( 1.000000000000000000, 0.000000000000000000, 0.000000000000000000 ) ) ;
#4563 = VECTOR ( 'NONE', #4835, 1000.000000000000114 ) ;
#4564 = ORIENTED_EDGE ( 'NONE', *, *, #7484, .F. ) ;
#4565 = ORIENTED_EDGE ( 'NONE', *, *, #5256, .T. ) ;
#4566 = CARTESIAN_POINT ( 'NONE',  ( 6.461577350859451840, -63.69100101112233858, -6.349999999999999645 ) ) ;
#4567 = DIRECTION ( 'NONE',  ( 0.000000000000000000, 1.000000000000000000, 0.000000000000000000 ) ) ;
#4568 = CIRCLE ( 'NONE', #2203, 0.7500000000000006661 ) ;
#4569 = CARTESIAN_POINT ( 'NONE',  ( 21.00000000000000000, -35.00000000000000000, 13.00000000000000000 ) ) ;
#4570 = PLANE ( 'NONE',  #2379 ) ;
#4571 = CARTESIAN_POINT ( 'NONE',  ( 21.00000000000000000, -38.00000000000000000, 13.00000000000000000 ) ) ;
#4572 = DIRECTION ( 'NONE',  ( -0.9425176360692421040, 0.3341564090339245729, 0.000000000000000000 ) ) ;
#4573 = EDGE_CURVE ( 'NONE', #2134, #3536, #2822, .T. ) ;
#4574 = FACE_OUTER_BOUND ( 'NONE', #2817, .T. ) ;
#4575 = ORIENTED_EDGE ( 'NONE', *, *, #8526, .F. ) ;
#4576 = VECTOR ( 'NONE', #2350, 1000.000000000000000 ) ;
#4577 = EDGE_LOOP ( 'NONE', ( #8297, #3816 ) ) ;
#4578 = ORIENTED_EDGE ( 'NONE', *, *, #5002, .F. ) ;
#4579 = DIRECTION ( 'NONE',  ( 0.000000000000000000, 0.000000000000000000, 1.000000000000000000 ) ) ;
#4580 = DIRECTION ( 'NONE',  ( 0.000000000000000000, 0.000000000000000000, -1.000000000000000000 ) ) ;
#4581 = VECTOR ( 'NONE', #7596, 1000.000000000000000 ) ;
#4582 = ADVANCED_FACE ( 'NONE', ( #63 ), #5692, .T. ) ;
#4583 = LINE ( 'NONE', #7399, #6218 ) ;
#4584 = ORIENTED_EDGE ( 'NONE', *, *, #173, .T. ) ;
#4585 = ORIENTED_EDGE ( 'NONE', *, *, #4199, .T. ) ;
#4586 = ADVANCED_FACE ( 'NONE', ( #7119 ), #7808, .T. ) ;
#4587 = DIRECTION ( 'NONE',  ( -0.000000000000000000, 1.000000000000000000, 0.000000000000000000 ) ) ;
#4588 = ORIENTED_EDGE ( 'NONE', *, *, #7908, .T. ) ;
#4589 = ORIENTED_EDGE ( 'NONE', *, *, #4642, .T. ) ;
#4590 = EDGE_CURVE ( 'NONE', #3606, #5526, #8407, .T. ) ;
#4591 = VECTOR ( 'NONE', #7625, 1000.000000000000000 ) ;
#4592 = CARTESIAN_POINT ( 'NONE',  ( 6.712841253791708596, -68.56157735085945149, -6.049999999999999822 ) ) ;
#4593 = FACE_BOUND ( 'NONE', #274, .T. ) ;
#4594 = ORIENTED_EDGE ( 'NONE', *, *, #383, .T. ) ;
#4595 = VECTOR ( 'NONE', #8986, 1000.000000000000000 ) ;
#4596 = DIRECTION ( 'NONE',  ( 0.2724074397486345722, -0.9621819925407012475, 0.000000000000000000 ) ) ;
#4597 = CARTESIAN_POINT ( 'NONE',  ( 15.00000000000000000, -32.00000000000000000, 13.00000000000000000 ) ) ;
#4598 = ORIENTED_EDGE ( 'NONE', *, *, #3015, .T. ) ;
#4599 = ADVANCED_FACE ( 'NONE', ( #9056 ), #103, .F. ) ;
#4600 = VECTOR ( 'NONE', #4468, 1000.000000000000000 ) ;
#4601 = DIRECTION ( 'NONE',  ( 1.000000000000000000, 0.000000000000000000, 0.000000000000000000 ) ) ;
#4602 = ORIENTED_EDGE ( 'NONE', *, *, #7484, .T. ) ;
#4603 = VECTOR ( 'NONE', #3261, 1000.000000000000000 ) ;
#4604 = AXIS2_PLACEMENT_3D ( 'NONE', #5420, #3993, #4816 ) ;
#4605 = DIRECTION ( 'NONE',  ( -0.000000000000000000, -0.000000000000000000, 1.000000000000000000 ) ) ;
#4606 = PLANE ( 'NONE',  #1798 ) ;
#4607 = CARTESIAN_POINT ( 'NONE',  ( 9.000000000000001776, -32.00000000000000000, 13.00000000000000000 ) ) ;
#4608 = DIRECTION ( 'NONE',  ( 0.1114230406935940443, 0.9937730656455696643, 0.000000000000000000 ) ) ;
#4610 = VECTOR ( 'NONE', #1209, 1000.000000000000227 ) ;
#4609 = CARTESIAN_POINT ( 'NONE',  ( 24.06370070778564241, -61.87603640040444475, -6.049999999999999822 ) ) ;
#4611 = AXIS2_PLACEMENT_3D ( 'NONE', #4224, #7879, #6994 ) ;
#4613 = ORIENTED_EDGE ( 'NONE', *, *, #6005, .F. ) ;
#4612 = ADVANCED_FACE ( 'NONE', ( #2917 ), #3617, .F. ) ;
#4614 = ADVANCED_FACE ( 'NONE', ( #3 ), #801, .T. ) ;
#4615 = EDGE_LOOP ( 'NONE', ( #2025, #6345 ) ) ;
#4616 = CARTESIAN_POINT ( 'NONE',  ( -0.5000000000000000000, -50.50000000000000000, 13.00000000000000178 ) ) ;
#4617 = VECTOR ( 'NONE', #6128, 1000.000000000000000 ) ;
#4618 = AXIS2_PLACEMENT_3D ( 'NONE', #9034, #682, #3494 ) ;
#4620 = PLANE ( 'NONE',  #5181 ) ;
#4619 = CIRCLE ( 'NONE', #630, 0.7500000000000006661 ) ;
#4621 = DIRECTION ( 'NONE',  ( 1.000000000000000000, 0.000000000000000000, 0.000000000000000000 ) ) ;
#4622 = CARTESIAN_POINT ( 'NONE',  ( 21.04246713852376161, -66.94782608695651049, -6.049999999999999822 ) ) ;
#4623 = FACE_OUTER_BOUND ( 'NONE', #3108, .T. ) ;
#4624 = CARTESIAN_POINT ( 'NONE',  ( 6.712841253791708596, -58.66066734074822620, -6.049999999999999822 ) ) ;
#4625 = LINE ( 'NONE', #8219, #7370 ) ;
#4626 = VECTOR ( 'NONE', #8520, 1000.000000000000000 ) ;
#4627 = ORIENTED_EDGE ( 'NONE', *, *, #6160, .T. ) ;
#4628 = AXIS2_PLACEMENT_3D ( 'NONE', #8605, #150, #2419 ) ;
#4629 = AXIS2_PLACEMENT_3D ( 'NONE', #7388, #6003, #1119 ) ;
#4630 = ORIENTED_EDGE ( 'NONE', *, *, #6802, .T. ) ;
#4631 = EDGE_LOOP ( 'NONE', ( #80, #7296, #3904, #3124 ) ) ;
#4632 = VECTOR ( 'NONE', #2556, 1000.000000000000000 ) ;
#4633 = DIRECTION ( 'NONE',  ( -0.9838483686702441666, 0.1790038755583225061, 0.000000000000000000 ) ) ;
#4634 = CARTESIAN_POINT ( 'NONE',  ( 24.06370070778564241, -61.14802831142567641, -6.349999999999999645 ) ) ;
#4635 = VECTOR ( 'NONE', #2242, 1000.000000000000000 ) ;
#4636 = CARTESIAN_POINT ( 'NONE',  ( 26.54398382204247042, -70.05197168857431222, -6.349999999999999645 ) ) ;
#4637 = ORIENTED_EDGE ( 'NONE', *, *, #2095, .F. ) ;
#4638 = ORIENTED_EDGE ( 'NONE', *, *, #1656, .T. ) ;
#4639 = LINE ( 'NONE', #6111, #3305 ) ;
#4640 = ORIENTED_EDGE ( 'NONE', *, *, #6773, .F. ) ;
#4641 = EDGE_LOOP ( 'NONE', ( #5880, #6014 ) ) ;
#4642 = EDGE_CURVE ( 'NONE', #519, #6499, #1997, .T. ) ;
#4643 = EDGE_CURVE ( 'NONE', #7277, #798, #6985, .T. ) ;
#4644 = LINE ( 'NONE', #6192, #460 ) ;
#4645 = CARTESIAN_POINT ( 'NONE',  ( 16.54095045500505634, -64.24812942366025936, -6.049999999999999822 ) ) ;
#4646 = ORIENTED_EDGE ( 'NONE', *, *, #1854, .T. ) ;
#4647 = LINE ( 'NONE', #3814, #796 ) ;
#4648 = LINE ( 'NONE', #8235, #332 ) ;
#4649 = VERTEX_POINT ( 'NONE', #3141 ) ;
#4650 = DIRECTION ( 'NONE',  ( 1.000000000000000000, 0.000000000000000000, 0.000000000000000000 ) ) ;
#4651 = VERTEX_POINT ( 'NONE', #5044 ) ;
#4652 = ADVANCED_FACE ( 'NONE', ( #149 ), #4620, .T. ) ;
#4653 = EDGE_CURVE ( 'NONE', #8182, #2078, #8602, .T. ) ;
#4654 = DIRECTION ( 'NONE',  ( 1.000000000000000000, 0.000000000000000000, -0.000000000000000000 ) ) ;
#4655 = DIRECTION ( 'NONE',  ( 0.000000000000000000, -1.000000000000000000, -0.000000000000000000 ) ) ;
#4656 = ADVANCED_FACE ( 'NONE', ( #7436 ), #8771, .T. ) ;
#4657 = CARTESIAN_POINT ( 'NONE',  ( 20.25000000000000000, -35.00000000000000000, 15.00000000000000000 ) ) ;
#4658 = DIRECTION ( 'NONE',  ( -0.000000000000000000, 0.000000000000000000, 1.000000000000000000 ) ) ;
#4659 = DIRECTION ( 'NONE',  ( -0.9688027044775664454, -0.2478332499826306212, 0.000000000000000000 ) ) ;
#4660 = ORIENTED_EDGE ( 'NONE', *, *, #3797, .F. ) ;
#4661 = ORIENTED_EDGE ( 'NONE', *, *, #5382, .T. ) ;
#4662 = ORIENTED_EDGE ( 'NONE', *, *, #4440, .F. ) ;
#4663 = CARTESIAN_POINT ( 'NONE',  ( 11.28715874620829140, -68.59797775530839203, -6.049999999999999822 ) ) ;
#4664 = CARTESIAN_POINT ( 'NONE',  ( 19.79878665318503650, -67.97040781934614984, -6.049999999999999822 ) ) ;
#4665 = FACE_OUTER_BOUND ( 'NONE', #6374, .T. ) ;
#4666 = EDGE_CURVE ( 'NONE', #1249, #5141, #318, .T. ) ;
#4668 = EDGE_CURVE ( 'NONE', #8365, #6552, #3706, .T. ) ;
#4667 = CARTESIAN_POINT ( 'NONE',  ( 17.02628918099090072, -66.42002022244690806, -6.049999999999999822 ) ) ;
#4669 = CARTESIAN_POINT ( 'NONE',  ( 13.62891809908999008, -70.57573306370069588, -6.049999999999999822 ) ) ;
#4670 = LINE ( 'NONE', #5271, #3152 ) ;
#4671 = CYLINDRICAL_SURFACE ( 'NONE', #1180, 0.7500000000000006661 ) ;
#4672 = ORIENTED_EDGE ( 'NONE', *, *, #3143, .T. ) ;
#4673 = ORIENTED_EDGE ( 'NONE', *, *, #8582, .F. ) ;
#4674 = EDGE_CURVE ( 'NONE', #3760, #4789, #5783, .T. ) ;
#4675 = CARTESIAN_POINT ( 'NONE',  ( 9.000000000000001776, -35.00000000000000000, 13.00000000000000000 ) ) ;
#4676 = LINE ( 'NONE', #6745, #1956 ) ;
#4677 = DIRECTION ( 'NONE',  ( 0.4472135954999579277, 0.8944271909999158554, 0.000000000000000000 ) ) ;
#4678 = ORIENTED_EDGE ( 'NONE', *, *, #4268, .T. ) ;
#4679 = ORIENTED_EDGE ( 'NONE', *, *, #6159, .T. ) ;
#4680 = DIRECTION ( 'NONE',  ( 1.000000000000000000, 0.000000000000000000, 0.000000000000000000 ) ) ;
#4681 = ORIENTED_EDGE ( 'NONE', *, *, #5025, .F. ) ;
#4682 = ORIENTED_EDGE ( 'NONE', *, *, #362, .T. ) ;
#4683 = FACE_OUTER_BOUND ( 'NONE', #3087, .T. ) ;
#4684 = DIRECTION ( 'NONE',  ( -0.000000000000000000, -0.000000000000000000, 1.000000000000000000 ) ) ;
#4685 = ORIENTED_EDGE ( 'NONE', *, *, #3415, .F. ) ;
#4686 = DIRECTION ( 'NONE',  ( -0.4732084585407242416, -0.8809504837194379601, -0.000000000000000000 ) ) ;
#4687 = CARTESIAN_POINT ( 'NONE',  ( 14.49713515335355929, -63.58820357263228118, -6.049999999999999822 ) ) ;
#4688 = ORIENTED_EDGE ( 'NONE', *, *, #3224, .T. ) ;
#4689 = CARTESIAN_POINT ( 'NONE',  ( 4.698685540950455319, -67.31183013144590177, -6.349999999999999645 ) ) ;
#4690 = ORIENTED_EDGE ( 'NONE', *, *, #8503, .T. ) ;
#4691 = EDGE_CURVE ( 'NONE', #5556, #192, #1580, .T. ) ;
#4692 = CARTESIAN_POINT ( 'NONE',  ( 22.93663633299629367, -67.66235254465789239, -6.049999999999999822 ) ) ;
#4693 = CARTESIAN_POINT ( 'NONE',  ( 14.73980451634647970, -64.63606336366699168, -6.349999999999999645 ) ) ;
#4694 = DIRECTION ( 'NONE',  ( 0.000000000000000000, 0.000000000000000000, 1.000000000000000000 ) ) ;
#4695 = EDGE_CURVE ( 'NONE', #1524, #4192, #843, .T. ) ;
#4696 = LINE ( 'NONE', #4788, #7419 ) ;
#4697 = ORIENTED_EDGE ( 'NONE', *, *, #1422, .F. ) ;
#4698 = ADVANCED_FACE ( 'NONE', ( #5999 ), #7863, .F. ) ;
#4699 = VERTEX_POINT ( 'NONE', #2447 ) ;
#4700 = ORIENTED_EDGE ( 'NONE', *, *, #772, .F. ) ;
#4701 = FACE_OUTER_BOUND ( 'NONE', #1146, .T. ) ;
#4702 = CARTESIAN_POINT ( 'NONE',  ( 13.18672059319177414, -59.86727334007414214, -6.049999999999999822 ) ) ;
#4703 = CARTESIAN_POINT ( 'NONE',  ( 12.00000000000000000, -29.00000000000000000, 13.00000000000000000 ) ) ;
#4704 = LINE ( 'NONE', #4834, #4003 ) ;
#4705 = LINE ( 'NONE', #4669, #1461 ) ;
#4706 = CARTESIAN_POINT ( 'NONE',  ( 22.93663633299629367, -67.66235254465789239, -6.049999999999999822 ) ) ;
#4707 = EDGE_CURVE ( 'NONE', #2925, #5177, #6517, .T. ) ;
#4708 = CARTESIAN_POINT ( 'NONE',  ( 24.06370070778564241, -64.73953488372092124, -6.349999999999999645 ) ) ;
#4709 = ORIENTED_EDGE ( 'NONE', *, *, #5085, .F. ) ;
#4710 = VERTEX_POINT ( 'NONE', #5267 ) ;
#4711 = VECTOR ( 'NONE', #3739, 1000.000000000000227 ) ;
#4712 = AXIS2_PLACEMENT_3D ( 'NONE', #1668, #7899, #4486 ) ;
#4713 = CARTESIAN_POINT ( 'NONE',  ( 24.06370070778564241, -61.14802831142567641, -6.049999999999999822 ) ) ;
#4714 = DIRECTION ( 'NONE',  ( 1.000000000000000000, 0.000000000000000000, 0.000000000000000000 ) ) ;
#4715 = CARTESIAN_POINT ( 'NONE',  ( 4.886754297269968461, -67.03276036400403370, -6.049999999999999822 ) ) ;
#4716 = ORIENTED_EDGE ( 'NONE', *, *, #7885, .F. ) ;
#4717 = AXIS2_PLACEMENT_3D ( 'NONE', #1286, #7651, #2204 ) ;
#4718 = DIRECTION ( 'NONE',  ( 0.6471255083420551779, -0.7623834838537865144, 0.000000000000000000 ) ) ;
#4719 = EDGE_LOOP ( 'NONE', ( #5606, #7081, #4541, #8636 ) ) ;
#4720 = VERTEX_POINT ( 'NONE', #8078 ) ;
#4721 = EDGE_CURVE ( 'NONE', #7832, #3897, #411, .T. ) ;
#4722 = EDGE_CURVE ( 'NONE', #5806, #3135, #8175, .T. ) ;
#4723 = CIRCLE ( 'NONE', #7662, 0.7500000000000006661 ) ;
#4724 = CARTESIAN_POINT ( 'NONE',  ( 12.17290192113245695, -67.22082912032355750, -6.349999999999999645 ) ) ;
#4725 = DIRECTION ( 'NONE',  ( 0.1007038205194950853, -0.9949164490211112044, 0.000000000000000000 ) ) ;
#4726 = CARTESIAN_POINT ( 'NONE',  ( 21.75000000000000355, -38.00000000000000000, 13.00000000000000000 ) ) ;
#4727 = CARTESIAN_POINT ( 'NONE',  ( 18.84630940343781802, -70.51506572295247111, -6.349999999999999645 ) ) ;
#4728 = DIRECTION ( 'NONE',  ( -0.000000000000000000, -0.000000000000000000, 1.000000000000000000 ) ) ;
#4729 = ORIENTED_EDGE ( 'NONE', *, *, #173, .F. ) ;
#4730 = AXIS2_PLACEMENT_3D ( 'NONE', #6419, #2032, #7761 ) ;
#4731 = CARTESIAN_POINT ( 'NONE',  ( 6.712841253791708596, -60.62628918099089503, -6.349999999999999645 ) ) ;
#4732 = ORIENTED_EDGE ( 'NONE', *, *, #5560, .T. ) ;
#4733 = VECTOR ( 'NONE', #534, 1000.000000000000114 ) ;
#4734 = LINE ( 'NONE', #8971, #5017 ) ;
#4735 = AXIS2_PLACEMENT_3D ( 'NONE', #2201, #779, #7786 ) ;
#4736 = DIRECTION ( 'NONE',  ( 1.000000000000000000, 0.000000000000000000, 0.000000000000000000 ) ) ;
#4737 = VECTOR ( 'NONE', #2510, 1000.000000000000000 ) ;
#4738 = FACE_OUTER_BOUND ( 'NONE', #5934, .T. ) ;
#4739 = PLANE ( 'NONE',  #8594 ) ;
#4740 = ORIENTED_EDGE ( 'NONE', *, *, #1983, .F. ) ;
#4741 = AXIS2_PLACEMENT_3D ( 'NONE', #4186, #1408, #672 ) ;
#4742 = ORIENTED_EDGE ( 'NONE', *, *, #7642, .F. ) ;
#4743 = VECTOR ( 'NONE', #3320, 1000.000000000000227 ) ;
#4744 = CARTESIAN_POINT ( 'NONE',  ( 14.02325581395348841, -65.91041456016176880, -6.049999999999999822 ) ) ;
#4745 = ADVANCED_FACE ( 'NONE', ( #7384 ), #373, .F. ) ;
#4746 = ADVANCED_FACE ( 'NONE', ( #6736 ), #3226, .F. ) ;
#4747 = CARTESIAN_POINT ( 'NONE',  ( 14.53758004718570973, -65.78975396022917721, -6.049999999999999822 ) ) ;
#4748 = CARTESIAN_POINT ( 'NONE',  ( -2.799999999999999822, 2.000000000000000000, 1.650000000000000355 ) ) ;
#4749 = VECTOR ( 'NONE', #4046, 1000.000000000000114 ) ;
#4750 = CARTESIAN_POINT ( 'NONE',  ( 24.06370070778564241, -61.14802831142567641, -6.049999999999999822 ) ) ;
#4751 = LINE ( 'NONE', #7748, #724 ) ;
#4752 = FACE_OUTER_BOUND ( 'NONE', #9047, .T. ) ;
#4753 = AXIS2_PLACEMENT_3D ( 'NONE', #4866, #4366, #8473 ) ;
#4754 = CARTESIAN_POINT ( 'NONE',  ( 10.98988877654196017, -65.45945399393326625, -6.349999999999999645 ) ) ;
#4755 = ORIENTED_EDGE ( 'NONE', *, *, #8617, .F. ) ;
#4756 = VERTEX_POINT ( 'NONE', #4664 ) ;
#4757 = VECTOR ( 'NONE', #2769, 1000.000000000000000 ) ;
#4758 = VECTOR ( 'NONE', #7013, 1000.000000000000000 ) ;
#4759 = VECTOR ( 'NONE', #1025, 1000.000000000000000 ) ;
#4760 = ADVANCED_FACE ( 'NONE', ( #7475 ), #3270, .T. ) ;
#4761 = CARTESIAN_POINT ( 'NONE',  ( 12.75000000000000178, -38.00000000000000000, 15.00000000000000000 ) ) ;
#4762 = LINE ( 'NONE', #6921, #573 ) ;
#4763 = FACE_OUTER_BOUND ( 'NONE', #5274, .T. ) ;
#4764 = EDGE_CURVE ( 'NONE', #532, #6129, #3267, .T. ) ;
#4765 = VECTOR ( 'NONE', #4086, 1000.000000000000000 ) ;
#4767 = DIRECTION ( 'NONE',  ( 0.000000000000000000, 0.000000000000000000, -1.000000000000000000 ) ) ;
#4766 = VECTOR ( 'NONE', #6957, 1000.000000000000000 ) ;
#4768 = ORIENTED_EDGE ( 'NONE', *, *, #7678, .F. ) ;
#4769 = AXIS2_PLACEMENT_3D ( 'NONE', #4624, #2539, #1891 ) ;
#4770 = DIRECTION ( 'NONE',  ( 0.000000000000000000, 0.000000000000000000, 1.000000000000000000 ) ) ;
#4771 = ORIENTED_EDGE ( 'NONE', *, *, #3348, .F. ) ;
#4772 = ORIENTED_EDGE ( 'NONE', *, *, #5681, .F. ) ;
#4773 = VECTOR ( 'NONE', #2784, 1000.000000000000000 ) ;
#4774 = AXIS2_PLACEMENT_3D ( 'NONE', #5554, #8927, #7628 ) ;
#4775 = CARTESIAN_POINT ( 'NONE',  ( 18.84630940343781802, -68.84064711830130534, -6.049999999999999822 ) ) ;
#4776 = FACE_OUTER_BOUND ( 'NONE', #3582, .T. ) ;
#4777 = FACE_OUTER_BOUND ( 'NONE', #605, .T. ) ;
#4778 = ADVANCED_FACE ( 'NONE', ( #6956 ), #8385, .T. ) ;
#4779 = PLANE ( 'NONE',  #206 ) ;
#4780 = CARTESIAN_POINT ( 'NONE',  ( 24.06370070778564241, -62.94378159757329882, -6.349999999999999645 ) ) ;
#4781 = EDGE_CURVE ( 'NONE', #7756, #3667, #3562, .T. ) ;
#4782 = ORIENTED_EDGE ( 'NONE', *, *, #2825, .F. ) ;
#4783 = DIRECTION ( 'NONE',  ( -0.3166170226182511982, 0.9485534571063213294, 0.000000000000000000 ) ) ;
#4784 = ORIENTED_EDGE ( 'NONE', *, *, #6051, .T. ) ;
#4785 = DIRECTION ( 'NONE',  ( 0.8137334712067249010, -0.5812381937191105630, 0.000000000000000000 ) ) ;
#4786 = CARTESIAN_POINT ( 'NONE',  ( 18.67644084934277160, -67.39676440849342498, -6.049999999999999822 ) ) ;
#4787 = PLANE ( 'NONE',  #1938 ) ;
#4788 = CARTESIAN_POINT ( 'NONE',  ( 20.95180316818334987, -70.18173238961914251, -6.349999999999999645 ) ) ;
#4789 = VERTEX_POINT ( 'NONE', #5438 ) ;
#4790 = EDGE_LOOP ( 'NONE', ( #7815, #1238, #3364, #8914 ) ) ;
#4791 = EDGE_LOOP ( 'NONE', ( #4860, #3292 ) ) ;
#4792 = LINE ( 'NONE', #7605, #7819 ) ;
#4793 = DIRECTION ( 'NONE',  ( 0.3128883335749674810, 0.9497899192519785316, 0.000000000000000000 ) ) ;
#4794 = LINE ( 'NONE', #2252, #7273 ) ;
#4795 = LINE ( 'NONE', #8944, #6504 ) ;
#4796 = LINE ( 'NONE', #1284, #6176 ) ;
#4797 = CARTESIAN_POINT ( 'NONE',  ( 20.95180316818334987, -70.18173238961914251, -6.349999999999999645 ) ) ;
#4798 = DIRECTION ( 'NONE',  ( 0.000000000000000000, -0.000000000000000000, 1.000000000000000000 ) ) ;
#4799 = ORIENTED_EDGE ( 'NONE', *, *, #5642, .T. ) ;
#4800 = EDGE_CURVE ( 'NONE', #6920, #5507, #7694, .T. ) ;
#4801 = EDGE_LOOP ( 'NONE', ( #3780, #3531, #5337, #2065 ) ) ;
#4802 = DIRECTION ( 'NONE',  ( 0.000000000000000000, 0.000000000000000000, -1.000000000000000000 ) ) ;
#4803 = FACE_OUTER_BOUND ( 'NONE', #811, .T. ) ;
#4804 = DIRECTION ( 'NONE',  ( 0.000000000000000000, 0.000000000000000000, -1.000000000000000000 ) ) ;
#4805 = LINE ( 'NONE', #8185, #8293 ) ;
#4806 = ORIENTED_EDGE ( 'NONE', *, *, #2650, .T. ) ;
#4807 = EDGE_CURVE ( 'NONE', #5977, #3174, #1926, .T. ) ;
#4808 = DIRECTION ( 'NONE',  ( 0.1946636876457804310, 0.9808700468013822338, 0.000000000000000000 ) ) ;
#4809 = ORIENTED_EDGE ( 'NONE', *, *, #690, .F. ) ;
#4810 = EDGE_CURVE ( 'NONE', #4177, #4543, #2716, .T. ) ;
#4811 = ORIENTED_EDGE ( 'NONE', *, *, #2714, .F. ) ;
#4812 = ORIENTED_EDGE ( 'NONE', *, *, #6897, .F. ) ;
#4813 = DIRECTION ( 'NONE',  ( -0.5466225009349171549, 0.8373791503683719606, 0.000000000000000000 ) ) ;
#4814 = LINE ( 'NONE', #64, #5068 ) ;
#4815 = EDGE_CURVE ( 'NONE', #2317, #519, #5530, .T. ) ;
#4816 = DIRECTION ( 'NONE',  ( 1.000000000000000000, 0.000000000000000000, 0.000000000000000000 ) ) ;
#4817 = DIRECTION ( 'NONE',  ( 1.000000000000000000, 0.000000000000000000, 0.000000000000000000 ) ) ;
#4818 = CARTESIAN_POINT ( 'NONE',  ( 18.67644084934277160, -61.14802831142567641, -6.049999999999999822 ) ) ;
#4819 = ORIENTED_EDGE ( 'NONE', *, *, #6322, .F. ) ;
#4820 = PLANE ( 'NONE',  #1964 ) ;
#4821 = ORIENTED_EDGE ( 'NONE', *, *, #1353, .T. ) ;
#4822 = CARTESIAN_POINT ( 'NONE',  ( 17.83518705763397350, -70.28183350185372547, -6.049999999999999822 ) ) ;
#4823 = FACE_OUTER_BOUND ( 'NONE', #4049, .T. ) ;
#4824 = FACE_OUTER_BOUND ( 'NONE', #1329, .T. ) ;
#4825 = CARTESIAN_POINT ( 'NONE',  ( 25.71385237613751329, -59.71627906976743816, -6.049999999999999822 ) ) ;
#4826 = ORIENTED_EDGE ( 'NONE', *, *, #2386, .F. ) ;
#4827 = ORIENTED_EDGE ( 'NONE', *, *, #8540, .F. ) ;
#4828 = EDGE_CURVE ( 'NONE', #5806, #5132, #6092, .T. ) ;
#4829 = EDGE_CURVE ( 'NONE', #7020, #2457, #638, .T. ) ;
#4830 = ORIENTED_EDGE ( 'NONE', *, *, #5407, .F. ) ;
#4831 = DIRECTION ( 'NONE',  ( 0.000000000000000000, 0.000000000000000000, -1.000000000000000000 ) ) ;
#4832 = DIRECTION ( 'NONE',  ( 0.000000000000000000, 0.000000000000000000, 1.000000000000000000 ) ) ;
#4833 = CARTESIAN_POINT ( 'NONE',  ( 7.200000000000001066, 9.500000000000000000, -3.474999999999999645 ) ) ;
#4834 = CARTESIAN_POINT ( 'NONE',  ( 3.082237950792043435, -67.24711830131445822, -6.049999999999999822 ) ) ;
#4835 = DIRECTION ( 'NONE',  ( -0.9923306124123860705, -0.1236121178091324491, 0.000000000000000000 ) ) ;
#4836 = PLANE ( 'NONE',  #3242 ) ;
#4837 = VERTEX_POINT ( 'NONE', #1243 ) ;
#4838 = ORIENTED_EDGE ( 'NONE', *, *, #1961, .T. ) ;
#4839 = DIRECTION ( 'NONE',  ( 0.4877236457146721937, -0.8729980786982229901, 0.000000000000000000 ) ) ;
#4840 = VERTEX_POINT ( 'NONE', #1977 ) ;
#4841 = DIRECTION ( 'NONE',  ( 0.1626191042782905438, 0.9866889210504627972, 0.000000000000000000 ) ) ;
#4842 = ADVANCED_FACE ( 'NONE', ( #4013 ), #6906, .T. ) ;
#4843 = CARTESIAN_POINT ( 'NONE',  ( 16.00707785642062575, -65.71779575328613987, -6.349999999999999645 ) ) ;
#4844 = LINE ( 'NONE', #7201, #7555 ) ;
#4845 = ORIENTED_EDGE ( 'NONE', *, *, #2330, .F. ) ;
#4846 = DIRECTION ( 'NONE',  ( -0.9938209078043312994, -0.1109955098685287550, 0.000000000000000000 ) ) ;
#4847 = CIRCLE ( 'NONE', #8244, 0.7500000000000006661 ) ;
#4848 = VERTEX_POINT ( 'NONE', #4061 ) ;
#4849 = CIRCLE ( 'NONE', #8389, 0.7500000000000006661 ) ;
#4850 = ORIENTED_EDGE ( 'NONE', *, *, #7943, .T. ) ;
#4851 = ORIENTED_EDGE ( 'NONE', *, *, #8439, .T. ) ;
#4852 = EDGE_CURVE ( 'NONE', #1764, #4222, #6170, .T. ) ;
#4853 = DIRECTION ( 'NONE',  ( -1.000000000000000000, 0.000000000000000000, 0.000000000000000000 ) ) ;
#4854 = DIRECTION ( 'NONE',  ( -0.5956235165036277701, -0.8032637341420640897, 0.000000000000000000 ) ) ;
#4855 = EDGE_CURVE ( 'NONE', #5425, #3136, #6869, .T. ) ;
#4856 = CARTESIAN_POINT ( 'NONE',  ( 18.75193798449612359, -68.70852713178295801, -6.349999999999999645 ) ) ;
#4857 = AXIS2_PLACEMENT_3D ( 'NONE', #9125, #5027, #788 ) ;
#4858 = CARTESIAN_POINT ( 'NONE',  ( 20.25000000000000000, -35.00000000000000000, 13.00000000000000000 ) ) ;
#4859 = DIRECTION ( 'NONE',  ( -0.000000000000000000, -0.000000000000000000, 1.000000000000000000 ) ) ;
#4860 = ORIENTED_EDGE ( 'NONE', *, *, #6941, .F. ) ;
#4861 = LINE ( 'NONE', #7674, #6098 ) ;
#4862 = ORIENTED_EDGE ( 'NONE', *, *, #1995, .F. ) ;
#4863 = AXIS2_PLACEMENT_3D ( 'NONE', #3789, #7338, #6734 ) ;
#4864 = FACE_OUTER_BOUND ( 'NONE', #2192, .T. ) ;
#4865 = ADVANCED_FACE ( 'NONE', ( #5401 ), #3356, .T. ) ;
#4866 = CARTESIAN_POINT ( 'NONE',  ( 0.000000000000000000, 0.000000000000000000, -6.049999999999999822 ) ) ;
#4867 = ORIENTED_EDGE ( 'NONE', *, *, #7799, .T. ) ;
#4868 = DIRECTION ( 'NONE',  ( 1.000000000000000000, 0.000000000000000000, 0.000000000000000000 ) ) ;
#4869 = VECTOR ( 'NONE', #4418, 1000.000000000000000 ) ;
#4870 = DIRECTION ( 'NONE',  ( 0.000000000000000000, 0.000000000000000000, -1.000000000000000000 ) ) ;
#4871 = EDGE_LOOP ( 'NONE', ( #5012, #3499, #6334, #1600 ) ) ;
#4872 = ORIENTED_EDGE ( 'NONE', *, *, #8599, .F. ) ;
#4873 = ORIENTED_EDGE ( 'NONE', *, *, #7640, .T. ) ;
#4874 = VECTOR ( 'NONE', #2777, 1000.000000000000000 ) ;
#4875 = DIRECTION ( 'NONE',  ( -0.9281496293240397710, 0.3722072884638982782, 0.000000000000000000 ) ) ;
#4876 = DIRECTION ( 'NONE',  ( 0.000000000000000000, 0.000000000000000000, -1.000000000000000000 ) ) ;
#4877 = PLANE ( 'NONE',  #8596 ) ;
#4878 = DIRECTION ( 'NONE',  ( -1.000000000000000000, 0.000000000000000000, -0.000000000000000000 ) ) ;
#4879 = CARTESIAN_POINT ( 'NONE',  ( 4.555443208628242147, -67.51304347826086882, -6.049999999999999822 ) ) ;
#4880 = CIRCLE ( 'NONE', #2079, 0.5000000000000004441 ) ;
#4881 = EDGE_CURVE ( 'NONE', #6371, #7604, #2664, .T. ) ;
#4882 = EDGE_CURVE ( 'NONE', #9112, #7047, #764, .T. ) ;
#4883 = AXIS2_PLACEMENT_3D ( 'NONE', #7042, #7835, #2199 ) ;
#4884 = CARTESIAN_POINT ( 'NONE',  ( 8.314459049544995040, -67.03276036400403370, -6.349999999999999645 ) ) ;
#4885 = EDGE_LOOP ( 'NONE', ( #7790, #4404, #5637, #831 ) ) ;
#4886 = EDGE_LOOP ( 'NONE', ( #108, #6432, #477, #8426 ) ) ;
#4887 = CIRCLE ( 'NONE', #2685, 0.7500000000000006661 ) ;
#4888 = CARTESIAN_POINT ( 'NONE',  ( 21.00337040781934661, -69.87738456353218908, -6.349999999999999645 ) ) ;
#4889 = ORIENTED_EDGE ( 'NONE', *, *, #1987, .T. ) ;
#4890 = DIRECTION ( 'NONE',  ( -0.5384769558839330728, -0.8426402363891560832, 0.000000000000000000 ) ) ;
#4891 = DIRECTION ( 'NONE',  ( 0.000000000000000000, 1.000000000000000000, 0.000000000000000000 ) ) ;
#4892 = CARTESIAN_POINT ( 'NONE',  ( -2.000000000000000000, 2.000000000000000000, 1.650000000000000355 ) ) ;
#4893 = ORIENTED_EDGE ( 'NONE', *, *, #618, .F. ) ;
#4894 = LINE ( 'NONE', #8456, #7972 ) ;
#4895 = VECTOR ( 'NONE', #7071, 1000.000000000000000 ) ;
#4896 = ORIENTED_EDGE ( 'NONE', *, *, #7164, .F. ) ;
#4897 = VECTOR ( 'NONE', #6643, 1000.000000000000227 ) ;
#4898 = EDGE_LOOP ( 'NONE', ( #8467, #3314 ) ) ;
#4899 = ORIENTED_EDGE ( 'NONE', *, *, #6731, .F. ) ;
#4900 = ORIENTED_EDGE ( 'NONE', *, *, #7640, .F. ) ;
#4901 = CARTESIAN_POINT ( 'NONE',  ( 3.257836198179980158, -67.53023255813953085, -6.049999999999999822 ) ) ;
#4902 = VECTOR ( 'NONE', #4870, 1000.000000000000000 ) ;
#4903 = VECTOR ( 'NONE', #4854, 1000.000000000000114 ) ;
#4904 = DIRECTION ( 'NONE',  ( -0.000000000000000000, -0.000000000000000000, 1.000000000000000000 ) ) ;
#4905 = CARTESIAN_POINT ( 'NONE',  ( 10.92854735422985968, -68.16656555443208276, -6.049999999999999822 ) ) ;
#4906 = AXIS2_PLACEMENT_3D ( 'NONE', #7180, #903, #5009 ) ;
#4907 = CARTESIAN_POINT ( 'NONE',  ( 11.48129423660262916, -60.62628918099089503, -6.049999999999999822 ) ) ;
#4908 = CARTESIAN_POINT ( 'NONE',  ( 12.85237613751263908, -58.66066734074822620, -6.049999999999999822 ) ) ;
#4909 = ORIENTED_EDGE ( 'NONE', *, *, #4810, .T. ) ;
#4910 = ORIENTED_EDGE ( 'NONE', *, *, #3346, .T. ) ;
#4911 = CARTESIAN_POINT ( 'NONE',  ( 16.70003370407819432, -64.38092349174250728, -6.049999999999999822 ) ) ;
#4912 = ORIENTED_EDGE ( 'NONE', *, *, #6393, .T. ) ;
#4914 = EDGE_CURVE ( 'NONE', #7277, #394, #4142, .T. ) ;
#4913 = VECTOR ( 'NONE', #6937, 1000.000000000000227 ) ;
#4915 = AXIS2_PLACEMENT_3D ( 'NONE', #4354, #8684, #5833 ) ;
#4916 = EDGE_CURVE ( 'NONE', #6225, #7873, #2820, .T. ) ;
#4917 = AXIS2_PLACEMENT_3D ( 'NONE', #958, #6581, #4817 ) ;
#4918 = CYLINDRICAL_SURFACE ( 'NONE', #8266, 0.7500000000000006661 ) ;
#4919 = CARTESIAN_POINT ( 'NONE',  ( 19.79878665318503650, -67.97040781934614984, -6.349999999999999645 ) ) ;
#4920 = VERTEX_POINT ( 'NONE', #5570 ) ;
#4921 = AXIS2_PLACEMENT_3D ( 'NONE', #8611, #2288, #5102 ) ;
#4922 = CARTESIAN_POINT ( 'NONE',  ( 11.25000000000000000, -35.00000000000000000, 13.00000000000000000 ) ) ;
#4923 = AXIS2_PLACEMENT_3D ( 'NONE', #5450, #2266, #3693 ) ;
#4924 = CARTESIAN_POINT ( 'NONE',  ( 25.30000000000000071, -7.000000000000000000, 13.00000000000000000 ) ) ;
#4925 = ORIENTED_EDGE ( 'NONE', *, *, #2453, .F. ) ;
#4926 = EDGE_CURVE ( 'NONE', #2894, #1093, #1887, .T. ) ;
#4927 = ADVANCED_FACE ( 'NONE', ( #6403 ), #5713, .T. ) ;
#4928 = ORIENTED_EDGE ( 'NONE', *, *, #5292, .T. ) ;
#4929 = ADVANCED_FACE ( 'NONE', ( #775 ), #7784, .T. ) ;
#4930 = DIRECTION ( 'NONE',  ( -0.4405375903731389986, 0.8977341652561900975, 0.000000000000000000 ) ) ;
#4931 = DIRECTION ( 'NONE',  ( -0.6715194247388889259, -0.7409869514359560538, 0.000000000000000000 ) ) ;
#4932 = FACE_BOUND ( 'NONE', #4898, .T. ) ;
#4933 = DIRECTION ( 'NONE',  ( 0.000000000000000000, 0.000000000000000000, -1.000000000000000000 ) ) ;
#4934 = DIRECTION ( 'NONE',  ( -0.1726525487150487315, -0.9849827904193035888, 0.000000000000000000 ) ) ;
#4935 = LINE ( 'NONE', #7750, #6331 ) ;
#4936 = ORIENTED_EDGE ( 'NONE', *, *, #2688, .F. ) ;
#4937 = ORIENTED_EDGE ( 'NONE', *, *, #8764, .F. ) ;
#4938 = DIRECTION ( 'NONE',  ( 0.000000000000000000, 0.000000000000000000, -1.000000000000000000 ) ) ;
#4939 = ADVANCED_FACE ( 'NONE', ( #7745 ), #1559, .F. ) ;
#4940 = LINE ( 'NONE', #4203, #4758 ) ;
#4941 = ORIENTED_EDGE ( 'NONE', *, *, #3459, .F. ) ;
#4942 = FACE_OUTER_BOUND ( 'NONE', #4431, .T. ) ;
#4943 = PLANE ( 'NONE',  #637 ) ;
#4944 = DIRECTION ( 'NONE',  ( 0.000000000000000000, 0.000000000000000000, 1.000000000000000000 ) ) ;
#4945 = EDGE_LOOP ( 'NONE', ( #558, #4709, #170, #2582 ) ) ;
#4946 = DIRECTION ( 'NONE',  ( -0.9931358110189343336, -0.1169669221265713932, 0.000000000000000000 ) ) ;
#4947 = ORIENTED_EDGE ( 'NONE', *, *, #8770, .T. ) ;
#4948 = VERTEX_POINT ( 'NONE', #5759 ) ;
#4949 = ORIENTED_EDGE ( 'NONE', *, *, #4781, .T. ) ;
#4950 = EDGE_CURVE ( 'NONE', #7336, #1034, #6357, .T. ) ;
#4951 = EDGE_CURVE ( 'NONE', #3798, #8828, #5016, .T. ) ;
#4952 = LINE ( 'NONE', #2135, #166 ) ;
#4953 = CARTESIAN_POINT ( 'NONE',  ( 12.00000000000000000, -32.00000000000000000, 13.00000000000000000 ) ) ;
#4954 = LINE ( 'NONE', #7167, #3140 ) ;
#4955 = DIRECTION ( 'NONE',  ( -0.5366747485976347543, 0.8437892001072693215, 0.000000000000000000 ) ) ;
#4956 = CARTESIAN_POINT ( 'NONE',  ( 21.09639366363330026, -69.35564543309739349, -6.049999999999999822 ) ) ;
#4957 = ORIENTED_EDGE ( 'NONE', *, *, #2028, .T. ) ;
#4958 = ORIENTED_EDGE ( 'NONE', *, *, #1307, .F. ) ;
#4959 = LINE ( 'NONE', #1545, #4331 ) ;
#4960 = ORIENTED_EDGE ( 'NONE', *, *, #5266, .T. ) ;
#4961 = DIRECTION ( 'NONE',  ( -0.7139499639964812516, -0.7001967215786025767, 0.000000000000000000 ) ) ;
#4962 = DIRECTION ( 'NONE',  ( -1.000000000000000000, 0.000000000000000000, -0.000000000000000000 ) ) ;
#4963 = EDGE_LOOP ( 'NONE', ( #5233, #6019, #1201, #1167 ) ) ;
#4964 = LINE ( 'NONE', #3632, #5812 ) ;
#4965 = CARTESIAN_POINT ( 'NONE',  ( 4.105493764745530072, -68.08028311425681522, -6.049999999999999822 ) ) ;
#4966 = EDGE_CURVE ( 'NONE', #3606, #1013, #6352, .T. ) ;
#4967 = LINE ( 'NONE', #7085, #6974 ) ;
#4968 = ORIENTED_EDGE ( 'NONE', *, *, #2658, .T. ) ;
#4969 = ORIENTED_EDGE ( 'NONE', *, *, #363, .F. ) ;
#4970 = CARTESIAN_POINT ( 'NONE',  ( 18.67644084934277160, -68.33104145601616608, -6.049999999999999822 ) ) ;
#4971 = CARTESIAN_POINT ( 'NONE',  ( 7.200000000000000178, 0.5000000000000000000, 13.00000000000000178 ) ) ;
#4972 = FACE_BOUND ( 'NONE', #5690, .T. ) ;
#4973 = EDGE_CURVE ( 'NONE', #7086, #4501, #5114, .T. ) ;
#4974 = CARTESIAN_POINT ( 'NONE',  ( 20.29625884732052654, -68.99534883720930623, -6.349999999999999645 ) ) ;
#4975 = CARTESIAN_POINT ( 'NONE',  ( 16.00707785642062575, -65.71779575328613987, -6.349999999999999645 ) ) ;
#4976 = ADVANCED_FACE ( 'NONE', ( #31 ), #8627, .T. ) ;
#4977 = DIRECTION ( 'NONE',  ( -0.000000000000000000, -1.000000000000000000, -0.000000000000000000 ) ) ;
#4978 = EDGE_LOOP ( 'NONE', ( #5232, #884, #5923, #7104 ) ) ;
#4979 = ORIENTED_EDGE ( 'NONE', *, *, #4038, .T. ) ;
#4980 = EDGE_CURVE ( 'NONE', #9, #341, #4333, .T. ) ;
#4981 = FACE_OUTER_BOUND ( 'NONE', #3399, .T. ) ;
#4982 = LINE ( 'NONE', #7897, #5375 ) ;
#4983 = ORIENTED_EDGE ( 'NONE', *, *, #4075, .F. ) ;
#4984 = DIRECTION ( 'NONE',  ( 0.000000000000000000, 0.000000000000000000, 1.000000000000000000 ) ) ;
#4985 = DIRECTION ( 'NONE',  ( 1.000000000000000000, 0.000000000000000000, 0.000000000000000000 ) ) ;
#4986 = EDGE_CURVE ( 'NONE', #8938, #1608, #2939, .T. ) ;
#4987 = CARTESIAN_POINT ( 'NONE',  ( 26.54398382204247042, -70.05197168857431222, -6.049999999999999822 ) ) ;
#4988 = ORIENTED_EDGE ( 'NONE', *, *, #3346, .F. ) ;
#4989 = CARTESIAN_POINT ( 'NONE',  ( 7.000000000000000000, 9.799999999999998934, 12.32499999999999929 ) ) ;
#4990 = ORIENTED_EDGE ( 'NONE', *, *, #6200, .T. ) ;
#4991 = ORIENTED_EDGE ( 'NONE', *, *, #7653, .T. ) ;
#4992 = ORIENTED_EDGE ( 'NONE', *, *, #2714, .T. ) ;
#4993 = DIRECTION ( 'NONE',  ( 1.000000000000000000, 0.000000000000000000, 0.000000000000000000 ) ) ;
#4994 = LINE ( 'NONE', #5592, #5213 ) ;
#4995 = DIRECTION ( 'NONE',  ( -1.000000000000000000, 0.000000000000000000, 0.000000000000000000 ) ) ;
#4996 = CARTESIAN_POINT ( 'NONE',  ( 20.82035726322884983, -58.78200202224468285, -6.349999999999999645 ) ) ;
#4997 = CARTESIAN_POINT ( 'NONE',  ( 21.00000000000000000, -38.00000000000000000, 13.00000000000000000 ) ) ;
#4998 = ORIENTED_EDGE ( 'NONE', *, *, #6526, .F. ) ;
#4999 = VERTEX_POINT ( 'NONE', #7929 ) ;
#5000 = VECTOR ( 'NONE', #324, 1000.000000000000000 ) ;
#5001 = CARTESIAN_POINT ( 'NONE',  ( 4.597067745197168875, -64.57269969666329246, -6.049999999999999822 ) ) ;
#5002 = EDGE_CURVE ( 'NONE', #7217, #5691, #5074, .T. ) ;
#5003 = VERTEX_POINT ( 'NONE', #5671 ) ;
#5004 = ADVANCED_FACE ( 'NONE', ( #3639 ), #6304, .T. ) ;
#5005 = VECTOR ( 'NONE', #2117, 1000.000000000000000 ) ;
#5006 = CARTESIAN_POINT ( 'NONE',  ( 24.93528816986855645, -69.96838557465453334, -6.049999999999999822 ) ) ;
#5007 = DIRECTION ( 'NONE',  ( 0.000000000000000000, 0.000000000000000000, -1.000000000000000000 ) ) ;
#5008 = ORIENTED_EDGE ( 'NONE', *, *, #1963, .F. ) ;
#5009 = DIRECTION ( 'NONE',  ( 1.000000000000000000, 0.000000000000000000, 0.000000000000000000 ) ) ;
#5010 = PLANE ( 'NONE',  #7839 ) ;
#5011 = CARTESIAN_POINT ( 'NONE',  ( 9.000000000000001776, -35.00000000000000000, 15.00000000000000000 ) ) ;
#5012 = ORIENTED_EDGE ( 'NONE', *, *, #7297, .F. ) ;
#5013 = VECTOR ( 'NONE', #6445, 1000.000000000000000 ) ;
#5014 = VERTEX_POINT ( 'NONE', #8431 ) ;
#5015 = CARTESIAN_POINT ( 'NONE',  ( -0.5000000000000000000, 0.5000000000000000000, 13.00000000000000178 ) ) ;
#5016 = LINE ( 'NONE', #7091, #3717 ) ;
#5017 = VECTOR ( 'NONE', #2652, 1000.000000000000000 ) ;
#5018 = CARTESIAN_POINT ( 'NONE',  ( 9.291203235591506626, -62.14297269969665649, -6.049999999999999822 ) ) ;
#5019 = DIRECTION ( 'NONE',  ( 1.000000000000000000, -0.000000000000000000, -0.000000000000000000 ) ) ;
#5020 = CARTESIAN_POINT ( 'NONE',  ( 6.189079878665317835, -64.44428715874620650, -6.049999999999999822 ) ) ;
#5021 = DIRECTION ( 'NONE',  ( -0.9545645550443927485, 0.2980042118039617494, 0.000000000000000000 ) ) ;
#5022 = ORIENTED_EDGE ( 'NONE', *, *, #4075, .T. ) ;
#5023 = VECTOR ( 'NONE', #3310, 1000.000000000000000 ) ;
#5024 = ORIENTED_EDGE ( 'NONE', *, *, #1089, .T. ) ;
#5025 = EDGE_CURVE ( 'NONE', #7315, #4286, #2990, .T. ) ;
#5026 = EDGE_CURVE ( 'NONE', #5547, #7197, #7187, .T. ) ;
#5027 = DIRECTION ( 'NONE',  ( -0.8846051613344849684, -0.4663407643991568929, 0.000000000000000000 ) ) ;
#5028 = DIRECTION ( 'NONE',  ( -0.8713922352795654414, 0.4905869671062231818, 0.000000000000000000 ) ) ;
#5029 = VECTOR ( 'NONE', #1016, 1000.000000000000000 ) ;
#5030 = EDGE_LOOP ( 'NONE', ( #213, #8671 ) ) ;
#5031 = DIRECTION ( 'NONE',  ( 1.000000000000000000, 0.000000000000000000, 0.000000000000000000 ) ) ;
#5032 = DIRECTION ( 'NONE',  ( 0.7590256137038612350, -0.6510607634787070053, 0.000000000000000000 ) ) ;
#5033 = VECTOR ( 'NONE', #8277, 1000.000000000000000 ) ;
#5034 = DIRECTION ( 'NONE',  ( 1.000000000000000000, -0.000000000000000000, -0.000000000000000000 ) ) ;
#5035 = ORIENTED_EDGE ( 'NONE', *, *, #2465, .F. ) ;
#5036 = CARTESIAN_POINT ( 'NONE',  ( 13.84732052578361916, -61.94883720930231874, -6.049999999999999822 ) ) ;
#5037 = ORIENTED_EDGE ( 'NONE', *, *, #3204, .T. ) ;
#5038 = VERTEX_POINT ( 'NONE', #2155 ) ;
#5039 = VECTOR ( 'NONE', #7181, 1000.000000000000000 ) ;
#5040 = EDGE_CURVE ( 'NONE', #4360, #1844, #865, .T. ) ;
#5041 = VECTOR ( 'NONE', #6631, 1000.000000000000000 ) ;
#5042 = ORIENTED_EDGE ( 'NONE', *, *, #818, .T. ) ;
#5043 = EDGE_CURVE ( 'NONE', #3027, #1903, #5813, .T. ) ;
#5044 = CARTESIAN_POINT ( 'NONE',  ( 19.35591506572295373, -69.01051567239635176, -6.349999999999999645 ) ) ;
#5045 = LINE ( 'NONE', #3800, #8604 ) ;
#5046 = DIRECTION ( 'NONE',  ( 0.000000000000000000, 0.000000000000000000, 1.000000000000000000 ) ) ;
#5047 = VECTOR ( 'NONE', #3160, 1000.000000000000114 ) ;
#5048 = CARTESIAN_POINT ( 'NONE',  ( 12.75000000000000178, -29.00000000000000000, 13.00000000000000000 ) ) ;
#5049 = CARTESIAN_POINT ( 'NONE',  ( 25.71385237613751329, -59.71627906976743816, -6.349999999999999645 ) ) ;
#5050 = VERTEX_POINT ( 'NONE', #365 ) ;
#5051 = VECTOR ( 'NONE', #7599, 1000.000000000000000 ) ;
#5052 = CARTESIAN_POINT ( 'NONE',  ( -4.200000000000000178, -54.20000000000000284, -6.349999999999999645 ) ) ;
#5053 = ORIENTED_EDGE ( 'NONE', *, *, #2579, .T. ) ;
#5054 = ORIENTED_EDGE ( 'NONE', *, *, #5549, .F. ) ;
#5055 = AXIS2_PLACEMENT_3D ( 'NONE', #1361, #2792, #6901 ) ;
#5056 = VECTOR ( 'NONE', #3130, 1000.000000000000000 ) ;
#5057 = AXIS2_PLACEMENT_3D ( 'NONE', #1538, #5, #4256 ) ;
#5058 = PLANE ( 'NONE',  #2217 ) ;
#5059 = EDGE_CURVE ( 'NONE', #6189, #6516, #3871, .T. ) ;
#5060 = ADVANCED_FACE ( 'NONE', ( #1649 ), #2438, .T. ) ;
#5061 = DIRECTION ( 'NONE',  ( 0.000000000000000000, 0.000000000000000000, -1.000000000000000000 ) ) ;
#5062 = ORIENTED_EDGE ( 'NONE', *, *, #4072, .F. ) ;
#5063 = DIRECTION ( 'NONE',  ( 0.000000000000000000, 0.000000000000000000, 1.000000000000000000 ) ) ;
#5064 = DIRECTION ( 'NONE',  ( 0.8912898650253160415, -0.4534339825191248119, 0.000000000000000000 ) ) ;
#5066 = DIRECTION ( 'NONE',  ( 0.000000000000000000, 1.000000000000000000, 0.000000000000000000 ) ) ;
#5065 = VECTOR ( 'NONE', #4176, 1000.000000000000000 ) ;
#5067 = ORIENTED_EDGE ( 'NONE', *, *, #2044, .T. ) ;
#5068 = VECTOR ( 'NONE', #2876, 1000.000000000000114 ) ;
#5069 = VECTOR ( 'NONE', #4891, 1000.000000000000000 ) ;
#5070 = ORIENTED_EDGE ( 'NONE', *, *, #3481, .T. ) ;
#5071 = CARTESIAN_POINT ( 'NONE',  ( 5.833164812942365884, -62.14297269969665649, -6.049999999999999822 ) ) ;
#5072 = VECTOR ( 'NONE', #6293, 1000.000000000000000 ) ;
#5074 = LINE ( 'NONE', #823, #2389 ) ;
#5073 = AXIS2_PLACEMENT_3D ( 'NONE', #3302, #1909, #1175 ) ;
#5075 = DIRECTION ( 'NONE',  ( 0.000000000000000000, 0.000000000000000000, -1.000000000000000000 ) ) ;
#5076 = LINE ( 'NONE', #2255, #5620 ) ;
#5077 = DIRECTION ( 'NONE',  ( -0.000000000000000000, -0.000000000000000000, 1.000000000000000000 ) ) ;
#5078 = CARTESIAN_POINT ( 'NONE',  ( 7.200000000000001066, 0.000000000000000000, -3.474999999999999645 ) ) ;
#5079 = ORIENTED_EDGE ( 'NONE', *, *, #3747, .T. ) ;
#5080 = VERTEX_POINT ( 'NONE', #911 ) ;
#5081 = CARTESIAN_POINT ( 'NONE',  ( 6.712841253791708596, -60.62628918099089503, -6.349999999999999645 ) ) ;
#5082 = FACE_OUTER_BOUND ( 'NONE', #1621, .T. ) ;
#5083 = ORIENTED_EDGE ( 'NONE', *, *, #6752, .F. ) ;
#5084 = LINE ( 'NONE', #7302, #6035 ) ;
#5085 = EDGE_CURVE ( 'NONE', #8922, #8478, #5257, .T. ) ;
#5086 = CARTESIAN_POINT ( 'NONE',  ( 5.244186046511623900, -66.44934277047524063, -6.049999999999999822 ) ) ;
#5087 = DIRECTION ( 'NONE',  ( 0.3515793673603196945, 0.9361580787700960471, 0.000000000000000000 ) ) ;
#5088 = ORIENTED_EDGE ( 'NONE', *, *, #4986, .F. ) ;
#5089 = EDGE_CURVE ( 'NONE', #7776, #4391, #4557, .T. ) ;
#5090 = DIRECTION ( 'NONE',  ( -0.6151066362111659025, 0.7884439270417296086, 0.000000000000000000 ) ) ;
#5091 = VERTEX_POINT ( 'NONE', #2478 ) ;
#5092 = ORIENTED_EDGE ( 'NONE', *, *, #5256, .F. ) ;
#5093 = ORIENTED_EDGE ( 'NONE', *, *, #5538, .F. ) ;
#5094 = DIRECTION ( 'NONE',  ( 1.000000000000000000, 0.000000000000000000, 0.000000000000000000 ) ) ;
#5095 = DIRECTION ( 'NONE',  ( 0.000000000000000000, 0.000000000000000000, -1.000000000000000000 ) ) ;
#5096 = CARTESIAN_POINT ( 'NONE',  ( 12.17290192113245695, -70.57573306370069588, -6.049999999999999822 ) ) ;
#5097 = FACE_OUTER_BOUND ( 'NONE', #1534, .T. ) ;
#5098 = DIRECTION ( 'NONE',  ( 0.2857997923907349969, -0.9582893501805249681, 0.000000000000000000 ) ) ;
#5099 = ORIENTED_EDGE ( 'NONE', *, *, #5026, .F. ) ;
#5100 = ORIENTED_EDGE ( 'NONE', *, *, #4829, .F. ) ;
#5101 = EDGE_CURVE ( 'NONE', #5454, #5778, #6589, .T. ) ;
#5102 = DIRECTION ( 'NONE',  ( -0.5986500762839547241, 0.8010106654503517110, 0.000000000000000000 ) ) ;
#5103 = EDGE_LOOP ( 'NONE', ( #7482, #2075 ) ) ;
#5104 = ORIENTED_EDGE ( 'NONE', *, *, #7516, .T. ) ;
#5105 = EDGE_CURVE ( 'NONE', #2272, #7630, #3177, .T. ) ;
#5106 = DIRECTION ( 'NONE',  ( 0.5591416682777761160, -0.8290721288256802657, 0.000000000000000000 ) ) ;
#5107 = DIRECTION ( 'NONE',  ( 0.9540405906334256114, 0.2996774122682996921, 0.000000000000000000 ) ) ;
#5108 = ORIENTED_EDGE ( 'NONE', *, *, #6213, .T. ) ;
#5109 = CARTESIAN_POINT ( 'NONE',  ( 26.54398382204247042, -70.05197168857431222, -6.349999999999999645 ) ) ;
#5110 = DIRECTION ( 'NONE',  ( 0.000000000000000000, 0.000000000000000000, -1.000000000000000000 ) ) ;
#5111 = LINE ( 'NONE', #7926, #7425 ) ;
#5112 = EDGE_LOOP ( 'NONE', ( #2004, #578, #8312, #6756 ) ) ;
#5113 = CARTESIAN_POINT ( 'NONE',  ( -0.5000000000000000000, -50.50000000000000000, 13.00000000000000178 ) ) ;
#5114 = LINE ( 'NONE', #8573, #6663 ) ;
#5115 = DIRECTION ( 'NONE',  ( 0.000000000000000000, 0.000000000000000000, -1.000000000000000000 ) ) ;
#5116 = DIRECTION ( 'NONE',  ( 0.000000000000000000, 1.000000000000000000, 0.000000000000000000 ) ) ;
#5117 = CARTESIAN_POINT ( 'NONE',  ( 31.19999999999999929, 2.000000000000000000, -4.349999999999999645 ) ) ;
#5118 = CARTESIAN_POINT ( 'NONE',  ( 4.886754297269968461, -67.03276036400403370, -6.349999999999999645 ) ) ;
#5120 = ORIENTED_EDGE ( 'NONE', *, *, #1853, .T. ) ;
#5119 = EDGE_CURVE ( 'NONE', #652, #6566, #1049, .T. ) ;
#5121 = EDGE_CURVE ( 'NONE', #7572, #8365, #3734, .T. ) ;
#5122 = ORIENTED_EDGE ( 'NONE', *, *, #5956, .T. ) ;
#5123 = CARTESIAN_POINT ( 'NONE',  ( 20.82035726322884983, -58.78200202224468285, -6.049999999999999822 ) ) ;
#5124 = CARTESIAN_POINT ( 'NONE',  ( 18.00000000000000355, -32.00000000000000000, 13.00000000000000000 ) ) ;
#5125 = DIRECTION ( 'NONE',  ( 0.000000000000000000, 0.000000000000000000, 1.000000000000000000 ) ) ;
#5126 = LINE ( 'NONE', #2213, #5588 ) ;
#5127 = FACE_OUTER_BOUND ( 'NONE', #4978, .T. ) ;
#5128 = EDGE_LOOP ( 'NONE', ( #1780, #4925 ) ) ;
#5129 = CARTESIAN_POINT ( 'NONE',  ( 21.17593528816986748, -68.94984833164812699, -6.049999999999999822 ) ) ;
#5130 = ORIENTED_EDGE ( 'NONE', *, *, #494, .F. ) ;
#5131 = ORIENTED_EDGE ( 'NONE', *, *, #3182, .F. ) ;
#5132 = VERTEX_POINT ( 'NONE', #2342 ) ;
#5133 = DIRECTION ( 'NONE',  ( -0.000000000000000000, -0.000000000000000000, 1.000000000000000000 ) ) ;
#5134 = LINE ( 'NONE', #1766, #343 ) ;
#5135 = DIRECTION ( 'NONE',  ( -0.000000000000000000, -0.000000000000000000, 1.000000000000000000 ) ) ;
#5136 = LINE ( 'NONE', #893, #5047 ) ;
#5137 = ORIENTED_EDGE ( 'NONE', *, *, #8723, .T. ) ;
#5138 = ORIENTED_EDGE ( 'NONE', *, *, #8934, .F. ) ;
#5139 = FACE_OUTER_BOUND ( 'NONE', #1783, .T. ) ;
#5140 = ORIENTED_EDGE ( 'NONE', *, *, #3689, .T. ) ;
#5141 = VERTEX_POINT ( 'NONE', #5990 ) ;
#5142 = EDGE_CURVE ( 'NONE', #275, #2314, #310, .T. ) ;
#5143 = EDGE_CURVE ( 'NONE', #8074, #5939, #3922, .T. ) ;
#5144 = FACE_BOUND ( 'NONE', #2101, .T. ) ;
#5145 = DIRECTION ( 'NONE',  ( -0.2688681910994876190, 0.9631769805258478812, -0.000000000000000000 ) ) ;
#5146 = VERTEX_POINT ( 'NONE', #8112 ) ;
#5147 = EDGE_CURVE ( 'NONE', #7641, #5977, #227, .T. ) ;
#5148 = CYLINDRICAL_SURFACE ( 'NONE', #6101, 0.8000000000000020428 ) ;
#5149 = CARTESIAN_POINT ( 'NONE',  ( 15.36804853387259584, -65.23110886417256893, -6.349999999999999645 ) ) ;
#5150 = ORIENTED_EDGE ( 'NONE', *, *, #7516, .F. ) ;
#5151 = DIRECTION ( 'NONE',  ( -0.8137334712066988107, -0.5812381937191470893, 0.000000000000000000 ) ) ;
#5152 = VERTEX_POINT ( 'NONE', #1791 ) ;
#5153 = AXIS2_PLACEMENT_3D ( 'NONE', #4474, #6687, #3217 ) ;
#5154 = VECTOR ( 'NONE', #4236, 1000.000000000000000 ) ;
#5155 = ADVANCED_FACE ( 'NONE', ( #269 ), #4606, .T. ) ;
#5156 = FACE_OUTER_BOUND ( 'NONE', #3018, .T. ) ;
#5157 = DIRECTION ( 'NONE',  ( 0.000000000000000000, 0.000000000000000000, -1.000000000000000000 ) ) ;
#5158 = EDGE_CURVE ( 'NONE', #798, #5414, #1103, .T. ) ;
#5159 = CARTESIAN_POINT ( 'NONE',  ( 16.07987866531850329, -63.84165824064710648, -6.349999999999999645 ) ) ;
#5160 = DIRECTION ( 'NONE',  ( 1.000000000000000000, 0.000000000000000000, 0.000000000000000000 ) ) ;
#5161 = LINE ( 'NONE', #5762, #3525 ) ;
#5162 = AXIS2_PLACEMENT_3D ( 'NONE', #2860, #1462, #3411 ) ;
#5163 = DIRECTION ( 'NONE',  ( -0.1611318989021508219, -0.9869328807756821975, 0.000000000000000000 ) ) ;
#5164 = EDGE_LOOP ( 'NONE', ( #522, #5099, #5235, #6822 ) ) ;
#5165 = ORIENTED_EDGE ( 'NONE', *, *, #3573, .T. ) ;
#5166 = CIRCLE ( 'NONE', #3539, 0.7500000000000006661 ) ;
#5167 = CARTESIAN_POINT ( 'NONE',  ( 26.11661611054937637, -68.53191776204920416, -6.049999999999999822 ) ) ;
#5168 = CARTESIAN_POINT ( 'NONE',  ( 13.89046174587124938, -65.69133805190426756, -6.049999999999999822 ) ) ;
#5169 = EDGE_CURVE ( 'NONE', #2362, #2934, #401, .T. ) ;
#5171 = EDGE_CURVE ( 'NONE', #1823, #3667, #8707, .T. ) ;
#5170 = EDGE_LOOP ( 'NONE', ( #1750, #8139, #1944, #6759 ) ) ;
#5172 = FACE_OUTER_BOUND ( 'NONE', #7432, .T. ) ;
#5173 = CARTESIAN_POINT ( 'NONE',  ( 21.11257162116616115, -58.74560161779575651, -6.049999999999999822 ) ) ;
#5174 = EDGE_LOOP ( 'NONE', ( #863, #3770 ) ) ;
#5175 = VECTOR ( 'NONE', #1311, 1000.000000000000000 ) ;
#5176 = DIRECTION ( 'NONE',  ( 0.000000000000000000, -1.000000000000000000, 0.000000000000000000 ) ) ;
#5177 = VERTEX_POINT ( 'NONE', #3128 ) ;
#5178 = ORIENTED_EDGE ( 'NONE', *, *, #8647, .T. ) ;
#5179 = ORIENTED_EDGE ( 'NONE', *, *, #81, .F. ) ;
#5180 = VECTOR ( 'NONE', #9078, 1000.000000000000000 ) ;
#5181 = AXIS2_PLACEMENT_3D ( 'NONE', #7165, #8811, #1152 ) ;
#5182 = LINE ( 'NONE', #985, #7714 ) ;
#5183 = CARTESIAN_POINT ( 'NONE',  ( 23.30000000000000071, -5.000000000000000000, 13.00000000000000000 ) ) ;
#5184 = CARTESIAN_POINT ( 'NONE',  ( 11.28715874620829140, -68.59797775530839203, -6.049999999999999822 ) ) ;
#5185 = CARTESIAN_POINT ( 'NONE',  ( 4.408830468486684140, -67.70819009100100061, -6.049999999999999822 ) ) ;
#5186 = EDGE_CURVE ( 'NONE', #1023, #2316, #6030, .T. ) ;
#5187 = EDGE_LOOP ( 'NONE', ( #4896, #5765, #8557, #1202 ) ) ;
#5188 = ORIENTED_EDGE ( 'NONE', *, *, #4242, .T. ) ;
#5189 = LINE ( 'NONE', #8055, #5509 ) ;
#5190 = CIRCLE ( 'NONE', #1203, 0.7500000000000006661 ) ;
#5191 = ORIENTED_EDGE ( 'NONE', *, *, #442, .T. ) ;
#5192 = VECTOR ( 'NONE', #8907, 1000.000000000000000 ) ;
#5193 = EDGE_LOOP ( 'NONE', ( #4685, #4448, #195, #5131, #4640, #8200, #5820, #4544 ) ) ;
#5194 = DIRECTION ( 'NONE',  ( 1.000000000000000000, 0.000000000000000000, 0.000000000000000000 ) ) ;
#5195 = AXIS2_PLACEMENT_3D ( 'NONE', #2842, #5751, #5705 ) ;
#5196 = CARTESIAN_POINT ( 'NONE',  ( 15.75000000000000000, -41.00000000000000000, 13.00000000000000000 ) ) ;
#5197 = CIRCLE ( 'NONE', #2980, 0.7500000000000006661 ) ;
#5198 = ORIENTED_EDGE ( 'NONE', *, *, #4807, .F. ) ;
#5199 = DIRECTION ( 'NONE',  ( 0.8251299443486765917, 0.5649429837949577760, 0.000000000000000000 ) ) ;
#5200 = CARTESIAN_POINT ( 'NONE',  ( 11.25000000000000000, -35.00000000000000000, 15.00000000000000000 ) ) ;
#5201 = EDGE_LOOP ( 'NONE', ( #6253, #8373, #1480, #3700 ) ) ;
#5203 = EDGE_CURVE ( 'NONE', #5968, #2372, #1839, .T. ) ;
#5202 = DIRECTION ( 'NONE',  ( -0.000000000000000000, -1.000000000000000000, -0.000000000000000000 ) ) ;
#5204 = VERTEX_POINT ( 'NONE', #2391 ) ;
#5205 = EDGE_CURVE ( 'NONE', #7654, #3559, #4887, .T. ) ;
#5206 = AXIS2_PLACEMENT_3D ( 'NONE', #4083, #6068, #8282 ) ;
#5207 = CIRCLE ( 'NONE', #1218, 0.7500000000000006661 ) ;
#5208 = CIRCLE ( 'NONE', #5790, 0.8000000000000020428 ) ;
#5209 = DIRECTION ( 'NONE',  ( 0.8554769934094016426, 0.5178408189272168949, 0.000000000000000000 ) ) ;
#5210 = CARTESIAN_POINT ( 'NONE',  ( 3.434108527131783717, -67.82143579373104103, -6.049999999999999822 ) ) ;
#5211 = CARTESIAN_POINT ( 'NONE',  ( 17.02628918099090072, -66.42002022244690806, -6.349999999999999645 ) ) ;
#5212 = VECTOR ( 'NONE', #6033, 1000.000000000000000 ) ;
#5213 = VECTOR ( 'NONE', #1344, 1000.000000000000000 ) ;
#5214 = CARTESIAN_POINT ( 'NONE',  ( 2.733063700707784704, -66.70515672396359719, -6.349999999999999645 ) ) ;
#5215 = CIRCLE ( 'NONE', #1090, 0.7500000000000006661 ) ;
#5216 = ADVANCED_FACE ( 'NONE', ( #8241 ), #1182, .T. ) ;
#5217 = ADVANCED_FACE ( 'NONE', ( #6813 ), #6898, .T. ) ;
#5218 = CARTESIAN_POINT ( 'NONE',  ( 6.712841253791708596, -58.66066734074822620, -6.049999999999999822 ) ) ;
#5219 = VERTEX_POINT ( 'NONE', #4786 ) ;
#5220 = ADVANCED_FACE ( 'NONE', ( #1233 ), #2705, .F. ) ;
#5221 = ORIENTED_EDGE ( 'NONE', *, *, #7505, .F. ) ;
#5222 = VECTOR ( 'NONE', #6856, 1000.000000000000114 ) ;
#5223 = VECTOR ( 'NONE', #5372, 1000.000000000000227 ) ;
#5224 = AXIS2_PLACEMENT_3D ( 'NONE', #3863, #5199, #999 ) ;
#5225 = CARTESIAN_POINT ( 'NONE',  ( -2.000000000000000000, -52.00000000000000711, 1.650000000000000355 ) ) ;
#5226 = CARTESIAN_POINT ( 'NONE',  ( 18.67644084934277160, -65.49180990899898802, -6.049999999999999822 ) ) ;
#5227 = CARTESIAN_POINT ( 'NONE',  ( -2.799999999999999822, -52.00000000000000711, 1.650000000000000355 ) ) ;
#5228 = DIRECTION ( 'NONE',  ( -0.000000000000000000, -0.000000000000000000, 1.000000000000000000 ) ) ;
#5229 = PLANE ( 'NONE',  #5648 ) ;
#5230 = AXIS2_PLACEMENT_3D ( 'NONE', #5577, #1330, #3327 ) ;
#5231 = CARTESIAN_POINT ( 'NONE',  ( 11.68756319514661257, -67.96248736097066967, -6.049999999999999822 ) ) ;
#5232 = ORIENTED_EDGE ( 'NONE', *, *, #6858, .F. ) ;
#5233 = ORIENTED_EDGE ( 'NONE', *, *, #370, .T. ) ;
#5234 = EDGE_CURVE ( 'NONE', #6977, #8283, #575, .T. ) ;
#5235 = ORIENTED_EDGE ( 'NONE', *, *, #3565, .T. ) ;
#5236 = CARTESIAN_POINT ( 'NONE',  ( 26.54398382204247042, -70.05197168857431222, -6.049999999999999822 ) ) ;
#5237 = CARTESIAN_POINT ( 'NONE',  ( 25.01145938658577705, -68.26902595214019698, -6.049999999999999822 ) ) ;
#5238 = CARTESIAN_POINT ( 'NONE',  ( 14.02325581395348841, -65.91041456016176880, -6.349999999999999645 ) ) ;
#5239 = CARTESIAN_POINT ( 'NONE',  ( 11.28715874620829140, -59.06107178968654381, -6.049999999999999822 ) ) ;
#5240 = ORIENTED_EDGE ( 'NONE', *, *, #7125, .F. ) ;
#5241 = VERTEX_POINT ( 'NONE', #4004 ) ;
#5242 = CARTESIAN_POINT ( 'NONE',  ( 14.15739804516346645, -66.12409841590832116, -6.049999999999999822 ) ) ;
#5243 = ORIENTED_EDGE ( 'NONE', *, *, #3869, .T. ) ;
#5244 = ORIENTED_EDGE ( 'NONE', *, *, #3554, .T. ) ;
#5245 = ADVANCED_FACE ( 'NONE', ( #4090 ), #4054, .F. ) ;
#5246 = EDGE_CURVE ( 'NONE', #7029, #5651, #476, .T. ) ;
#5247 = LINE ( 'NONE', #854, #5614 ) ;
#5248 = CARTESIAN_POINT ( 'NONE',  ( 0.000000000000000000, 0.000000000000000000, 13.00000000000000178 ) ) ;
#5249 = ORIENTED_EDGE ( 'NONE', *, *, #3290, .F. ) ;
#5250 = DIRECTION ( 'NONE',  ( -1.000000000000000000, 0.000000000000000000, 0.000000000000000000 ) ) ;
#5251 = LINE ( 'NONE', #5887, #2827 ) ;
#5252 = ORIENTED_EDGE ( 'NONE', *, *, #5085, .T. ) ;
#5253 = CARTESIAN_POINT ( 'NONE',  ( 13.51836872261543654, -60.96332996292550632, -6.349999999999999645 ) ) ;
#5254 = VERTEX_POINT ( 'NONE', #7552 ) ;
#5255 = LINE ( 'NONE', #2390, #7667 ) ;
#5256 = EDGE_CURVE ( 'NONE', #3559, #3154, #3259, .T. ) ;
#5257 = LINE ( 'NONE', #8665, #9013 ) ;
#5258 = CARTESIAN_POINT ( 'NONE',  ( 16.38456353218739281, -64.11398719245029554, -6.349999999999999645 ) ) ;
#5259 = LINE ( 'NONE', #6686, #8427 ) ;
#5260 = CARTESIAN_POINT ( 'NONE',  ( 18.29019211324570193, -70.45271317829457303, -6.049999999999999822 ) ) ;
#5261 = LINE ( 'NONE', #6459, #5941 ) ;
#5262 = ORIENTED_EDGE ( 'NONE', *, *, #4506, .T. ) ;
#5263 = ORIENTED_EDGE ( 'NONE', *, *, #3088, .F. ) ;
#5264 = EDGE_CURVE ( 'NONE', #3898, #790, #9067, .T. ) ;
#5265 = CARTESIAN_POINT ( 'NONE',  ( 12.00000000000000000, -29.00000000000000000, 13.00000000000000000 ) ) ;
#5266 = EDGE_CURVE ( 'NONE', #7306, #2161, #535, .T. ) ;
#5267 = CARTESIAN_POINT ( 'NONE',  ( 11.68756319514661257, -67.96248736097066967, -6.349999999999999645 ) ) ;
#5268 = CARTESIAN_POINT ( 'NONE',  ( 9.000000000000001776, -38.00000000000000000, 13.00000000000000000 ) ) ;
#5269 = CARTESIAN_POINT ( 'NONE',  ( 20.29625884732052654, -68.99534883720930623, -6.049999999999999822 ) ) ;
#5270 = DIRECTION ( 'NONE',  ( 0.8551624867962400733, 0.5183600304580501250, 0.000000000000000000 ) ) ;
#5271 = CARTESIAN_POINT ( 'NONE',  ( 21.75000000000000355, -35.00000000000000000, 13.00000000000000000 ) ) ;
#5272 = CARTESIAN_POINT ( 'NONE',  ( 23.00000000000000000, 9.799999999999998934, 12.32499999999999929 ) ) ;
#5273 = ORIENTED_EDGE ( 'NONE', *, *, #1693, .F. ) ;
#5274 = EDGE_LOOP ( 'NONE', ( #3773, #1122, #3948, #2166 ) ) ;
#5275 = EDGE_LOOP ( 'NONE', ( #1084, #2776, #6131, #3383 ) ) ;
#5276 = EDGE_CURVE ( 'NONE', #519, #3027, #1272, .T. ) ;
#5277 = DIRECTION ( 'NONE',  ( 0.8337243767495536861, -0.5521808251049361571, 0.000000000000000000 ) ) ;
#5278 = CARTESIAN_POINT ( 'NONE',  ( 26.99595551061678833, -69.19656218402425907, -6.349999999999999645 ) ) ;
#5279 = DIRECTION ( 'NONE',  ( -0.9958932064677021856, 0.09053574604253653013, 0.000000000000000000 ) ) ;
#5280 = CARTESIAN_POINT ( 'NONE',  ( 24.06370070778564241, -63.67178968655207427, -6.349999999999999645 ) ) ;
#5281 = ORIENTED_EDGE ( 'NONE', *, *, #9065, .F. ) ;
#5282 = EDGE_LOOP ( 'NONE', ( #1595, #2308, #8350, #2532 ) ) ;
#5283 = DIRECTION ( 'NONE',  ( 0.000000000000000000, 0.000000000000000000, -1.000000000000000000 ) ) ;
#5284 = EDGE_LOOP ( 'NONE', ( #6231, #4202, #1813, #93 ) ) ;
#5285 = VERTEX_POINT ( 'NONE', #3390 ) ;
#5286 = CYLINDRICAL_SURFACE ( 'NONE', #8417, 0.7500000000000006661 ) ;
#5287 = DIRECTION ( 'NONE',  ( -0.000000000000000000, -0.000000000000000000, 1.000000000000000000 ) ) ;
#5288 = ORIENTED_EDGE ( 'NONE', *, *, #3017, .T. ) ;
#5289 = ADVANCED_FACE ( 'NONE', ( #4823 ), #6256, .T. ) ;
#5290 = LINE ( 'NONE', #6718, #8026 ) ;
#5291 = LINE ( 'NONE', #8796, #8280 ) ;
#5292 = EDGE_CURVE ( 'NONE', #5380, #388, #2653, .T. ) ;
#5293 = ORIENTED_EDGE ( 'NONE', *, *, #3857, .F. ) ;
#5294 = LINE ( 'NONE', #7368, #5948 ) ;
#5295 = ORIENTED_EDGE ( 'NONE', *, *, #1645, .F. ) ;
#5296 = DIRECTION ( 'NONE',  ( 1.000000000000000000, 0.000000000000000000, 0.000000000000000000 ) ) ;
#5297 = CARTESIAN_POINT ( 'NONE',  ( 18.97842938995618667, -68.93501853724299622, -6.049999999999999822 ) ) ;
#5298 = CARTESIAN_POINT ( 'NONE',  ( 18.00000000000000355, -29.00000000000000000, 15.00000000000000000 ) ) ;
#5299 = DIRECTION ( 'NONE',  ( 0.000000000000000000, 0.000000000000000000, -1.000000000000000000 ) ) ;
#5300 = LINE ( 'NONE', #5954, #43 ) ;
#5301 = VECTOR ( 'NONE', #138, 1000.000000000000114 ) ;
#5302 = ORIENTED_EDGE ( 'NONE', *, *, #5536, .F. ) ;
#5303 = EDGE_LOOP ( 'NONE', ( #6013, #4108, #1578, #7075 ) ) ;
#5304 = LINE ( 'NONE', #4616, #7076 ) ;
#5305 = DIRECTION ( 'NONE',  ( -0.000000000000000000, -0.000000000000000000, 1.000000000000000000 ) ) ;
#5306 = VECTOR ( 'NONE', #2160, 1000.000000000000000 ) ;
#5307 = CYLINDRICAL_SURFACE ( 'NONE', #5645, 0.7500000000000006661 ) ;
#5308 = CARTESIAN_POINT ( 'NONE',  ( 23.95146612740141734, -67.97917087967643113, -6.049999999999999822 ) ) ;
#5309 = CARTESIAN_POINT ( 'NONE',  ( 24.06370070778564241, -63.67178968655207427, -6.049999999999999822 ) ) ;
#5310 = CARTESIAN_POINT ( 'NONE',  ( 22.09032692955847565, -58.63640040444893486, -6.049999999999999822 ) ) ;
#5311 = ADVANCED_FACE ( 'NONE', ( #5471 ), #6944, .T. ) ;
#5312 = ORIENTED_EDGE ( 'NONE', *, *, #6897, .T. ) ;
#5313 = EDGE_CURVE ( 'NONE', #5241, #3760, #5628, .T. ) ;
#5314 = AXIS2_PLACEMENT_3D ( 'NONE', #4483, #3049, #2533 ) ;
#5315 = VERTEX_POINT ( 'NONE', #4693 ) ;
#5316 = ORIENTED_EDGE ( 'NONE', *, *, #5407, .T. ) ;
#5317 = DIRECTION ( 'NONE',  ( 0.000000000000000000, 0.000000000000000000, -1.000000000000000000 ) ) ;
#5318 = LINE ( 'NONE', #2594, #6820 ) ;
#5319 = VECTOR ( 'NONE', #2057, 999.9999999999998863 ) ;
#5320 = PLANE ( 'NONE',  #2986 ) ;
#5321 = EDGE_LOOP ( 'NONE', ( #7733, #8321 ) ) ;
#5322 = ORIENTED_EDGE ( 'NONE', *, *, #5991, .T. ) ;
#5323 = LINE ( 'NONE', #7216, #2270 ) ;
#5324 = ORIENTED_EDGE ( 'NONE', *, *, #347, .F. ) ;
#5325 = ADVANCED_FACE ( 'NONE', ( #7502 ), #3311, .T. ) ;
#5326 = ORIENTED_EDGE ( 'NONE', *, *, #4072, .T. ) ;
#5327 = VECTOR ( 'NONE', #6979, 1000.000000000000000 ) ;
#5328 = CLOSED_SHELL ( 'NONE', ( #6110, #1876, #3637, #7442, #5426, #3329, #7407, #981, #428, #4214, #4259, #7472, #6163, #8381, #5624, #5840, #1302, #7078, #7886, #258, #4612, #7503, #1151, #6997, #8583, #6683, #3528, #9039, #1711, #2416, #4380, #2299, #462, #7577, #452, #7677, #8948, #7617, #2496, #2332, #8694, #6601, #1208, #2687, #5518, #1514, #2387, #11, #4471, #4406, #4088, #4939, #7174, #759, #8438, #6263, #1036, #4355, #219, #1250, #570, #4328, #7783, #5434, #1123, #8247, #632, #6132, #1324, #2763, #4746, #1140, #2955, #8205, #361, #6969, #4698, #3407, #539, #8315, #4745, #6497, #8708, #5343, #3808, #5245, #3277, #2198, #1005, #7854, #3086, #5889, #1787, #6120, #186, #1225, #6494, #7463, #5528, #3041, #972, #4656, #1800, #5004, #5311, #7236, #6329, #6465, #1739, #4475, #6819, #5217, #5289, #6407, #4976, #8519, #7561, #3759, #771, #5325, #2611, #6442, #6485, #4614, #6954, #3113, #3959, #8979, #4000, #4523, #4232, #708, #2779, #1479, #3975, #5216, #3003, #6450, #1815, #1496, #1544, #71, #6720, #6243, #2398, #2916, #3920, #4327, #7033, #2884, #8363, #7344, #3222, #9045, #8274, #2541, #4586, #4778, #2941, #8721, #3483, #2467, #2124, #861, #8044, #3236, #8791, #629, #8301, #7620, #1019, #2663, #5994, #5881, #1278, #7358, #6699, #6706, #5622, #8170, #4599, #949, #2729, #6380, #8876, #6563, #6848, #6889, #6076, #7226, #717, #5406, #5929, #5060, #715, #5384, #3317, #7749, #2055, #1370, #3590, #6310, #3397, #7666, #8504, #6150, #4582, #8154, #2319, #6288, #2241, #4927, #2162, #7742, #1087, #3114, #7270, #3630, #8640, #159, #3529, #4760, #5910, #2843, #1720, #9083, #5883, #2904, #561, #3928, #8192, #1117, #6886, #2858, #745, #493, #6697, #4154, #2740, #8140, #1713, #3970, #2031, #5971, #6377, #4652, #853, #1774, #2751, #6753, #4865, #742, #4414, #4929, #6398, #7372, #728, #5155, #8056, #2794, #7910, #7598, #8470, #6680, #7326, #6785, #4130, #241, #6553, #572, #8558, #3055, #5220, #9074, #3203, #197, #3361, #7049, #4842, #6049, #2892 ) ) ;
#5329 = EDGE_CURVE ( 'NONE', #5141, #1249, #5197, .T. ) ;
#5330 = VECTOR ( 'NONE', #3811, 1000.000000000000000 ) ;
#5331 = DIRECTION ( 'NONE',  ( -1.000000000000000000, 0.000000000000000000, -0.000000000000000000 ) ) ;
#5332 = DIRECTION ( 'NONE',  ( 0.000000000000000000, 0.000000000000000000, -1.000000000000000000 ) ) ;
#5333 = VERTEX_POINT ( 'NONE', #670 ) ;
#5334 = AXIS2_PLACEMENT_3D ( 'NONE', #5298, #967, #5160 ) ;
#5335 = FACE_OUTER_BOUND ( 'NONE', #3954, .T. ) ;
#5336 = CARTESIAN_POINT ( 'NONE',  ( -4.200000000000000178, -54.20000000000000284, -6.349999999999999645 ) ) ;
#5337 = ORIENTED_EDGE ( 'NONE', *, *, #862, .T. ) ;
#5338 = VECTOR ( 'NONE', #3538, 1000.000000000000000 ) ;
#5339 = DIRECTION ( 'NONE',  ( 0.000000000000000000, 0.000000000000000000, 1.000000000000000000 ) ) ;
#5340 = ORIENTED_EDGE ( 'NONE', *, *, #382, .T. ) ;
#5341 = AXIS2_PLACEMENT_3D ( 'NONE', #1501, #23, #3532 ) ;
#5342 = EDGE_CURVE ( 'NONE', #7022, #6742, #8562, .T. ) ;
#5343 = ADVANCED_FACE ( 'NONE', ( #763 ), #6340, .F. ) ;
#5344 = AXIS2_PLACEMENT_3D ( 'NONE', #2979, #5661, #2100 ) ;
#5345 = FACE_OUTER_BOUND ( 'NONE', #239, .T. ) ;
#5346 = DIRECTION ( 'NONE',  ( 0.1492526923300505348, 0.9887990866865883355, 0.000000000000000000 ) ) ;
#5347 = DIRECTION ( 'NONE',  ( 0.000000000000000000, -1.000000000000000000, 0.000000000000000000 ) ) ;
#5348 = CARTESIAN_POINT ( 'NONE',  ( 14.24999999999999822, -41.00000000000000000, 13.00000000000000000 ) ) ;
#5350 = VECTOR ( 'NONE', #3331, 1000.000000000000114 ) ;
#5349 = LINE ( 'NONE', #5775, #1362 ) ;
#5351 = ORIENTED_EDGE ( 'NONE', *, *, #3567, .F. ) ;
#5352 = CIRCLE ( 'NONE', #1356, 0.7999999999999999334 ) ;
#5353 = VERTEX_POINT ( 'NONE', #2928 ) ;
#5354 = ORIENTED_EDGE ( 'NONE', *, *, #642, .F. ) ;
#5355 = EDGE_CURVE ( 'NONE', #3671, #7556, #3581, .T. ) ;
#5356 = DIRECTION ( 'NONE',  ( 0.000000000000000000, 0.000000000000000000, 1.000000000000000000 ) ) ;
#5357 = VECTOR ( 'NONE', #8453, 1000.000000000000000 ) ;
#5358 = AXIS2_PLACEMENT_3D ( 'NONE', #4014, #5531, #7004 ) ;
#5360 = CARTESIAN_POINT ( 'NONE',  ( 8.314459049544995040, -60.62628918099089503, -6.349999999999999645 ) ) ;
#5359 = VECTOR ( 'NONE', #4103, 1000.000000000000114 ) ;
#5361 = CARTESIAN_POINT ( 'NONE',  ( 18.97842938995618667, -68.93501853724299622, -6.349999999999999645 ) ) ;
#5362 = DIRECTION ( 'NONE',  ( 0.000000000000000000, 0.000000000000000000, 1.000000000000000000 ) ) ;
#5363 = LINE ( 'NONE', #5309, #3235 ) ;
#5364 = DIRECTION ( 'NONE',  ( 0.6581254116260015774, 0.7529083228203191647, 0.000000000000000000 ) ) ;
#5365 = CARTESIAN_POINT ( 'NONE',  ( 20.82035726322884983, -58.78200202224468285, -6.049999999999999822 ) ) ;
#5366 = VECTOR ( 'NONE', #3078, 1000.000000000000000 ) ;
#5367 = ORIENTED_EDGE ( 'NONE', *, *, #3250, .T. ) ;
#5368 = VECTOR ( 'NONE', #2867, 1000.000000000000000 ) ;
#5369 = AXIS2_PLACEMENT_3D ( 'NONE', #7126, #806, #6289 ) ;
#5370 = ORIENTED_EDGE ( 'NONE', *, *, #2623, .T. ) ;
#5371 = VECTOR ( 'NONE', #5924, 1000.000000000000114 ) ;
#5372 = DIRECTION ( 'NONE',  ( -0.3762081107378902889, -0.9265351895179303465, 0.000000000000000000 ) ) ;
#5373 = EDGE_CURVE ( 'NONE', #720, #920, #1358, .T. ) ;
#5374 = CARTESIAN_POINT ( 'NONE',  ( 14.53758004718570973, -65.78975396022917721, -6.049999999999999822 ) ) ;
#5375 = VECTOR ( 'NONE', #8675, 1000.000000000000000 ) ;
#5376 = LINE ( 'NONE', #2595, #1355 ) ;
#5377 = ORIENTED_EDGE ( 'NONE', *, *, #5121, .F. ) ;
#5378 = ORIENTED_EDGE ( 'NONE', *, *, #5828, .F. ) ;
#5379 = LINE ( 'NONE', #521, #5811 ) ;
#5380 = VERTEX_POINT ( 'NONE', #5798 ) ;
#5381 = ORIENTED_EDGE ( 'NONE', *, *, #7065, .T. ) ;
#5382 = EDGE_CURVE ( 'NONE', #3996, #5877, #7775, .T. ) ;
#5383 = CARTESIAN_POINT ( 'NONE',  ( 18.00000000000000355, -41.00000000000000000, 15.00000000000000000 ) ) ;
#5384 = ADVANCED_FACE ( 'NONE', ( #2238 ), #855, .T. ) ;
#5385 = LINE ( 'NONE', #8194, #2248 ) ;
#5386 = VERTEX_POINT ( 'NONE', #1550 ) ;
#5387 = CARTESIAN_POINT ( 'NONE',  ( 10.42601954836534972, -67.49416919447251928, -6.349999999999999645 ) ) ;
#5388 = FACE_OUTER_BOUND ( 'NONE', #2564, .T. ) ;
#5389 = ORIENTED_EDGE ( 'NONE', *, *, #1418, .T. ) ;
#5390 = DIRECTION ( 'NONE',  ( 0.1981389197361790588, 0.9801739480754321221, 0.000000000000000000 ) ) ;
#5391 = ORIENTED_EDGE ( 'NONE', *, *, #3577, .F. ) ;
#5392 = CARTESIAN_POINT ( 'NONE',  ( 25.71385237613751329, -65.49180990899898802, -6.349999999999999645 ) ) ;
#5393 = DIRECTION ( 'NONE',  ( 0.000000000000000000, 1.000000000000000000, 0.000000000000000000 ) ) ;
#5394 = CARTESIAN_POINT ( 'NONE',  ( 21.00000000000000000, -32.00000000000000000, 15.00000000000000000 ) ) ;
#5395 = DIRECTION ( 'NONE',  ( 0.000000000000000000, 0.000000000000000000, -1.000000000000000000 ) ) ;
#5396 = PLANE ( 'NONE',  #1952 ) ;
#5397 = ORIENTED_EDGE ( 'NONE', *, *, #5850, .T. ) ;
#5398 = ORIENTED_EDGE ( 'NONE', *, *, #2568, .F. ) ;
#5399 = VERTEX_POINT ( 'NONE', #814 ) ;
#5400 = CARTESIAN_POINT ( 'NONE',  ( 22.80000000000000071, 0.000000000000000000, -3.474999999999999645 ) ) ;
#5401 = FACE_OUTER_BOUND ( 'NONE', #5682, .T. ) ;
#5402 = CARTESIAN_POINT ( 'NONE',  ( 3.218402426693629081, -62.14297269969665649, -6.049999999999999822 ) ) ;
#5403 = PLANE ( 'NONE',  #8865 ) ;
#5404 = LINE ( 'NONE', #3189, #7509 ) ;
#5405 = DIRECTION ( 'NONE',  ( 1.000000000000000000, 0.000000000000000000, 0.000000000000000000 ) ) ;
#5406 = ADVANCED_FACE ( 'NONE', ( #4318, #3485, #1447, #9107 ), #5702, .F. ) ;
#5407 = EDGE_CURVE ( 'NONE', #5333, #8086, #1808, .T. ) ;
#5408 = PRESENTATION_STYLE_ASSIGNMENT (( #2491 ) ) ;
#5409 = ORIENTED_EDGE ( 'NONE', *, *, #8000, .F. ) ;
#5410 = ORIENTED_EDGE ( 'NONE', *, *, #679, .T. ) ;
#5411 = CARTESIAN_POINT ( 'NONE',  ( 27.13447927199191412, -68.96804853387259016, -6.349999999999999645 ) ) ;
#5412 = DIRECTION ( 'NONE',  ( -1.000000000000000000, 0.000000000000000000, 0.000000000000000000 ) ) ;
#5413 = LINE ( 'NONE', #1126, #4162 ) ;
#5414 = VERTEX_POINT ( 'NONE', #20 ) ;
#5415 = DIRECTION ( 'NONE',  ( -1.000000000000000000, 0.000000000000000000, 0.000000000000000000 ) ) ;
#5416 = ORIENTED_EDGE ( 'NONE', *, *, #6526, .T. ) ;
#5417 = ORIENTED_EDGE ( 'NONE', *, *, #7843, .F. ) ;
#5418 = CARTESIAN_POINT ( 'NONE',  ( 26.38119312436804975, -70.39373104145600735, -6.049999999999999822 ) ) ;
#5419 = CARTESIAN_POINT ( 'NONE',  ( 16.38456353218739281, -64.11398719245029554, -6.349999999999999645 ) ) ;
#5420 = CARTESIAN_POINT ( 'NONE',  ( 12.00000000000000000, -38.00000000000000000, 15.00000000000000000 ) ) ;
#5421 = DIRECTION ( 'NONE',  ( 0.5819217978924353663, -0.8132447486074751986, 0.000000000000000000 ) ) ;
#5422 = DIRECTION ( 'NONE',  ( 0.4671672817180972936, 0.8841689492920026261, 0.000000000000000000 ) ) ;
#5423 = ORIENTED_EDGE ( 'NONE', *, *, #4695, .T. ) ;
#5424 = PLANE ( 'NONE',  #5804 ) ;
#5425 = VERTEX_POINT ( 'NONE', #4266 ) ;
#5426 = ADVANCED_FACE ( 'NONE', ( #2789 ), #6481, .F. ) ;
#5427 = EDGE_CURVE ( 'NONE', #5399, #4530, #2187, .T. ) ;
#5428 = CARTESIAN_POINT ( 'NONE',  ( 3.611054937647454111, -68.12072800808897455, -6.049999999999999822 ) ) ;
#5429 = DIRECTION ( 'NONE',  ( 0.000000000000000000, 0.000000000000000000, 1.000000000000000000 ) ) ;
#5430 = DIRECTION ( 'NONE',  ( 0.000000000000000000, 0.000000000000000000, -1.000000000000000000 ) ) ;
#5431 = FACE_OUTER_BOUND ( 'NONE', #7444, .T. ) ;
#5432 = ORIENTED_EDGE ( 'NONE', *, *, #1147, .F. ) ;
#5433 = ORIENTED_EDGE ( 'NONE', *, *, #1596, .T. ) ;
#5434 = ADVANCED_FACE ( 'NONE', ( #8421 ), #114, .F. ) ;
#5435 = ORIENTED_EDGE ( 'NONE', *, *, #3386, .F. ) ;
#5436 = EDGE_CURVE ( 'NONE', #714, #4347, #1497, .T. ) ;
#5437 = DIRECTION ( 'NONE',  ( 1.000000000000000000, 0.000000000000000000, 0.000000000000000000 ) ) ;
#5438 = CARTESIAN_POINT ( 'NONE',  ( 9.750000000000001776, -35.00000000000000000, 15.00000000000000000 ) ) ;
#5439 = DIRECTION ( 'NONE',  ( 0.4405375903731389986, -0.8977341652561900975, 0.000000000000000000 ) ) ;
#5440 = DIRECTION ( 'NONE',  ( 0.000000000000000000, 0.000000000000000000, -1.000000000000000000 ) ) ;
#5441 = DIRECTION ( 'NONE',  ( 0.2594830713085830021, -0.9657476563286420124, 0.000000000000000000 ) ) ;
#5442 = CARTESIAN_POINT ( 'NONE',  ( 9.632457027300302954, -63.02972699696663028, -6.049999999999999822 ) ) ;
#5443 = LINE ( 'NONE', #6006, #2052 ) ;
#5444 = ORIENTED_EDGE ( 'NONE', *, *, #7464, .T. ) ;
#5445 = VERTEX_POINT ( 'NONE', #4919 ) ;
#5446 = VECTOR ( 'NONE', #2995, 1000.000000000000000 ) ;
#5447 = VECTOR ( 'NONE', #5863, 1000.000000000000114 ) ;
#5448 = EDGE_CURVE ( 'NONE', #2914, #6487, #6436, .T. ) ;
#5449 = EDGE_CURVE ( 'NONE', #7047, #2140, #3168, .T. ) ;
#5450 = CARTESIAN_POINT ( 'NONE',  ( 16.00707785642062575, -65.71779575328613987, -6.049999999999999822 ) ) ;
#5451 = PLANE ( 'NONE',  #497 ) ;
#5452 = DIRECTION ( 'NONE',  ( 1.000000000000000000, 0.000000000000000000, 0.000000000000000000 ) ) ;
#5453 = CYLINDRICAL_SURFACE ( 'NONE', #7409, 0.7500000000000006661 ) ;
#5454 = VERTEX_POINT ( 'NONE', #901 ) ;
#5455 = CIRCLE ( 'NONE', #2949, 0.7500000000000006661 ) ;
#5456 = CARTESIAN_POINT ( 'NONE',  ( 14.17357600269632734, -62.82379507920457229, -6.049999999999999822 ) ) ;
#5457 = ORIENTED_EDGE ( 'NONE', *, *, #2658, .F. ) ;
#5458 = ORIENTED_EDGE ( 'NONE', *, *, #7575, .F. ) ;
#5459 = VECTOR ( 'NONE', #543, 1000.000000000000000 ) ;
#5460 = FACE_OUTER_BOUND ( 'NONE', #6768, .T. ) ;
#5461 = DIRECTION ( 'NONE',  ( -1.000000000000000000, -0.000000000000000000, -0.000000000000000000 ) ) ;
#5462 = DIRECTION ( 'NONE',  ( 0.6422646925144749330, 0.7664829187589811132, 0.000000000000000000 ) ) ;
#5463 = CARTESIAN_POINT ( 'NONE',  ( 5.244186046511623900, -66.44934277047524063, -6.349999999999999645 ) ) ;
#5464 = DIRECTION ( 'NONE',  ( -0.3162277660168146820, 0.9486832980505215396, 0.000000000000000000 ) ) ;
#5465 = ORIENTED_EDGE ( 'NONE', *, *, #7288, .F. ) ;
#5466 = CARTESIAN_POINT ( 'NONE',  ( 6.461577350859451840, -63.69100101112233858, -6.349999999999999645 ) ) ;
#5467 = ORIENTED_EDGE ( 'NONE', *, *, #5474, .F. ) ;
#5468 = VECTOR ( 'NONE', #226, 1000.000000000000114 ) ;
#5469 = LINE ( 'NONE', #2519, #4581 ) ;
#5470 = VECTOR ( 'NONE', #6043, 1000.000000000000000 ) ;
#5471 = FACE_OUTER_BOUND ( 'NONE', #8950, .T. ) ;
#5472 = CIRCLE ( 'NONE', #3122, 0.7500000000000006661 ) ;
#5473 = DIRECTION ( 'NONE',  ( -0.000000000000000000, -0.000000000000000000, 1.000000000000000000 ) ) ;
#5474 = EDGE_CURVE ( 'NONE', #1609, #2925, #3033, .T. ) ;
#5475 = CARTESIAN_POINT ( 'NONE',  ( 21.12740141557128482, -59.71627906976743816, -6.049999999999999822 ) ) ;
#5476 = VERTEX_POINT ( 'NONE', #8017 ) ;
#5477 = CIRCLE ( 'NONE', #3721, 0.7500000000000006661 ) ;
#5478 = EDGE_LOOP ( 'NONE', ( #6560, #5818, #3465, #8008 ) ) ;
#5479 = AXIS2_PLACEMENT_3D ( 'NONE', #174, #9114, #4233 ) ;
#5480 = ORIENTED_EDGE ( 'NONE', *, *, #6466, .T. ) ;
#5481 = CARTESIAN_POINT ( 'NONE',  ( 14.81799797775530791, -64.24206268958543831, -6.049999999999999822 ) ) ;
#5482 = CARTESIAN_POINT ( 'NONE',  ( 15.00000000000000000, -41.00000000000000000, 13.00000000000000000 ) ) ;
#5483 = CARTESIAN_POINT ( 'NONE',  ( 8.314459049544995040, -70.59999999999999432, -6.349999999999999645 ) ) ;
#5484 = EDGE_CURVE ( 'NONE', #7572, #7159, #6222, .T. ) ;
#5485 = CARTESIAN_POINT ( 'NONE',  ( 8.250000000000000000, -38.00000000000000000, 13.00000000000000000 ) ) ;
#5486 = CARTESIAN_POINT ( 'NONE',  ( 36.00000000000000711, 11.00000000000000000, 15.00000000000000000 ) ) ;
#5487 = DIRECTION ( 'NONE',  ( -0.000000000000000000, 1.000000000000000000, 0.000000000000000000 ) ) ;
#5488 = EDGE_CURVE ( 'NONE', #9024, #6562, #2333, .T. ) ;
#5489 = AXIS2_PLACEMENT_3D ( 'NONE', #5248, #1734, #1039 ) ;
#5490 = FACE_OUTER_BOUND ( 'NONE', #2466, .T. ) ;
#5491 = ORIENTED_EDGE ( 'NONE', *, *, #1204, .F. ) ;
#5492 = ORIENTED_EDGE ( 'NONE', *, *, #3627, .T. ) ;
#5493 = AXIS2_PLACEMENT_3D ( 'NONE', #2730, #5544, #2029 ) ;
#5494 = VECTOR ( 'NONE', #5461, 1000.000000000000000 ) ;
#5495 = EDGE_CURVE ( 'NONE', #7380, #2553, #1594, .T. ) ;
#5496 = VECTOR ( 'NONE', #5973, 1000.000000000000000 ) ;
#5497 = FACE_OUTER_BOUND ( 'NONE', #8976, .T. ) ;
#5498 = LINE ( 'NONE', #4109, #8535 ) ;
#5499 = DIRECTION ( 'NONE',  ( 0.000000000000000000, 0.000000000000000000, -1.000000000000000000 ) ) ;
#5500 = CIRCLE ( 'NONE', #2851, 0.7500000000000006661 ) ;
#5502 = DIRECTION ( 'NONE',  ( 0.000000000000000000, 0.000000000000000000, -1.000000000000000000 ) ) ;
#5501 = VECTOR ( 'NONE', #7785, 1000.000000000000000 ) ;
#5503 = VERTEX_POINT ( 'NONE', #2430 ) ;
#5504 = VECTOR ( 'NONE', #9088, 1000.000000000000000 ) ;
#5505 = DIRECTION ( 'NONE',  ( 0.5053204179204614510, -0.8629317906026467977, 0.000000000000000000 ) ) ;
#5506 = ORIENTED_EDGE ( 'NONE', *, *, #4590, .T. ) ;
#5507 = VERTEX_POINT ( 'NONE', #259 ) ;
#5508 = VERTEX_POINT ( 'NONE', #6619 ) ;
#5509 = VECTOR ( 'NONE', #3768, 1000.000000000000000 ) ;
#5510 = AXIS2_PLACEMENT_3D ( 'NONE', #4173, #1540, #4955 ) ;
#5511 = CARTESIAN_POINT ( 'NONE',  ( 24.06370070778564241, -61.87603640040444475, -6.049999999999999822 ) ) ;
#5512 = CARTESIAN_POINT ( 'NONE',  ( 4.555443208628242147, -67.51304347826086882, -6.049999999999999822 ) ) ;
#5513 = CARTESIAN_POINT ( 'NONE',  ( 18.75000000000000355, -29.00000000000000000, 13.00000000000000000 ) ) ;
#5514 = DIRECTION ( 'NONE',  ( 0.000000000000000000, -1.000000000000000000, -0.000000000000000000 ) ) ;
#5515 = CYLINDRICAL_SURFACE ( 'NONE', #6362, 0.7500000000000006661 ) ;
#5516 = VERTEX_POINT ( 'NONE', #4509 ) ;
#5517 = DIRECTION ( 'NONE',  ( 0.4905869671062231263, 0.8713922352795654414, 0.000000000000000000 ) ) ;
#5518 = ADVANCED_FACE ( 'NONE', ( #7362, #8657, #6716, #3072, #1636, #4593, #3772, #3116, #7963, #3860, #5932, #2293, #4456, #956, #3911, #3812, #6579, #352, #3722, #6534, #8100, #8061, #2376, #300, #8750, #5884 ), #7276, .T. ) ;
#5519 = ORIENTED_EDGE ( 'NONE', *, *, #472, .T. ) ;
#5520 = EDGE_CURVE ( 'NONE', #6178, #1846, #5982, .T. ) ;
#5521 = DIRECTION ( 'NONE',  ( 0.000000000000000000, 0.000000000000000000, -1.000000000000000000 ) ) ;
#5522 = CARTESIAN_POINT ( 'NONE',  ( 30.50000000000000000, -50.50000000000000000, -4.349999999999999645 ) ) ;
#5523 = FACE_OUTER_BOUND ( 'NONE', #3927, .T. ) ;
#5524 = CARTESIAN_POINT ( 'NONE',  ( 15.75000000000000000, -32.00000000000000000, 13.00000000000000000 ) ) ;
#5525 = ORIENTED_EDGE ( 'NONE', *, *, #2554, .F. ) ;
#5526 = VERTEX_POINT ( 'NONE', #7411 ) ;
#5527 = ORIENTED_EDGE ( 'NONE', *, *, #183, .F. ) ;
#5528 = ADVANCED_FACE ( 'NONE', ( #1092 ), #4408, .T. ) ;
#5529 = LINE ( 'NONE', #5400, #7970 ) ;
#5530 = LINE ( 'NONE', #4099, #6807 ) ;
#5531 = DIRECTION ( 'NONE',  ( 0.000000000000000000, 0.000000000000000000, 1.000000000000000000 ) ) ;
#5532 = FACE_OUTER_BOUND ( 'NONE', #2349, .T. ) ;
#5533 = DIRECTION ( 'NONE',  ( 0.1370033920826732310, 0.9905705782819522742, 0.000000000000000000 ) ) ;
#5534 = DIRECTION ( 'NONE',  ( 0.5459346737665824456, -0.8378277460071223981, 0.000000000000000000 ) ) ;
#5535 = ORIENTED_EDGE ( 'NONE', *, *, #8382, .F. ) ;
#5536 = EDGE_CURVE ( 'NONE', #3135, #3073, #7221, .T. ) ;
#5537 = ORIENTED_EDGE ( 'NONE', *, *, #6322, .T. ) ;
#5538 = EDGE_CURVE ( 'NONE', #8786, #4920, #5385, .T. ) ;
#5539 = DIRECTION ( 'NONE',  ( 0.000000000000000000, 0.000000000000000000, -1.000000000000000000 ) ) ;
#5540 = EDGE_CURVE ( 'NONE', #6189, #4244, #434, .T. ) ;
#5541 = EDGE_LOOP ( 'NONE', ( #409, #3352, #8230, #6748 ) ) ;
#5542 = CARTESIAN_POINT ( 'NONE',  ( 20.89686552072800652, -70.51506572295247111, -6.349999999999999645 ) ) ;
#5543 = FACE_OUTER_BOUND ( 'NONE', #2543, .T. ) ;
#5544 = DIRECTION ( 'NONE',  ( 0.000000000000000000, 0.000000000000000000, 1.000000000000000000 ) ) ;
#5545 = ORIENTED_EDGE ( 'NONE', *, *, #1057, .T. ) ;
#5546 = CARTESIAN_POINT ( 'NONE',  ( 14.73980451634647970, -64.63606336366699168, -6.049999999999999822 ) ) ;
#5547 = VERTEX_POINT ( 'NONE', #526 ) ;
#5548 = ORIENTED_EDGE ( 'NONE', *, *, #6038, .T. ) ;
#5549 = EDGE_CURVE ( 'NONE', #6225, #4699, #1999, .T. ) ;
#5550 = ORIENTED_EDGE ( 'NONE', *, *, #7918, .F. ) ;
#5551 = CARTESIAN_POINT ( 'NONE',  ( 14.81799797775530791, -64.24206268958543831, -6.049999999999999822 ) ) ;
#5552 = LINE ( 'NONE', #3517, #1077 ) ;
#5553 = DIRECTION ( 'NONE',  ( 1.000000000000000000, -0.000000000000000000, -0.000000000000000000 ) ) ;
#5554 = CARTESIAN_POINT ( 'NONE',  ( 5.244186046511623900, -66.44934277047524063, -6.049999999999999822 ) ) ;
#5555 = FACE_OUTER_BOUND ( 'NONE', #3268, .T. ) ;
#5556 = VERTEX_POINT ( 'NONE', #3301 ) ;
#5557 = DIRECTION ( 'NONE',  ( 0.000000000000000000, -1.000000000000000000, 0.000000000000000000 ) ) ;
#5558 = VERTEX_POINT ( 'NONE', #8148 ) ;
#5559 = CARTESIAN_POINT ( 'NONE',  ( 22.80000000000000071, -5.000000000000000000, 13.00000000000000000 ) ) ;
#5560 = EDGE_CURVE ( 'NONE', #5710, #4010, #1220, .T. ) ;
#5561 = EDGE_CURVE ( 'NONE', #6604, #2673, #4044, .T. ) ;
#5562 = CARTESIAN_POINT ( 'NONE',  ( 10.98988877654196017, -65.45945399393326625, -6.049999999999999822 ) ) ;
#5563 = ORIENTED_EDGE ( 'NONE', *, *, #4295, .F. ) ;
#5564 = LINE ( 'NONE', #7684, #7403 ) ;
#5565 = CARTESIAN_POINT ( 'NONE',  ( 12.17290192113245695, -66.88715874620828572, -6.049999999999999822 ) ) ;
#5566 = ORIENTED_EDGE ( 'NONE', *, *, #6665, .F. ) ;
#5567 = ORIENTED_EDGE ( 'NONE', *, *, #4390, .T. ) ;
#5568 = EDGE_LOOP ( 'NONE', ( #8980, #3635, #5869, #4363 ) ) ;
#5569 = LINE ( 'NONE', #5481, #2059 ) ;
#5570 = CARTESIAN_POINT ( 'NONE',  ( 21.74755645433097584, -58.67280080889786831, -6.349999999999999645 ) ) ;
#5571 = DIRECTION ( 'NONE',  ( 0.000000000000000000, -0.000000000000000000, 1.000000000000000000 ) ) ;
#5572 = CARTESIAN_POINT ( 'NONE',  ( 12.85237613751263908, -58.66066734074822620, -6.049999999999999822 ) ) ;
#5573 = CARTESIAN_POINT ( 'NONE',  ( 7.200000000000001066, 9.500000000000000000, 12.12500000000000000 ) ) ;
#5574 = CARTESIAN_POINT ( 'NONE',  ( 17.22851365015166891, -69.61449275362318190, -6.349999999999999645 ) ) ;
#5575 = ORIENTED_EDGE ( 'NONE', *, *, #6016, .T. ) ;
#5576 = ORIENTED_EDGE ( 'NONE', *, *, #1928, .F. ) ;
#5577 = CARTESIAN_POINT ( 'NONE',  ( 32.00000000000000000, 2.000000000000000000, 1.650000000000000355 ) ) ;
#5578 = VERTEX_POINT ( 'NONE', #610 ) ;
#5579 = CARTESIAN_POINT ( 'NONE',  ( 17.25000000000000000, -41.00000000000000000, 13.00000000000000000 ) ) ;
#5580 = CARTESIAN_POINT ( 'NONE',  ( 36.00000000000000711, -75.00000000000000000, -6.349999999999999645 ) ) ;
#5581 = EDGE_CURVE ( 'NONE', #7132, #5724, #6064, .T. ) ;
#5582 = CYLINDRICAL_SURFACE ( 'NONE', #3431, 0.7999999999999999334 ) ;
#5583 = ORIENTED_EDGE ( 'NONE', *, *, #3795, .T. ) ;
#5584 = EDGE_CURVE ( 'NONE', #5425, #7703, #1829, .T. ) ;
#5585 = PLANE ( 'NONE',  #589 ) ;
#5586 = AXIS2_PLACEMENT_3D ( 'NONE', #7293, #5299, #8114 ) ;
#5587 = VERTEX_POINT ( 'NONE', #1173 ) ;
#5588 = VECTOR ( 'NONE', #7941, 1000.000000000000000 ) ;
#5589 = VERTEX_POINT ( 'NONE', #3340 ) ;
#5590 = ORIENTED_EDGE ( 'NONE', *, *, #6077, .T. ) ;
#5591 = DIRECTION ( 'NONE',  ( 1.000000000000000000, -0.000000000000000000, 0.000000000000000000 ) ) ;
#5592 = CARTESIAN_POINT ( 'NONE',  ( 7.200000000000001066, 0.000000000000000000, 12.12500000000000000 ) ) ;
#5593 = LINE ( 'NONE', #65, #8296 ) ;
#5594 = STYLED_ITEM ( 'NONE', ( #5408 ), #3029 ) ;
#5595 = EDGE_CURVE ( 'NONE', #1226, #7152, #8578, .T. ) ;
#5596 = FACE_OUTER_BOUND ( 'NONE', #4801, .T. ) ;
#5597 = CARTESIAN_POINT ( 'NONE',  ( 22.80000000000000071, 0.000000000000000000, -3.474999999999999645 ) ) ;
#5598 = ORIENTED_EDGE ( 'NONE', *, *, #2823, .T. ) ;
#5599 = EDGE_CURVE ( 'NONE', #391, #5038, #4081, .T. ) ;
#5600 = FACE_OUTER_BOUND ( 'NONE', #5703, .T. ) ;
#5601 = ORIENTED_EDGE ( 'NONE', *, *, #6588, .F. ) ;
#5602 = EDGE_CURVE ( 'NONE', #1570, #5254, #8279, .T. ) ;
#5603 = AXIS2_PLACEMENT_3D ( 'NONE', #184, #5821, #7100 ) ;
#5604 = LINE ( 'NONE', #2046, #8709 ) ;
#5605 = DIRECTION ( 'NONE',  ( 0.000000000000000000, 0.000000000000000000, -1.000000000000000000 ) ) ;
#5606 = ORIENTED_EDGE ( 'NONE', *, *, #4980, .F. ) ;
#5607 = CARTESIAN_POINT ( 'NONE',  ( 30.50000000000000000, 0.5000000000000000000, -4.349999999999999645 ) ) ;
#5608 = VECTOR ( 'NONE', #3580, 1000.000000000000114 ) ;
#5609 = PRODUCT_DEFINITION_SHAPE ( 'NONE', 'NONE',  #8360 ) ;
#5610 = CARTESIAN_POINT ( 'NONE',  ( -6.000000000000000000, -75.00000000000000000, 15.00000000000000000 ) ) ;
#5611 = ORIENTED_EDGE ( 'NONE', *, *, #1466, .T. ) ;
#5612 = EDGE_CURVE ( 'NONE', #8797, #408, #2563, .T. ) ;
#5613 = ORIENTED_EDGE ( 'NONE', *, *, #5709, .T. ) ;
#5614 = VECTOR ( 'NONE', #5106, 1000.000000000000000 ) ;
#5615 = LINE ( 'NONE', #4970, #3388 ) ;
#5616 = DIRECTION ( 'NONE',  ( 0.6095786483851440840, -0.7927255965546595728, 0.000000000000000000 ) ) ;
#5617 = LINE ( 'NONE', #8432, #5501 ) ;
#5618 = CARTESIAN_POINT ( 'NONE',  ( 11.28715874620829140, -68.59797775530839203, -6.349999999999999645 ) ) ;
#5619 = LINE ( 'NONE', #6307, #4563 ) ;
#5620 = VECTOR ( 'NONE', #5019, 1000.000000000000000 ) ;
#5621 = CARTESIAN_POINT ( 'NONE',  ( 3.611054937647454111, -68.12072800808897455, -6.349999999999999645 ) ) ;
#5623 = VERTEX_POINT ( 'NONE', #7590 ) ;
#5622 = ADVANCED_FACE ( 'NONE', ( #4777 ), #6755, .F. ) ;
#5624 = ADVANCED_FACE ( 'NONE', ( #6890 ), #6800, .F. ) ;
#5625 = ORIENTED_EDGE ( 'NONE', *, *, #3501, .T. ) ;
#5626 = CARTESIAN_POINT ( 'NONE',  ( 12.00000000000000000, -41.00000000000000000, 13.00000000000000000 ) ) ;
#5627 = VECTOR ( 'NONE', #262, 1000.000000000000000 ) ;
#5628 = CIRCLE ( 'NONE', #918, 0.7500000000000006661 ) ;
#5629 = CARTESIAN_POINT ( 'NONE',  ( 12.17290192113245695, -70.57573306370069588, -6.349999999999999645 ) ) ;
#5630 = ORIENTED_EDGE ( 'NONE', *, *, #6123, .F. ) ;
#5631 = CYLINDRICAL_SURFACE ( 'NONE', #3678, 0.7500000000000006661 ) ;
#5632 = DIRECTION ( 'NONE',  ( -0.000000000000000000, -0.000000000000000000, 1.000000000000000000 ) ) ;
#5633 = DIRECTION ( 'NONE',  ( -0.000000000000000000, -0.000000000000000000, 1.000000000000000000 ) ) ;
#5634 = EDGE_LOOP ( 'NONE', ( #7737, #3947, #6573, #4139 ) ) ;
#5635 = PLANE ( 'NONE',  #4730 ) ;
#5636 = VECTOR ( 'NONE', #6472, 1000.000000000000000 ) ;
#5637 = ORIENTED_EDGE ( 'NONE', *, *, #7999, .T. ) ;
#5638 = AXIS2_PLACEMENT_3D ( 'NONE', #1015, #3227, #8812 ) ;
#5639 = VECTOR ( 'NONE', #2780, 1000.000000000000000 ) ;
#5640 = ORIENTED_EDGE ( 'NONE', *, *, #9105, .T. ) ;
#5641 = ORIENTED_EDGE ( 'NONE', *, *, #7752, .F. ) ;
#5642 = EDGE_CURVE ( 'NONE', #4409, #8074, #564, .T. ) ;
#5643 = LINE ( 'NONE', #6285, #2524 ) ;
#5644 = VECTOR ( 'NONE', #9050, 1000.000000000000000 ) ;
#5645 = AXIS2_PLACEMENT_3D ( 'NONE', #4569, #8122, #7385 ) ;
#5646 = CARTESIAN_POINT ( 'NONE',  ( 21.17593528816986748, -68.94984833164812699, -6.349999999999999645 ) ) ;
#5647 = CARTESIAN_POINT ( 'NONE',  ( 3.434108527131783717, -67.82143579373104103, -6.349999999999999645 ) ) ;
#5648 = AXIS2_PLACEMENT_3D ( 'NONE', #8638, #8678, #5773 ) ;
#5649 = DIRECTION ( 'NONE',  ( 1.000000000000000000, 0.000000000000000000, 0.000000000000000000 ) ) ;
#5650 = CARTESIAN_POINT ( 'NONE',  ( 17.02628918099090072, -59.71627906976743816, -6.049999999999999822 ) ) ;
#5651 = VERTEX_POINT ( 'NONE', #4726 ) ;
#5652 = ORIENTED_EDGE ( 'NONE', *, *, #6613, .T. ) ;
#5653 = FACE_OUTER_BOUND ( 'NONE', #754, .T. ) ;
#5654 = ORIENTED_EDGE ( 'NONE', *, *, #2522, .T. ) ;
#5655 = VECTOR ( 'NONE', #8106, 1000.000000000000000 ) ;
#5656 = AXIS2_PLACEMENT_3D ( 'NONE', #384, #467, #8952 ) ;
#5657 = AXIS2_PLACEMENT_3D ( 'NONE', #3913, #261, #2513 ) ;
#5658 = EDGE_CURVE ( 'NONE', #8826, #4710, #7539, .T. ) ;
#5659 = EDGE_CURVE ( 'NONE', #2770, #8324, #9008, .T. ) ;
#5660 = DIRECTION ( 'NONE',  ( 1.000000000000000000, 0.000000000000000000, 0.000000000000000000 ) ) ;
#5661 = DIRECTION ( 'NONE',  ( 0.000000000000000000, 0.000000000000000000, 1.000000000000000000 ) ) ;
#5662 = ORIENTED_EDGE ( 'NONE', *, *, #3481, .F. ) ;
#5663 = AXIS2_PLACEMENT_3D ( 'NONE', #3164, #5838, #7356 ) ;
#5664 = CARTESIAN_POINT ( 'NONE',  ( 2.733063700707784704, -66.70515672396359719, -6.049999999999999822 ) ) ;
#5665 = CARTESIAN_POINT ( 'NONE',  ( 2.733063700707784704, -66.70515672396359719, -6.049999999999999822 ) ) ;
#5666 = DIRECTION ( 'NONE',  ( -0.000000000000000000, -0.000000000000000000, 1.000000000000000000 ) ) ;
#5667 = VERTEX_POINT ( 'NONE', #3434 ) ;
#5668 = ORIENTED_EDGE ( 'NONE', *, *, #4555, .T. ) ;
#5669 = EDGE_CURVE ( 'NONE', #2081, #6148, #8832, .T. ) ;
#5670 = LINE ( 'NONE', #7744, #2067 ) ;
#5671 = CARTESIAN_POINT ( 'NONE',  ( 26.70070778564206293, -69.73852376137512010, -6.049999999999999822 ) ) ;
#5672 = FACE_OUTER_BOUND ( 'NONE', #2014, .T. ) ;
#5673 = CIRCLE ( 'NONE', #6479, 0.7999999999999999334 ) ;
#5674 = DIRECTION ( 'NONE',  ( -0.2688681910994876190, 0.9631769805258478812, -0.000000000000000000 ) ) ;
#5675 = DIRECTION ( 'NONE',  ( 1.000000000000000000, 0.000000000000000000, 0.000000000000000000 ) ) ;
#5676 = LINE ( 'NONE', #6358, #5306 ) ;
#5677 = EDGE_LOOP ( 'NONE', ( #6061, #3512, #48, #3233 ) ) ;
#5678 = EDGE_LOOP ( 'NONE', ( #4478, #1799, #8402, #648, #7895, #7264, #3107, #101, #8343, #2846, #8613, #6713, #6414, #1759, #740, #6410, #1420, #8516, #3956, #4867, #425, #7404, #8500, #3166, #501, #4627, #6083, #7937, #9064, #2249, #2444, #7337, #677, #8054, #3184, #6980, #2736, #5826, #6895, #5165, #7406, #6190, #2468, #6197, #1913, #5926, #7355, #3514, #3315, #8818, #2591, #8689, #1673, #3193, #8919, #1994, #4678, #5749, #5122, #9108, #3758, #3807, #6743, #8131, #6585, #8036, #6616, #4386, #2647, #2348, #7036, #4213, #7922 ) ) ;
#5679 = DIRECTION ( 'NONE',  ( 1.000000000000000000, 0.000000000000000000, 0.000000000000000000 ) ) ;
#5680 = DIRECTION ( 'NONE',  ( 0.000000000000000000, 0.000000000000000000, -1.000000000000000000 ) ) ;
#5681 = EDGE_CURVE ( 'NONE', #9122, #8788, #3518, .T. ) ;
#5683 = EDGE_CURVE ( 'NONE', #7994, #2689, #4026, .T. ) ;
#5682 = EDGE_LOOP ( 'NONE', ( #6423, #719, #7457, #6301 ) ) ;
#5684 = CARTESIAN_POINT ( 'NONE',  ( 21.12740141557128482, -59.71627906976743816, -6.049999999999999822 ) ) ;
#5685 = FACE_OUTER_BOUND ( 'NONE', #3332, .T. ) ;
#5686 = DIRECTION ( 'NONE',  ( 0.000000000000000000, 0.000000000000000000, -1.000000000000000000 ) ) ;
#5687 = ORIENTED_EDGE ( 'NONE', *, *, #8439, .F. ) ;
#5688 = LINE ( 'NONE', #4989, #8903 ) ;
#5689 = ORIENTED_EDGE ( 'NONE', *, *, #1115, .F. ) ;
#5690 = EDGE_LOOP ( 'NONE', ( #1962, #1623 ) ) ;
#5691 = VERTEX_POINT ( 'NONE', #6381 ) ;
#5692 = PLANE ( 'NONE',  #1492 ) ;
#5693 = CARTESIAN_POINT ( 'NONE',  ( 19.98955173576002764, -69.00377485675765854, -6.049999999999999822 ) ) ;
#5694 = LINE ( 'NONE', #705, #37 ) ;
#5695 = CARTESIAN_POINT ( 'NONE',  ( 23.00000000000000000, 11.00000000000000000, -3.674999999999999822 ) ) ;
#5696 = LINE ( 'NONE', #707, #8433 ) ;
#5697 = ORIENTED_EDGE ( 'NONE', *, *, #8872, .F. ) ;
#5698 = VERTEX_POINT ( 'NONE', #2877 ) ;
#5699 = PLANE ( 'NONE',  #2701 ) ;
#5700 = ORIENTED_EDGE ( 'NONE', *, *, #6639, .T. ) ;
#5701 = FACE_OUTER_BOUND ( 'NONE', #1670, .T. ) ;
#5702 = PLANE ( 'NONE',  #4753 ) ;
#5703 = EDGE_LOOP ( 'NONE', ( #1342, #7268 ) ) ;
#5704 = CARTESIAN_POINT ( 'NONE',  ( 6.712841253791708596, -67.03276036400403370, -6.349999999999999645 ) ) ;
#5705 = DIRECTION ( 'NONE',  ( 0.9986649849421113112, 0.05165508542798625397, 0.000000000000000000 ) ) ;
#5707 = EDGE_CURVE ( 'NONE', #7641, #115, #2179, .T. ) ;
#5706 = CARTESIAN_POINT ( 'NONE',  ( 5.490899898887763086, -62.98591169531513145, -6.049999999999999822 ) ) ;
#5708 = ORIENTED_EDGE ( 'NONE', *, *, #7791, .F. ) ;
#5709 = EDGE_CURVE ( 'NONE', #1, #3254, #7810, .T. ) ;
#5710 = VERTEX_POINT ( 'NONE', #7123 ) ;
#5711 = PLANE ( 'NONE',  #4285 ) ;
#5712 = UNCERTAINTY_MEASURE_WITH_UNIT (LENGTH_MEASURE( 1.000000000000000082E-05 ), #6831, 'distance_accuracy_value', 'NONE');
#5713 = PLANE ( 'NONE',  #7405 ) ;
#5714 = LINE ( 'NONE', #7836, #5949 ) ;
#5715 = LINE ( 'NONE', #5761, #8714 ) ;
#5716 = CARTESIAN_POINT ( 'NONE',  ( 12.75000000000000178, -38.00000000000000000, 13.00000000000000000 ) ) ;
#5717 = EDGE_CURVE ( 'NONE', #3587, #769, #5694, .T. ) ;
#5718 = LINE ( 'NONE', #6308, #7655 ) ;
#5719 = VERTEX_POINT ( 'NONE', #4356 ) ;
#5720 = EDGE_CURVE ( 'NONE', #7556, #1316, #5593, .T. ) ;
#5721 = EDGE_LOOP ( 'NONE', ( #4548, #4845, #2090, #1551 ) ) ;
#5722 = CYLINDRICAL_SURFACE ( 'NONE', #1467, 0.7500000000000006661 ) ;
#5723 = FACE_OUTER_BOUND ( 'NONE', #6156, .T. ) ;
#5724 = VERTEX_POINT ( 'NONE', #6987 ) ;
#5725 = CARTESIAN_POINT ( 'NONE',  ( 9.000000000000001776, -38.00000000000000000, 13.00000000000000000 ) ) ;
#5726 = DIRECTION ( 'NONE',  ( -0.000000000000000000, -0.000000000000000000, 1.000000000000000000 ) ) ;
#5727 = DIRECTION ( 'NONE',  ( 0.000000000000000000, 0.000000000000000000, -1.000000000000000000 ) ) ;
#5728 = EDGE_LOOP ( 'NONE', ( #3491, #7283, #8693, #607 ) ) ;
#5729 = DIRECTION ( 'NONE',  ( 0.3011023729467461330, 0.9535918209621130348, 0.000000000000000000 ) ) ;
#5730 = EDGE_LOOP ( 'NONE', ( #815, #7253, #5188, #2492 ) ) ;
#5731 = ORIENTED_EDGE ( 'NONE', *, *, #8239, .F. ) ;
#5732 = EDGE_CURVE ( 'NONE', #6875, #4087, #4954, .T. ) ;
#5733 = EDGE_CURVE ( 'NONE', #3249, #6603, #845, .T. ) ;
#5734 = VERTEX_POINT ( 'NONE', #1398 ) ;
#5735 = DIRECTION ( 'NONE',  ( 0.8373791503683719606, 0.5466225009349171549, 0.000000000000000000 ) ) ;
#5736 = LINE ( 'NONE', #4713, #3895 ) ;
#5737 = DIRECTION ( 'NONE',  ( -0.3162277660168146820, 0.9486832980505215396, 0.000000000000000000 ) ) ;
#5738 = AXIS2_PLACEMENT_3D ( 'NONE', #1106, #446, #6728 ) ;
#5739 = CARTESIAN_POINT ( 'NONE',  ( 8.000000000000000000, 9.500000000000000000, 11.32499999999999929 ) ) ;
#5740 = LINE ( 'NONE', #1439, #4895 ) ;
#5741 = ORIENTED_EDGE ( 'NONE', *, *, #4535, .T. ) ;
#5742 = AXIS2_PLACEMENT_3D ( 'NONE', #693, #7579, #1253 ) ;
#5743 = LINE ( 'NONE', #110, #1527 ) ;
#5744 = VERTEX_POINT ( 'NONE', #4217 ) ;
#5745 = ORIENTED_EDGE ( 'NONE', *, *, #5373, .F. ) ;
#5746 = VECTOR ( 'NONE', #6097, 1000.000000000000000 ) ;
#5747 = CARTESIAN_POINT ( 'NONE',  ( 18.00000000000000355, -41.00000000000000000, 15.00000000000000000 ) ) ;
#5748 = CARTESIAN_POINT ( 'NONE',  ( 26.99595551061678833, -69.19656218402425907, -6.049999999999999822 ) ) ;
#5749 = ORIENTED_EDGE ( 'NONE', *, *, #3774, .T. ) ;
#5750 = CARTESIAN_POINT ( 'NONE',  ( 10.75631951466127489, -67.94580384226490821, -6.349999999999999645 ) ) ;
#5751 = DIRECTION ( 'NONE',  ( 0.05165508542798626090, -0.9986649849421114222, 0.000000000000000000 ) ) ;
#5752 = DIRECTION ( 'NONE',  ( 0.000000000000000000, 0.000000000000000000, -1.000000000000000000 ) ) ;
#5753 = ORIENTED_EDGE ( 'NONE', *, *, #1883, .F. ) ;
#5754 = AXIS2_PLACEMENT_3D ( 'NONE', #1751, #8853, #3930 ) ;
#5755 = ORIENTED_EDGE ( 'NONE', *, *, #4533, .T. ) ;
#5756 = VECTOR ( 'NONE', #9135, 1000.000000000000000 ) ;
#5757 = LINE ( 'NONE', #1557, #6492 ) ;
#5758 = EDGE_CURVE ( 'NONE', #1845, #6482, #6085, .T. ) ;
#5759 = CARTESIAN_POINT ( 'NONE',  ( 9.750000000000001776, -38.00000000000000000, 15.00000000000000000 ) ) ;
#5760 = DIRECTION ( 'NONE',  ( 0.000000000000000000, 0.000000000000000000, -1.000000000000000000 ) ) ;
#5761 = CARTESIAN_POINT ( 'NONE',  ( 27.12133468149646376, -66.94782608695651049, -6.349999999999999645 ) ) ;
#5762 = CARTESIAN_POINT ( 'NONE',  ( 11.28715874620829140, -68.59797775530839203, -6.349999999999999645 ) ) ;
#5763 = LINE ( 'NONE', #5078, #7811 ) ;
#5764 = EDGE_LOOP ( 'NONE', ( #2462, #5008, #5397, #3713 ) ) ;
#5765 = ORIENTED_EDGE ( 'NONE', *, *, #973, .F. ) ;
#5766 = EDGE_CURVE ( 'NONE', #5204, #2841, #751, .T. ) ;
#5767 = DIRECTION ( 'NONE',  ( 0.000000000000000000, 1.000000000000000000, 0.000000000000000000 ) ) ;
#5768 = EDGE_CURVE ( 'NONE', #3073, #6885, #4305, .T. ) ;
#5769 = DIRECTION ( 'NONE',  ( 0.5178408189272168949, -0.8554769934094016426, 0.000000000000000000 ) ) ;
#5770 = VECTOR ( 'NONE', #4933, 1000.000000000000000 ) ;
#5771 = EDGE_LOOP ( 'NONE', ( #1393, #1629, #8088, #7032 ) ) ;
#5772 = LINE ( 'NONE', #3695, #1310 ) ;
#5773 = DIRECTION ( 'NONE',  ( -0.5819217978924353663, 0.8132447486074751986, 0.000000000000000000 ) ) ;
#5774 = VECTOR ( 'NONE', #7290, 1000.000000000000000 ) ;
#5775 = CARTESIAN_POINT ( 'NONE',  ( 12.85237613751263908, -58.66066734074822620, -6.349999999999999645 ) ) ;
#5776 = VERTEX_POINT ( 'NONE', #8507 ) ;
#5777 = LINE ( 'NONE', #4348, #3155 ) ;
#5778 = VERTEX_POINT ( 'NONE', #5647 ) ;
#5779 = ORIENTED_EDGE ( 'NONE', *, *, #3459, .T. ) ;
#5780 = VECTOR ( 'NONE', #366, 1000.000000000000000 ) ;
#5781 = AXIS2_PLACEMENT_3D ( 'NONE', #6162, #1968, #8972 ) ;
#5782 = ORIENTED_EDGE ( 'NONE', *, *, #595, .F. ) ;
#5783 = LINE ( 'NONE', #2486, #905 ) ;
#5784 = DIRECTION ( 'NONE',  ( 0.9796084950143419956, -0.2009158940844049668, 0.000000000000000000 ) ) ;
#5785 = DIRECTION ( 'NONE',  ( 0.9384251277361206345, -0.3454826763145233404, 0.000000000000000000 ) ) ;
#5786 = VECTOR ( 'NONE', #3023, 1000.000000000000000 ) ;
#5787 = CYLINDRICAL_SURFACE ( 'NONE', #6391, 0.7500000000000006661 ) ;
#5788 = FACE_OUTER_BOUND ( 'NONE', #8018, .T. ) ;
#5789 = VERTEX_POINT ( 'NONE', #4905 ) ;
#5790 = AXIS2_PLACEMENT_3D ( 'NONE', #2226, #5046, #3476 ) ;
#5791 = CARTESIAN_POINT ( 'NONE',  ( 8.250000000000000000, -38.00000000000000000, 15.00000000000000000 ) ) ;
#5792 = ORIENTED_EDGE ( 'NONE', *, *, #3500, .F. ) ;
#5793 = ORIENTED_EDGE ( 'NONE', *, *, #4212, .T. ) ;
#5794 = VECTOR ( 'NONE', #2551, 1000.000000000000000 ) ;
#5795 = AXIS2_PLACEMENT_3D ( 'NONE', #6547, #2897, #2800 ) ;
#5796 = AXIS2_PLACEMENT_3D ( 'NONE', #6144, #8917, #1989 ) ;
#5797 = CARTESIAN_POINT ( 'NONE',  ( 26.85136501516683438, -69.45338725985843098, -6.049999999999999822 ) ) ;
#5798 = CARTESIAN_POINT ( 'NONE',  ( 14.24999999999999822, -32.00000000000000000, 13.00000000000000000 ) ) ;
#5799 = ORIENTED_EDGE ( 'NONE', *, *, #7307, .F. ) ;
#5800 = EDGE_CURVE ( 'NONE', #7887, #6572, #661, .T. ) ;
#5801 = LINE ( 'NONE', #8564, #6967 ) ;
#5802 = CARTESIAN_POINT ( 'NONE',  ( 23.03842264914054638, -59.71627906976743816, -6.349999999999999645 ) ) ;
#5803 = EDGE_CURVE ( 'NONE', #2914, #1690, #3619, .T. ) ;
#5805 = LINE ( 'NONE', #4227, #496 ) ;
#5804 = AXIS2_PLACEMENT_3D ( 'NONE', #568, #8887, #1960 ) ;
#5806 = VERTEX_POINT ( 'NONE', #3566 ) ;
#5807 = AXIS2_PLACEMENT_3D ( 'NONE', #8548, #4497, #2363 ) ;
#5808 = AXIS2_PLACEMENT_3D ( 'NONE', #6096, #7519, #2451 ) ;
#5809 = ORIENTED_EDGE ( 'NONE', *, *, #8031, .T. ) ;
#5810 = CARTESIAN_POINT ( 'NONE',  ( 17.25000000000000000, -35.00000000000000000, 13.00000000000000000 ) ) ;
#5811 = VECTOR ( 'NONE', #4718, 999.9999999999998863 ) ;
#5813 = LINE ( 'NONE', #3595, #4147 ) ;
#5812 = VECTOR ( 'NONE', #4368, 1000.000000000000000 ) ;
#5814 = FACE_BOUND ( 'NONE', #4210, .T. ) ;
#5815 = DIRECTION ( 'NONE',  ( 0.000000000000000000, 0.000000000000000000, 1.000000000000000000 ) ) ;
#5816 = DIRECTION ( 'NONE',  ( 0.3819066349579994801, 0.9242009100704550173, 0.000000000000000000 ) ) ;
#5817 = DIRECTION ( 'NONE',  ( 0.000000000000000000, 1.000000000000000000, 0.000000000000000000 ) ) ;
#5818 = ORIENTED_EDGE ( 'NONE', *, *, #4914, .F. ) ;
#5819 = EDGE_CURVE ( 'NONE', #4222, #5285, #1485, .T. ) ;
#5820 = ORIENTED_EDGE ( 'NONE', *, *, #6774, .F. ) ;
#5821 = DIRECTION ( 'NONE',  ( 0.000000000000000000, 0.000000000000000000, 1.000000000000000000 ) ) ;
#5822 = CARTESIAN_POINT ( 'NONE',  ( 11.55358948432760435, -66.19251769464104029, -6.049999999999999822 ) ) ;
#5823 = ORIENTED_EDGE ( 'NONE', *, *, #6587, .T. ) ;
#5824 = CARTESIAN_POINT ( 'NONE',  ( 9.727502527805865995, -66.39019211324570335, -6.049999999999999822 ) ) ;
#5825 = LINE ( 'NONE', #4528, #1231 ) ;
#5826 = ORIENTED_EDGE ( 'NONE', *, *, #1826, .T. ) ;
#5827 = DIRECTION ( 'NONE',  ( -0.8460641966076527520, 0.5330810212515985080, 0.000000000000000000 ) ) ;
#5828 = EDGE_CURVE ( 'NONE', #7315, #2289, #5208, .T. ) ;
#5829 = ORIENTED_EDGE ( 'NONE', *, *, #3777, .F. ) ;
#5830 = EDGE_CURVE ( 'NONE', #7064, #7511, #7867, .T. ) ;
#5831 = ORIENTED_EDGE ( 'NONE', *, *, #5581, .T. ) ;
#5832 = ORIENTED_EDGE ( 'NONE', *, *, #316, .T. ) ;
#5833 = DIRECTION ( 'NONE',  ( 1.000000000000000000, 0.000000000000000000, 0.000000000000000000 ) ) ;
#5834 = FACE_OUTER_BOUND ( 'NONE', #6721, .T. ) ;
#5835 = LINE ( 'NONE', #9046, #7557 ) ;
#5836 = PLANE ( 'NONE',  #4306 ) ;
#5837 = EDGE_LOOP ( 'NONE', ( #7661, #8513, #4175, #8612 ) ) ;
#5838 = DIRECTION ( 'NONE',  ( 0.000000000000000000, 0.000000000000000000, 1.000000000000000000 ) ) ;
#5839 = ORIENTED_EDGE ( 'NONE', *, *, #2442, .F. ) ;
#5840 = ADVANCED_FACE ( 'NONE', ( #8368 ), #7670, .F. ) ;
#5841 = ORIENTED_EDGE ( 'NONE', *, *, #7765, .F. ) ;
#5842 = DIRECTION ( 'NONE',  ( 0.8234694336116088476, -0.5673606365508415683, 0.000000000000000000 ) ) ;
#5843 = DIRECTION ( 'NONE',  ( 1.000000000000000000, 0.000000000000000000, 0.000000000000000000 ) ) ;
#5844 = VERTEX_POINT ( 'NONE', #8734 ) ;
#5845 = DIRECTION ( 'NONE',  ( 0.4190159325851720018, -0.9079788809437026043, 0.000000000000000000 ) ) ;
#5846 = CARTESIAN_POINT ( 'NONE',  ( 16.07987866531850329, -63.84165824064710648, -6.049999999999999822 ) ) ;
#5847 = ORIENTED_EDGE ( 'NONE', *, *, #8801, .F. ) ;
#5848 = CARTESIAN_POINT ( 'NONE',  ( 22.09032692955847565, -58.63640040444893486, -6.349999999999999645 ) ) ;
#5849 = ORIENTED_EDGE ( 'NONE', *, *, #299, .T. ) ;
#5850 = EDGE_CURVE ( 'NONE', #6148, #2317, #1582, .T. ) ;
#5851 = EDGE_CURVE ( 'NONE', #4312, #8037, #5134, .T. ) ;
#5852 = DIRECTION ( 'NONE',  ( -0.5812381937191105630, -0.8137334712067249010, 0.000000000000000000 ) ) ;
#5853 = CARTESIAN_POINT ( 'NONE',  ( -1.200000000000000178, 2.000000000000000000, 1.650000000000000355 ) ) ;
#5854 = CARTESIAN_POINT ( 'NONE',  ( 24.80000000000000071, -5.000000000000000000, 15.00000000000000000 ) ) ;
#5855 = CARTESIAN_POINT ( 'NONE',  ( 30.50000000000000000, -50.50000000000000000, 13.00000000000000178 ) ) ;
#5856 = CARTESIAN_POINT ( 'NONE',  ( 23.95146612740141734, -67.97917087967643113, -6.049999999999999822 ) ) ;
#5857 = FACE_OUTER_BOUND ( 'NONE', #1022, .T. ) ;
#5858 = ORIENTED_EDGE ( 'NONE', *, *, #5329, .F. ) ;
#5859 = EDGE_LOOP ( 'NONE', ( #4889, #8521, #2261, #7762 ) ) ;
#5860 = CARTESIAN_POINT ( 'NONE',  ( 6.712841253791708596, -62.89524772497472327, -6.049999999999999822 ) ) ;
#5861 = CARTESIAN_POINT ( 'NONE',  ( 22.00000000000000000, 9.799999999999998934, -2.674999999999999822 ) ) ;
#5862 = CARTESIAN_POINT ( 'NONE',  ( 32.00000000000000000, -52.00000000000000711, 1.650000000000000355 ) ) ;
#5863 = DIRECTION ( 'NONE',  ( -0.7501258215615518310, 0.6612951321661205695, 0.000000000000000000 ) ) ;
#5864 = DIRECTION ( 'NONE',  ( 0.000000000000000000, 0.000000000000000000, -1.000000000000000000 ) ) ;
#5865 = ORIENTED_EDGE ( 'NONE', *, *, #3429, .T. ) ;
#5866 = DIRECTION ( 'NONE',  ( 0.8629317906026467977, 0.5053204179204614510, 0.000000000000000000 ) ) ;
#5867 = ORIENTED_EDGE ( 'NONE', *, *, #7151, .T. ) ;
#5868 = ORIENTED_EDGE ( 'NONE', *, *, #5758, .T. ) ;
#5869 = ORIENTED_EDGE ( 'NONE', *, *, #2274, .T. ) ;
#5870 = EDGE_CURVE ( 'NONE', #2553, #475, #1725, .T. ) ;
#5871 = PLANE ( 'NONE',  #5807 ) ;
#5872 = EDGE_CURVE ( 'NONE', #7178, #849, #6519, .T. ) ;
#5873 = DIRECTION ( 'NONE',  ( 1.000000000000000000, 0.000000000000000000, 0.000000000000000000 ) ) ;
#5874 = CARTESIAN_POINT ( 'NONE',  ( 20.25000000000000000, -38.00000000000000000, 13.00000000000000000 ) ) ;
#5875 = CARTESIAN_POINT ( 'NONE',  ( 8.000000000000000000, 9.500000000000000000, -2.674999999999999822 ) ) ;
#5876 = ORIENTED_EDGE ( 'NONE', *, *, #7740, .F. ) ;
#5877 = VERTEX_POINT ( 'NONE', #5278 ) ;
#5878 = DIRECTION ( 'NONE',  ( 0.000000000000000000, 0.000000000000000000, 1.000000000000000000 ) ) ;
#5879 = VERTEX_POINT ( 'NONE', #287 ) ;
#5880 = ORIENTED_EDGE ( 'NONE', *, *, #8695, .T. ) ;
#5881 = ADVANCED_FACE ( 'NONE', ( #3021 ), #3801, .T. ) ;
#5882 = CARTESIAN_POINT ( 'NONE',  ( 20.59622514324233222, -68.98355240984157888, -6.049999999999999822 ) ) ;
#5883 = ADVANCED_FACE ( 'NONE', ( #5834 ), #6569, .T. ) ;
#5884 = FACE_OUTER_BOUND ( 'NONE', #989, .T. ) ;
#5885 = ORIENTED_EDGE ( 'NONE', *, *, #2549, .T. ) ;
#5886 = CARTESIAN_POINT ( 'NONE',  ( 21.05156723963600029, -69.60202224469159660, -6.049999999999999822 ) ) ;
#5887 = CARTESIAN_POINT ( 'NONE',  ( 9.750000000000001776, -38.00000000000000000, 13.00000000000000000 ) ) ;
#5888 = ORIENTED_EDGE ( 'NONE', *, *, #7255, .F. ) ;
#5889 = ADVANCED_FACE ( 'NONE', ( #4498 ), #8646, .F. ) ;
#5890 = CARTESIAN_POINT ( 'NONE',  ( 18.67644084934277160, -67.39676440849342498, -6.049999999999999822 ) ) ;
#5891 = ORIENTED_EDGE ( 'NONE', *, *, #3626, .T. ) ;
#5892 = AXIS2_PLACEMENT_3D ( 'NONE', #127, #3642, #2158 ) ;
#5893 = AXIS2_PLACEMENT_3D ( 'NONE', #6558, #8637, #4432 ) ;
#5894 = CARTESIAN_POINT ( 'NONE',  ( 3.257836198179980158, -67.53023255813953085, -6.049999999999999822 ) ) ;
#5895 = DIRECTION ( 'NONE',  ( -0.5517807434324496496, -0.8339892152642821577, 0.000000000000000000 ) ) ;
#5896 = CARTESIAN_POINT ( 'NONE',  ( 16.54095045500505634, -64.24812942366025936, -6.349999999999999645 ) ) ;
#5897 = FACE_BOUND ( 'NONE', #3576, .T. ) ;
#5898 =( GEOMETRIC_REPRESENTATION_CONTEXT ( 3 ) GLOBAL_UNCERTAINTY_ASSIGNED_CONTEXT ( ( #5712 ) ) GLOBAL_UNIT_ASSIGNED_CONTEXT ( ( #6831, #7611, #3936 ) ) REPRESENTATION_CONTEXT ( 'NONE', 'WORKASPACE' ) );
#5899 = EDGE_CURVE ( 'NONE', #3079, #3818, #1221, .T. ) ;
#5900 = CARTESIAN_POINT ( 'NONE',  ( 6.461577350859451840, -63.69100101112233858, -6.049999999999999822 ) ) ;
#5901 = ORIENTED_EDGE ( 'NONE', *, *, #8916, .T. ) ;
#5902 = ORIENTED_EDGE ( 'NONE', *, *, #828, .F. ) ;
#5903 = VECTOR ( 'NONE', #7298, 1000.000000000000227 ) ;
#5904 = DIRECTION ( 'NONE',  ( 0.000000000000000000, 0.000000000000000000, 1.000000000000000000 ) ) ;
#5905 = FACE_OUTER_BOUND ( 'NONE', #2912, .T. ) ;
#5906 = CARTESIAN_POINT ( 'NONE',  ( 23.55409504550050670, -69.51338051904279780, -6.349999999999999645 ) ) ;
#5907 = CARTESIAN_POINT ( 'NONE',  ( 12.00000000000000000, -32.00000000000000000, 13.00000000000000000 ) ) ;
#5908 = PLANE ( 'NONE',  #8445 ) ;
#5909 = EDGE_CURVE ( 'NONE', #8743, #451, #3103, .T. ) ;
#5910 = ADVANCED_FACE ( 'NONE', ( #2322 ), #3157, .T. ) ;
#5911 = VECTOR ( 'NONE', #1877, 1000.000000000000000 ) ;
#5912 = FACE_OUTER_BOUND ( 'NONE', #1678, .T. ) ;
#5913 = ORIENTED_EDGE ( 'NONE', *, *, #5581, .F. ) ;
#5914 = ORIENTED_EDGE ( 'NONE', *, *, #8723, .F. ) ;
#5915 = ORIENTED_EDGE ( 'NONE', *, *, #3032, .T. ) ;
#5916 = VECTOR ( 'NONE', #8856, 1000.000000000000227 ) ;
#5917 = AXIS2_PLACEMENT_3D ( 'NONE', #5747, #5981, #8616 ) ;
#5918 = DIRECTION ( 'NONE',  ( -0.6305926250944569045, -0.7761140001162727398, 0.000000000000000000 ) ) ;
#5919 = CARTESIAN_POINT ( 'NONE',  ( 27.12133468149646376, -66.94782608695651049, -6.049999999999999822 ) ) ;
#5920 = LINE ( 'NONE', #288, #8295 ) ;
#5921 = DIRECTION ( 'NONE',  ( 0.6006625941801743140, 0.7995026253570048924, 0.000000000000000000 ) ) ;
#5922 = VERTEX_POINT ( 'NONE', #890 ) ;
#5923 = ORIENTED_EDGE ( 'NONE', *, *, #2356, .T. ) ;
#5924 = DIRECTION ( 'NONE',  ( -0.7409869514359559428, 0.6715194247388888149, 0.000000000000000000 ) ) ;
#5925 = AXIS2_PLACEMENT_3D ( 'NONE', #7637, #1970, #8291 ) ;
#5926 = ORIENTED_EDGE ( 'NONE', *, *, #413, .T. ) ;
#5927 = AXIS2_PLACEMENT_3D ( 'NONE', #5482, #4832, #1320 ) ;
#5928 = EDGE_LOOP ( 'NONE', ( #5839, #2749 ) ) ;
#5929 = ADVANCED_FACE ( 'NONE', ( #3709 ), #4444, .T. ) ;
#5930 = CARTESIAN_POINT ( 'NONE',  ( 10.58881024603976684, -67.72167172227838705, -6.049999999999999822 ) ) ;
#5931 = VECTOR ( 'NONE', #5464, 1000.000000000000000 ) ;
#5932 = FACE_BOUND ( 'NONE', #5174, .T. ) ;
#5933 = VECTOR ( 'NONE', #6669, 1000.000000000000227 ) ;
#5934 = EDGE_LOOP ( 'NONE', ( #821, #2022, #1164, #3280 ) ) ;
#5935 = DIRECTION ( 'NONE',  ( 0.9281496293240397710, -0.3722072884638982782, 0.000000000000000000 ) ) ;
#5936 = CARTESIAN_POINT ( 'NONE',  ( 11.25000000000000000, -41.00000000000000000, 15.00000000000000000 ) ) ;
#5937 = ORIENTED_EDGE ( 'NONE', *, *, #8479, .F. ) ;
#5938 = DIRECTION ( 'NONE',  ( 0.000000000000000000, 1.000000000000000000, 0.000000000000000000 ) ) ;
#5939 = VERTEX_POINT ( 'NONE', #8090 ) ;
#5940 = EDGE_CURVE ( 'NONE', #895, #8957, #4537, .T. ) ;
#5941 = VECTOR ( 'NONE', #3963, 1000.000000000000000 ) ;
#5942 = VECTOR ( 'NONE', #4802, 1000.000000000000000 ) ;
#5943 = EDGE_CURVE ( 'NONE', #6129, #6482, #3846, .T. ) ;
#5944 = VECTOR ( 'NONE', #1254, 1000.000000000000227 ) ;
#5945 = LINE ( 'NONE', #8760, #899 ) ;
#5946 = DIRECTION ( 'NONE',  ( 0.000000000000000000, 0.000000000000000000, -1.000000000000000000 ) ) ;
#5947 = CARTESIAN_POINT ( 'NONE',  ( 21.12740141557128482, -59.71627906976743816, -6.049999999999999822 ) ) ;
#5948 = VECTOR ( 'NONE', #264, 1000.000000000000114 ) ;
#5949 = VECTOR ( 'NONE', #4420, 1000.000000000000000 ) ;
#5950 = LINE ( 'NONE', #8763, #6661 ) ;
#5951 = FACE_OUTER_BOUND ( 'NONE', #407, .T. ) ;
#5952 = EDGE_CURVE ( 'NONE', #5141, #4220, #2966, .T. ) ;
#5953 = VECTOR ( 'NONE', #6175, 1000.000000000000000 ) ;
#5954 = CARTESIAN_POINT ( 'NONE',  ( 22.09032692955847565, -58.63640040444893486, -6.049999999999999822 ) ) ;
#5955 = ORIENTED_EDGE ( 'NONE', *, *, #327, .T. ) ;
#5956 = EDGE_CURVE ( 'NONE', #2722, #7721, #7398, .T. ) ;
#5957 = ORIENTED_EDGE ( 'NONE', *, *, #6210, .F. ) ;
#5958 = AXIS2_PLACEMENT_3D ( 'NONE', #3371, #9000, #4113 ) ;
#5959 = VECTOR ( 'NONE', #1831, 1000.000000000000114 ) ;
#5960 = DIRECTION ( 'NONE',  ( 0.8469459479738816743, 0.5316790020403505679, 0.000000000000000000 ) ) ;
#5961 = DIRECTION ( 'NONE',  ( 0.2594830713085830021, -0.9657476563286420124, 0.000000000000000000 ) ) ;
#5962 = CARTESIAN_POINT ( 'NONE',  ( 10.58881024603976684, -67.72167172227838705, -6.349999999999999645 ) ) ;
#5963 = LINE ( 'NONE', #4485, #5916 ) ;
#5964 = CARTESIAN_POINT ( 'NONE',  ( -0.5000000000000000000, -50.50000000000000000, 13.00000000000000178 ) ) ;
#5965 = CARTESIAN_POINT ( 'NONE',  ( 16.54095045500505634, -64.24812942366025936, -6.049999999999999822 ) ) ;
#5966 = CARTESIAN_POINT ( 'NONE',  ( -2.000000000000000000, 2.000000000000000000, 1.650000000000000355 ) ) ;
#5967 = ORIENTED_EDGE ( 'NONE', *, *, #2839, .T. ) ;
#5968 = VERTEX_POINT ( 'NONE', #8606 ) ;
#5969 = VERTEX_POINT ( 'NONE', #2283 ) ;
#5970 = EDGE_CURVE ( 'NONE', #6612, #421, #7911, .T. ) ;
#5971 = ADVANCED_FACE ( 'NONE', ( #4763 ), #1207, .T. ) ;
#5972 = PLANE ( 'NONE',  #6975 ) ;
#5973 = DIRECTION ( 'NONE',  ( -0.000000000000000000, -0.000000000000000000, 1.000000000000000000 ) ) ;
#5974 = DIRECTION ( 'NONE',  ( 0.000000000000000000, 0.000000000000000000, -1.000000000000000000 ) ) ;
#5975 = LINE ( 'NONE', #8649, #5786 ) ;
#5976 = EDGE_LOOP ( 'NONE', ( #1339, #6294, #3294, #3473 ) ) ;
#5977 = VERTEX_POINT ( 'NONE', #5374 ) ;
#5978 = CARTESIAN_POINT ( 'NONE',  ( 12.17290192113245695, -70.57573306370069588, -6.049999999999999822 ) ) ;
#5979 = VERTEX_POINT ( 'NONE', #6184 ) ;
#5980 = ORIENTED_EDGE ( 'NONE', *, *, #2795, .F. ) ;
#5981 = DIRECTION ( 'NONE',  ( 0.000000000000000000, 0.000000000000000000, 1.000000000000000000 ) ) ;
#5982 = LINE ( 'NONE', #8793, #1949 ) ;
#5983 = ORIENTED_EDGE ( 'NONE', *, *, #4096, .T. ) ;
#5984 = LINE ( 'NONE', #6536, #7574 ) ;
#5985 = CARTESIAN_POINT ( 'NONE',  ( 3.257836198179980158, -67.53023255813953085, -6.049999999999999822 ) ) ;
#5986 = ORIENTED_EDGE ( 'NONE', *, *, #1495, .T. ) ;
#5987 = CARTESIAN_POINT ( 'NONE',  ( 15.00000000000000000, -32.00000000000000000, 15.00000000000000000 ) ) ;
#5988 = ORIENTED_EDGE ( 'NONE', *, *, #254, .F. ) ;
#5989 = DIRECTION ( 'NONE',  ( 0.5003250487184213169, -0.8658376554671837200, 0.000000000000000000 ) ) ;
#5990 = CARTESIAN_POINT ( 'NONE',  ( 14.24999999999999822, -29.00000000000000000, 13.00000000000000000 ) ) ;
#5991 = EDGE_CURVE ( 'NONE', #7162, #3034, #3981, .T. ) ;
#5992 = FACE_OUTER_BOUND ( 'NONE', #5112, .T. ) ;
#5993 = CARTESIAN_POINT ( 'NONE',  ( 24.06370070778564241, -64.73953488372092124, -6.049999999999999822 ) ) ;
#5994 = ADVANCED_FACE ( 'NONE', ( #385 ), #2500, .T. ) ;
#5995 = CARTESIAN_POINT ( 'NONE',  ( 13.89046174587124938, -65.69133805190426756, -6.049999999999999822 ) ) ;
#5996 = ORIENTED_EDGE ( 'NONE', *, *, #5276, .T. ) ;
#5997 = ORIENTED_EDGE ( 'NONE', *, *, #541, .F. ) ;
#5998 = CARTESIAN_POINT ( 'NONE',  ( 11.48129423660262916, -62.14297269969665649, -6.349999999999999645 ) ) ;
#5999 = FACE_OUTER_BOUND ( 'NONE', #3423, .T. ) ;
#6000 = CARTESIAN_POINT ( 'NONE',  ( 11.83990562858106088, -67.72706437478935015, -6.049999999999999822 ) ) ;
#6001 = LINE ( 'NONE', #5227, #8273 ) ;
#6002 = CARTESIAN_POINT ( 'NONE',  ( 9.291203235591506626, -62.14297269969665649, -6.349999999999999645 ) ) ;
#6003 = DIRECTION ( 'NONE',  ( 0.9621819925407012475, 0.2724074397486345722, 0.000000000000000000 ) ) ;
#6004 = EDGE_CURVE ( 'NONE', #652, #250, #4676, .T. ) ;
#6005 = EDGE_CURVE ( 'NONE', #4699, #6283, #6679, .T. ) ;
#6006 = CARTESIAN_POINT ( 'NONE',  ( 24.06370070778564241, -61.14802831142567641, -6.049999999999999822 ) ) ;
#6007 = ORIENTED_EDGE ( 'NONE', *, *, #1654, .T. ) ;
#6008 = ORIENTED_EDGE ( 'NONE', *, *, #2600, .T. ) ;
#6009 = ORIENTED_EDGE ( 'NONE', *, *, #146, .F. ) ;
#6010 = DIRECTION ( 'NONE',  ( -0.000000000000000000, 1.000000000000000000, -0.000000000000000000 ) ) ;
#6011 = CYLINDRICAL_SURFACE ( 'NONE', #4034, 0.5000000000000004441 ) ;
#6012 = LINE ( 'NONE', #8918, #1811 ) ;
#6013 = ORIENTED_EDGE ( 'NONE', *, *, #5599, .F. ) ;
#6014 = ORIENTED_EDGE ( 'NONE', *, *, #7925, .T. ) ;
#6015 = LINE ( 'NONE', #992, #7287 ) ;
#6016 = EDGE_CURVE ( 'NONE', #8683, #3712, #5318, .T. ) ;
#6017 = ORIENTED_EDGE ( 'NONE', *, *, #2041, .T. ) ;
#6018 = EDGE_CURVE ( 'NONE', #1608, #3353, #2679, .T. ) ;
#6019 = ORIENTED_EDGE ( 'NONE', *, *, #2053, .T. ) ;
#6020 = DIRECTION ( 'NONE',  ( -0.000000000000000000, -0.000000000000000000, 1.000000000000000000 ) ) ;
#6021 = DIRECTION ( 'NONE',  ( -0.000000000000000000, -0.000000000000000000, -1.000000000000000000 ) ) ;
#6022 = ORIENTED_EDGE ( 'NONE', *, *, #2670, .T. ) ;
#6023 = CARTESIAN_POINT ( 'NONE',  ( 21.96697000337040606, -67.31857094708459499, -6.049999999999999822 ) ) ;
#6024 = CARTESIAN_POINT ( 'NONE',  ( 22.09032692955847565, -58.63640040444893486, -6.349999999999999645 ) ) ;
#6025 = EDGE_LOOP ( 'NONE', ( #2125, #8448, #3469, #2233 ) ) ;
#6026 = DIRECTION ( 'NONE',  ( 0.000000000000000000, 0.000000000000000000, 1.000000000000000000 ) ) ;
#6027 = EDGE_LOOP ( 'NONE', ( #210, #3057 ) ) ;
#6028 = EDGE_CURVE ( 'NONE', #5526, #397, #7447, .T. ) ;
#6029 = CARTESIAN_POINT ( 'NONE',  ( 5.490899898887763086, -62.98591169531513145, -6.349999999999999645 ) ) ;
#6030 = LINE ( 'NONE', #8844, #2832 ) ;
#6031 = DIRECTION ( 'NONE',  ( 0.000000000000000000, 1.000000000000000000, 0.000000000000000000 ) ) ;
#6032 = DIRECTION ( 'NONE',  ( -0.5514394156850853657, -0.8342149428228264885, 0.000000000000000000 ) ) ;
#6033 = DIRECTION ( 'NONE',  ( 1.000000000000000000, -0.000000000000000000, -0.000000000000000000 ) ) ;
#6034 = ORIENTED_EDGE ( 'NONE', *, *, #2493, .T. ) ;
#6035 = VECTOR ( 'NONE', #6415, 1000.000000000000114 ) ;
#6036 = ORIENTED_EDGE ( 'NONE', *, *, #5158, .F. ) ;
#6037 = ORIENTED_EDGE ( 'NONE', *, *, #5709, .F. ) ;
#6038 = EDGE_CURVE ( 'NONE', #1923, #8553, #3196, .T. ) ;
#6039 = DIRECTION ( 'NONE',  ( 0.000000000000000000, 0.000000000000000000, -1.000000000000000000 ) ) ;
#6040 = DIRECTION ( 'NONE',  ( -0.000000000000000000, -0.000000000000000000, 1.000000000000000000 ) ) ;
#6041 = AXIS2_PLACEMENT_3D ( 'NONE', #3460, #8349, #2020 ) ;
#6042 = CARTESIAN_POINT ( 'NONE',  ( 9.750000000000001776, -32.00000000000000000, 15.00000000000000000 ) ) ;
#6043 = DIRECTION ( 'NONE',  ( 0.000000000000000000, 0.000000000000000000, -1.000000000000000000 ) ) ;
#6044 = CARTESIAN_POINT ( 'NONE',  ( 30.50000000000000000, -50.50000000000000000, 13.00000000000000178 ) ) ;
#6045 = DIRECTION ( 'NONE',  ( 0.09053574604251402036, -0.9958932064677041840, 0.000000000000000000 ) ) ;
#6046 = CARTESIAN_POINT ( 'NONE',  ( 12.00000000000000000, -35.00000000000000000, 13.00000000000000000 ) ) ;
#6047 = VERTEX_POINT ( 'NONE', #8265 ) ;
#6048 = AXIS2_PLACEMENT_3D ( 'NONE', #6772, #2756, #8251 ) ;
#6049 = ADVANCED_FACE ( 'NONE', ( #2548 ), #3330, .T. ) ;
#6050 = EDGE_LOOP ( 'NONE', ( #4826, #4811, #2033, #8901 ) ) ;
#6051 = EDGE_CURVE ( 'NONE', #8283, #7832, #6787, .T. ) ;
#6052 = DIRECTION ( 'NONE',  ( 1.000000000000000000, 0.000000000000000000, 0.000000000000000000 ) ) ;
#6053 = DIRECTION ( 'NONE',  ( 0.000000000000000000, 0.000000000000000000, 1.000000000000000000 ) ) ;
#6054 = VECTOR ( 'NONE', #8482, 1000.000000000000000 ) ;
#6055 = LINE ( 'NONE', #8869, #5794 ) ;
#6056 = EDGE_LOOP ( 'NONE', ( #4165, #5782 ) ) ;
#6057 = VERTEX_POINT ( 'NONE', #3368 ) ;
#6058 = EDGE_CURVE ( 'NONE', #6621, #4220, #4619, .T. ) ;
#6059 = DIRECTION ( 'NONE',  ( 1.000000000000000000, 0.000000000000000000, 0.000000000000000000 ) ) ;
#6060 = ORIENTED_EDGE ( 'NONE', *, *, #4231, .F. ) ;
#6061 = ORIENTED_EDGE ( 'NONE', *, *, #4882, .F. ) ;
#6062 = VECTOR ( 'NONE', #8792, 1000.000000000000000 ) ;
#6063 = DIRECTION ( 'NONE',  ( 0.000000000000000000, 0.000000000000000000, -1.000000000000000000 ) ) ;
#6064 = LINE ( 'NONE', #6933, #6670 ) ;
#6065 = ORIENTED_EDGE ( 'NONE', *, *, #8222, .F. ) ;
#6066 = VECTOR ( 'NONE', #5674, 999.9999999999998863 ) ;
#6067 = LINE ( 'NONE', #3251, #6245 ) ;
#6068 = DIRECTION ( 'NONE',  ( -0.000000000000000000, -0.000000000000000000, 1.000000000000000000 ) ) ;
#6069 = ORIENTED_EDGE ( 'NONE', *, *, #6567, .T. ) ;
#6070 = AXIS2_PLACEMENT_3D ( 'NONE', #2058, #4793, #583 ) ;
#6071 = DIRECTION ( 'NONE',  ( -0.000000000000000000, -0.000000000000000000, 1.000000000000000000 ) ) ;
#6072 = ORIENTED_EDGE ( 'NONE', *, *, #597, .T. ) ;
#6073 = VECTOR ( 'NONE', #9069, 1000.000000000000000 ) ;
#6074 = AXIS2_PLACEMENT_3D ( 'NONE', #8515, #2145, #713 ) ;
#6075 = CARTESIAN_POINT ( 'NONE',  ( 24.06370070778564241, -62.94378159757329882, -6.049999999999999822 ) ) ;
#6076 = ADVANCED_FACE ( 'NONE', ( #1898 ), #1161, .F. ) ;
#6077 = EDGE_CURVE ( 'NONE', #1149, #3482, #8953, .T. ) ;
#6078 = CARTESIAN_POINT ( 'NONE',  ( 9.000000000000001776, -35.00000000000000000, 13.00000000000000000 ) ) ;
#6079 = CARTESIAN_POINT ( 'NONE',  ( 21.13784967981125718, -69.13825412874957976, -6.349999999999999645 ) ) ;
#6080 = LINE ( 'NONE', #8897, #8534 ) ;
#6082 = AXIS2_PLACEMENT_3D ( 'NONE', #4997, #4859, #7672 ) ;
#6081 = CARTESIAN_POINT ( 'NONE',  ( -2.000000000000000000, 2.000000000000000000, 1.650000000000000355 ) ) ;
#6083 = ORIENTED_EDGE ( 'NONE', *, *, #27, .T. ) ;
#6084 = VECTOR ( 'NONE', #1252, 1000.000000000000114 ) ;
#6085 = CIRCLE ( 'NONE', #2403, 0.7500000000000006661 ) ;
#6086 = ORIENTED_EDGE ( 'NONE', *, *, #8967, .T. ) ;
#6087 = ORIENTED_EDGE ( 'NONE', *, *, #2095, .T. ) ;
#6088 = DIRECTION ( 'NONE',  ( 0.1169669221265714071, -0.9931358110189344446, 0.000000000000000000 ) ) ;
#6089 = AXIS2_PLACEMENT_3D ( 'NONE', #5565, #8937, #1971 ) ;
#6090 = VECTOR ( 'NONE', #4196, 1000.000000000000000 ) ;
#6092 = LINE ( 'NONE', #7645, #2239 ) ;
#6091 = CIRCLE ( 'NONE', #198, 0.5000000000000004441 ) ;
#6093 = CARTESIAN_POINT ( 'NONE',  ( 14.15739804516346645, -66.12409841590832116, -6.049999999999999822 ) ) ;
#6094 = LINE ( 'NONE', #5308, #7680 ) ;
#6095 = FACE_OUTER_BOUND ( 'NONE', #8851, .T. ) ;
#6096 = CARTESIAN_POINT ( 'NONE',  ( 26.70070778564206293, -69.73852376137512010, -6.049999999999999822 ) ) ;
#6097 = DIRECTION ( 'NONE',  ( 0.000000000000000000, 0.000000000000000000, -1.000000000000000000 ) ) ;
#6098 = VECTOR ( 'NONE', #1351, 1000.000000000000000 ) ;
#6099 = ORIENTED_EDGE ( 'NONE', *, *, #1299, .F. ) ;
#6100 = CIRCLE ( 'NONE', #6235, 0.7500000000000006661 ) ;
#6101 = AXIS2_PLACEMENT_3D ( 'NONE', #354, #8151, #5250 ) ;
#6102 = ORIENTED_EDGE ( 'NONE', *, *, #6735, .T. ) ;
#6103 = VECTOR ( 'NONE', #4808, 1000.000000000000114 ) ;
#6104 = CARTESIAN_POINT ( 'NONE',  ( 8.314459049544995040, -68.56157735085945149, -6.049999999999999822 ) ) ;
#6105 = CARTESIAN_POINT ( 'NONE',  ( 11.48129423660262916, -62.14297269969665649, -6.049999999999999822 ) ) ;
#6106 = CIRCLE ( 'NONE', #6545, 0.7500000000000006661 ) ;
#6107 = EDGE_CURVE ( 'NONE', #3667, #7756, #5352, .T. ) ;
#6108 = DIRECTION ( 'NONE',  ( 0.7771555628304779306, -0.6293085341560553658, 0.000000000000000000 ) ) ;
#6109 = ORIENTED_EDGE ( 'NONE', *, *, #4212, .F. ) ;
#6110 = ADVANCED_FACE ( 'NONE', ( #6708 ), #6011, .F. ) ;
#6111 = CARTESIAN_POINT ( 'NONE',  ( 27.12133468149646376, -65.49180990899898802, -6.049999999999999822 ) ) ;
#6112 = ORIENTED_EDGE ( 'NONE', *, *, #4295, .T. ) ;
#6113 = ORIENTED_EDGE ( 'NONE', *, *, #4022, .T. ) ;
#6114 = CARTESIAN_POINT ( 'NONE',  ( 0.000000000000000000, 0.000000000000000000, -4.349999999999999645 ) ) ;
#6115 = CYLINDRICAL_SURFACE ( 'NONE', #8444, 0.5000000000000004441 ) ;
#6116 = CARTESIAN_POINT ( 'NONE',  ( 12.00000000000000000, -41.00000000000000000, 13.00000000000000000 ) ) ;
#6117 = CARTESIAN_POINT ( 'NONE',  ( 8.773508594539936922, -64.32295247724974274, -6.349999999999999645 ) ) ;
#6118 = CARTESIAN_POINT ( 'NONE',  ( 18.75000000000000355, -38.00000000000000000, 15.00000000000000000 ) ) ;
#6119 = EDGE_LOOP ( 'NONE', ( #6060, #4373, #7955, #5108 ) ) ;
#6120 = ADVANCED_FACE ( 'NONE', ( #5543 ), #2811, .T. ) ;
#6121 = CARTESIAN_POINT ( 'NONE',  ( 10.75631951466127489, -67.94580384226490821, -6.049999999999999822 ) ) ;
#6122 = ORIENTED_EDGE ( 'NONE', *, *, #6005, .T. ) ;
#6123 = EDGE_CURVE ( 'NONE', #9112, #617, #1472, .T. ) ;
#6124 = LINE ( 'NONE', #2704, #5023 ) ;
#6125 = CARTESIAN_POINT ( 'NONE',  ( 21.00000000000000000, -38.00000000000000000, 13.00000000000000000 ) ) ;
#6126 = LINE ( 'NONE', #3584, #4455 ) ;
#6127 = CARTESIAN_POINT ( 'NONE',  ( 0.000000000000000000, 0.000000000000000000, 0.000000000000000000 ) ) ;
#6128 = DIRECTION ( 'NONE',  ( 0.000000000000000000, 0.000000000000000000, -1.000000000000000000 ) ) ;
#6129 = VERTEX_POINT ( 'NONE', #694 ) ;
#6131 = ORIENTED_EDGE ( 'NONE', *, *, #1677, .T. ) ;
#6130 = EDGE_CURVE ( 'NONE', #8588, #5968, #8450, .T. ) ;
#6132 = ADVANCED_FACE ( 'NONE', ( #5685 ), #50, .F. ) ;
#6133 = ORIENTED_EDGE ( 'NONE', *, *, #2007, .F. ) ;
#6134 = DIRECTION ( 'NONE',  ( 1.000000000000000000, 0.000000000000000000, 0.000000000000000000 ) ) ;
#6135 = CARTESIAN_POINT ( 'NONE',  ( 11.55358948432760435, -66.19251769464104029, -6.049999999999999822 ) ) ;
#6136 = DIRECTION ( 'NONE',  ( 0.9545645550443927485, -0.2980042118039617494, 0.000000000000000000 ) ) ;
#6137 = LINE ( 'NONE', #7648, #3549 ) ;
#6138 = LINE ( 'NONE', #8388, #3092 ) ;
#6139 = PLANE ( 'NONE',  #936 ) ;
#6140 = ORIENTED_EDGE ( 'NONE', *, *, #6845, .F. ) ;
#6141 = ORIENTED_EDGE ( 'NONE', *, *, #9035, .T. ) ;
#6142 = CARTESIAN_POINT ( 'NONE',  ( 27.26693629929221530, -68.76784630940343845, -6.349999999999999645 ) ) ;
#6143 = FACE_OUTER_BOUND ( 'NONE', #3511, .T. ) ;
#6144 = CARTESIAN_POINT ( 'NONE',  ( 6.712841253791708596, -67.03276036400403370, -6.049999999999999822 ) ) ;
#6145 = CARTESIAN_POINT ( 'NONE',  ( 12.17290192113245695, -66.88715874620828572, -6.049999999999999822 ) ) ;
#6146 = ORIENTED_EDGE ( 'NONE', *, *, #417, .T. ) ;
#6147 = CARTESIAN_POINT ( 'NONE',  ( 10.92854735422985968, -68.16656555443208276, -6.049999999999999822 ) ) ;
#6148 = VERTEX_POINT ( 'NONE', #6316 ) ;
#6149 = EDGE_LOOP ( 'NONE', ( #6512, #1269, #7619, #8862, #3428, #5829, #7692, #1267, #5435, #5198, #559, #3880, #3385, #7543, #283, #5799, #4697, #1884, #6714, #3462, #60, #6849, #4862, #5525, #8748, #369, #2627, #1972, #8806, #6784, #1676, #7690, #2222, #2599, #6065, #4204, #25, #3560, #5417, #2962, #9090, #5491, #627, #5302, #301, #4393, #2143, #8990, #7760, #8531, #3945, #4998, #7861, #1177, #168, #3601, #3915, #7129, #1337, #356, #4106, #6928, #5100, #7327, #6770, #3625, #3761, #5697, #1864, #8510, #6036, #1937, #7163, #8511, #3718, #6938, #8195, #7161, #6580, #4324, #387 ) ) ;
#6150 = ADVANCED_FACE ( 'NONE', ( #6973 ), #4943, .T. ) ;
#6151 = FACE_OUTER_BOUND ( 'NONE', #970, .T. ) ;
#6152 = CARTESIAN_POINT ( 'NONE',  ( 8.314459049544995040, -60.62628918099089503, -6.349999999999999645 ) ) ;
#6153 = DIRECTION ( 'NONE',  ( -0.000000000000000000, -0.000000000000000000, 1.000000000000000000 ) ) ;
#6154 = FACE_OUTER_BOUND ( 'NONE', #2517, .T. ) ;
#6155 = DIRECTION ( 'NONE',  ( 1.000000000000000000, 0.000000000000000000, 0.000000000000000000 ) ) ;
#6156 = EDGE_LOOP ( 'NONE', ( #1306, #1973, #7633, #4661 ) ) ;
#6157 = CARTESIAN_POINT ( 'NONE',  ( 11.42467138523761427, -59.57286821705425695, -6.349999999999999645 ) ) ;
#6158 = ORIENTED_EDGE ( 'NONE', *, *, #3348, .T. ) ;
#6159 = EDGE_CURVE ( 'NONE', #6795, #4286, #1675, .T. ) ;
#6160 = EDGE_CURVE ( 'NONE', #8931, #4530, #738, .T. ) ;
#6161 = CARTESIAN_POINT ( 'NONE',  ( -4.200000000000000178, 4.200000000000000178, -6.349999999999999645 ) ) ;
#6162 = CARTESIAN_POINT ( 'NONE',  ( 8.314459049544995040, -60.62628918099089503, -6.049999999999999822 ) ) ;
#6163 = ADVANCED_FACE ( 'NONE', ( #7758 ), #1427, .F. ) ;
#6164 = DIRECTION ( 'NONE',  ( -0.000000000000000000, 0.000000000000000000, -1.000000000000000000 ) ) ;
#6165 = LINE ( 'NONE', #4135, #2992 ) ;
#6166 = ORIENTED_EDGE ( 'NONE', *, *, #4668, .T. ) ;
#6167 = ORIENTED_EDGE ( 'NONE', *, *, #3689, .F. ) ;
#6168 = EDGE_LOOP ( 'NONE', ( #3199, #6710, #6649, #2188 ) ) ;
#6169 = CARTESIAN_POINT ( 'NONE',  ( 10.11627906976744207, -67.03276036400403370, -6.049999999999999822 ) ) ;
#6170 = LINE ( 'NONE', #6216, #4743 ) ;
#6171 = PLANE ( 'NONE',  #7121 ) ;
#6173 = EDGE_CURVE ( 'NONE', #2558, #6791, #4246, .T. ) ;
#6172 = CARTESIAN_POINT ( 'NONE',  ( 6.712841253791708596, -62.89524772497472327, -6.349999999999999645 ) ) ;
#6174 = FACE_OUTER_BOUND ( 'NONE', #57, .T. ) ;
#6175 = DIRECTION ( 'NONE',  ( -0.000000000000000000, -1.000000000000000000, -0.000000000000000000 ) ) ;
#6176 = VECTOR ( 'NONE', #1980, 1000.000000000000000 ) ;
#6177 = CARTESIAN_POINT ( 'NONE',  ( 18.67644084934277160, -67.39676440849342498, -6.349999999999999645 ) ) ;
#6178 = VERTEX_POINT ( 'NONE', #4292 ) ;
#6179 = ORIENTED_EDGE ( 'NONE', *, *, #8239, .T. ) ;
#6180 = PLANE ( 'NONE',  #778 ) ;
#6181 = EDGE_CURVE ( 'NONE', #2151, #8877, #2412, .T. ) ;
#6182 = EDGE_CURVE ( 'NONE', #4710, #7523, #7798, .T. ) ;
#6183 = CARTESIAN_POINT ( 'NONE',  ( 3.082237950792043435, -67.24711830131445822, -6.049999999999999822 ) ) ;
#6184 = CARTESIAN_POINT ( 'NONE',  ( 17.25000000000000000, -41.00000000000000000, 15.00000000000000000 ) ) ;
#6185 = CARTESIAN_POINT ( 'NONE',  ( 9.374115267947420449, -65.72436804853386150, -6.349999999999999645 ) ) ;
#6186 = EDGE_LOOP ( 'NONE', ( #2368, #4251, #2185, #7763 ) ) ;
#6187 = CARTESIAN_POINT ( 'NONE',  ( 19.35591506572295373, -69.01051567239635176, -6.049999999999999822 ) ) ;
#6188 = ORIENTED_EDGE ( 'NONE', *, *, #8408, .F. ) ;
#6189 = VERTEX_POINT ( 'NONE', #6277 ) ;
#6190 = ORIENTED_EDGE ( 'NONE', *, *, #2280, .T. ) ;
#6191 = VECTOR ( 'NONE', #9104, 1000.000000000000000 ) ;
#6192 = CARTESIAN_POINT ( 'NONE',  ( 13.89046174587124938, -65.69133805190426756, -6.349999999999999645 ) ) ;
#6193 = LINE ( 'NONE', #9007, #8452 ) ;
#6194 = DIRECTION ( 'NONE',  ( 0.5384769558839330728, 0.8426402363891560832, 0.000000000000000000 ) ) ;
#6195 = FACE_OUTER_BOUND ( 'NONE', #7319, .T. ) ;
#6196 = DIRECTION ( 'NONE',  ( 0.000000000000000000, 0.000000000000000000, 1.000000000000000000 ) ) ;
#6197 = ORIENTED_EDGE ( 'NONE', *, *, #996, .T. ) ;
#6198 = DIRECTION ( 'NONE',  ( -0.000000000000000000, -0.000000000000000000, 1.000000000000000000 ) ) ;
#6199 = VERTEX_POINT ( 'NONE', #3608 ) ;
#6200 = EDGE_CURVE ( 'NONE', #5386, #1394, #2072, .T. ) ;
#6201 = AXIS2_PLACEMENT_3D ( 'NONE', #2035, #4853, #1396 ) ;
#6202 = DIRECTION ( 'NONE',  ( -0.5799466431893016694, -0.8146544611388688573, 0.000000000000000000 ) ) ;
#6203 = VECTOR ( 'NONE', #2115, 1000.000000000000227 ) ;
#6204 = DIRECTION ( 'NONE',  ( 0.000000000000000000, 0.000000000000000000, -1.000000000000000000 ) ) ;
#6205 = VECTOR ( 'NONE', #1061, 1000.000000000000000 ) ;
#6206 = FACE_OUTER_BOUND ( 'NONE', #7137, .T. ) ;
#6207 = EDGE_CURVE ( 'NONE', #3153, #898, #2703, .T. ) ;
#6208 = PLANE ( 'NONE',  #6089 ) ;
#6209 = EDGE_LOOP ( 'NONE', ( #5550, #4768, #317, #4799 ) ) ;
#6210 = EDGE_CURVE ( 'NONE', #8048, #3202, #96, .T. ) ;
#6211 = VECTOR ( 'NONE', #566, 1000.000000000000000 ) ;
#6212 = VERTEX_POINT ( 'NONE', #3421 ) ;
#6213 = EDGE_CURVE ( 'NONE', #192, #3743, #6091, .T. ) ;
#6214 = EDGE_LOOP ( 'NONE', ( #1251, #8883 ) ) ;
#6215 = LINE ( 'NONE', #3402, #7524 ) ;
#6216 = CARTESIAN_POINT ( 'NONE',  ( 18.84630940343781802, -68.84064711830130534, -6.349999999999999645 ) ) ;
#6217 = CARTESIAN_POINT ( 'NONE',  ( 16.86181327940680674, -64.51236939669699666, -6.349999999999999645 ) ) ;
#6218 = VECTOR ( 'NONE', #1078, 1000.000000000000000 ) ;
#6219 = CARTESIAN_POINT ( 'NONE',  ( 10.26794742163801999, -68.56157735085945149, -6.349999999999999645 ) ) ;
#6220 = DIRECTION ( 'NONE',  ( -0.000000000000000000, -0.000000000000000000, 1.000000000000000000 ) ) ;
#6221 = CARTESIAN_POINT ( 'NONE',  ( 12.00168520390967331, -67.47984496124030329, -6.349999999999999645 ) ) ;
#6222 = CIRCLE ( 'NONE', #7550, 0.7999999999999999334 ) ;
#6223 = EDGE_CURVE ( 'NONE', #2474, #4177, #2768, .T. ) ;
#6224 = LINE ( 'NONE', #5621, #2505 ) ;
#6225 = VERTEX_POINT ( 'NONE', #1388 ) ;
#6226 = ORIENTED_EDGE ( 'NONE', *, *, #3677, .F. ) ;
#6227 = VECTOR ( 'NONE', #5686, 1000.000000000000000 ) ;
#6228 = VECTOR ( 'NONE', #3823, 1000.000000000000114 ) ;
#6229 = AXIS2_PLACEMENT_3D ( 'NONE', #986, #8002, #1682 ) ;
#6230 = DIRECTION ( 'NONE',  ( -0.9992276347925158619, -0.03929546878400040633, 0.000000000000000000 ) ) ;
#6231 = ORIENTED_EDGE ( 'NONE', *, *, #5264, .F. ) ;
#6232 = DIRECTION ( 'NONE',  ( -0.3493824492423583394, 0.9369802047863182715, 0.000000000000000000 ) ) ;
#6233 = CARTESIAN_POINT ( 'NONE',  ( 21.17593528816986748, -68.94984833164812699, -6.049999999999999822 ) ) ;
#6234 = VECTOR ( 'NONE', #2231, 1000.000000000000000 ) ;
#6236 = CARTESIAN_POINT ( 'NONE',  ( 6.712841253791708596, -62.89524772497472327, -6.049999999999999822 ) ) ;
#6235 = AXIS2_PLACEMENT_3D ( 'NONE', #4675, #4579, #8183 ) ;
#6237 = ORIENTED_EDGE ( 'NONE', *, *, #8993, .F. ) ;
#6238 = VECTOR ( 'NONE', #139, 1000.000000000000000 ) ;
#6239 = CARTESIAN_POINT ( 'NONE',  ( 14.53758004718570973, -65.78975396022917721, -6.349999999999999645 ) ) ;
#6240 = ORIENTED_EDGE ( 'NONE', *, *, #656, .F. ) ;
#6241 = EDGE_LOOP ( 'NONE', ( #6422, #2929, #4589, #1862 ) ) ;
#6242 = EDGE_CURVE ( 'NONE', #8454, #952, #7016, .T. ) ;
#6243 = ADVANCED_FACE ( 'NONE', ( #5127 ), #5229, .T. ) ;
#6244 = CIRCLE ( 'NONE', #6544, 0.5000000000000004441 ) ;
#6245 = VECTOR ( 'NONE', #8234, 1000.000000000000000 ) ;
#6246 = DIRECTION ( 'NONE',  ( 0.000000000000000000, 0.000000000000000000, -1.000000000000000000 ) ) ;
#6247 = PLANE ( 'NONE',  #2847 ) ;
#6248 = CARTESIAN_POINT ( 'NONE',  ( 6.712841253791708596, -60.62628918099089503, -6.049999999999999822 ) ) ;
#6249 = FACE_OUTER_BOUND ( 'NONE', #4367, .T. ) ;
#6250 = CARTESIAN_POINT ( 'NONE',  ( 26.70070778564206293, -69.73852376137512010, -6.049999999999999822 ) ) ;
#6251 = ORIENTED_EDGE ( 'NONE', *, *, #4855, .T. ) ;
#6252 = CARTESIAN_POINT ( 'NONE',  ( 13.84732052578361916, -61.94883720930231874, -6.049999999999999822 ) ) ;
#6253 = ORIENTED_EDGE ( 'NONE', *, *, #6554, .F. ) ;
#6254 = AXIS2_PLACEMENT_3D ( 'NONE', #932, #4529, #5090 ) ;
#6255 = LINE ( 'NONE', #5006, #5608 ) ;
#6256 = PLANE ( 'NONE',  #1657 ) ;
#6257 = CARTESIAN_POINT ( 'NONE',  ( 0.000000000000000000, 9.500000000000000000, 0.000000000000000000 ) ) ;
#6258 = DIRECTION ( 'NONE',  ( 0.4166013828084501602, 0.9090892628571120015, 0.000000000000000000 ) ) ;
#6259 = ORIENTED_EDGE ( 'NONE', *, *, #2452, .T. ) ;
#6260 = ORIENTED_EDGE ( 'NONE', *, *, #5186, .T. ) ;
#6261 = ORIENTED_EDGE ( 'NONE', *, *, #2440, .F. ) ;
#6262 = CARTESIAN_POINT ( 'NONE',  ( 25.30000000000000071, -5.000000000000000000, 13.00000000000000000 ) ) ;
#6263 = ADVANCED_FACE ( 'NONE', ( #978 ), #3053, .F. ) ;
#6264 = EDGE_CURVE ( 'NONE', #3897, #3345, #2954, .T. ) ;
#6265 = DIRECTION ( 'NONE',  ( 0.000000000000000000, 0.000000000000000000, -1.000000000000000000 ) ) ;
#6266 = PLANE ( 'NONE',  #3432 ) ;
#6267 = CARTESIAN_POINT ( 'NONE',  ( 9.750000000000001776, -38.00000000000000000, 13.00000000000000000 ) ) ;
#6268 = PLANE ( 'NONE',  #8248 ) ;
#6269 = FACE_OUTER_BOUND ( 'NONE', #436, .T. ) ;
#6270 = ORIENTED_EDGE ( 'NONE', *, *, #1614, .F. ) ;
#6271 = EDGE_LOOP ( 'NONE', ( #68, #5409, #3966, #6069 ) ) ;
#6272 = EDGE_CURVE ( 'NONE', #4720, #783, #2313, .T. ) ;
#6273 = EDGE_CURVE ( 'NONE', #3266, #5587, #5215, .T. ) ;
#6274 = CARTESIAN_POINT ( 'NONE',  ( 16.07987866531850329, -63.84165824064710648, -6.349999999999999645 ) ) ;
#6275 = ORIENTED_EDGE ( 'NONE', *, *, #6788, .F. ) ;
#6276 = LINE ( 'NONE', #8356, #1763 ) ;
#6277 = CARTESIAN_POINT ( 'NONE',  ( 21.75000000000000355, -32.00000000000000000, 13.00000000000000000 ) ) ;
#6278 = EDGE_CURVE ( 'NONE', #5589, #4222, #8590, .T. ) ;
#6279 = DIRECTION ( 'NONE',  ( -1.000000000000000000, 0.000000000000000000, 0.000000000000000000 ) ) ;
#6280 = ORIENTED_EDGE ( 'NONE', *, *, #8243, .F. ) ;
#6281 = DIRECTION ( 'NONE',  ( 0.3800482332404325758, 0.9249666698918538321, 0.000000000000000000 ) ) ;
#6282 = ORIENTED_EDGE ( 'NONE', *, *, #1776, .T. ) ;
#6283 = VERTEX_POINT ( 'NONE', #280 ) ;
#6284 = VERTEX_POINT ( 'NONE', #7248 ) ;
#6285 = CARTESIAN_POINT ( 'NONE',  ( 7.000000000000000000, 11.00000000000000000, -3.674999999999999822 ) ) ;
#6286 = DIRECTION ( 'NONE',  ( 0.000000000000000000, 0.000000000000000000, 1.000000000000000000 ) ) ;
#6287 = CARTESIAN_POINT ( 'NONE',  ( 6.712841253791708596, -67.03276036400403370, -6.349999999999999645 ) ) ;
#6288 = ADVANCED_FACE ( 'NONE', ( #8775 ), #2269, .T. ) ;
#6289 = DIRECTION ( 'NONE',  ( 1.000000000000000000, 0.000000000000000000, 0.000000000000000000 ) ) ;
#6290 = DIRECTION ( 'NONE',  ( 1.000000000000000000, 0.000000000000000000, -0.000000000000000000 ) ) ;
#6291 = EDGE_CURVE ( 'NONE', #7992, #3818, #6646, .T. ) ;
#6292 = ORIENTED_EDGE ( 'NONE', *, *, #5561, .F. ) ;
#6293 = DIRECTION ( 'NONE',  ( 0.000000000000000000, 0.000000000000000000, -1.000000000000000000 ) ) ;
#6294 = ORIENTED_EDGE ( 'NONE', *, *, #4535, .F. ) ;
#6295 = DIRECTION ( 'NONE',  ( 0.000000000000000000, 0.000000000000000000, -1.000000000000000000 ) ) ;
#6296 = CARTESIAN_POINT ( 'NONE',  ( 7.200000000000001066, 0.000000000000000000, -3.474999999999999645 ) ) ;
#6297 = ORIENTED_EDGE ( 'NONE', *, *, #7454, .F. ) ;
#6298 = FACE_OUTER_BOUND ( 'NONE', #1687, .T. ) ;
#6299 = EDGE_CURVE ( 'NONE', #2230, #4229, #3793, .T. ) ;
#6300 = LINE ( 'NONE', #1185, #2104 ) ;
#6301 = ORIENTED_EDGE ( 'NONE', *, *, #772, .T. ) ;
#6302 = ORIENTED_EDGE ( 'NONE', *, *, #3088, .T. ) ;
#6303 = LINE ( 'NONE', #678, #7378 ) ;
#6304 = PLANE ( 'NONE',  #7840 ) ;
#6305 = LINE ( 'NONE', #4833, #6090 ) ;
#6306 = PLANE ( 'NONE',  #6346 ) ;
#6307 = CARTESIAN_POINT ( 'NONE',  ( 21.11257162116616115, -58.74560161779575651, -6.049999999999999822 ) ) ;
#6308 = CARTESIAN_POINT ( 'NONE',  ( 26.70070778564206293, -69.73852376137512010, -6.049999999999999822 ) ) ;
#6309 = ORIENTED_EDGE ( 'NONE', *, *, #520, .T. ) ;
#6310 = ADVANCED_FACE ( 'NONE', ( #3096 ), #5908, .T. ) ;
#6311 = ORIENTED_EDGE ( 'NONE', *, *, #5732, .F. ) ;
#6312 = CYLINDRICAL_SURFACE ( 'NONE', #584, 0.7500000000000006661 ) ;
#6313 = DIRECTION ( 'NONE',  ( -0.000000000000000000, 0.000000000000000000, 1.000000000000000000 ) ) ;
#6314 = ORIENTED_EDGE ( 'NONE', *, *, #5758, .F. ) ;
#6315 = LINE ( 'NONE', #6972, #8025 ) ;
#6316 = CARTESIAN_POINT ( 'NONE',  ( 12.17290192113245695, -70.57573306370069588, -6.049999999999999822 ) ) ;
#6317 = LINE ( 'NONE', #1336, #777 ) ;
#6318 = ORIENTED_EDGE ( 'NONE', *, *, #8471, .T. ) ;
#6319 = EDGE_CURVE ( 'NONE', #5414, #1043, #8042, .T. ) ;
#6320 = CARTESIAN_POINT ( 'NONE',  ( 25.71385237613751329, -59.71627906976743816, -6.049999999999999822 ) ) ;
#6321 = ORIENTED_EDGE ( 'NONE', *, *, #2220, .T. ) ;
#6322 = EDGE_CURVE ( 'NONE', #5526, #7639, #8725, .T. ) ;
#6323 = CIRCLE ( 'NONE', #8833, 0.7500000000000006661 ) ;
#6324 = ORIENTED_EDGE ( 'NONE', *, *, #6393, .F. ) ;
#6325 = ORIENTED_EDGE ( 'NONE', *, *, #6348, .T. ) ;
#6326 = ORIENTED_EDGE ( 'NONE', *, *, #6833, .T. ) ;
#6327 = CARTESIAN_POINT ( 'NONE',  ( 8.314459049544995040, -67.03276036400403370, -6.049999999999999822 ) ) ;
#6328 = DIRECTION ( 'NONE',  ( -0.2637661449518534096, -0.9645866579925506112, 0.000000000000000000 ) ) ;
#6329 = ADVANCED_FACE ( 'NONE', ( #1669 ), #1526, .T. ) ;
#6330 = DIRECTION ( 'NONE',  ( 0.000000000000000000, 1.000000000000000000, 0.000000000000000000 ) ) ;
#6331 = VECTOR ( 'NONE', #1419, 1000.000000000000000 ) ;
#6332 = DIRECTION ( 'NONE',  ( -0.000000000000000000, -0.000000000000000000, -1.000000000000000000 ) ) ;
#6333 = DIRECTION ( 'NONE',  ( 0.000000000000000000, -1.000000000000000000, 0.000000000000000000 ) ) ;
#6334 = ORIENTED_EDGE ( 'NONE', *, *, #4674, .T. ) ;
#6335 = ORIENTED_EDGE ( 'NONE', *, *, #3686, .T. ) ;
#6336 = FACE_BOUND ( 'NONE', #2726, .T. ) ;
#6337 = ORIENTED_EDGE ( 'NONE', *, *, #3175, .T. ) ;
#6338 = AXIS2_PLACEMENT_3D ( 'NONE', #1014, #5904, #8809 ) ;
#6339 = DIRECTION ( 'NONE',  ( -0.2670329342092561675, 0.9636874036987279624, 0.000000000000000000 ) ) ;
#6340 = CYLINDRICAL_SURFACE ( 'NONE', #7997, 0.7500000000000006661 ) ;
#6341 = ORIENTED_EDGE ( 'NONE', *, *, #1481, .T. ) ;
#6342 = DIRECTION ( 'NONE',  ( 1.000000000000000000, 0.000000000000000000, 0.000000000000000000 ) ) ;
#6343 = VECTOR ( 'NONE', #1004, 1000.000000000000000 ) ;
#6344 = CARTESIAN_POINT ( 'NONE',  ( 17.02628918099090072, -66.42002022244690806, -6.049999999999999822 ) ) ;
#6345 = ORIENTED_EDGE ( 'NONE', *, *, #3648, .T. ) ;
#6346 = AXIS2_PLACEMENT_3D ( 'NONE', #5572, #6959, #3457 ) ;
#6347 = EDGE_CURVE ( 'NONE', #617, #2140, #6978, .T. ) ;
#6348 = EDGE_CURVE ( 'NONE', #5710, #5516, #5825, .T. ) ;
#6349 = VERTEX_POINT ( 'NONE', #1018 ) ;
#6350 = AXIS2_PLACEMENT_3D ( 'NONE', #1113, #2964, #3885 ) ;
#6351 = CARTESIAN_POINT ( 'NONE',  ( 11.25000000000000000, -29.00000000000000000, 15.00000000000000000 ) ) ;
#6352 = LINE ( 'NONE', #7144, #1067 ) ;
#6353 = FACE_BOUND ( 'NONE', #820, .T. ) ;
#6354 = CYLINDRICAL_SURFACE ( 'NONE', #2669, 0.7500000000000006661 ) ;
#6355 = DIRECTION ( 'NONE',  ( 0.1873220498752722063, 0.9822985542239823786, 0.000000000000000000 ) ) ;
#6356 = VECTOR ( 'NONE', #1314, 1000.000000000000000 ) ;
#6357 = CIRCLE ( 'NONE', #4883, 0.7500000000000006661 ) ;
#6358 = CARTESIAN_POINT ( 'NONE',  ( 14.17357600269632734, -62.82379507920457229, -6.049999999999999822 ) ) ;
#6359 = EDGE_LOOP ( 'NONE', ( #4294, #111, #7369, #4447 ) ) ;
#6360 = EDGE_LOOP ( 'NONE', ( #3244, #7048, #1996, #6368 ) ) ;
#6361 = CARTESIAN_POINT ( 'NONE',  ( 12.00000000000000000, -41.00000000000000000, 13.00000000000000000 ) ) ;
#6362 = AXIS2_PLACEMENT_3D ( 'NONE', #2001, #4728, #9060 ) ;
#6363 = LINE ( 'NONE', #3750, #2402 ) ;
#6364 = EDGE_LOOP ( 'NONE', ( #3623, #5601, #4150, #4125 ) ) ;
#6365 = CARTESIAN_POINT ( 'NONE',  ( 8.526289180990898942, -63.58736097067745163, -6.049999999999999822 ) ) ;
#6366 = CARTESIAN_POINT ( 'NONE',  ( 32.00000000000000000, 2.000000000000000000, -4.349999999999999645 ) ) ;
#6367 = CARTESIAN_POINT ( 'NONE',  ( 4.408830468486684140, -67.70819009100100061, -6.049999999999999822 ) ) ;
#6368 = ORIENTED_EDGE ( 'NONE', *, *, #5101, .T. ) ;
#6369 = LINE ( 'NONE', #1532, #12 ) ;
#6370 = CIRCLE ( 'NONE', #3729, 0.7500000000000006661 ) ;
#6371 = VERTEX_POINT ( 'NONE', #3836 ) ;
#6372 = VECTOR ( 'NONE', #1437, 1000.000000000000000 ) ;
#6373 = ORIENTED_EDGE ( 'NONE', *, *, #5427, .F. ) ;
#6374 = EDGE_LOOP ( 'NONE', ( #1769, #5391, #2212, #5867 ) ) ;
#6375 = DIRECTION ( 'NONE',  ( -0.000000000000000000, -0.000000000000000000, 1.000000000000000000 ) ) ;
#6377 = ADVANCED_FACE ( 'NONE', ( #7157 ), #836, .T. ) ;
#6376 = AXIS2_PLACEMENT_3D ( 'NONE', #6081, #8899, #140 ) ;
#6378 = AXIS2_PLACEMENT_3D ( 'NONE', #7890, #723, #866 ) ;
#6379 = DIRECTION ( 'NONE',  ( 0.000000000000000000, 0.000000000000000000, 1.000000000000000000 ) ) ;
#6380 = ADVANCED_FACE ( 'NONE', ( #6830 ), #8815, .F. ) ;
#6381 = CARTESIAN_POINT ( 'NONE',  ( 11.86147623862487244, -61.03747893495112464, -6.349999999999999645 ) ) ;
#6382 = AXIS2_PLACEMENT_3D ( 'NONE', #3324, #8218, #1852 ) ;
#6383 = DIRECTION ( 'NONE',  ( -0.000000000000000000, -0.000000000000000000, 1.000000000000000000 ) ) ;
#6384 = FACE_OUTER_BOUND ( 'NONE', #1546, .T. ) ;
#6385 = ORIENTED_EDGE ( 'NONE', *, *, #5142, .T. ) ;
#6386 = ORIENTED_EDGE ( 'NONE', *, *, #1614, .T. ) ;
#6387 = PLANE ( 'NONE',  #2111 ) ;
#6388 = ORIENTED_EDGE ( 'NONE', *, *, #2346, .F. ) ;
#6389 = VECTOR ( 'NONE', #5390, 1000.000000000000114 ) ;
#6390 = AXIS2_PLACEMENT_3D ( 'NONE', #1537, #5918, #2918 ) ;
#6391 = AXIS2_PLACEMENT_3D ( 'NONE', #662, #7769, #752 ) ;
#6392 = LINE ( 'NONE', #621, #7084 ) ;
#6393 = EDGE_CURVE ( 'NONE', #4023, #5014, #1807, .T. ) ;
#6394 = DIRECTION ( 'NONE',  ( 1.000000000000000000, 0.000000000000000000, 0.000000000000000000 ) ) ;
#6395 = VERTEX_POINT ( 'NONE', #6701 ) ;
#6396 = PLANE ( 'NONE',  #7877 ) ;
#6397 = DIRECTION ( 'NONE',  ( -0.3687731444460039532, 0.9295194284873268264, -0.000000000000000000 ) ) ;
#6398 = ADVANCED_FACE ( 'NONE', ( #3275 ), #377, .T. ) ;
#6399 = LINE ( 'NONE', #718, #8161 ) ;
#6400 = EDGE_LOOP ( 'NONE', ( #112, #7170, #5885, #8886 ) ) ;
#6401 = VERTEX_POINT ( 'NONE', #5310 ) ;
#6402 = CARTESIAN_POINT ( 'NONE',  ( 9.750000000000001776, -35.00000000000000000, 13.00000000000000000 ) ) ;
#6403 = FACE_OUTER_BOUND ( 'NONE', #5976, .T. ) ;
#6404 = CARTESIAN_POINT ( 'NONE',  ( 12.00000000000000000, -35.00000000000000000, 13.00000000000000000 ) ) ;
#6405 = CARTESIAN_POINT ( 'NONE',  ( 19.79878665318503650, -67.97040781934614984, -6.049999999999999822 ) ) ;
#6406 = DIRECTION ( 'NONE',  ( -0.5956235165036277701, -0.8032637341420640897, 0.000000000000000000 ) ) ;
#6407 = ADVANCED_FACE ( 'NONE', ( #2490 ), #6873, .T. ) ;
#6408 = EDGE_CURVE ( 'NONE', #7994, #7109, #4670, .T. ) ;
#6409 = CARTESIAN_POINT ( 'NONE',  ( 3.082237950792043435, -67.24711830131445822, -6.049999999999999822 ) ) ;
#6410 = ORIENTED_EDGE ( 'NONE', *, *, #3891, .T. ) ;
#6411 = VERTEX_POINT ( 'NONE', #8179 ) ;
#6412 = DIRECTION ( 'NONE',  ( -0.5812381937191468673, 0.8137334712066988107, 0.000000000000000000 ) ) ;
#6413 = DIRECTION ( 'NONE',  ( -1.000000000000000000, -0.000000000000000000, -0.000000000000000000 ) ) ;
#6414 = ORIENTED_EDGE ( 'NONE', *, *, #1760, .T. ) ;
#6415 = DIRECTION ( 'NONE',  ( -0.5176600564536130156, 0.8555863871944446863, -0.000000000000000000 ) ) ;
#6416 = DIRECTION ( 'NONE',  ( 0.000000000000000000, 0.000000000000000000, 1.000000000000000000 ) ) ;
#6417 = LINE ( 'NONE', #97, #7563 ) ;
#6418 = EDGE_LOOP ( 'NONE', ( #6674, #4578, #2861, #542 ) ) ;
#6419 = CARTESIAN_POINT ( 'NONE',  ( 4.258847320525783076, -67.89726996966632555, -6.049999999999999822 ) ) ;
#6420 = ORIENTED_EDGE ( 'NONE', *, *, #3719, .F. ) ;
#6421 = ORIENTED_EDGE ( 'NONE', *, *, #1616, .F. ) ;
#6422 = ORIENTED_EDGE ( 'NONE', *, *, #5043, .F. ) ;
#6423 = ORIENTED_EDGE ( 'NONE', *, *, #72, .F. ) ;
#6424 = CARTESIAN_POINT ( 'NONE',  ( 2.733063700707784704, -66.70515672396359719, -6.049999999999999822 ) ) ;
#6425 = LINE ( 'NONE', #3020, #52 ) ;
#6426 = CARTESIAN_POINT ( 'NONE',  ( 14.48095719582069307, -66.16488035052240946, -6.049999999999999822 ) ) ;
#6427 = DIRECTION ( 'NONE',  ( 0.5224061077344073212, 0.8526968151704255039, 0.000000000000000000 ) ) ;
#6428 = DIRECTION ( 'NONE',  ( 0.6136777832944485533, 0.7895565706716725085, 0.000000000000000000 ) ) ;
#6429 = ORIENTED_EDGE ( 'NONE', *, *, #2521, .F. ) ;
#6430 = ORIENTED_EDGE ( 'NONE', *, *, #8863, .F. ) ;
#6431 = FACE_OUTER_BOUND ( 'NONE', #6050, .T. ) ;
#6432 = ORIENTED_EDGE ( 'NONE', *, *, #6028, .F. ) ;
#6433 = EDGE_LOOP ( 'NONE', ( #486, #209 ) ) ;
#6434 = EDGE_CURVE ( 'NONE', #4543, #2567, #3973, .T. ) ;
#6435 = CARTESIAN_POINT ( 'NONE',  ( 23.03842264914054638, -59.71627906976743816, -6.049999999999999822 ) ) ;
#6436 = LINE ( 'NONE', #2470, #9017 ) ;
#6437 = ORIENTED_EDGE ( 'NONE', *, *, #5561, .T. ) ;
#6438 = FACE_OUTER_BOUND ( 'NONE', #3809, .T. ) ;
#6439 = DIRECTION ( 'NONE',  ( -0.7664829187589812243, 0.6422646925144750440, 0.000000000000000000 ) ) ;
#6440 = DIRECTION ( 'NONE',  ( 0.08327520234334383209, -0.9965265880420225431, 0.000000000000000000 ) ) ;
#6441 = ORIENTED_EDGE ( 'NONE', *, *, #4178, .T. ) ;
#6442 = ADVANCED_FACE ( 'NONE', ( #4752 ), #6139, .T. ) ;
#6443 = EDGE_CURVE ( 'NONE', #7431, #7887, #6780, .T. ) ;
#6444 = EDGE_LOOP ( 'NONE', ( #3111, #907, #2054, #8632 ) ) ;
#6445 = DIRECTION ( 'NONE',  ( 0.000000000000000000, 0.000000000000000000, 1.000000000000000000 ) ) ;
#6446 = CARTESIAN_POINT ( 'NONE',  ( 11.55358948432760435, -66.19251769464104029, -6.049999999999999822 ) ) ;
#6447 = CARTESIAN_POINT ( 'NONE',  ( 17.25000000000000000, -35.00000000000000000, 13.00000000000000000 ) ) ;
#6448 = CARTESIAN_POINT ( 'NONE',  ( 5.580384226491403865, -65.82345803842264331, -6.349999999999999645 ) ) ;
#6449 = FACE_OUTER_BOUND ( 'NONE', #7916, .T. ) ;
#6450 = ADVANCED_FACE ( 'NONE', ( #1197 ), #8125, .T. ) ;
#6451 = PLANE ( 'NONE',  #8393 ) ;
#6452 = EDGE_LOOP ( 'NONE', ( #4809, #6280, #4968, #8663 ) ) ;
#6453 = VERTEX_POINT ( 'NONE', #1756 ) ;
#6454 = LINE ( 'NONE', #2164, #7805 ) ;
#6455 = CARTESIAN_POINT ( 'NONE',  ( 21.04246713852376161, -66.94782608695651049, -6.049999999999999822 ) ) ;
#6456 = EDGE_LOOP ( 'NONE', ( #3813, #4740, #6838, #6936 ) ) ;
#6457 = PLANE ( 'NONE',  #4712 ) ;
#6458 = CARTESIAN_POINT ( 'NONE',  ( 18.69531513313111049, -68.53865857768789738, -6.049999999999999822 ) ) ;
#6459 = CARTESIAN_POINT ( 'NONE',  ( 8.000000000000000000, 9.500000000000000000, -2.674999999999999822 ) ) ;
#6460 = EDGE_LOOP ( 'NONE', ( #7612, #880, #371, #8236 ) ) ;
#6461 = CARTESIAN_POINT ( 'NONE',  ( 21.74755645433097584, -58.67280080889786831, -6.349999999999999645 ) ) ;
#6462 = ORIENTED_EDGE ( 'NONE', *, *, #517, .T. ) ;
#6463 = ORIENTED_EDGE ( 'NONE', *, *, #7198, .T. ) ;
#6464 = ORIENTED_EDGE ( 'NONE', *, *, #818, .F. ) ;
#6465 = ADVANCED_FACE ( 'NONE', ( #2625 ), #7479, .T. ) ;
#6466 = EDGE_CURVE ( 'NONE', #6917, #3079, #3935, .T. ) ;
#6467 = DIRECTION ( 'NONE',  ( -0.2921690499770693838, 0.9563666902582381724, 0.000000000000000000 ) ) ;
#6468 = CARTESIAN_POINT ( 'NONE',  ( 19.35591506572295373, -69.01051567239635176, -6.049999999999999822 ) ) ;
#6469 = DIRECTION ( 'NONE',  ( 1.000000000000000000, 0.000000000000000000, 0.000000000000000000 ) ) ;
#6470 = VECTOR ( 'NONE', #5077, 1000.000000000000000 ) ;
#6471 = DIRECTION ( 'NONE',  ( 0.000000000000000000, 1.000000000000000000, 0.000000000000000000 ) ) ;
#6472 = DIRECTION ( 'NONE',  ( 0.5384769558839330728, 0.8426402363891560832, 0.000000000000000000 ) ) ;
#6473 = VERTEX_POINT ( 'NONE', #1156 ) ;
#6474 = EDGE_LOOP ( 'NONE', ( #3169, #1740, #3024, #5252 ) ) ;
#6475 = AXIS2_PLACEMENT_3D ( 'NONE', #1291, #2071, #4890 ) ;
#6476 = DIRECTION ( 'NONE',  ( 0.5330810212515983970, 0.8460641966076526410, 0.000000000000000000 ) ) ;
#6477 = EDGE_LOOP ( 'NONE', ( #5566, #8864, #957, #2427 ) ) ;
#6478 = ORIENTED_EDGE ( 'NONE', *, *, #1192, .T. ) ;
#6479 = AXIS2_PLACEMENT_3D ( 'NONE', #5966, #1757, #7343 ) ;
#6480 = CARTESIAN_POINT ( 'NONE',  ( 32.80000000000000426, -52.00000000000000711, -4.349999999999999645 ) ) ;
#6481 = CYLINDRICAL_SURFACE ( 'NONE', #6074, 0.7500000000000006661 ) ;
#6482 = VERTEX_POINT ( 'NONE', #8858 ) ;
#6483 = DIRECTION ( 'NONE',  ( 0.9045859590374709658, -0.4262912651137235609, 0.000000000000000000 ) ) ;
#6484 = CARTESIAN_POINT ( 'NONE',  ( 0.000000000000000000, 0.000000000000000000, -6.349999999999999645 ) ) ;
#6485 = ADVANCED_FACE ( 'NONE', ( #1931 ), #4065, .T. ) ;
#6486 = DIRECTION ( 'NONE',  ( 0.000000000000000000, 0.000000000000000000, -1.000000000000000000 ) ) ;
#6487 = VERTEX_POINT ( 'NONE', #6740 ) ;
#6488 = VECTOR ( 'NONE', #3090, 1000.000000000000000 ) ;
#6489 = ORIENTED_EDGE ( 'NONE', *, *, #657, .F. ) ;
#6490 = LINE ( 'NONE', #7090, #8991 ) ;
#6491 = DIRECTION ( 'NONE',  ( -0.4472135954999579277, -0.8944271909999158554, 0.000000000000000000 ) ) ;
#6492 = VECTOR ( 'NONE', #4875, 1000.000000000000000 ) ;
#6493 = FACE_BOUND ( 'NONE', #6433, .T. ) ;
#6494 = ADVANCED_FACE ( 'NONE', ( #416 ), #7440, .T. ) ;
#6495 = LINE ( 'NONE', #2942, #1646 ) ;
#6496 = DIRECTION ( 'NONE',  ( 0.2921690499770693838, -0.9563666902582381724, 0.000000000000000000 ) ) ;
#6497 = ADVANCED_FACE ( 'NONE', ( #2720 ), #164, .F. ) ;
#6498 = DIRECTION ( 'NONE',  ( -0.5475720493500896291, -0.8367585379131442513, 0.000000000000000000 ) ) ;
#6499 = VERTEX_POINT ( 'NONE', #7777 ) ;
#6500 = CIRCLE ( 'NONE', #8716, 0.7500000000000006661 ) ;
#6501 = ORIENTED_EDGE ( 'NONE', *, *, #3515, .T. ) ;
#6502 = CARTESIAN_POINT ( 'NONE',  ( 24.06370070778564241, -61.14802831142567641, -6.349999999999999645 ) ) ;
#6503 = DIRECTION ( 'NONE',  ( 0.4688119282871156535, -0.8832980108070641601, 0.000000000000000000 ) ) ;
#6504 = VECTOR ( 'NONE', #683, 1000.000000000000000 ) ;
#6505 = CARTESIAN_POINT ( 'NONE',  ( 8.000000000000000000, 9.799999999999998934, 11.32499999999999929 ) ) ;
#6506 = CARTESIAN_POINT ( 'NONE',  ( 12.00168520390967331, -67.47984496124030329, -6.049999999999999822 ) ) ;
#6507 = DIRECTION ( 'NONE',  ( 0.000000000000000000, 0.000000000000000000, 1.000000000000000000 ) ) ;
#6508 = EDGE_CURVE ( 'NONE', #4848, #894, #5801, .T. ) ;
#6509 = VECTOR ( 'NONE', #5346, 1000.000000000000000 ) ;
#6510 = ORIENTED_EDGE ( 'NONE', *, *, #3939, .T. ) ;
#6511 = DIRECTION ( 'NONE',  ( -0.1626191042782905438, -0.9866889210504627972, 0.000000000000000000 ) ) ;
#6512 = ORIENTED_EDGE ( 'NONE', *, *, #4926, .F. ) ;
#6513 = EDGE_LOOP ( 'NONE', ( #2278, #8825, #1577, #7416, #7959, #2507, #1478, #7155 ) ) ;
#6514 = AXIS2_PLACEMENT_3D ( 'NONE', #4607, #3044, #4473 ) ;
#6515 = VECTOR ( 'NONE', #3215, 1000.000000000000000 ) ;
#6516 = VERTEX_POINT ( 'NONE', #4269 ) ;
#6517 = LINE ( 'NONE', #6775, #7249 ) ;
#6518 = LINE ( 'NONE', #3618, #940 ) ;
#6519 = LINE ( 'NONE', #7312, #3435 ) ;
#6520 = VECTOR ( 'NONE', #5502, 1000.000000000000000 ) ;
#6521 = DIRECTION ( 'NONE',  ( -0.000000000000000000, 1.000000000000000000, -0.000000000000000000 ) ) ;
#6522 = FACE_OUTER_BOUND ( 'NONE', #3572, .T. ) ;
#6523 = VERTEX_POINT ( 'NONE', #5109 ) ;
#6524 = VECTOR ( 'NONE', #2085, 1000.000000000000000 ) ;
#6525 = LINE ( 'NONE', #211, #2706 ) ;
#6526 = EDGE_CURVE ( 'NONE', #746, #7657, #816, .T. ) ;
#6527 = ORIENTED_EDGE ( 'NONE', *, *, #7237, .F. ) ;
#6528 = EDGE_CURVE ( 'NONE', #8094, #260, #8621, .T. ) ;
#6529 = VERTEX_POINT ( 'NONE', #2189 ) ;
#6530 = VECTOR ( 'NONE', #1145, 1000.000000000000000 ) ;
#6531 = AXIS2_PLACEMENT_3D ( 'NONE', #6799, #7589, #8278 ) ;
#6532 = AXIS2_PLACEMENT_3D ( 'NONE', #766, #2147, #7923 ) ;
#6533 = DIRECTION ( 'NONE',  ( -0.6471255083420551779, 0.7623834838537865144, 0.000000000000000000 ) ) ;
#6534 = FACE_BOUND ( 'NONE', #876, .T. ) ;
#6535 = ORIENTED_EDGE ( 'NONE', *, *, #3386, .T. ) ;
#6536 = CARTESIAN_POINT ( 'NONE',  ( 9.727502527805865995, -66.39019211324570335, -6.049999999999999822 ) ) ;
#6537 = DIRECTION ( 'NONE',  ( 0.000000000000000000, 0.000000000000000000, 1.000000000000000000 ) ) ;
#6539 = CARTESIAN_POINT ( 'NONE',  ( 18.67644084934277160, -61.14802831142567641, -6.049999999999999822 ) ) ;
#6538 = VECTOR ( 'NONE', #5752, 1000.000000000000000 ) ;
#6540 = ORIENTED_EDGE ( 'NONE', *, *, #3600, .T. ) ;
#6541 = AXIS2_PLACEMENT_3D ( 'NONE', #1765, #2499, #5317 ) ;
#6542 = VECTOR ( 'NONE', #3775, 1000.000000000000114 ) ;
#6543 = LINE ( 'NONE', #5810, #4869 ) ;
#6544 = AXIS2_PLACEMENT_3D ( 'NONE', #1033, #5878, #7267 ) ;
#6546 = DIRECTION ( 'NONE',  ( -0.5500185010324785129, 0.8351524702244407239, 0.000000000000000000 ) ) ;
#6545 = AXIS2_PLACEMENT_3D ( 'NONE', #8686, #2460, #3764 ) ;
#6547 = CARTESIAN_POINT ( 'NONE',  ( 0.000000000000000000, 0.000000000000000000, 15.00000000000000000 ) ) ;
#6548 = FACE_OUTER_BOUND ( 'NONE', #2040, .T. ) ;
#6549 = CARTESIAN_POINT ( 'NONE',  ( 8.250000000000000000, -38.00000000000000000, 13.00000000000000000 ) ) ;
#6550 = LINE ( 'NONE', #3643, #296 ) ;
#6551 = ORIENTED_EDGE ( 'NONE', *, *, #4242, .F. ) ;
#6552 = VERTEX_POINT ( 'NONE', #8475 ) ;
#6553 = ADVANCED_FACE ( 'NONE', ( #2295 ), #4320, .F. ) ;
#6554 = EDGE_CURVE ( 'NONE', #6129, #532, #2555, .T. ) ;
#6555 = LINE ( 'NONE', #922, #5903 ) ;
#6556 = CARTESIAN_POINT ( 'NONE',  ( 32.80000000000000426, -52.00000000000000711, 1.650000000000000355 ) ) ;
#6557 = FACE_OUTER_BOUND ( 'NONE', #1407, .T. ) ;
#6558 = CARTESIAN_POINT ( 'NONE',  ( 3.218402426693629081, -60.62628918099089503, -6.049999999999999822 ) ) ;
#6559 = CARTESIAN_POINT ( 'NONE',  ( 11.25000000000000000, -29.00000000000000000, 13.00000000000000000 ) ) ;
#6560 = ORIENTED_EDGE ( 'NONE', *, *, #39, .F. ) ;
#6561 = CARTESIAN_POINT ( 'NONE',  ( 8.314459049544995040, -62.82851365015167033, -6.049999999999999822 ) ) ;
#6562 = VERTEX_POINT ( 'NONE', #4797 ) ;
#6563 = ADVANCED_FACE ( 'NONE', ( #8309 ), #1285, .F. ) ;
#6564 = ORIENTED_EDGE ( 'NONE', *, *, #5707, .T. ) ;
#6565 = EDGE_CURVE ( 'NONE', #2316, #8938, #1597, .T. ) ;
#6566 = VERTEX_POINT ( 'NONE', #3725 ) ;
#6567 = EDGE_CURVE ( 'NONE', #6453, #3676, #4964, .T. ) ;
#6568 = CARTESIAN_POINT ( 'NONE',  ( 4.045500505561170357, -65.31654870239297850, -6.349999999999999645 ) ) ;
#6569 = PLANE ( 'NONE',  #7266 ) ;
#6570 = CARTESIAN_POINT ( 'NONE',  ( 21.75000000000000355, -35.00000000000000000, 15.00000000000000000 ) ) ;
#6571 = PLANE ( 'NONE',  #33 ) ;
#6572 = VERTEX_POINT ( 'NONE', #7223 ) ;
#6573 = ORIENTED_EDGE ( 'NONE', *, *, #2974, .T. ) ;
#6574 = CARTESIAN_POINT ( 'NONE',  ( 36.00000000000000711, -75.00000000000000000, -6.349999999999999645 ) ) ;
#6575 = VERTEX_POINT ( 'NONE', #5750 ) ;
#6576 = ORIENTED_EDGE ( 'NONE', *, *, #7688, .F. ) ;
#6577 = DIRECTION ( 'NONE',  ( -0.000000000000000000, -0.000000000000000000, 1.000000000000000000 ) ) ;
#6578 = EDGE_CURVE ( 'NONE', #6349, #3163, #8988, .T. ) ;
#6579 = FACE_BOUND ( 'NONE', #7329, .T. ) ;
#6580 = ORIENTED_EDGE ( 'NONE', *, *, #6625, .F. ) ;
#6581 = DIRECTION ( 'NONE',  ( 0.000000000000000000, 0.000000000000000000, 1.000000000000000000 ) ) ;
#6582 = LINE ( 'NONE', #303, #1346 ) ;
#6583 = ORIENTED_EDGE ( 'NONE', *, *, #4828, .T. ) ;
#6584 = LINE ( 'NONE', #3916, #5366 ) ;
#6585 = ORIENTED_EDGE ( 'NONE', *, *, #2208, .T. ) ;
#6586 = DIRECTION ( 'NONE',  ( -0.9913756435761327257, -0.1310508806685730665, 0.000000000000000000 ) ) ;
#6587 = EDGE_CURVE ( 'NONE', #4848, #1585, #7825, .T. ) ;
#6588 = EDGE_CURVE ( 'NONE', #1279, #8314, #7082, .T. ) ;
#6589 = LINE ( 'NONE', #5210, #8866 ) ;
#6590 = CARTESIAN_POINT ( 'NONE',  ( 23.55409504550050670, -69.51338051904279780, -6.349999999999999645 ) ) ;
#6591 = DIRECTION ( 'NONE',  ( -0.9859477032497629967, 0.1670542620124292332, 0.000000000000000000 ) ) ;
#6592 = DIRECTION ( 'NONE',  ( -0.4262912651137235609, -0.9045859590374709658, -0.000000000000000000 ) ) ;
#6593 = CARTESIAN_POINT ( 'NONE',  ( 30.50000000000000000, 0.5000000000000000000, 13.00000000000000178 ) ) ;
#6594 = ORIENTED_EDGE ( 'NONE', *, *, #4094, .F. ) ;
#6595 = ORIENTED_EDGE ( 'NONE', *, *, #5851, .T. ) ;
#6596 = LINE ( 'NONE', #3748, #6488 ) ;
#6597 = LINE ( 'NONE', #8039, #8028 ) ;
#6598 = CARTESIAN_POINT ( 'NONE',  ( 21.96697000337040606, -67.31857094708459499, -6.049999999999999822 ) ) ;
#6599 = DIRECTION ( 'NONE',  ( 1.000000000000000000, 0.000000000000000000, 0.000000000000000000 ) ) ;
#6600 = DIRECTION ( 'NONE',  ( -0.6510607634787070053, -0.7590256137038612350, 0.000000000000000000 ) ) ;
#6601 = ADVANCED_FACE ( 'NONE', ( #6438 ), #6396, .T. ) ;
#6602 = FACE_OUTER_BOUND ( 'NONE', #8294, .T. ) ;
#6603 = VERTEX_POINT ( 'NONE', #5704 ) ;
#6604 = VERTEX_POINT ( 'NONE', #1500 ) ;
#6605 = ORIENTED_EDGE ( 'NONE', *, *, #4531, .T. ) ;
#6606 = CARTESIAN_POINT ( 'NONE',  ( 4.408830468486684140, -67.70819009100100061, -6.349999999999999645 ) ) ;
#6607 = DIRECTION ( 'NONE',  ( -0.5459346737665824456, 0.8378277460071223981, 0.000000000000000000 ) ) ;
#6608 = EDGE_CURVE ( 'NONE', #3818, #3079, #943, .T. ) ;
#6609 = CARTESIAN_POINT ( 'NONE',  ( 24.06370070778564241, -65.49180990899898802, -6.049999999999999822 ) ) ;
#6610 = LINE ( 'NONE', #289, #1071 ) ;
#6611 = EDGE_LOOP ( 'NONE', ( #8221, #2659, #5070, #2530 ) ) ;
#6612 = VERTEX_POINT ( 'NONE', #7881 ) ;
#6613 = EDGE_CURVE ( 'NONE', #8037, #5789, #116, .T. ) ;
#6614 = DIRECTION ( 'NONE',  ( -0.5452743794585548365, 0.8382576281228152348, 0.000000000000000000 ) ) ;
#6615 = EDGE_LOOP ( 'NONE', ( #3076, #5598, #2960, #8489, #1518, #3521, #3241, #7773 ) ) ;
#6616 = ORIENTED_EDGE ( 'NONE', *, *, #8201, .T. ) ;
#6617 = EDGE_CURVE ( 'NONE', #3636, #8454, #5984, .T. ) ;
#6618 = CARTESIAN_POINT ( 'NONE',  ( 11.10549376474553540, -68.38395685877992491, -6.049999999999999822 ) ) ;
#6619 = CARTESIAN_POINT ( 'NONE',  ( 4.258847320525783076, -67.89726996966632555, -6.349999999999999645 ) ) ;
#6621 = VERTEX_POINT ( 'NONE', #8836 ) ;
#6620 = VECTOR ( 'NONE', #5533, 1000.000000000000000 ) ;
#6622 = DIRECTION ( 'NONE',  ( 0.000000000000000000, 0.000000000000000000, -1.000000000000000000 ) ) ;
#6623 = PLANE ( 'NONE',  #4300 ) ;
#6624 = ORIENTED_EDGE ( 'NONE', *, *, #1723, .F. ) ;
#6625 = EDGE_CURVE ( 'NONE', #3440, #8870, #2472, .T. ) ;
#6626 = CARTESIAN_POINT ( 'NONE',  ( 18.00000000000000355, -38.00000000000000000, 15.00000000000000000 ) ) ;
#6627 = ORIENTED_EDGE ( 'NONE', *, *, #3686, .F. ) ;
#6628 = AXIS2_PLACEMENT_3D ( 'NONE', #5993, #8804, #4658 ) ;
#6629 = VECTOR ( 'NONE', #1017, 1000.000000000000000 ) ;
#6630 = CARTESIAN_POINT ( 'NONE',  ( 26.38119312436804975, -70.39373104145600735, -6.049999999999999822 ) ) ;
#6631 = DIRECTION ( 'NONE',  ( 0.000000000000000000, 0.000000000000000000, -1.000000000000000000 ) ) ;
#6632 = LINE ( 'NONE', #5211, #3737 ) ;
#6633 = LINE ( 'NONE', #313, #8720 ) ;
#6634 = DIRECTION ( 'NONE',  ( -0.9937730656455696643, 0.1114230406935940443, 0.000000000000000000 ) ) ;
#6635 = VECTOR ( 'NONE', #7194, 1000.000000000000000 ) ;
#6636 = CARTESIAN_POINT ( 'NONE',  ( 10.11627906976744207, -67.03276036400403370, -6.049999999999999822 ) ) ;
#6638 = ORIENTED_EDGE ( 'NONE', *, *, #4546, .F. ) ;
#6637 = EDGE_CURVE ( 'NONE', #7400, #2710, #3074, .T. ) ;
#6639 = EDGE_CURVE ( 'NONE', #7132, #8459, #4647, .T. ) ;
#6640 = ORIENTED_EDGE ( 'NONE', *, *, #4370, .T. ) ;
#6641 = AXIS2_PLACEMENT_3D ( 'NONE', #5225, #6039, #1662 ) ;
#6642 = CARTESIAN_POINT ( 'NONE',  ( 8.526289180990898942, -63.58736097067745163, -6.349999999999999645 ) ) ;
#6643 = DIRECTION ( 'NONE',  ( -0.9913756435761327257, -0.1310508806685730665, 0.000000000000000000 ) ) ;
#6644 = CARTESIAN_POINT ( 'NONE',  ( 14.48095719582069307, -66.16488035052240946, -6.349999999999999645 ) ) ;
#6645 = CARTESIAN_POINT ( 'NONE',  ( 15.00000000000000000, -32.00000000000000000, 13.00000000000000000 ) ) ;
#6646 = LINE ( 'NONE', #6559, #7274 ) ;
#6647 = AXIS2_PLACEMENT_3D ( 'NONE', #822, #3638, #2938 ) ;
#6648 = LINE ( 'NONE', #7945, #3398 ) ;
#6649 = ORIENTED_EDGE ( 'NONE', *, *, #7979, .T. ) ;
#6650 = ORIENTED_EDGE ( 'NONE', *, *, #6291, .T. ) ;
#6651 = ORIENTED_EDGE ( 'NONE', *, *, #2373, .F. ) ;
#6652 = AXIS2_PLACEMENT_3D ( 'NONE', #4063, #6871, #546 ) ;
#6653 = AXIS2_PLACEMENT_3D ( 'NONE', #3186, #2534, #201 ) ;
#6654 = FACE_OUTER_BOUND ( 'NONE', #6168, .T. ) ;
#6655 = CARTESIAN_POINT ( 'NONE',  ( 14.24999999999999822, -35.00000000000000000, 13.00000000000000000 ) ) ;
#6656 = CARTESIAN_POINT ( 'NONE',  ( 2.907313784967980652, -66.97209302325580893, -6.049999999999999822 ) ) ;
#6657 = DIRECTION ( 'NONE',  ( 0.000000000000000000, 0.000000000000000000, 1.000000000000000000 ) ) ;
#6658 = EDGE_LOOP ( 'NONE', ( #7364, #1881, #4078, #4117 ) ) ;
#6659 = ORIENTED_EDGE ( 'NONE', *, *, #2300, .T. ) ;
#6660 = DIRECTION ( 'NONE',  ( 0.000000000000000000, 0.000000000000000000, -1.000000000000000000 ) ) ;
#6661 = VECTOR ( 'NONE', #3874, 1000.000000000000114 ) ;
#6662 = VERTEX_POINT ( 'NONE', #3208 ) ;
#6663 = VECTOR ( 'NONE', #1456, 1000.000000000000000 ) ;
#6664 = ORIENTED_EDGE ( 'NONE', *, *, #7710, .T. ) ;
#6665 = EDGE_CURVE ( 'NONE', #1359, #1021, #5290, .T. ) ;
#6666 = EDGE_CURVE ( 'NONE', #5879, #8094, #6672, .T. ) ;
#6667 = CARTESIAN_POINT ( 'NONE',  ( 18.00000000000000355, -35.00000000000000000, 15.00000000000000000 ) ) ;
#6668 = VECTOR ( 'NONE', #4219, 1000.000000000000000 ) ;
#6669 = DIRECTION ( 'NONE',  ( -0.3897989369210800303, 0.9208999884760536991, 0.000000000000000000 ) ) ;
#6670 = VECTOR ( 'NONE', #7456, 1000.000000000000114 ) ;
#6671 = ORIENTED_EDGE ( 'NONE', *, *, #297, .T. ) ;
#6672 = LINE ( 'NONE', #1135, #3902 ) ;
#6673 = CARTESIAN_POINT ( 'NONE',  ( 10.11627906976744207, -67.03276036400403370, -6.049999999999999822 ) ) ;
#6674 = ORIENTED_EDGE ( 'NONE', *, *, #2094, .F. ) ;
#6675 = DIRECTION ( 'NONE',  ( 1.000000000000000000, 0.000000000000000000, 0.000000000000000000 ) ) ;
#6676 = ORIENTED_EDGE ( 'NONE', *, *, #1875, .F. ) ;
#6677 = AXIS2_PLACEMENT_3D ( 'NONE', #8398, #7759, #2169 ) ;
#6678 = AXIS2_PLACEMENT_3D ( 'NONE', #4703, #1927, #1376 ) ;
#6679 = CIRCLE ( 'NONE', #2695, 0.5000000000000004441 ) ;
#6680 = ADVANCED_FACE ( 'NONE', ( #4549 ), #2432, .T. ) ;
#6681 = CARTESIAN_POINT ( 'NONE',  ( -0.5000000000000000000, 0.5000000000000000000, 12.12500000000000000 ) ) ;
#6682 = DIRECTION ( 'NONE',  ( 0.000000000000000000, 0.000000000000000000, -1.000000000000000000 ) ) ;
#6683 = ADVANCED_FACE ( 'NONE', ( #302 ), #5148, .F. ) ;
#6684 = VECTOR ( 'NONE', #4783, 1000.000000000000227 ) ;
#6685 = AXIS2_PLACEMENT_3D ( 'NONE', #7054, #49, #1387 ) ;
#6686 = CARTESIAN_POINT ( 'NONE',  ( 27.12133468149646376, -66.94782608695651049, -6.049999999999999822 ) ) ;
#6687 = DIRECTION ( 'NONE',  ( 0.000000000000000000, 0.000000000000000000, 1.000000000000000000 ) ) ;
#6688 = VECTOR ( 'NONE', #8257, 1000.000000000000000 ) ;
#6689 = DIRECTION ( 'NONE',  ( 0.000000000000000000, 0.000000000000000000, -1.000000000000000000 ) ) ;
#6690 = ORIENTED_EDGE ( 'NONE', *, *, #2724, .F. ) ;
#6691 = EDGE_LOOP ( 'NONE', ( #502, #6540, #593, #8189 ) ) ;
#6692 = VECTOR ( 'NONE', #2426, 1000.000000000000000 ) ;
#6693 = AXIS2_PLACEMENT_3D ( 'NONE', #7610, #6483, #9038 ) ;
#6694 = CARTESIAN_POINT ( 'NONE',  ( 25.80000000000000071, -5.000000000000000000, 15.00000000000000000 ) ) ;
#6695 = CARTESIAN_POINT ( 'NONE',  ( 11.28715874620829140, -59.06107178968654381, -6.349999999999999645 ) ) ;
#6696 = PLANE ( 'NONE',  #8880 ) ;
#6697 = ADVANCED_FACE ( 'NONE', ( #220 ), #395, .T. ) ;
#6699 = ADVANCED_FACE ( 'NONE', ( #1737 ), #3119, .F. ) ;
#6698 = DIRECTION ( 'NONE',  ( -0.9958932064677021856, 0.09053574604253653013, 0.000000000000000000 ) ) ;
#6700 = CARTESIAN_POINT ( 'NONE',  ( 11.68756319514661257, -67.96248736097066967, -6.049999999999999822 ) ) ;
#6701 = CARTESIAN_POINT ( 'NONE',  ( 25.01145938658577705, -68.26902595214019698, -6.349999999999999645 ) ) ;
#6702 = PLANE ( 'NONE',  #4341 ) ;
#6703 = ORIENTED_EDGE ( 'NONE', *, *, #6508, .F. ) ;
#6704 = EDGE_LOOP ( 'NONE', ( #1083, #7206, #8093, #1139 ) ) ;
#6705 = EDGE_LOOP ( 'NONE', ( #1186, #4928, #7560, #8522 ) ) ;
#6706 = ADVANCED_FACE ( 'NONE', ( #3170 ), #1041, .F. ) ;
#6707 = FACE_OUTER_BOUND ( 'NONE', #2109, .T. ) ;
#6708 = FACE_OUTER_BOUND ( 'NONE', #8661, .T. ) ;
#6709 = LINE ( 'NONE', #5280, #7101 ) ;
#6710 = ORIENTED_EDGE ( 'NONE', *, *, #6637, .F. ) ;
#6711 = EDGE_LOOP ( 'NONE', ( #5575, #7128, #7807, #2279 ) ) ;
#6712 = CARTESIAN_POINT ( 'NONE',  ( 12.01516683518705797, -61.50208965284798523, -6.049999999999999822 ) ) ;
#6713 = ORIENTED_EDGE ( 'NONE', *, *, #3909, .T. ) ;
#6714 = ORIENTED_EDGE ( 'NONE', *, *, #4815, .F. ) ;
#6715 = LINE ( 'NONE', #8879, #2671 ) ;
#6716 = FACE_BOUND ( 'NONE', #4505, .T. ) ;
#6717 = ORIENTED_EDGE ( 'NONE', *, *, #2260, .T. ) ;
#6718 = CARTESIAN_POINT ( 'NONE',  ( 5.078867542972695048, -63.79582069430400537, -6.349999999999999645 ) ) ;
#6719 = DIRECTION ( 'NONE',  ( 1.000000000000000000, 0.000000000000000000, 0.000000000000000000 ) ) ;
#6720 = ADVANCED_FACE ( 'NONE', ( #5335 ), #7324, .T. ) ;
#6721 = EDGE_LOOP ( 'NONE', ( #8209, #4382, #852, #7073 ) ) ;
#6722 = DIRECTION ( 'NONE',  ( 1.000000000000000000, 0.000000000000000000, 0.000000000000000000 ) ) ;
#6723 = VERTEX_POINT ( 'NONE', #2380 ) ;
#6724 = EDGE_CURVE ( 'NONE', #1412, #5315, #8795, .T. ) ;
#6725 = DIRECTION ( 'NONE',  ( 0.6312713983695661391, -0.7755620037112006537, 0.000000000000000000 ) ) ;
#6726 = CARTESIAN_POINT ( 'NONE',  ( 10.98988877654196017, -65.45945399393326625, -6.049999999999999822 ) ) ;
#6727 = LINE ( 'NONE', #2525, #1804 ) ;
#6728 = DIRECTION ( 'NONE',  ( 1.000000000000000000, 0.000000000000000000, 0.000000000000000000 ) ) ;
#6729 = DIRECTION ( 'NONE',  ( -0.9944085917273508546, -0.1056009123958065177, 0.000000000000000000 ) ) ;
#6730 = ORIENTED_EDGE ( 'NONE', *, *, #7483, .F. ) ;
#6731 = EDGE_CURVE ( 'NONE', #1574, #4651, #2335, .T. ) ;
#6732 = ORIENTED_EDGE ( 'NONE', *, *, #8491, .T. ) ;
#6733 = EDGE_LOOP ( 'NONE', ( #934, #7849, #1959, #8921 ) ) ;
#6734 = DIRECTION ( 'NONE',  ( 1.000000000000000000, 0.000000000000000000, 0.000000000000000000 ) ) ;
#6735 = EDGE_CURVE ( 'NONE', #3861, #5691, #1781, .T. ) ;
#6736 = FACE_OUTER_BOUND ( 'NONE', #2628, .T. ) ;
#6737 = LINE ( 'NONE', #3886, #4897 ) ;
#6738 = DIRECTION ( 'NONE',  ( 0.000000000000000000, 0.000000000000000000, 1.000000000000000000 ) ) ;
#6739 = CYLINDRICAL_SURFACE ( 'NONE', #874, 0.7500000000000006661 ) ;
#6740 = CARTESIAN_POINT ( 'NONE',  ( 23.00000000000000000, 9.799999999999998934, -3.674999999999999822 ) ) ;
#6741 = CARTESIAN_POINT ( 'NONE',  ( 18.00000000000000355, -41.00000000000000000, 13.00000000000000000 ) ) ;
#6742 = VERTEX_POINT ( 'NONE', #7278 ) ;
#6743 = ORIENTED_EDGE ( 'NONE', *, *, #1325, .T. ) ;
#6744 = DIRECTION ( 'NONE',  ( 1.000000000000000000, 0.000000000000000000, 0.000000000000000000 ) ) ;
#6745 = CARTESIAN_POINT ( 'NONE',  ( 15.06066734074823010, -64.98220424671384876, -6.049999999999999822 ) ) ;
#6746 = CARTESIAN_POINT ( 'NONE',  ( 16.23087293562521083, -63.97849679811257317, -6.349999999999999645 ) ) ;
#6747 = ORIENTED_EDGE ( 'NONE', *, *, #8126, .T. ) ;
#6748 = ORIENTED_EDGE ( 'NONE', *, *, #624, .T. ) ;
#6749 = CARTESIAN_POINT ( 'NONE',  ( 18.84630940343781802, -70.51506572295247111, -6.049999999999999822 ) ) ;
#6750 = ORIENTED_EDGE ( 'NONE', *, *, #1443, .T. ) ;
#6751 = ORIENTED_EDGE ( 'NONE', *, *, #520, .F. ) ;
#6752 = EDGE_CURVE ( 'NONE', #1833, #5380, #499, .T. ) ;
#6753 = ADVANCED_FACE ( 'NONE', ( #6803 ), #9010, .T. ) ;
#6754 = DIRECTION ( 'NONE',  ( 0.000000000000000000, 0.000000000000000000, 1.000000000000000000 ) ) ;
#6755 = PLANE ( 'NONE',  #1812 ) ;
#6756 = ORIENTED_EDGE ( 'NONE', *, *, #92, .T. ) ;
#6757 = DIRECTION ( 'NONE',  ( 0.5183855729687658620, 0.8551470035835033734, 0.000000000000000000 ) ) ;
#6758 = LINE ( 'NONE', #8928, #2237 ) ;
#6759 = ORIENTED_EDGE ( 'NONE', *, *, #5659, .F. ) ;
#6760 = FACE_OUTER_BOUND ( 'NONE', #7624, .T. ) ;
#6761 = EDGE_LOOP ( 'NONE', ( #5755, #6341, #5191, #6072 ) ) ;
#6762 = PLANE ( 'NONE',  #1189 ) ;
#6763 = CARTESIAN_POINT ( 'NONE',  ( 11.48129423660262916, -60.62628918099089503, -6.049999999999999822 ) ) ;
#6764 = CARTESIAN_POINT ( 'NONE',  ( 8.314459049544995040, -58.66066734074822620, -6.049999999999999822 ) ) ;
#6765 = PLANE ( 'NONE',  #134 ) ;
#6766 = VECTOR ( 'NONE', #6592, 1000.000000000000114 ) ;
#6767 = DIRECTION ( 'NONE',  ( 0.000000000000000000, 0.000000000000000000, -1.000000000000000000 ) ) ;
#6768 = EDGE_LOOP ( 'NONE', ( #6226, #5293, #8929, #8238 ) ) ;
#6769 = VECTOR ( 'NONE', #8996, 1000.000000000000000 ) ;
#6770 = ORIENTED_EDGE ( 'NONE', *, *, #8967, .F. ) ;
#6771 = EDGE_LOOP ( 'NONE', ( #7801, #6261, #3201, #130 ) ) ;
#6772 = CARTESIAN_POINT ( 'NONE',  ( 18.00000000000000355, -41.00000000000000000, 13.00000000000000000 ) ) ;
#6773 = EDGE_CURVE ( 'NONE', #397, #2552, #8281, .T. ) ;
#6774 = EDGE_CURVE ( 'NONE', #8187, #1013, #4082, .T. ) ;
#6775 = CARTESIAN_POINT ( 'NONE',  ( 8.314459049544995040, -67.03276036400403370, -6.049999999999999822 ) ) ;
#6776 = VECTOR ( 'NONE', #1516, 1000.000000000000114 ) ;
#6777 = CARTESIAN_POINT ( 'NONE',  ( 25.71385237613751329, -65.49180990899898802, -6.049999999999999822 ) ) ;
#6778 = CARTESIAN_POINT ( 'NONE',  ( 14.29288843950117993, -66.33238961914391041, -6.049999999999999822 ) ) ;
#6779 = CARTESIAN_POINT ( 'NONE',  ( 13.89046174587124938, -65.69133805190426756, -6.049999999999999822 ) ) ;
#6780 = LINE ( 'NONE', #8911, #4326 ) ;
#6781 = DIRECTION ( 'NONE',  ( -0.000000000000000000, 1.000000000000000000, -0.000000000000000000 ) ) ;
#6782 = ORIENTED_EDGE ( 'NONE', *, *, #8420, .F. ) ;
#6783 = AXIS2_PLACEMENT_3D ( 'NONE', #133, #5767, #2309 ) ;
#6784 = ORIENTED_EDGE ( 'NONE', *, *, #6613, .F. ) ;
#6785 = ADVANCED_FACE ( 'NONE', ( #6154 ), #6934, .F. ) ;
#6786 = PLANE ( 'NONE',  #5656 ) ;
#6787 = LINE ( 'NONE', #8868, #7422 ) ;
#6788 = EDGE_CURVE ( 'NONE', #4495, #1608, #7671, .T. ) ;
#6789 = VECTOR ( 'NONE', #2144, 1000.000000000000114 ) ;
#6790 = CARTESIAN_POINT ( 'NONE',  ( 22.80000000000000071, -7.000000000000000000, 15.00000000000000000 ) ) ;
#6791 = VERTEX_POINT ( 'NONE', #4727 ) ;
#6792 = ORIENTED_EDGE ( 'NONE', *, *, #983, .T. ) ;
#6793 = CARTESIAN_POINT ( 'NONE',  ( 4.597067745197168875, -64.57269969666329246, -6.049999999999999822 ) ) ;
#6794 = EDGE_LOOP ( 'NONE', ( #6624, #1491, #2077, #6981 ) ) ;
#6795 = VERTEX_POINT ( 'NONE', #2038 ) ;
#6796 = VECTOR ( 'NONE', #281, 1000.000000000000000 ) ;
#6797 = AXIS2_PLACEMENT_3D ( 'NONE', #6327, #5591, #4119 ) ;
#6798 = FACE_BOUND ( 'NONE', #181, .T. ) ;
#6799 = CARTESIAN_POINT ( 'NONE',  ( 15.06066734074823010, -64.98220424671384876, -6.049999999999999822 ) ) ;
#6800 = CYLINDRICAL_SURFACE ( 'NONE', #8009, 0.7500000000000006661 ) ;
#6801 = AXIS2_PLACEMENT_3D ( 'NONE', #5862, #278, #3887 ) ;
#6802 = EDGE_CURVE ( 'NONE', #2689, #550, #8962, .T. ) ;
#6803 = FACE_OUTER_BOUND ( 'NONE', #980, .T. ) ;
#6804 = DIRECTION ( 'NONE',  ( 0.000000000000000000, 0.000000000000000000, -1.000000000000000000 ) ) ;
#6805 = EDGE_CURVE ( 'NONE', #2471, #2314, #1957, .T. ) ;
#6806 = ORIENTED_EDGE ( 'NONE', *, *, #3416, .T. ) ;
#6807 = VECTOR ( 'NONE', #681, 1000.000000000000000 ) ;
#6808 = DIRECTION ( 'NONE',  ( 0.7456561006171792405, -0.6663309835302445583, 0.000000000000000000 ) ) ;
#6809 = ORIENTED_EDGE ( 'NONE', *, *, #1466, .F. ) ;
#6810 = CIRCLE ( 'NONE', #2536, 0.5000000000000004441 ) ;
#6811 = VECTOR ( 'NONE', #5007, 1000.000000000000000 ) ;
#6812 = DIRECTION ( 'NONE',  ( 0.000000000000000000, 0.000000000000000000, -1.000000000000000000 ) ) ;
#6813 = FACE_OUTER_BOUND ( 'NONE', #8271, .T. ) ;
#6814 = CARTESIAN_POINT ( 'NONE',  ( 14.24999999999999822, -41.00000000000000000, 15.00000000000000000 ) ) ;
#6816 = AXIS2_PLACEMENT_3D ( 'NONE', #1685, #6657, #7212 ) ;
#6815 = CARTESIAN_POINT ( 'NONE',  ( 21.00337040781934661, -69.87738456353218908, -6.049999999999999822 ) ) ;
#6817 = VERTEX_POINT ( 'NONE', #3436 ) ;
#6818 = VECTOR ( 'NONE', #2404, 1000.000000000000000 ) ;
#6819 = ADVANCED_FACE ( 'NONE', ( #6249 ), #4779, .T. ) ;
#6820 = VECTOR ( 'NONE', #1859, 1000.000000000000000 ) ;
#6821 = ORIENTED_EDGE ( 'NONE', *, *, #2452, .F. ) ;
#6822 = ORIENTED_EDGE ( 'NONE', *, *, #266, .T. ) ;
#6823 = DIRECTION ( 'NONE',  ( 0.1790038755583224783, 0.9838483686702440556, 0.000000000000000000 ) ) ;
#6824 = VECTOR ( 'NONE', #8367, 1000.000000000000000 ) ;
#6826 = DIRECTION ( 'NONE',  ( -0.4925617505404687457, 0.8702774970688998968, 0.000000000000000000 ) ) ;
#6825 = AXIS2_PLACEMENT_3D ( 'NONE', #6458, #511, #6045 ) ;
#6827 = LINE ( 'NONE', #4143, #2106 ) ;
#6828 = DIRECTION ( 'NONE',  ( 0.000000000000000000, 1.000000000000000000, 0.000000000000000000 ) ) ;
#6829 = CARTESIAN_POINT ( 'NONE',  ( 7.000000000000000000, 9.799999999999998934, -3.674999999999999822 ) ) ;
#6830 = FACE_OUTER_BOUND ( 'NONE', #709, .T. ) ;
#6831 =( LENGTH_UNIT ( ) NAMED_UNIT ( * ) SI_UNIT ( .MILLI., .METRE. ) );
#6833 = EDGE_CURVE ( 'NONE', #3996, #1279, #2645, .T. ) ;
#6832 = AXIS2_PLACEMENT_3D ( 'NONE', #3867, #5151, #1784 ) ;
#6834 = EDGE_LOOP ( 'NONE', ( #7470, #4872, #2872, #7010 ) ) ;
#6835 = VECTOR ( 'NONE', #844, 1000.000000000000000 ) ;
#6836 = EDGE_CURVE ( 'NONE', #7418, #3490, #7591, .T. ) ;
#6837 = AXIS2_PLACEMENT_3D ( 'NONE', #1869, #2000, #7541 ) ;
#6838 = ORIENTED_EDGE ( 'NONE', *, *, #8835, .T. ) ;
#6839 = DIRECTION ( 'NONE',  ( -0.8729980786982231011, -0.4877236457146722493, 0.000000000000000000 ) ) ;
#6840 = CARTESIAN_POINT ( 'NONE',  ( 19.79878665318503650, -67.97040781934614984, -6.049999999999999822 ) ) ;
#6841 = CARTESIAN_POINT ( 'NONE',  ( 5.580384226491403865, -65.82345803842264331, -6.049999999999999822 ) ) ;
#6842 = VECTOR ( 'NONE', #5680, 1000.000000000000000 ) ;
#6843 = LINE ( 'NONE', #3197, #8443 ) ;
#6844 = ORIENTED_EDGE ( 'NONE', *, *, #6058, .T. ) ;
#6845 = EDGE_CURVE ( 'NONE', #1535, #7871, #6891, .T. ) ;
#6846 = CARTESIAN_POINT ( 'NONE',  ( -6.000000000000000000, -75.00000000000000000, -6.349999999999999645 ) ) ;
#6847 = VERTEX_POINT ( 'NONE', #437 ) ;
#6848 = ADVANCED_FACE ( 'NONE', ( #6195 ), #8330, .F. ) ;
#6849 = ORIENTED_EDGE ( 'NONE', *, *, #3819, .F. ) ;
#6850 = DIRECTION ( 'NONE',  ( 0.000000000000000000, 0.000000000000000000, 1.000000000000000000 ) ) ;
#6851 = DIRECTION ( 'NONE',  ( 0.1981389197361790588, 0.9801739480754321221, 0.000000000000000000 ) ) ;
#6852 = CARTESIAN_POINT ( 'NONE',  ( 19.67610380856083552, -69.00883046848667846, -6.049999999999999822 ) ) ;
#6853 = CARTESIAN_POINT ( 'NONE',  ( 3.434108527131783717, -67.82143579373104103, -6.049999999999999822 ) ) ;
#6854 = CARTESIAN_POINT ( 'NONE',  ( 16.86181327940680674, -64.51236939669699666, -6.049999999999999822 ) ) ;
#6855 = ORIENTED_EDGE ( 'NONE', *, *, #5484, .F. ) ;
#6856 = DIRECTION ( 'NONE',  ( 0.2724074397486345722, -0.9621819925407012475, 0.000000000000000000 ) ) ;
#6857 = ORIENTED_EDGE ( 'NONE', *, *, #2484, .F. ) ;
#6858 = EDGE_CURVE ( 'NONE', #5922, #4453, #1304, .T. ) ;
#6859 = LINE ( 'NONE', #6029, #4733 ) ;
#6860 = DIRECTION ( 'NONE',  ( 0.000000000000000000, -1.000000000000000000, -0.000000000000000000 ) ) ;
#6861 = CARTESIAN_POINT ( 'NONE',  ( 25.30000000000000071, -7.000000000000000000, 15.00000000000000000 ) ) ;
#6862 = DIRECTION ( 'NONE',  ( 0.000000000000000000, 0.000000000000000000, -1.000000000000000000 ) ) ;
#6863 = VERTEX_POINT ( 'NONE', #8369 ) ;
#6864 = ORIENTED_EDGE ( 'NONE', *, *, #1985, .T. ) ;
#6865 = EDGE_CURVE ( 'NONE', #6487, #604, #3952, .T. ) ;
#6866 = EDGE_CURVE ( 'NONE', #3676, #6473, #6067, .T. ) ;
#6867 = ORIENTED_EDGE ( 'NONE', *, *, #1292, .F. ) ;
#6868 = DIRECTION ( 'NONE',  ( 0.000000000000000000, 0.000000000000000000, -1.000000000000000000 ) ) ;
#6869 = LINE ( 'NONE', #544, #1205 ) ;
#6870 = CARTESIAN_POINT ( 'NONE',  ( 22.80000000000000071, 9.500000000000000000, -3.474999999999999645 ) ) ;
#6871 = DIRECTION ( 'NONE',  ( 0.000000000000000000, 0.000000000000000000, 1.000000000000000000 ) ) ;
#6872 = CARTESIAN_POINT ( 'NONE',  ( 5.895348837209302140, -65.15510616784629860, -6.049999999999999822 ) ) ;
#6873 = PLANE ( 'NONE',  #4769 ) ;
#6874 = CARTESIAN_POINT ( 'NONE',  ( 11.86147623862487244, -61.03747893495112464, -6.049999999999999822 ) ) ;
#6875 = VERTEX_POINT ( 'NONE', #8196 ) ;
#6876 = ORIENTED_EDGE ( 'NONE', *, *, #2094, .T. ) ;
#6877 = LINE ( 'NONE', #3366, #7262 ) ;
#6878 = CARTESIAN_POINT ( 'NONE',  ( -6.000000000000000000, -75.00000000000000000, 15.00000000000000000 ) ) ;
#6879 = EDGE_CURVE ( 'NONE', #5454, #7613, #8884, .T. ) ;
#6880 = DIRECTION ( 'NONE',  ( 0.000000000000000000, 0.000000000000000000, 1.000000000000000000 ) ) ;
#6881 = CARTESIAN_POINT ( 'NONE',  ( 18.67644084934277160, -63.67178968655207427, -6.349999999999999645 ) ) ;
#6882 = ORIENTED_EDGE ( 'NONE', *, *, #2277, .F. ) ;
#6883 = FACE_OUTER_BOUND ( 'NONE', #7252, .T. ) ;
#6884 = VERTEX_POINT ( 'NONE', #3341 ) ;
#6885 = VERTEX_POINT ( 'NONE', #8465 ) ;
#6886 = ADVANCED_FACE ( 'NONE', ( #7027 ), #3569, .T. ) ;
#6887 = DIRECTION ( 'NONE',  ( 1.000000000000000000, 0.000000000000000000, 0.000000000000000000 ) ) ;
#6888 = LINE ( 'NONE', #563, #7573 ) ;
#6889 = ADVANCED_FACE ( 'NONE', ( #5097 ), #4257, .F. ) ;
#6890 = FACE_OUTER_BOUND ( 'NONE', #697, .T. ) ;
#6891 = LINE ( 'NONE', #565, #8313 ) ;
#6892 = LINE ( 'NONE', #6854, #4464 ) ;
#6893 = ORIENTED_EDGE ( 'NONE', *, *, #5549, .T. ) ;
#6894 = DIRECTION ( 'NONE',  ( 0.000000000000000000, 0.000000000000000000, -1.000000000000000000 ) ) ;
#6895 = ORIENTED_EDGE ( 'NONE', *, *, #7164, .T. ) ;
#6896 = FACE_OUTER_BOUND ( 'NONE', #4790, .T. ) ;
#6897 = EDGE_CURVE ( 'NONE', #3804, #1448, #2227, .T. ) ;
#6898 = PLANE ( 'NONE',  #5781 ) ;
#6899 = DIRECTION ( 'NONE',  ( 1.000000000000000000, 0.000000000000000000, -0.000000000000000000 ) ) ;
#6900 = DIRECTION ( 'NONE',  ( 0.000000000000000000, 0.000000000000000000, 1.000000000000000000 ) ) ;
#6901 = DIRECTION ( 'NONE',  ( 0.000000000000000000, -0.000000000000000000, 1.000000000000000000 ) ) ;
#6902 = VERTEX_POINT ( 'NONE', #66 ) ;
#6903 = ORIENTED_EDGE ( 'NONE', *, *, #8821, .F. ) ;
#6904 = ORIENTED_EDGE ( 'NONE', *, *, #8647, .F. ) ;
#6905 = DIRECTION ( 'NONE',  ( 0.4300372592883947021, 0.9028111406178624954, 0.000000000000000000 ) ) ;
#6906 = PLANE ( 'NONE',  #2531 ) ;
#6907 = LINE ( 'NONE', #4748, #2254 ) ;
#6908 = CIRCLE ( 'NONE', #433, 0.7500000000000006661 ) ;
#6909 = DIRECTION ( 'NONE',  ( 0.000000000000000000, 0.000000000000000000, -1.000000000000000000 ) ) ;
#6910 = DIRECTION ( 'NONE',  ( 1.000000000000000000, 0.000000000000000000, 0.000000000000000000 ) ) ;
#6911 = DIRECTION ( 'NONE',  ( 0.000000000000000000, 0.000000000000000000, -1.000000000000000000 ) ) ;
#6912 = VECTOR ( 'NONE', #3934, 1000.000000000000000 ) ;
#6913 = EDGE_CURVE ( 'NONE', #1936, #54, #7812, .T. ) ;
#6914 = EDGE_CURVE ( 'NONE', #1381, #7173, #2284, .T. ) ;
#6915 = LINE ( 'NONE', #4708, #2360 ) ;
#6916 = VERTEX_POINT ( 'NONE', #6988 ) ;
#6917 = VERTEX_POINT ( 'NONE', #5048 ) ;
#6918 = COLOUR_RGB ( '',0.7921568627450980005, 0.8196078431372548767, 0.9333333333333333481 ) ;
#6919 = PLANE ( 'NONE',  #5230 ) ;
#6920 = VERTEX_POINT ( 'NONE', #5739 ) ;
#6921 = CARTESIAN_POINT ( 'NONE',  ( 6.189079878665317835, -64.44428715874620650, -6.049999999999999822 ) ) ;
#6922 = CARTESIAN_POINT ( 'NONE',  ( 9.000000000000001776, -35.00000000000000000, 13.00000000000000000 ) ) ;
#6923 = FACE_OUTER_BOUND ( 'NONE', #7308, .T. ) ;
#6924 = ORIENTED_EDGE ( 'NONE', *, *, #3962, .F. ) ;
#6925 = CIRCLE ( 'NONE', #4863, 0.7500000000000006661 ) ;
#6926 = CARTESIAN_POINT ( 'NONE',  ( 20.25000000000000000, -35.00000000000000000, 13.00000000000000000 ) ) ;
#6927 = VERTEX_POINT ( 'NONE', #3519 ) ;
#6928 = ORIENTED_EDGE ( 'NONE', *, *, #3250, .F. ) ;
#6929 = ORIENTED_EDGE ( 'NONE', *, *, #4052, .F. ) ;
#6930 = VECTOR ( 'NONE', #964, 1000.000000000000000 ) ;
#6931 = CARTESIAN_POINT ( 'NONE',  ( 13.62891809908999008, -65.23700707785641839, -6.049999999999999822 ) ) ;
#6932 = DIRECTION ( 'NONE',  ( 0.000000000000000000, 0.000000000000000000, -1.000000000000000000 ) ) ;
#6933 = CARTESIAN_POINT ( 'NONE',  ( 17.07684529828109277, -69.11803168183350010, -6.049999999999999822 ) ) ;
#6934 = PLANE ( 'NONE',  #5073 ) ;
#6935 = CARTESIAN_POINT ( 'NONE',  ( 10.02932254802831480, -63.87805864509606124, -6.049999999999999822 ) ) ;
#6936 = ORIENTED_EDGE ( 'NONE', *, *, #657, .T. ) ;
#6937 = DIRECTION ( 'NONE',  ( -0.3762081107378902889, -0.9265351895179303465, 0.000000000000000000 ) ) ;
#6938 = ORIENTED_EDGE ( 'NONE', *, *, #7583, .F. ) ;
#6939 = AXIS2_PLACEMENT_3D ( 'NONE', #8231, #8146, #1904 ) ;
#6940 = EDGE_CURVE ( 'NONE', #1690, #604, #2087, .T. ) ;
#6941 = EDGE_CURVE ( 'NONE', #1797, #920, #3004, .T. ) ;
#6942 = DIRECTION ( 'NONE',  ( 0.8658376554671836089, 0.5003250487184213169, 0.000000000000000000 ) ) ;
#6943 = AXIS2_PLACEMENT_3D ( 'NONE', #8527, #271, #3083 ) ;
#6944 = PLANE ( 'NONE',  #8586 ) ;
#6945 = VECTOR ( 'NONE', #2251, 1000.000000000000227 ) ;
#6946 = CARTESIAN_POINT ( 'NONE',  ( 22.00000000000000000, 9.500000000000000000, -2.674999999999999822 ) ) ;
#6947 = CARTESIAN_POINT ( 'NONE',  ( 12.75000000000000178, -41.00000000000000000, 13.00000000000000000 ) ) ;
#6948 = VERTEX_POINT ( 'NONE', #4996 ) ;
#6949 = AXIS2_PLACEMENT_3D ( 'NONE', #6484, #7738, #2931 ) ;
#6950 = VERTEX_POINT ( 'NONE', #1347 ) ;
#6951 = EDGE_CURVE ( 'NONE', #4840, #2272, #2828, .T. ) ;
#6952 = VECTOR ( 'NONE', #5332, 1000.000000000000000 ) ;
#6953 = VERTEX_POINT ( 'NONE', #7868 ) ;
#6954 = ADVANCED_FACE ( 'NONE', ( #5596 ), #8508, .T. ) ;
#6955 = CARTESIAN_POINT ( 'NONE',  ( 16.33872598584428815, -65.95557802494101907, -6.049999999999999822 ) ) ;
#6956 = FACE_OUTER_BOUND ( 'NONE', #6241, .T. ) ;
#6957 = DIRECTION ( 'NONE',  ( 0.000000000000000000, 0.000000000000000000, -1.000000000000000000 ) ) ;
#6958 = AXIS2_PLACEMENT_3D ( 'NONE', #4956, #7169, #753 ) ;
#6959 = DIRECTION ( 'NONE',  ( 0.2478332499826305935, -0.9688027044775664454, 0.000000000000000000 ) ) ;
#6960 = DIRECTION ( 'NONE',  ( -0.9849827904193035888, 0.1726525487150487315, 0.000000000000000000 ) ) ;
#6961 = AXIS2_PLACEMENT_3D ( 'NONE', #5919, #7259, #942 ) ;
#6962 = CARTESIAN_POINT ( 'NONE',  ( 13.89046174587124938, -65.69133805190426756, -6.049999999999999822 ) ) ;
#6963 = ORIENTED_EDGE ( 'NONE', *, *, #4365, .T. ) ;
#6964 = ORIENTED_EDGE ( 'NONE', *, *, #6773, .T. ) ;
#6965 = VECTOR ( 'NONE', #1274, 1000.000000000000000 ) ;
#6966 = VECTOR ( 'NONE', #7375, 1000.000000000000114 ) ;
#6967 = VECTOR ( 'NONE', #588, 1000.000000000000000 ) ;
#6968 = EDGE_CURVE ( 'NONE', #5132, #5353, #8551, .T. ) ;
#6969 = ADVANCED_FACE ( 'NONE', ( #7070 ), #5787, .F. ) ;
#6970 = LINE ( 'NONE', #1986, #5942 ) ;
#6971 = EDGE_LOOP ( 'NONE', ( #8118, #1080, #1012, #8642 ) ) ;
#6972 = CARTESIAN_POINT ( 'NONE',  ( 19.14829794405122954, -68.99164138860801643, -6.349999999999999645 ) ) ;
#6973 = FACE_OUTER_BOUND ( 'NONE', #5541, .T. ) ;
#6974 = VECTOR ( 'NONE', #8425, 1000.000000000000000 ) ;
#6976 = LINE ( 'NONE', #3555, #5357 ) ;
#6975 = AXIS2_PLACEMENT_3D ( 'NONE', #1897, #4633, #8781 ) ;
#6977 = VERTEX_POINT ( 'NONE', #4907 ) ;
#6978 = CIRCLE ( 'NONE', #3289, 0.7500000000000006661 ) ;
#6979 = DIRECTION ( 'NONE',  ( 0.000000000000000000, 0.000000000000000000, -1.000000000000000000 ) ) ;
#6980 = ORIENTED_EDGE ( 'NONE', *, *, #7228, .T. ) ;
#6981 = ORIENTED_EDGE ( 'NONE', *, *, #3962, .T. ) ;
#6982 = VECTOR ( 'NONE', #8361, 1000.000000000000000 ) ;
#6983 = EDGE_CURVE ( 'NONE', #7873, #6225, #4181, .T. ) ;
#6984 = VECTOR ( 'NONE', #8659, 1000.000000000000000 ) ;
#6985 = LINE ( 'NONE', #9096, #17 ) ;
#6986 = CARTESIAN_POINT ( 'NONE',  ( 25.01145938658577705, -68.26902595214019698, -6.049999999999999822 ) ) ;
#6987 = CARTESIAN_POINT ( 'NONE',  ( 17.22851365015166891, -69.61449275362318190, -6.049999999999999822 ) ) ;
#6988 = CARTESIAN_POINT ( 'NONE',  ( 6.999999999999999112, 11.00000000000000000, 12.32499999999999751 ) ) ;
#6989 = CARTESIAN_POINT ( 'NONE',  ( 31.19999999999999929, 2.000000000000000000, 1.650000000000000355 ) ) ;
#6990 = ORIENTED_EDGE ( 'NONE', *, *, #1948, .F. ) ;
#6991 = CARTESIAN_POINT ( 'NONE',  ( 22.80000000000000071, 9.500000000000000000, -3.474999999999999645 ) ) ;
#6992 = EDGE_LOOP ( 'NONE', ( #7958, #8871, #7547, #7995 ) ) ;
#6993 = CARTESIAN_POINT ( 'NONE',  ( 3.948769801145937119, -68.25722952477251226, -6.049999999999999822 ) ) ;
#6994 = DIRECTION ( 'NONE',  ( 0.5270461925134133363, 0.8498366378058279658, 0.000000000000000000 ) ) ;
#6995 = ORIENTED_EDGE ( 'NONE', *, *, #8601, .F. ) ;
#6996 = PLANE ( 'NONE',  #474 ) ;
#6997 = ADVANCED_FACE ( 'NONE', ( #4357 ), #3620, .F. ) ;
#6998 = FACE_BOUND ( 'NONE', #9002, .T. ) ;
#6999 = VERTEX_POINT ( 'NONE', #7168 ) ;
#7000 = ORIENTED_EDGE ( 'NONE', *, *, #3204, .F. ) ;
#7001 = ORIENTED_EDGE ( 'NONE', *, *, #6752, .T. ) ;
#7002 = LINE ( 'NONE', #4276, #8550 ) ;
#7003 = CARTESIAN_POINT ( 'NONE',  ( 13.62891809908999008, -65.23700707785641839, -6.049999999999999822 ) ) ;
#7004 = DIRECTION ( 'NONE',  ( 1.000000000000000000, 0.000000000000000000, 0.000000000000000000 ) ) ;
#7005 = EDGE_CURVE ( 'NONE', #6284, #7217, #846, .T. ) ;
#7006 = CYLINDRICAL_SURFACE ( 'NONE', #7831, 0.7500000000000006661 ) ;
#7007 = DIRECTION ( 'NONE',  ( 1.000000000000000000, 0.000000000000000000, 0.000000000000000000 ) ) ;
#7008 = EDGE_CURVE ( 'NONE', #6920, #1, #1399, .T. ) ;
#7009 = CARTESIAN_POINT ( 'NONE',  ( 12.17290192113245695, -67.22082912032355750, -6.349999999999999645 ) ) ;
#7010 = ORIENTED_EDGE ( 'NONE', *, *, #7410, .T. ) ;
#7011 = ORIENTED_EDGE ( 'NONE', *, *, #3017, .F. ) ;
#7012 = LINE ( 'NONE', #5081, #883 ) ;
#7013 = DIRECTION ( 'NONE',  ( -0.000000000000000000, -0.000000000000000000, 1.000000000000000000 ) ) ;
#7014 = ORIENTED_EDGE ( 'NONE', *, *, #3126, .T. ) ;
#7015 = CARTESIAN_POINT ( 'NONE',  ( 26.70070778564206293, -69.73852376137512010, -6.349999999999999645 ) ) ;
#7016 = LINE ( 'NONE', #929, #8747 ) ;
#7017 = PLANE ( 'NONE',  #4030 ) ;
#7018 = ORIENTED_EDGE ( 'NONE', *, *, #5119, .T. ) ;
#7019 = DIRECTION ( 'NONE',  ( 1.000000000000000000, 0.000000000000000000, 0.000000000000000000 ) ) ;
#7020 = VERTEX_POINT ( 'NONE', #3022 ) ;
#7021 = ORIENTED_EDGE ( 'NONE', *, *, #3175, .F. ) ;
#7022 = VERTEX_POINT ( 'NONE', #8004 ) ;
#7023 = ORIENTED_EDGE ( 'NONE', *, *, #4852, .F. ) ;
#7024 = CARTESIAN_POINT ( 'NONE',  ( 21.00000000000000000, -32.00000000000000000, 13.00000000000000000 ) ) ;
#7025 = DIRECTION ( 'NONE',  ( 0.9645866579925506112, -0.2637661449518534096, 0.000000000000000000 ) ) ;
#7026 = DIRECTION ( 'NONE',  ( 0.000000000000000000, -1.000000000000000000, 0.000000000000000000 ) ) ;
#7027 = FACE_OUTER_BOUND ( 'NONE', #6971, .T. ) ;
#7028 = CYLINDRICAL_SURFACE ( 'NONE', #2835, 0.7500000000000006661 ) ;
#7029 = VERTEX_POINT ( 'NONE', #5874 ) ;
#7030 = LINE ( 'NONE', #810, #6234 ) ;
#7031 = EDGE_CURVE ( 'NONE', #7047, #9112, #3746, .T. ) ;
#7032 = ORIENTED_EDGE ( 'NONE', *, *, #8981, .F. ) ;
#7033 = ADVANCED_FACE ( 'NONE', ( #892 ), #2422, .T. ) ;
#7034 = CARTESIAN_POINT ( 'NONE',  ( 24.06370070778564241, -61.87603640040444475, -6.049999999999999822 ) ) ;
#7035 = CARTESIAN_POINT ( 'NONE',  ( 15.00000000000000000, -29.00000000000000000, 13.00000000000000000 ) ) ;
#7036 = ORIENTED_EDGE ( 'NONE', *, *, #3161, .T. ) ;
#7037 = PLANE ( 'NONE',  #4741 ) ;
#7038 = DIRECTION ( 'NONE',  ( 0.000000000000000000, 0.000000000000000000, -1.000000000000000000 ) ) ;
#7039 = ORIENTED_EDGE ( 'NONE', *, *, #2465, .T. ) ;
#7040 = ORIENTED_EDGE ( 'NONE', *, *, #4815, .T. ) ;
#7041 = CARTESIAN_POINT ( 'NONE',  ( 6.712841253791708596, -68.56157735085945149, -6.349999999999999645 ) ) ;
#7042 = CARTESIAN_POINT ( 'NONE',  ( 18.00000000000000355, -38.00000000000000000, 15.00000000000000000 ) ) ;
#7043 = LINE ( 'NONE', #912, #1520 ) ;
#7044 = DIRECTION ( 'NONE',  ( -1.000000000000000000, -0.000000000000000000, -0.000000000000000000 ) ) ;
#7045 = DIRECTION ( 'NONE',  ( 0.8608107145631895829, 0.5089252535424145796, 0.000000000000000000 ) ) ;
#7046 = LINE ( 'NONE', #7841, #5005 ) ;
#7047 = VERTEX_POINT ( 'NONE', #8783 ) ;
#7048 = ORIENTED_EDGE ( 'NONE', *, *, #4555, .F. ) ;
#7049 = ADVANCED_FACE ( 'NONE', ( #7313 ), #1684, .T. ) ;
#7050 = EDGE_CURVE ( 'NONE', #8227, #8938, #3063, .T. ) ;
#7051 = DIRECTION ( 'NONE',  ( 0.1310508806685730943, -0.9913756435761328367, 0.000000000000000000 ) ) ;
#7052 = DIRECTION ( 'NONE',  ( 0.000000000000000000, -0.000000000000000000, 1.000000000000000000 ) ) ;
#7053 = ORIENTED_EDGE ( 'NONE', *, *, #8626, .T. ) ;
#7054 = CARTESIAN_POINT ( 'NONE',  ( 9.000000000000001776, -35.00000000000000000, 13.00000000000000000 ) ) ;
#7055 = DIRECTION ( 'NONE',  ( -0.9636874036987279624, -0.2670329342092561675, 0.000000000000000000 ) ) ;
#7056 = DIRECTION ( 'NONE',  ( 0.000000000000000000, -0.000000000000000000, 1.000000000000000000 ) ) ;
#7057 = ORIENTED_EDGE ( 'NONE', *, *, #4353, .F. ) ;
#7058 = CARTESIAN_POINT ( 'NONE',  ( 15.36804853387259584, -65.23110886417256893, -6.349999999999999645 ) ) ;
#7059 = AXIS2_PLACEMENT_3D ( 'NONE', #1653, #4336, #1513 ) ;
#7060 = VERTEX_POINT ( 'NONE', #5238 ) ;
#7061 = VECTOR ( 'NONE', #7699, 1000.000000000000000 ) ;
#7062 = ORIENTED_EDGE ( 'NONE', *, *, #6845, .T. ) ;
#7063 = EDGE_CURVE ( 'NONE', #4383, #6950, #4024, .T. ) ;
#7064 = VERTEX_POINT ( 'NONE', #4445 ) ;
#7065 = EDGE_CURVE ( 'NONE', #2673, #8743, #5920, .T. ) ;
#7066 = CARTESIAN_POINT ( 'NONE',  ( 3.788675429726996668, -68.42810920121334561, -6.049999999999999822 ) ) ;
#7067 = DIRECTION ( 'NONE',  ( -0.9998699525321245174, -0.01612693471825775091, 0.000000000000000000 ) ) ;
#7068 = CARTESIAN_POINT ( 'NONE',  ( 0.000000000000000000, 9.799999999999998934, 11.32499999999999929 ) ) ;
#7069 = VECTOR ( 'NONE', #3827, 1000.000000000000114 ) ;
#7070 = FACE_OUTER_BOUND ( 'NONE', #2482, .T. ) ;
#7071 = DIRECTION ( 'NONE',  ( -0.9645866579925506112, 0.2637661449518534651, 0.000000000000000000 ) ) ;
#7072 = ORIENTED_EDGE ( 'NONE', *, *, #7008, .F. ) ;
#7073 = ORIENTED_EDGE ( 'NONE', *, *, #7827, .T. ) ;
#7074 = DIRECTION ( 'NONE',  ( 0.000000000000000000, 0.000000000000000000, 1.000000000000000000 ) ) ;
#7075 = ORIENTED_EDGE ( 'NONE', *, *, #8968, .T. ) ;
#7076 = VECTOR ( 'NONE', #8120, 1000.000000000000000 ) ;
#7077 = PLANE ( 'NONE',  #7828 ) ;
#7078 = ADVANCED_FACE ( 'NONE', ( #944 ), #3802, .F. ) ;
#7079 = EDGE_CURVE ( 'NONE', #532, #1845, #8051, .T. ) ;
#7080 = CARTESIAN_POINT ( 'NONE',  ( 9.632457027300302954, -63.02972699696663028, -6.049999999999999822 ) ) ;
#7081 = ORIENTED_EDGE ( 'NONE', *, *, #405, .F. ) ;
#7082 = LINE ( 'NONE', #3583, #4635 ) ;
#7083 = CARTESIAN_POINT ( 'NONE',  ( 8.314459049544995040, -70.59999999999999432, -6.049999999999999822 ) ) ;
#7084 = VECTOR ( 'NONE', #8472, 1000.000000000000227 ) ;
#7085 = CARTESIAN_POINT ( 'NONE',  ( 21.96697000337040606, -67.31857094708459499, -6.049999999999999822 ) ) ;
#7086 = VERTEX_POINT ( 'NONE', #6609 ) ;
#7087 = VECTOR ( 'NONE', #3791, 1000.000000000000114 ) ;
#7088 = EDGE_LOOP ( 'NONE', ( #6792, #4602 ) ) ;
#7089 = VECTOR ( 'NONE', #6577, 1000.000000000000000 ) ;
#7090 = CARTESIAN_POINT ( 'NONE',  ( 14.48095719582069307, -66.16488035052240946, -6.349999999999999645 ) ) ;
#7091 = CARTESIAN_POINT ( 'NONE',  ( 22.93663633299629367, -67.66235254465789239, -6.349999999999999645 ) ) ;
#7092 = FACE_BOUND ( 'NONE', #3850, .T. ) ;
#7093 = DIRECTION ( 'NONE',  ( -0.000000000000000000, 1.000000000000000000, -0.000000000000000000 ) ) ;
#7094 = CARTESIAN_POINT ( 'NONE',  ( 12.00000000000000000, -32.00000000000000000, 15.00000000000000000 ) ) ;
#7095 = CIRCLE ( 'NONE', #4015, 0.7999999999999999334 ) ;
#7096 = VECTOR ( 'NONE', #4277, 1000.000000000000114 ) ;
#7097 = CARTESIAN_POINT ( 'NONE',  ( 14.49713515335355929, -63.58820357263228118, -6.049999999999999822 ) ) ;
#7098 = ORIENTED_EDGE ( 'NONE', *, *, #8758, .F. ) ;
#7099 = ORIENTED_EDGE ( 'NONE', *, *, #2006, .F. ) ;
#7100 = DIRECTION ( 'NONE',  ( 1.000000000000000000, 0.000000000000000000, 0.000000000000000000 ) ) ;
#7101 = VECTOR ( 'NONE', #2324, 1000.000000000000000 ) ;
#7102 = VECTOR ( 'NONE', #482, 1000.000000000000000 ) ;
#7103 = CARTESIAN_POINT ( 'NONE',  ( 18.67644084934277160, -61.14802831142567641, -6.349999999999999645 ) ) ;
#7104 = ORIENTED_EDGE ( 'NONE', *, *, #8705, .T. ) ;
#7105 = DIRECTION ( 'NONE',  ( 1.000000000000000000, 0.000000000000000000, 0.000000000000000000 ) ) ;
#7106 = EDGE_CURVE ( 'NONE', #4362, #1570, #6106, .T. ) ;
#7107 = DIRECTION ( 'NONE',  ( 0.5432761961549543717, 0.8395540332172811704, 0.000000000000000000 ) ) ;
#7108 = FACE_OUTER_BOUND ( 'NONE', #3704, .T. ) ;
#7109 = VERTEX_POINT ( 'NONE', #6570 ) ;
#7110 = EDGE_CURVE ( 'NONE', #5558, #7306, #3105, .T. ) ;
#7111 = CARTESIAN_POINT ( 'NONE',  ( 22.23761375126390405, -69.02871587462082914, -6.349999999999999645 ) ) ;
#7112 = AXIS2_PLACEMENT_3D ( 'NONE', #2956, #5087, #2443 ) ;
#7113 = ORIENTED_EDGE ( 'NONE', *, *, #4573, .F. ) ;
#7114 = VECTOR ( 'NONE', #6230, 1000.000000000000114 ) ;
#7115 = AXIS2_PLACEMENT_3D ( 'NONE', #151, #7209, #6607 ) ;
#7116 = EDGE_LOOP ( 'NONE', ( #7354, #5243, #390, #5092 ) ) ;
#7117 = ORIENTED_EDGE ( 'NONE', *, *, #7464, .F. ) ;
#7118 = ORIENTED_EDGE ( 'NONE', *, *, #5803, .T. ) ;
#7119 = FACE_OUTER_BOUND ( 'NONE', #1686, .T. ) ;
#7120 = VECTOR ( 'NONE', #6894, 1000.000000000000000 ) ;
#7121 = AXIS2_PLACEMENT_3D ( 'NONE', #1321, #2665, #1888 ) ;
#7122 = CARTESIAN_POINT ( 'NONE',  ( 20.25000000000000000, -32.00000000000000000, 13.00000000000000000 ) ) ;
#7123 = CARTESIAN_POINT ( 'NONE',  ( 3.218402426693629081, -62.14297269969665649, -6.049999999999999822 ) ) ;
#7124 = AXIS2_PLACEMENT_3D ( 'NONE', #5965, #6600, #5032 ) ;
#7125 = EDGE_CURVE ( 'NONE', #8086, #1034, #2366, .T. ) ;
#7126 = CARTESIAN_POINT ( 'NONE',  ( 25.30000000000000071, -7.000000000000000000, 13.00000000000000000 ) ) ;
#7127 = CARTESIAN_POINT ( 'NONE',  ( 6.712841253791708596, -62.89524772497472327, -6.049999999999999822 ) ) ;
#7128 = ORIENTED_EDGE ( 'NONE', *, *, #2715, .T. ) ;
#7129 = ORIENTED_EDGE ( 'NONE', *, *, #8191, .F. ) ;
#7130 = EDGE_CURVE ( 'NONE', #7657, #8757, #3710, .T. ) ;
#7131 = DIRECTION ( 'NONE',  ( -0.6408240951087262882, -0.7676877484551137831, 0.000000000000000000 ) ) ;
#7132 = VERTEX_POINT ( 'NONE', #207 ) ;
#7133 = VECTOR ( 'NONE', #8141, 1000.000000000000000 ) ;
#7134 = VECTOR ( 'NONE', #5421, 1000.000000000000227 ) ;
#7135 = CARTESIAN_POINT ( 'NONE',  ( 13.18672059319177414, -59.86727334007414214, -6.349999999999999645 ) ) ;
#7136 = DIRECTION ( 'NONE',  ( 0.000000000000000000, -1.000000000000000000, -0.000000000000000000 ) ) ;
#7137 = EDGE_LOOP ( 'NONE', ( #6017, #6270, #8542, #2318 ) ) ;
#7138 = DIRECTION ( 'NONE',  ( 1.000000000000000000, 0.000000000000000000, 0.000000000000000000 ) ) ;
#7139 = PLANE ( 'NONE',  #3870 ) ;
#7140 = CARTESIAN_POINT ( 'NONE',  ( 8.314459049544995040, -60.62628918099089503, -6.049999999999999822 ) ) ;
#7141 = ORIENTED_EDGE ( 'NONE', *, *, #4973, .T. ) ;
#7142 = ORIENTED_EDGE ( 'NONE', *, *, #3500, .T. ) ;
#7143 = CARTESIAN_POINT ( 'NONE',  ( 22.93663633299629367, -67.66235254465789239, -6.349999999999999645 ) ) ;
#7144 = CARTESIAN_POINT ( 'NONE',  ( 5.895348837209302140, -65.15510616784629860, -6.049999999999999822 ) ) ;
#7145 = CARTESIAN_POINT ( 'NONE',  ( 14.48095719582069307, -66.16488035052240946, -6.049999999999999822 ) ) ;
#7146 = CARTESIAN_POINT ( 'NONE',  ( 14.24999999999999822, -32.00000000000000000, 15.00000000000000000 ) ) ;
#7147 = CARTESIAN_POINT ( 'NONE',  ( 17.07684529828109277, -69.11803168183350010, -6.349999999999999645 ) ) ;
#7148 = PLANE ( 'NONE',  #5162 ) ;
#7150 = ORIENTED_EDGE ( 'NONE', *, *, #8808, .T. ) ;
#7149 = EDGE_CURVE ( 'NONE', #3486, #1797, #5835, .T. ) ;
#7151 = EDGE_CURVE ( 'NONE', #6284, #3861, #7656, .T. ) ;
#7152 = VERTEX_POINT ( 'NONE', #4761 ) ;
#7153 = LINE ( 'NONE', #2265, #447 ) ;
#7154 = CARTESIAN_POINT ( 'NONE',  ( 17.02628918099090072, -66.42002022244690806, -6.049999999999999822 ) ) ;
#7155 = ORIENTED_EDGE ( 'NONE', *, *, #1445, .F. ) ;
#7156 = CARTESIAN_POINT ( 'NONE',  ( 22.93663633299629367, -67.66235254465789239, -6.049999999999999822 ) ) ;
#7157 = FACE_OUTER_BOUND ( 'NONE', #7204, .T. ) ;
#7158 = DIRECTION ( 'NONE',  ( -0.3162277660168263393, -0.9486832980505176538, 0.000000000000000000 ) ) ;
#7159 = VERTEX_POINT ( 'NONE', #594 ) ;
#7160 = LINE ( 'NONE', #2959, #2569 ) ;
#7161 = ORIENTED_EDGE ( 'NONE', *, *, #1085, .F. ) ;
#7162 = VERTEX_POINT ( 'NONE', #5629 ) ;
#7163 = ORIENTED_EDGE ( 'NONE', *, *, #7240, .F. ) ;
#7164 = EDGE_CURVE ( 'NONE', #5503, #2710, #7578, .T. ) ;
#7165 = CARTESIAN_POINT ( 'NONE',  ( 18.67644084934277160, -68.33104145601616608, -6.049999999999999822 ) ) ;
#7166 = DIRECTION ( 'NONE',  ( -0.3401717048704679391, -0.9403633399944509863, -0.000000000000000000 ) ) ;
#7167 = CARTESIAN_POINT ( 'NONE',  ( 17.48129423660263271, -70.00242669362992842, -6.049999999999999822 ) ) ;
#7168 = CARTESIAN_POINT ( 'NONE',  ( 10.42601954836534972, -67.49416919447251928, -6.049999999999999822 ) ) ;
#7169 = DIRECTION ( 'NONE',  ( -0.9822985542239823786, 0.1873220498752722341, 0.000000000000000000 ) ) ;
#7170 = ORIENTED_EDGE ( 'NONE', *, *, #6951, .F. ) ;
#7171 = PLANE ( 'NONE',  #4921 ) ;
#7172 = ORIENTED_EDGE ( 'NONE', *, *, #5002, .T. ) ;
#7173 = VERTEX_POINT ( 'NONE', #6274 ) ;
#7174 = ADVANCED_FACE ( 'NONE', ( #4069 ), #6919, .F. ) ;
#7175 = EDGE_CURVE ( 'NONE', #1609, #3498, #552, .T. ) ;
#7176 = CARTESIAN_POINT ( 'NONE',  ( 24.80000000000000071, -5.000000000000000000, 13.00000000000000000 ) ) ;
#7177 = DIRECTION ( 'NONE',  ( -0.000000000000000000, -0.000000000000000000, 1.000000000000000000 ) ) ;
#7178 = VERTEX_POINT ( 'NONE', #2808 ) ;
#7179 = EDGE_CURVE ( 'NONE', #4391, #1764, #1940, .T. ) ;
#7180 = CARTESIAN_POINT ( 'NONE',  ( 15.00000000000000000, -35.00000000000000000, 13.00000000000000000 ) ) ;
#7181 = DIRECTION ( 'NONE',  ( 0.000000000000000000, 0.000000000000000000, -1.000000000000000000 ) ) ;
#7182 = LINE ( 'NONE', #859, #4480 ) ;
#7183 = ORIENTED_EDGE ( 'NONE', *, *, #1548, .T. ) ;
#7184 = ORIENTED_EDGE ( 'NONE', *, *, #3447, .F. ) ;
#7185 = EDGE_CURVE ( 'NONE', #1833, #2498, #4940, .T. ) ;
#7186 = CARTESIAN_POINT ( 'NONE',  ( 7.000000000000000000, 9.799999999999998934, 12.32499999999999929 ) ) ;
#7187 = LINE ( 'NONE', #722, #5338 ) ;
#7188 = FACE_BOUND ( 'NONE', #6214, .T. ) ;
#7189 = DIRECTION ( 'NONE',  ( -0.000000000000000000, -0.000000000000000000, 1.000000000000000000 ) ) ;
#7190 = LINE ( 'NONE', #8528, #5446 ) ;
#7191 = CARTESIAN_POINT ( 'NONE',  ( 11.83990562858106088, -67.72706437478935015, -6.049999999999999822 ) ) ;
#7192 = VERTEX_POINT ( 'NONE', #8354 ) ;
#7193 = ORIENTED_EDGE ( 'NONE', *, *, #6565, .F. ) ;
#7194 = DIRECTION ( 'NONE',  ( 0.000000000000000000, 0.000000000000000000, -1.000000000000000000 ) ) ;
#7195 = CARTESIAN_POINT ( 'NONE',  ( 16.70003370407819432, -64.38092349174250728, -6.049999999999999822 ) ) ;
#7196 = EDGE_CURVE ( 'NONE', #7452, #163, #6877, .T. ) ;
#7198 = EDGE_CURVE ( 'NONE', #7613, #2831, #4027, .T. ) ;
#7197 = VERTEX_POINT ( 'NONE', #6142 ) ;
#7199 = CARTESIAN_POINT ( 'NONE',  ( 12.17290192113245695, -66.88715874620828572, -6.049999999999999822 ) ) ;
#7200 = DIRECTION ( 'NONE',  ( -0.4877236457146722493, 0.8729980786982229901, 0.000000000000000000 ) ) ;
#7201 = CARTESIAN_POINT ( 'NONE',  ( 5.244186046511623900, -66.44934277047524063, -6.049999999999999822 ) ) ;
#7202 = VERTEX_POINT ( 'NONE', #8995 ) ;
#7203 = PLANE ( 'NONE',  #579 ) ;
#7204 = EDGE_LOOP ( 'NONE', ( #2578, #800, #3665, #3117 ) ) ;
#7205 = ORIENTED_EDGE ( 'NONE', *, *, #6434, .T. ) ;
#7206 = ORIENTED_EDGE ( 'NONE', *, *, #3859, .F. ) ;
#7207 = DIRECTION ( 'NONE',  ( -0.000000000000000000, -0.000000000000000000, 1.000000000000000000 ) ) ;
#7208 = CARTESIAN_POINT ( 'NONE',  ( 10.75631951466127489, -67.94580384226490821, -6.049999999999999822 ) ) ;
#7209 = DIRECTION ( 'NONE',  ( 0.8378277460071223981, 0.5459346737665824456, 0.000000000000000000 ) ) ;
#7210 = VECTOR ( 'NONE', #5395, 1000.000000000000000 ) ;
#7211 = CARTESIAN_POINT ( 'NONE',  ( 22.00000000000000000, 9.500000000000000000, -2.674999999999999822 ) ) ;
#7212 = DIRECTION ( 'NONE',  ( 1.000000000000000000, 0.000000000000000000, 0.000000000000000000 ) ) ;
#7213 = ORIENTED_EDGE ( 'NONE', *, *, #4052, .T. ) ;
#7214 = ORIENTED_EDGE ( 'NONE', *, *, #8808, .F. ) ;
#7215 = CIRCLE ( 'NONE', #7956, 0.7500000000000006661 ) ;
#7216 = CARTESIAN_POINT ( 'NONE',  ( 11.68756319514661257, -67.96248736097066967, -6.049999999999999822 ) ) ;
#7217 = VERTEX_POINT ( 'NONE', #2123 ) ;
#7218 = EDGE_LOOP ( 'NONE', ( #1735, #8352, #7586, #3039 ) ) ;
#7219 = VECTOR ( 'NONE', #782, 1000.000000000000000 ) ;
#7220 = FACE_BOUND ( 'NONE', #3194, .T. ) ;
#7221 = LINE ( 'NONE', #217, #1505 ) ;
#7222 = ORIENTED_EDGE ( 'NONE', *, *, #5940, .T. ) ;
#7223 = CARTESIAN_POINT ( 'NONE',  ( 17.02628918099090072, -64.64246713852375592, -6.349999999999999645 ) ) ;
#7224 = DIRECTION ( 'NONE',  ( 0.5366747485976347543, -0.8437892001072693215, 0.000000000000000000 ) ) ;
#7226 = ADVANCED_FACE ( 'NONE', ( #7755 ), #6180, .F. ) ;
#7225 = FACE_OUTER_BOUND ( 'NONE', #7393, .T. ) ;
#7227 = ORIENTED_EDGE ( 'NONE', *, *, #8770, .F. ) ;
#7228 = EDGE_CURVE ( 'NONE', #6791, #5091, #2677, .T. ) ;
#7229 = VECTOR ( 'NONE', #8299, 1000.000000000000000 ) ;
#7230 = LINE ( 'NONE', #8625, #6930 ) ;
#7231 = DIRECTION ( 'NONE',  ( -0.9425176360692421040, 0.3341564090339245729, 0.000000000000000000 ) ) ;
#7232 = CIRCLE ( 'NONE', #3257, 0.7500000000000006661 ) ;
#7233 = PLANE ( 'NONE',  #6378 ) ;
#7234 = CARTESIAN_POINT ( 'NONE',  ( 34.20000000000000284, 4.200000000000000178, -4.349999999999999645 ) ) ;
#7235 = DIRECTION ( 'NONE',  ( -1.000000000000000000, -0.000000000000000000, -0.000000000000000000 ) ) ;
#7236 = ADVANCED_FACE ( 'NONE', ( #5497 ), #2024, .T. ) ;
#7237 = EDGE_CURVE ( 'NONE', #1936, #6473, #6970, .T. ) ;
#7238 = DIRECTION ( 'NONE',  ( -0.000000000000000000, -0.000000000000000000, 1.000000000000000000 ) ) ;
#7239 = ORIENTED_EDGE ( 'NONE', *, *, #7179, .F. ) ;
#7240 = EDGE_CURVE ( 'NONE', #1440, #7277, #647, .T. ) ;
#7241 = VECTOR ( 'NONE', #1951, 1000.000000000000000 ) ;
#7242 = ORIENTED_EDGE ( 'NONE', *, *, #3067, .F. ) ;
#7243 = CARTESIAN_POINT ( 'NONE',  ( 11.54465790360633548, -68.18611391978429026, -6.049999999999999822 ) ) ;
#7244 = LINE ( 'NONE', #7195, #7697 ) ;
#7245 = VECTOR ( 'NONE', #8255, 1000.000000000000000 ) ;
#7246 = CARTESIAN_POINT ( 'NONE',  ( 12.01516683518705797, -61.50208965284798523, -6.349999999999999645 ) ) ;
#7247 = CARTESIAN_POINT ( 'NONE',  ( 4.886754297269968461, -67.03276036400403370, -6.049999999999999822 ) ) ;
#7248 = CARTESIAN_POINT ( 'NONE',  ( 11.71183013144590390, -60.56107178968654381, -6.049999999999999822 ) ) ;
#7249 = VECTOR ( 'NONE', #3659, 1000.000000000000000 ) ;
#7250 = VERTEX_POINT ( 'NONE', #1289 ) ;
#7251 = PLANE ( 'NONE',  #6254 ) ;
#7252 = EDGE_LOOP ( 'NONE', ( #3926, #7844, #2891, #5583 ) ) ;
#7253 = ORIENTED_EDGE ( 'NONE', *, *, #8626, .F. ) ;
#7254 = VECTOR ( 'NONE', #221, 1000.000000000000000 ) ;
#7255 = EDGE_CURVE ( 'NONE', #7593, #7192, #514, .T. ) ;
#7256 = VECTOR ( 'NONE', #7177, 1000.000000000000000 ) ;
#7257 = EDGE_LOOP ( 'NONE', ( #8047, #6166 ) ) ;
#7258 = LINE ( 'NONE', #4443, #2263 ) ;
#7259 = DIRECTION ( 'NONE',  ( -1.000000000000000000, 0.000000000000000000, 0.000000000000000000 ) ) ;
#7260 = AXIS2_PLACEMENT_3D ( 'NONE', #1870, #8152, #2566 ) ;
#7261 = DIRECTION ( 'NONE',  ( 1.000000000000000000, 0.000000000000000000, 0.000000000000000000 ) ) ;
#7263 = DIRECTION ( 'NONE',  ( 0.000000000000000000, 0.000000000000000000, -1.000000000000000000 ) ) ;
#7262 = VECTOR ( 'NONE', #8447, 1000.000000000000000 ) ;
#7264 = ORIENTED_EDGE ( 'NONE', *, *, #8410, .T. ) ;
#7265 = VERTEX_POINT ( 'NONE', #3464 ) ;
#7266 = AXIS2_PLACEMENT_3D ( 'NONE', #7950, #8782, #1625 ) ;
#7267 = DIRECTION ( 'NONE',  ( 1.000000000000000000, 0.000000000000000000, 0.000000000000000000 ) ) ;
#7268 = ORIENTED_EDGE ( 'NONE', *, *, #2932, .F. ) ;
#7269 = EDGE_LOOP ( 'NONE', ( #2618, #1287 ) ) ;
#7270 = ADVANCED_FACE ( 'NONE', ( #2765 ), #2629, .T. ) ;
#7271 = EDGE_CURVE ( 'NONE', #3353, #2316, #7939, .T. ) ;
#7272 = VECTOR ( 'NONE', #2615, 1000.000000000000114 ) ;
#7273 = VECTOR ( 'NONE', #5115, 1000.000000000000000 ) ;
#7274 = VECTOR ( 'NONE', #238, 1000.000000000000000 ) ;
#7275 = CARTESIAN_POINT ( 'NONE',  ( 27.12133468149646376, -66.94782608695651049, -6.049999999999999822 ) ) ;
#7276 = PLANE ( 'NONE',  #5489 ) ;
#7277 = VERTEX_POINT ( 'NONE', #5822 ) ;
#7278 = CARTESIAN_POINT ( 'NONE',  ( 9.632457027300302954, -63.02972699696663028, -6.349999999999999645 ) ) ;
#7279 = LINE ( 'NONE', #8700, #1655 ) ;
#7280 = ORIENTED_EDGE ( 'NONE', *, *, #731, .T. ) ;
#7282 = VECTOR ( 'NONE', #7038, 1000.000000000000000 ) ;
#7281 = LINE ( 'NONE', #8840, #1679 ) ;
#7283 = ORIENTED_EDGE ( 'NONE', *, *, #6724, .F. ) ;
#7284 = VECTOR ( 'NONE', #3195, 1000.000000000000000 ) ;
#7285 = VECTOR ( 'NONE', #4686, 1000.000000000000227 ) ;
#7286 = PLANE ( 'NONE',  #2805 ) ;
#7287 = VECTOR ( 'NONE', #8742, 1000.000000000000114 ) ;
#7288 = EDGE_CURVE ( 'NONE', #1570, #4362, #2572, .T. ) ;
#7290 = DIRECTION ( 'NONE',  ( 0.000000000000000000, 0.000000000000000000, -1.000000000000000000 ) ) ;
#7289 = VECTOR ( 'NONE', #9126, 1000.000000000000114 ) ;
#7291 = CARTESIAN_POINT ( 'NONE',  ( 18.67644084934277160, -64.73953488372092124, -6.049999999999999822 ) ) ;
#7292 = PLANE ( 'NONE',  #8577 ) ;
#7293 = CARTESIAN_POINT ( 'NONE',  ( 32.00000000000000000, -52.00000000000000711, 1.650000000000000355 ) ) ;
#7294 = CARTESIAN_POINT ( 'NONE',  ( 25.71385237613751329, -65.49180990899898802, -6.349999999999999645 ) ) ;
#7295 = VERTEX_POINT ( 'NONE', #7795 ) ;
#7296 = ORIENTED_EDGE ( 'NONE', *, *, #1987, .F. ) ;
#7297 = EDGE_CURVE ( 'NONE', #5241, #7295, #4982, .T. ) ;
#7298 = DIRECTION ( 'NONE',  ( 0.6422646925144749330, 0.7664829187589811132, 0.000000000000000000 ) ) ;
#7299 = EDGE_CURVE ( 'NONE', #2078, #8459, #6363, .T. ) ;
#7300 = DIRECTION ( 'NONE',  ( -1.000000000000000000, -0.000000000000000000, -0.000000000000000000 ) ) ;
#7301 = FACE_OUTER_BOUND ( 'NONE', #8600, .T. ) ;
#7302 = CARTESIAN_POINT ( 'NONE',  ( 9.727502527805865995, -66.39019211324570335, -6.349999999999999645 ) ) ;
#7303 = DIRECTION ( 'NONE',  ( -0.9057828106549308256, -0.4237422564744444675, 0.000000000000000000 ) ) ;
#7304 = ORIENTED_EDGE ( 'NONE', *, *, #183, .T. ) ;
#7305 = FACE_OUTER_BOUND ( 'NONE', #4885, .T. ) ;
#7306 = VERTEX_POINT ( 'NONE', #5861 ) ;
#7307 = EDGE_CURVE ( 'NONE', #3065, #4532, #8587, .T. ) ;
#7308 = EDGE_LOOP ( 'NONE', ( #9012, #1565, #8949, #4184 ) ) ;
#7309 = VERTEX_POINT ( 'NONE', #7154 ) ;
#7310 = EDGE_CURVE ( 'NONE', #5724, #2830, #2905, .T. ) ;
#7311 = LINE ( 'NONE', #5236, #4180 ) ;
#7312 = CARTESIAN_POINT ( 'NONE',  ( 22.44994944388270852, -58.59999999999999432, -6.349999999999999645 ) ) ;
#7313 = FACE_OUTER_BOUND ( 'NONE', #5771, .T. ) ;
#7314 = CARTESIAN_POINT ( 'NONE',  ( 11.25000000000000000, -38.00000000000000000, 15.00000000000000000 ) ) ;
#7315 = VERTEX_POINT ( 'NONE', #6556 ) ;
#7316 = EDGE_LOOP ( 'NONE', ( #7381, #22 ) ) ;
#7317 = PLANE ( 'NONE',  #3754 ) ;
#7318 = ORIENTED_EDGE ( 'NONE', *, *, #2915, .F. ) ;
#7319 = EDGE_LOOP ( 'NONE', ( #6964, #8643, #4819, #8325 ) ) ;
#7320 = CARTESIAN_POINT ( 'NONE',  ( -6.000000000000000000, -75.00000000000000000, -6.349999999999999645 ) ) ;
#7321 = CARTESIAN_POINT ( 'NONE',  ( 8.314459049544995040, -62.82851365015167033, -6.049999999999999822 ) ) ;
#7322 = ORIENTED_EDGE ( 'NONE', *, *, #1704, .T. ) ;
#7323 = EDGE_CURVE ( 'NONE', #6817, #2735, #3647, .T. ) ;
#7324 = PLANE ( 'NONE',  #5224 ) ;
#7325 = DIRECTION ( 'NONE',  ( 0.000000000000000000, 1.000000000000000000, 0.000000000000000000 ) ) ;
#7326 = ADVANCED_FACE ( 'NONE', ( #5082 ), #1424, .T. ) ;
#7327 = ORIENTED_EDGE ( 'NONE', *, *, #1917, .F. ) ;
#7328 = DIRECTION ( 'NONE',  ( -0.2896152683818852269, 0.9571431430669544715, 0.000000000000000000 ) ) ;
#7329 = EDGE_LOOP ( 'NONE', ( #2494, #8673 ) ) ;
#7330 = LINE ( 'NONE', #6630, #1786 ) ;
#7331 = DIRECTION ( 'NONE',  ( 0.000000000000000000, 0.000000000000000000, -1.000000000000000000 ) ) ;
#7332 = LINE ( 'NONE', #7538, #7705 ) ;
#7333 = CARTESIAN_POINT ( 'NONE',  ( 19.14829794405122954, -68.99164138860801643, -6.349999999999999645 ) ) ;
#7334 =( NAMED_UNIT ( * ) PLANE_ANGLE_UNIT ( ) SI_UNIT ( $, .RADIAN. ) );
#7335 = CARTESIAN_POINT ( 'NONE',  ( 13.51836872261543654, -60.96332996292550632, -6.049999999999999822 ) ) ;
#7336 = VERTEX_POINT ( 'NONE', #1613 ) ;
#7337 = ORIENTED_EDGE ( 'NONE', *, *, #3129, .T. ) ;
#7338 = DIRECTION ( 'NONE',  ( 0.000000000000000000, 0.000000000000000000, 1.000000000000000000 ) ) ;
#7339 = CYLINDRICAL_SURFACE ( 'NONE', #5638, 0.5000000000000004441 ) ;
#7340 = PLANE ( 'NONE',  #4008 ) ;
#7341 = DIRECTION ( 'NONE',  ( 0.1838260591562008994, 0.9829587885435995265, 0.000000000000000000 ) ) ;
#7342 = DIRECTION ( 'NONE',  ( 1.000000000000000000, 0.000000000000000000, 0.000000000000000000 ) ) ;
#7343 = DIRECTION ( 'NONE',  ( 1.000000000000000000, 0.000000000000000000, 0.000000000000000000 ) ) ;
#7344 = ADVANCED_FACE ( 'NONE', ( #2951 ), #875, .T. ) ;
#7345 = ORIENTED_EDGE ( 'NONE', *, *, #1736, .T. ) ;
#7346 = EDGE_CURVE ( 'NONE', #3490, #5425, #7244, .T. ) ;
#7347 = ORIENTED_EDGE ( 'NONE', *, *, #2274, .F. ) ;
#7348 = ORIENTED_EDGE ( 'NONE', *, *, #2795, .T. ) ;
#7349 = EDGE_CURVE ( 'NONE', #5969, #5778, #8635, .T. ) ;
#7350 = PLANE ( 'NONE',  #6541 ) ;
#7351 = DIRECTION ( 'NONE',  ( -0.000000000000000000, -0.000000000000000000, 1.000000000000000000 ) ) ;
#7352 = CARTESIAN_POINT ( 'NONE',  ( 18.75000000000000355, -38.00000000000000000, 13.00000000000000000 ) ) ;
#7353 = DIRECTION ( 'NONE',  ( 0.5176600564536130156, -0.8555863871944446863, 0.000000000000000000 ) ) ;
#7354 = ORIENTED_EDGE ( 'NONE', *, *, #5205, .F. ) ;
#7355 = ORIENTED_EDGE ( 'NONE', *, *, #3077, .T. ) ;
#7356 = DIRECTION ( 'NONE',  ( 1.000000000000000000, 0.000000000000000000, 0.000000000000000000 ) ) ;
#7357 = VERTEX_POINT ( 'NONE', #235 ) ;
#7358 = ADVANCED_FACE ( 'NONE', ( #735 ), #3548, .F. ) ;
#7359 = VERTEX_POINT ( 'NONE', #4430 ) ;
#7360 = EDGE_CURVE ( 'NONE', #9136, #8931, #926, .T. ) ;
#7361 = CARTESIAN_POINT ( 'NONE',  ( 19.79878665318503650, -67.97040781934614984, -6.349999999999999645 ) ) ;
#7362 = FACE_BOUND ( 'NONE', #2428, .T. ) ;
#7364 = ORIENTED_EDGE ( 'NONE', *, *, #1222, .F. ) ;
#7363 = CIRCLE ( 'NONE', #435, 0.5000000000000004441 ) ;
#7365 = CARTESIAN_POINT ( 'NONE',  ( 9.056117290192112534, -65.03528816986855077, -6.049999999999999822 ) ) ;
#7366 = DIRECTION ( 'NONE',  ( 0.000000000000000000, -0.000000000000000000, 1.000000000000000000 ) ) ;
#7367 = EDGE_LOOP ( 'NONE', ( #4941, #5035, #1110, #2910 ) ) ;
#7368 = CARTESIAN_POINT ( 'NONE',  ( 11.86147623862487244, -61.03747893495112464, -6.349999999999999645 ) ) ;
#7369 = ORIENTED_EDGE ( 'NONE', *, *, #3819, .T. ) ;
#7370 = VECTOR ( 'NONE', #8860, 1000.000000000000114 ) ;
#7371 = EDGE_CURVE ( 'NONE', #250, #2731, #2165, .T. ) ;
#7372 = ADVANCED_FACE ( 'NONE', ( #5723 ), #8536, .T. ) ;
#7373 = DIRECTION ( 'NONE',  ( -0.1724095775557430710, -0.9850253486926364710, 0.000000000000000000 ) ) ;
#7374 = DIRECTION ( 'NONE',  ( 0.000000000000000000, 0.000000000000000000, -1.000000000000000000 ) ) ;
#7375 = DIRECTION ( 'NONE',  ( -0.7590256137038612350, 0.6510607634787070053, 0.000000000000000000 ) ) ;
#7376 = CARTESIAN_POINT ( 'NONE',  ( 20.59622514324233222, -68.98355240984157888, -6.049999999999999822 ) ) ;
#7377 = LINE ( 'NONE', #7468, #3091 ) ;
#7378 = VECTOR ( 'NONE', #1455, 1000.000000000000000 ) ;
#7379 = LINE ( 'NONE', #1053, #7856 ) ;
#7380 = VERTEX_POINT ( 'NONE', #1523 ) ;
#7381 = ORIENTED_EDGE ( 'NONE', *, *, #5683, .T. ) ;
#7382 = AXIS2_PLACEMENT_3D ( 'NONE', #7878, #2838, #8561 ) ;
#7383 = DIRECTION ( 'NONE',  ( -0.3011023729467460774, -0.9535918209621130348, -0.000000000000000000 ) ) ;
#7384 = FACE_OUTER_BOUND ( 'NONE', #9053, .T. ) ;
#7385 = DIRECTION ( 'NONE',  ( 1.000000000000000000, 0.000000000000000000, 0.000000000000000000 ) ) ;
#7386 = LINE ( 'NONE', #5269, #4450 ) ;
#7387 = DIRECTION ( 'NONE',  ( 1.000000000000000000, 0.000000000000000000, 0.000000000000000000 ) ) ;
#7388 = CARTESIAN_POINT ( 'NONE',  ( 11.42467138523761427, -59.57286821705425695, -6.049999999999999822 ) ) ;
#7389 = VECTOR ( 'NONE', #3337, 1000.000000000000000 ) ;
#7390 = DIRECTION ( 'NONE',  ( 0.06457084927691522647, -0.9979131251885897669, 0.000000000000000000 ) ) ;
#7391 = EDGE_LOOP ( 'NONE', ( #7862, #2431, #6251, #8658 ) ) ;
#7392 = ORIENTED_EDGE ( 'NONE', *, *, #8303, .F. ) ;
#7393 = EDGE_LOOP ( 'NONE', ( #3556, #4585, #2132, #5054 ) ) ;
#7394 = VECTOR ( 'NONE', #8909, 1000.000000000000000 ) ;
#7395 = AXIS2_PLACEMENT_3D ( 'NONE', #455, #6040, #1848 ) ;
#7396 = CARTESIAN_POINT ( 'NONE',  ( 12.00000000000000000, -32.00000000000000000, 13.00000000000000000 ) ) ;
#7397 = EDGE_CURVE ( 'NONE', #7491, #8298, #3187, .T. ) ;
#7398 = LINE ( 'NONE', #3661, #2987 ) ;
#7399 = CARTESIAN_POINT ( 'NONE',  ( -4.200000000000000178, -54.20000000000000284, -6.349999999999999645 ) ) ;
#7400 = VERTEX_POINT ( 'NONE', #374 ) ;
#7401 = ORIENTED_EDGE ( 'NONE', *, *, #6941, .T. ) ;
#7402 = CARTESIAN_POINT ( 'NONE',  ( 15.75000000000000000, -32.00000000000000000, 15.00000000000000000 ) ) ;
#7403 = VECTOR ( 'NONE', #623, 1000.000000000000114 ) ;
#7404 = ORIENTED_EDGE ( 'NONE', *, *, #7791, .T. ) ;
#7405 = AXIS2_PLACEMENT_3D ( 'NONE', #2302, #4931, #8524 ) ;
#7406 = ORIENTED_EDGE ( 'NONE', *, *, #8994, .T. ) ;
#7407 = ADVANCED_FACE ( 'NONE', ( #3969 ), #8176, .F. ) ;
#7408 = CARTESIAN_POINT ( 'NONE',  ( 24.06370070778564241, -65.49180990899898802, -6.349999999999999645 ) ) ;
#7409 = AXIS2_PLACEMENT_3D ( 'NONE', #8137, #518, #1990 ) ;
#7410 = EDGE_CURVE ( 'NONE', #4273, #7523, #1714, .T. ) ;
#7411 = CARTESIAN_POINT ( 'NONE',  ( 5.580384226491403865, -65.82345803842264331, -6.049999999999999822 ) ) ;
#7412 = VECTOR ( 'NONE', #1133, 1000.000000000000000 ) ;
#7413 = ORIENTED_EDGE ( 'NONE', *, *, #4674, .F. ) ;
#7414 = DIRECTION ( 'NONE',  ( 0.000000000000000000, 0.000000000000000000, -1.000000000000000000 ) ) ;
#7415 = DIRECTION ( 'NONE',  ( -0.000000000000000000, -0.000000000000000000, 1.000000000000000000 ) ) ;
#7416 = ORIENTED_EDGE ( 'NONE', *, *, #316, .F. ) ;
#7417 = DIRECTION ( 'NONE',  ( 0.1056009123958065177, -0.9944085917273508546, 0.000000000000000000 ) ) ;
#7418 = VERTEX_POINT ( 'NONE', #8719 ) ;
#7419 = VECTOR ( 'NONE', #3313, 1000.000000000000114 ) ;
#7420 = VECTOR ( 'NONE', #5760, 1000.000000000000000 ) ;
#7421 = EDGE_CURVE ( 'NONE', #5285, #260, #6597, .T. ) ;
#7422 = VECTOR ( 'NONE', #5412, 1000.000000000000000 ) ;
#7423 = LINE ( 'NONE', #7928, #2374 ) ;
#7424 = DIRECTION ( 'NONE',  ( -0.8339892152642821577, 0.5517807434324496496, 0.000000000000000000 ) ) ;
#7425 = VECTOR ( 'NONE', #906, 1000.000000000000000 ) ;
#7426 = VECTOR ( 'NONE', #6232, 1000.000000000000000 ) ;
#7427 = DIRECTION ( 'NONE',  ( 0.000000000000000000, 0.000000000000000000, -1.000000000000000000 ) ) ;
#7428 = CARTESIAN_POINT ( 'NONE',  ( 5.580384226491403865, -65.82345803842264331, -6.349999999999999645 ) ) ;
#7429 = AXIS2_PLACEMENT_3D ( 'NONE', #6366, #2168, #4985 ) ;
#7430 = CARTESIAN_POINT ( 'NONE',  ( 12.00000000000000000, -35.00000000000000000, 15.00000000000000000 ) ) ;
#7431 = VERTEX_POINT ( 'NONE', #4525 ) ;
#7432 = EDGE_LOOP ( 'NONE', ( #3778, #5150, #4297, #6386 ) ) ;
#7433 = CIRCLE ( 'NONE', #8614, 0.7500000000000006661 ) ;
#7434 = VECTOR ( 'NONE', #6383, 1000.000000000000000 ) ;
#7435 = DIRECTION ( 'NONE',  ( 1.000000000000000000, 0.000000000000000000, 0.000000000000000000 ) ) ;
#7436 = FACE_OUTER_BOUND ( 'NONE', #6186, .T. ) ;
#7437 = DIRECTION ( 'NONE',  ( 0.000000000000000000, 1.000000000000000000, 0.000000000000000000 ) ) ;
#7438 = LINE ( 'NONE', #7988, #7394 ) ;
#7439 = DIRECTION ( 'NONE',  ( 0.000000000000000000, 0.000000000000000000, -1.000000000000000000 ) ) ;
#7440 = PLANE ( 'NONE',  #4629 ) ;
#7441 = EDGE_CURVE ( 'NONE', #420, #5080, #412, .T. ) ;
#7442 = ADVANCED_FACE ( 'NONE', ( #3271 ), #7339, .F. ) ;
#7443 = LINE ( 'NONE', #1892, #5746 ) ;
#7444 = EDGE_LOOP ( 'NONE', ( #2999, #291, #2246, #8651 ) ) ;
#7445 = ORIENTED_EDGE ( 'NONE', *, *, #1616, .T. ) ;
#7446 = LINE ( 'NONE', #1124, #203 ) ;
#7447 = LINE ( 'NONE', #6841, #8597 ) ;
#7448 = CARTESIAN_POINT ( 'NONE',  ( 5.078867542972695048, -63.79582069430400537, -6.349999999999999645 ) ) ;
#7449 = VERTEX_POINT ( 'NONE', #6042 ) ;
#7450 = ORIENTED_EDGE ( 'NONE', *, *, #1590, .F. ) ;
#7451 = LINE ( 'NONE', #7531, #214 ) ;
#7452 = VERTEX_POINT ( 'NONE', #6093 ) ;
#7453 = ORIENTED_EDGE ( 'NONE', *, *, #3447, .T. ) ;
#7454 = EDGE_CURVE ( 'NONE', #3978, #7492, #2448, .T. ) ;
#7455 = LINE ( 'NONE', #8193, #7241 ) ;
#7456 = DIRECTION ( 'NONE',  ( 0.2921690499770693838, -0.9563666902582381724, 0.000000000000000000 ) ) ;
#7457 = ORIENTED_EDGE ( 'NONE', *, *, #7859, .T. ) ;
#7458 = DIRECTION ( 'NONE',  ( -0.5176600564536130156, 0.8555863871944446863, -0.000000000000000000 ) ) ;
#7459 = PLANE ( 'NONE',  #7260 ) ;
#7460 = ORIENTED_EDGE ( 'NONE', *, *, #7110, .F. ) ;
#7461 = CARTESIAN_POINT ( 'NONE',  ( 23.30000000000000071, -5.000000000000000000, 13.00000000000000000 ) ) ;
#7462 = VERTEX_POINT ( 'NONE', #1062 ) ;
#7463 = ADVANCED_FACE ( 'NONE', ( #4665 ), #6696, .T. ) ;
#7464 = EDGE_CURVE ( 'NONE', #3028, #7804, #6737, .T. ) ;
#7465 = LINE ( 'NONE', #574, #1047 ) ;
#7466 = DIRECTION ( 'NONE',  ( -0.000000000000000000, -0.000000000000000000, 1.000000000000000000 ) ) ;
#7467 = FACE_OUTER_BOUND ( 'NONE', #143, .T. ) ;
#7468 = CARTESIAN_POINT ( 'NONE',  ( 17.22851365015166891, -69.61449275362318190, -6.049999999999999822 ) ) ;
#7469 = CARTESIAN_POINT ( 'NONE',  ( 14.81799797775530791, -64.24206268958543831, -6.349999999999999645 ) ) ;
#7470 = ORIENTED_EDGE ( 'NONE', *, *, #6182, .F. ) ;
#7471 = ORIENTED_EDGE ( 'NONE', *, *, #1566, .T. ) ;
#7472 = ADVANCED_FACE ( 'NONE', ( #8908 ), #321, .F. ) ;
#7473 = VERTEX_POINT ( 'NONE', #5361 ) ;
#7474 = DIRECTION ( 'NONE',  ( -0.9796084950143419956, 0.2009158940844049390, 0.000000000000000000 ) ) ;
#7475 = FACE_OUTER_BOUND ( 'NONE', #631, .T. ) ;
#7476 = DIRECTION ( 'NONE',  ( 0.9582893501805249681, 0.2857997923907349969, 0.000000000000000000 ) ) ;
#7477 = DIRECTION ( 'NONE',  ( 1.000000000000000000, 0.000000000000000000, 0.000000000000000000 ) ) ;
#7478 = DIRECTION ( 'NONE',  ( 0.000000000000000000, 0.000000000000000000, -1.000000000000000000 ) ) ;
#7479 = PLANE ( 'NONE',  #1521 ) ;
#7480 = DIRECTION ( 'NONE',  ( -0.000000000000000000, 1.000000000000000000, 0.000000000000000000 ) ) ;
#7481 = ORIENTED_EDGE ( 'NONE', *, *, #5766, .T. ) ;
#7482 = ORIENTED_EDGE ( 'NONE', *, *, #2023, .F. ) ;
#7483 = EDGE_CURVE ( 'NONE', #4453, #6575, #2585, .T. ) ;
#7484 = EDGE_CURVE ( 'NONE', #182, #223, #5207, .T. ) ;
#7485 = CARTESIAN_POINT ( 'NONE',  ( 17.48129423660263271, -70.00242669362992842, -6.349999999999999645 ) ) ;
#7486 = CARTESIAN_POINT ( 'NONE',  ( 12.17290192113245695, -70.57573306370069588, -6.349999999999999645 ) ) ;
#7487 = CARTESIAN_POINT ( 'NONE',  ( 10.02932254802831480, -63.87805864509606124, -6.349999999999999645 ) ) ;
#7488 = ORIENTED_EDGE ( 'NONE', *, *, #5158, .T. ) ;
#7489 = ORIENTED_EDGE ( 'NONE', *, *, #1270, .F. ) ;
#7490 = LINE ( 'NONE', #1165, #4185 ) ;
#7491 = VERTEX_POINT ( 'NONE', #1114 ) ;
#7492 = VERTEX_POINT ( 'NONE', #3093 ) ;
#7493 = DIRECTION ( 'NONE',  ( -0.000000000000000000, -0.000000000000000000, 1.000000000000000000 ) ) ;
#7494 = DIRECTION ( 'NONE',  ( -0.9478986269603330017, -0.3185721158650196561, 0.000000000000000000 ) ) ;
#7495 = VERTEX_POINT ( 'NONE', #2487 ) ;
#7496 = CARTESIAN_POINT ( 'NONE',  ( 5.895348837209302140, -65.15510616784629860, -6.349999999999999645 ) ) ;
#7497 = DIRECTION ( 'NONE',  ( -0.9208999884760536991, -0.3897989369210800303, 0.000000000000000000 ) ) ;
#7498 = EDGE_LOOP ( 'NONE', ( #3656, #8581 ) ) ;
#7499 = FACE_OUTER_BOUND ( 'NONE', #1030, .T. ) ;
#7500 = ORIENTED_EDGE ( 'NONE', *, *, #3180, .T. ) ;
#7501 = CARTESIAN_POINT ( 'NONE',  ( 15.00000000000000000, -38.00000000000000000, 13.00000000000000000 ) ) ;
#7502 = FACE_OUTER_BOUND ( 'NONE', #6477, .T. ) ;
#7503 = ADVANCED_FACE ( 'NONE', ( #5905 ), #5307, .F. ) ;
#7504 = DIRECTION ( 'NONE',  ( -0.1670542620124292332, -0.9859477032497629967, 0.000000000000000000 ) ) ;
#7505 = EDGE_CURVE ( 'NONE', #5516, #242, #1803, .T. ) ;
#7506 = VECTOR ( 'NONE', #6496, 1000.000000000000114 ) ;
#7507 = LINE ( 'NONE', #4825, #4617 ) ;
#7508 = ORIENTED_EDGE ( 'NONE', *, *, #668, .F. ) ;
#7509 = VECTOR ( 'NONE', #8081, 1000.000000000000000 ) ;
#7510 = ORIENTED_EDGE ( 'NONE', *, *, #4531, .F. ) ;
#7511 = VERTEX_POINT ( 'NONE', #1666 ) ;
#7512 = CARTESIAN_POINT ( 'NONE',  ( 21.05156723963600029, -69.60202224469159660, -6.349999999999999645 ) ) ;
#7513 = DIRECTION ( 'NONE',  ( 1.000000000000000000, 0.000000000000000000, 0.000000000000000000 ) ) ;
#7514 = VECTOR ( 'NONE', #3786, 1000.000000000000114 ) ;
#7515 = DIRECTION ( 'NONE',  ( 0.3140574632484739448, -0.9494039760702149833, 0.000000000000000000 ) ) ;
#7516 = EDGE_CURVE ( 'NONE', #3838, #5386, #4484, .T. ) ;
#7517 = DIRECTION ( 'NONE',  ( -0.000000000000000000, 0.000000000000000000, 1.000000000000000000 ) ) ;
#7518 = DIRECTION ( 'NONE',  ( 0.000000000000000000, 0.000000000000000000, 1.000000000000000000 ) ) ;
#7519 = DIRECTION ( 'NONE',  ( -0.8841689492920026261, 0.4671672817180972936, 0.000000000000000000 ) ) ;
#7520 = EDGE_CURVE ( 'NONE', #4244, #7880, #44, .T. ) ;
#7521 = EDGE_CURVE ( 'NONE', #7992, #6917, #7858, .T. ) ;
#7522 = DIRECTION ( 'NONE',  ( 1.000000000000000000, 0.000000000000000000, 0.000000000000000000 ) ) ;
#7523 = VERTEX_POINT ( 'NONE', #7695 ) ;
#7524 = VECTOR ( 'NONE', #7474, 1000.000000000000227 ) ;
#7525 = VERTEX_POINT ( 'NONE', #6870 ) ;
#7526 = DIRECTION ( 'NONE',  ( 0.1838260591562008994, 0.9829587885435995265, 0.000000000000000000 ) ) ;
#7527 = DIRECTION ( 'NONE',  ( 0.3162277660168146820, -0.9486832980505215396, 0.000000000000000000 ) ) ;
#7528 = VECTOR ( 'NONE', #5296, 1000.000000000000000 ) ;
#7529 = CARTESIAN_POINT ( 'NONE',  ( 21.74755645433097584, -58.67280080889786831, -6.049999999999999822 ) ) ;
#7530 = ORIENTED_EDGE ( 'NONE', *, *, #1044, .T. ) ;
#7531 = CARTESIAN_POINT ( 'NONE',  ( 15.68351870576339557, -65.47630603302998509, -6.049999999999999822 ) ) ;
#7532 = ORIENTED_EDGE ( 'NONE', *, *, #5246, .F. ) ;
#7533 = EDGE_CURVE ( 'NONE', #8190, #7756, #6907, .T. ) ;
#7534 = ORIENTED_EDGE ( 'NONE', *, *, #4800, .F. ) ;
#7535 = VECTOR ( 'NONE', #35, 1000.000000000000000 ) ;
#7536 = AXIS2_PLACEMENT_3D ( 'NONE', #6114, #3991, #5331 ) ;
#7537 = PLANE ( 'NONE',  #4140 ) ;
#7538 = CARTESIAN_POINT ( 'NONE',  ( 13.75901584091674934, -65.46686889113581742, -6.049999999999999822 ) ) ;
#7539 = LINE ( 'NONE', #3379, #9026 ) ;
#7540 = VECTOR ( 'NONE', #5110, 1000.000000000000000 ) ;
#7541 = DIRECTION ( 'NONE',  ( -0.9384251277361206345, 0.3454826763145232849, 0.000000000000000000 ) ) ;
#7542 = CARTESIAN_POINT ( 'NONE',  ( 4.597067745197168875, -64.57269969666329246, -6.349999999999999645 ) ) ;
#7543 = ORIENTED_EDGE ( 'NONE', *, *, #7196, .F. ) ;
#7544 = AXIS2_PLACEMENT_3D ( 'NONE', #8942, #3403, #1375 ) ;
#7545 = FACE_OUTER_BOUND ( 'NONE', #2806, .T. ) ;
#7546 = EDGE_CURVE ( 'NONE', #2689, #7994, #2692, .T. ) ;
#7547 = ORIENTED_EDGE ( 'NONE', *, *, #4807, .T. ) ;
#7548 = EDGE_CURVE ( 'NONE', #7525, #3047, #6305, .T. ) ;
#7549 = AXIS2_PLACEMENT_3D ( 'NONE', #4687, #7497, #1832 ) ;
#7550 = AXIS2_PLACEMENT_3D ( 'NONE', #3206, #4547, #5843 ) ;
#7551 = LINE ( 'NONE', #443, #1924 ) ;
#7552 = CARTESIAN_POINT ( 'NONE',  ( 18.75000000000000355, -32.00000000000000000, 15.00000000000000000 ) ) ;
#7553 = CARTESIAN_POINT ( 'NONE',  ( 17.25000000000000000, -29.00000000000000000, 15.00000000000000000 ) ) ;
#7555 = VECTOR ( 'NONE', #6689, 1000.000000000000000 ) ;
#7554 = LINE ( 'NONE', #5475, #4902 ) ;
#7556 = VERTEX_POINT ( 'NONE', #8214 ) ;
#7557 = VECTOR ( 'NONE', #8394, 1000.000000000000000 ) ;
#7558 = VECTOR ( 'NONE', #5737, 1000.000000000000000 ) ;
#7559 = ORIENTED_EDGE ( 'NONE', *, *, #5642, .F. ) ;
#7560 = ORIENTED_EDGE ( 'NONE', *, *, #2066, .T. ) ;
#7561 = ADVANCED_FACE ( 'NONE', ( #8346 ), #9115, .T. ) ;
#7562 = DIRECTION ( 'NONE',  ( 0.000000000000000000, 0.000000000000000000, 1.000000000000000000 ) ) ;
#7563 = VECTOR ( 'NONE', #5727, 1000.000000000000000 ) ;
#7565 = CARTESIAN_POINT ( 'NONE',  ( 8.314459049544995040, -58.66066734074822620, -6.049999999999999822 ) ) ;
#7564 = VECTOR ( 'NONE', #3467, 1000.000000000000227 ) ;
#7566 = DIRECTION ( 'NONE',  ( -0.000000000000000000, 1.000000000000000000, 0.000000000000000000 ) ) ;
#7567 = CARTESIAN_POINT ( 'NONE',  ( 8.773508594539936922, -64.32295247724974274, -6.049999999999999822 ) ) ;
#7568 = CARTESIAN_POINT ( 'NONE',  ( 11.56622851365015237, -60.07286821705425695, -6.049999999999999822 ) ) ;
#7569 = DIRECTION ( 'NONE',  ( 0.7139499639964812516, 0.7001967215786025767, 0.000000000000000000 ) ) ;
#7570 = CARTESIAN_POINT ( 'NONE',  ( 13.62891809908999008, -70.57573306370069588, -6.349999999999999645 ) ) ;
#7571 = VECTOR ( 'NONE', #6440, 1000.000000000000227 ) ;
#7572 = VERTEX_POINT ( 'NONE', #2017 ) ;
#7573 = VECTOR ( 'NONE', #3378, 1000.000000000000000 ) ;
#7574 = VECTOR ( 'NONE', #7458, 1000.000000000000114 ) ;
#7575 = EDGE_CURVE ( 'NONE', #5219, #3007, #9077, .T. ) ;
#7576 = ORIENTED_EDGE ( 'NONE', *, *, #5970, .T. ) ;
#7577 = ADVANCED_FACE ( 'NONE', ( #3404 ), #6171, .T. ) ;
#7578 = LINE ( 'NONE', #4888, #6084 ) ;
#7579 = DIRECTION ( 'NONE',  ( 0.000000000000000000, 0.000000000000000000, -1.000000000000000000 ) ) ;
#7580 = DIRECTION ( 'NONE',  ( -0.9485534571063214404, -0.3166170226182511982, 0.000000000000000000 ) ) ;
#7581 = CARTESIAN_POINT ( 'NONE',  ( 6.712841253791708596, -70.59999999999999432, -6.049999999999999822 ) ) ;
#7582 = VERTEX_POINT ( 'NONE', #1194 ) ;
#7583 = EDGE_CURVE ( 'NONE', #7217, #2544, #639, .T. ) ;
#7584 = CARTESIAN_POINT ( 'NONE',  ( 14.02325581395348841, -65.91041456016176880, -6.349999999999999645 ) ) ;
#7585 = ORIENTED_EDGE ( 'NONE', *, *, #4573, .T. ) ;
#7586 = ORIENTED_EDGE ( 'NONE', *, *, #695, .F. ) ;
#7587 = EDGE_CURVE ( 'NONE', #7853, #1187, #6827, .T. ) ;
#7588 = DIRECTION ( 'NONE',  ( -0.9028111406178626064, 0.4300372592883947576, 0.000000000000000000 ) ) ;
#7589 = DIRECTION ( 'NONE',  ( 0.6293085341560553658, 0.7771555628304779306, 0.000000000000000000 ) ) ;
#7590 = CARTESIAN_POINT ( 'NONE',  ( 13.84732052578361916, -61.94883720930231874, -6.049999999999999822 ) ) ;
#7591 = LINE ( 'NONE', #9059, #1100 ) ;
#7592 = FACE_OUTER_BOUND ( 'NONE', #2515, .T. ) ;
#7593 = VERTEX_POINT ( 'NONE', #1244 ) ;
#7594 = LINE ( 'NONE', #9062, #939 ) ;
#7595 = ORIENTED_EDGE ( 'NONE', *, *, #7597, .F. ) ;
#7596 = DIRECTION ( 'NONE',  ( -0.000000000000000000, -0.000000000000000000, 1.000000000000000000 ) ) ;
#7597 = EDGE_CURVE ( 'NONE', #7250, #7495, #545, .T. ) ;
#7598 = ADVANCED_FACE ( 'NONE', ( #3455 ), #2758, .T. ) ;
#7599 = DIRECTION ( 'NONE',  ( 0.000000000000000000, 0.000000000000000000, -1.000000000000000000 ) ) ;
#7600 = DIRECTION ( 'NONE',  ( 0.000000000000000000, 1.000000000000000000, 0.000000000000000000 ) ) ;
#7601 = FACE_OUTER_BOUND ( 'NONE', #7857, .T. ) ;
#7602 = ORIENTED_EDGE ( 'NONE', *, *, #887, .F. ) ;
#7603 = ORIENTED_EDGE ( 'NONE', *, *, #3290, .T. ) ;
#7604 = VERTEX_POINT ( 'NONE', #5483 ) ;
#7605 = CARTESIAN_POINT ( 'NONE',  ( 26.38119312436804975, -70.39373104145600735, -6.349999999999999645 ) ) ;
#7606 = CARTESIAN_POINT ( 'NONE',  ( 8.000000000000000000, 9.500000000000000000, 11.32499999999999929 ) ) ;
#7607 = CARTESIAN_POINT ( 'NONE',  ( 18.67644084934277160, -67.39676440849342498, -6.049999999999999822 ) ) ;
#7608 = FACE_OUTER_BOUND ( 'NONE', #8262, .T. ) ;
#7609 = CARTESIAN_POINT ( 'NONE',  ( 17.25000000000000000, -32.00000000000000000, 13.00000000000000000 ) ) ;
#7610 = CARTESIAN_POINT ( 'NONE',  ( 5.580384226491403865, -65.82345803842264331, -6.049999999999999822 ) ) ;
#7611 =( NAMED_UNIT ( * ) PLANE_ANGLE_UNIT ( ) SI_UNIT ( $, .RADIAN. ) );
#7612 = ORIENTED_EDGE ( 'NONE', *, *, #1660, .F. ) ;
#7613 = VERTEX_POINT ( 'NONE', #4100 ) ;
#7614 = CARTESIAN_POINT ( 'NONE',  ( 12.17290192113245695, -66.88715874620828572, -6.049999999999999822 ) ) ;
#7615 = CYLINDRICAL_SURFACE ( 'NONE', #6685, 0.7500000000000006661 ) ;
#7616 = DIRECTION ( 'NONE',  ( 0.000000000000000000, 0.000000000000000000, 1.000000000000000000 ) ) ;
#7617 = ADVANCED_FACE ( 'NONE', ( #2717 ), #6266, .F. ) ;
#7618 = FACE_OUTER_BOUND ( 'NONE', #7673, .T. ) ;
#7619 = ORIENTED_EDGE ( 'NONE', *, *, #2260, .F. ) ;
#7620 = ADVANCED_FACE ( 'NONE', ( #8306 ), #4877, .T. ) ;
#7621 = DIRECTION ( 'NONE',  ( -0.9369802047863182715, -0.3493824492423583394, 0.000000000000000000 ) ) ;
#7622 = ORIENTED_EDGE ( 'NONE', *, *, #1828, .T. ) ;
#7623 = ORIENTED_EDGE ( 'NONE', *, *, #8319, .F. ) ;
#7624 = EDGE_LOOP ( 'NONE', ( #7023, #7239, #2325, #1742 ) ) ;
#7625 = DIRECTION ( 'NONE',  ( -1.000000000000000000, -0.000000000000000000, -0.000000000000000000 ) ) ;
#7626 = DIRECTION ( 'NONE',  ( 0.9497899192519785316, -0.3128883335749674810, 0.000000000000000000 ) ) ;
#7627 = DIRECTION ( 'NONE',  ( 0.3185721158650196561, -0.9478986269603330017, 0.000000000000000000 ) ) ;
#7628 = DIRECTION ( 'NONE',  ( 0.4732084585407242971, 0.8809504837194379601, 0.000000000000000000 ) ) ;
#7629 = CARTESIAN_POINT ( 'NONE',  ( 24.06370070778564241, -63.67178968655207427, -6.049999999999999822 ) ) ;
#7630 = VERTEX_POINT ( 'NONE', #1978 ) ;
#7631 = EDGE_CURVE ( 'NONE', #8457, #6349, #4794, .T. ) ;
#7632 = FACE_OUTER_BOUND ( 'NONE', #2385, .T. ) ;
#7633 = ORIENTED_EDGE ( 'NONE', *, *, #1307, .T. ) ;
#7634 = EDGE_CURVE ( 'NONE', #8107, #1149, #32, .T. ) ;
#7635 = DIRECTION ( 'NONE',  ( 0.000000000000000000, 0.000000000000000000, -1.000000000000000000 ) ) ;
#7636 = CARTESIAN_POINT ( 'NONE',  ( 14.24999999999999822, -32.00000000000000000, 13.00000000000000000 ) ) ;
#7637 = CARTESIAN_POINT ( 'NONE',  ( 24.06370070778564241, -62.94378159757329882, -6.049999999999999822 ) ) ;
#7638 = CARTESIAN_POINT ( 'NONE',  ( 17.25000000000000000, -38.00000000000000000, 13.00000000000000000 ) ) ;
#7639 = VERTEX_POINT ( 'NONE', #2940 ) ;
#7641 = VERTEX_POINT ( 'NONE', #7145 ) ;
#7640 = EDGE_CURVE ( 'NONE', #7452, #3504, #8484, .T. ) ;
#7642 = EDGE_CURVE ( 'NONE', #6057, #1259, #7043, .T. ) ;
#7643 = ORIENTED_EDGE ( 'NONE', *, *, #8670, .T. ) ;
#7644 = CARTESIAN_POINT ( 'NONE',  ( 24.80000000000000071, -5.000000000000000000, 13.00000000000000000 ) ) ;
#7645 = CARTESIAN_POINT ( 'NONE',  ( 3.948769801145937119, -68.25722952477251226, -6.049999999999999822 ) ) ;
#7646 = DIRECTION ( 'NONE',  ( 0.000000000000000000, 0.000000000000000000, -1.000000000000000000 ) ) ;
#7647 = VECTOR ( 'NONE', #1841, 1000.000000000000000 ) ;
#7648 = CARTESIAN_POINT ( 'NONE',  ( 26.11661611054937637, -68.53191776204920416, -6.049999999999999822 ) ) ;
#7649 = DIRECTION ( 'NONE',  ( 0.000000000000000000, 0.000000000000000000, -1.000000000000000000 ) ) ;
#7650 = VECTOR ( 'NONE', #7439, 1000.000000000000000 ) ;
#7651 = DIRECTION ( 'NONE',  ( 1.000000000000000000, -0.000000000000000000, 0.000000000000000000 ) ) ;
#7652 = ORIENTED_EDGE ( 'NONE', *, *, #9084, .F. ) ;
#7653 = EDGE_CURVE ( 'NONE', #8107, #8999, #5714, .T. ) ;
#7654 = VERTEX_POINT ( 'NONE', #6447 ) ;
#7655 = VECTOR ( 'NONE', #7788, 1000.000000000000000 ) ;
#7656 = LINE ( 'NONE', #2069, #3756 ) ;
#7657 = VERTEX_POINT ( 'NONE', #1509 ) ;
#7658 = DIRECTION ( 'NONE',  ( 0.000000000000000000, 0.000000000000000000, -1.000000000000000000 ) ) ;
#7659 = DIRECTION ( 'NONE',  ( 0.000000000000000000, 0.000000000000000000, -1.000000000000000000 ) ) ;
#7660 = PLANE ( 'NONE',  #3285 ) ;
#7661 = ORIENTED_EDGE ( 'NONE', *, *, #7271, .T. ) ;
#7662 = AXIS2_PLACEMENT_3D ( 'NONE', #8941, #3967, #1319 ) ;
#7663 = CARTESIAN_POINT ( 'NONE',  ( 17.22851365015166891, -69.61449275362318190, -6.349999999999999645 ) ) ;
#7664 = ORIENTED_EDGE ( 'NONE', *, *, #3918, .T. ) ;
#7665 = ORIENTED_EDGE ( 'NONE', *, *, #256, .T. ) ;
#7666 = ADVANCED_FACE ( 'NONE', ( #5672 ), #7233, .T. ) ;
#7667 = VECTOR ( 'NONE', #6725, 1000.000000000000114 ) ;
#7668 = DIRECTION ( 'NONE',  ( -0.4262912651137235609, -0.9045859590374709658, -0.000000000000000000 ) ) ;
#7669 = CARTESIAN_POINT ( 'NONE',  ( 8.000000000000000000, 9.500000000000000000, -2.674999999999999822 ) ) ;
#7670 = CYLINDRICAL_SURFACE ( 'NONE', #2257, 0.7500000000000006661 ) ;
#7671 = LINE ( 'NONE', #2696, #2853 ) ;
#7672 = DIRECTION ( 'NONE',  ( 1.000000000000000000, 0.000000000000000000, 0.000000000000000000 ) ) ;
#7673 = EDGE_LOOP ( 'NONE', ( #1463, #8595, #3508, #1700 ) ) ;
#7674 = CARTESIAN_POINT ( 'NONE',  ( 10.02932254802831480, -63.87805864509606124, -6.049999999999999822 ) ) ;
#7675 = ORIENTED_EDGE ( 'NONE', *, *, #3719, .T. ) ;
#7676 = VECTOR ( 'NONE', #7668, 1000.000000000000114 ) ;
#7677 = ADVANCED_FACE ( 'NONE', ( #125, #7092, #1560, #3735, #6493, #3540, #3682, #1457, #8628, #4334, #7930, #5814, #824, #2156, #6353, #4972, #1604, #4932, #3596, #776, #4376, #7188, #2855, #175, #2303, #84 ), #2991, .F. ) ;
#7678 = EDGE_CURVE ( 'NONE', #2326, #1021, #5617, .T. ) ;
#7679 = CARTESIAN_POINT ( 'NONE',  ( 23.30000000000000071, -7.000000000000000000, 15.00000000000000000 ) ) ;
#7680 = VECTOR ( 'NONE', #1754, 1000.000000000000114 ) ;
#7681 = DIRECTION ( 'NONE',  ( 0.5269706996921290632, 0.8498834518132399873, 0.000000000000000000 ) ) ;
#7682 = AXIS2_PLACEMENT_3D ( 'NONE', #2224, #4352, #6467 ) ;
#7683 = VERTEX_POINT ( 'NONE', #2114 ) ;
#7684 = CARTESIAN_POINT ( 'NONE',  ( 2.733063700707784704, -66.70515672396359719, -6.349999999999999645 ) ) ;
#7685 = APPLICATION_PROTOCOL_DEFINITION ( 'draft international standard', 'automotive_design', 1998, #8353 ) ;
#7686 = LINE ( 'NONE', #7638, #6965 ) ;
#7687 = ORIENTED_EDGE ( 'NONE', *, *, #8223, .F. ) ;
#7688 = EDGE_CURVE ( 'NONE', #1121, #7871, #7746, .T. ) ;
#7689 = CIRCLE ( 'NONE', #9009, 0.7500000000000006661 ) ;
#7690 = ORIENTED_EDGE ( 'NONE', *, *, #2356, .F. ) ;
#7691 = VECTOR ( 'NONE', #7681, 1000.000000000000114 ) ;
#7692 = ORIENTED_EDGE ( 'NONE', *, *, #2631, .F. ) ;
#7693 = LINE ( 'NONE', #4374, #311 ) ;
#7694 = LINE ( 'NONE', #7606, #1498 ) ;
#7695 = CARTESIAN_POINT ( 'NONE',  ( 11.83990562858106088, -67.72706437478935015, -6.349999999999999645 ) ) ;
#7696 = AXIS2_PLACEMENT_3D ( 'NONE', #1028, #8052, #249 ) ;
#7697 = VECTOR ( 'NONE', #833, 1000.000000000000000 ) ;
#7698 = DIRECTION ( 'NONE',  ( 0.5270858155094207964, -0.8498120633932945145, 0.000000000000000000 ) ) ;
#7699 = DIRECTION ( 'NONE',  ( -0.000000000000000000, -1.000000000000000000, -0.000000000000000000 ) ) ;
#7700 = VECTOR ( 'NONE', #8328, 1000.000000000000000 ) ;
#7701 = CARTESIAN_POINT ( 'NONE',  ( 4.555443208628242147, -67.51304347826086882, -6.349999999999999645 ) ) ;
#7702 = ORIENTED_EDGE ( 'NONE', *, *, #7920, .T. ) ;
#7703 = VERTEX_POINT ( 'NONE', #4234 ) ;
#7704 = VECTOR ( 'NONE', #2813, 1000.000000000000000 ) ;
#7705 = VECTOR ( 'NONE', #1219, 1000.000000000000000 ) ;
#7706 = VECTOR ( 'NONE', #3696, 1000.000000000000000 ) ;
#7707 = DIRECTION ( 'NONE',  ( 0.000000000000000000, 0.000000000000000000, -1.000000000000000000 ) ) ;
#7708 = EDGE_CURVE ( 'NONE', #720, #3486, #4472, .T. ) ;
#7710 = EDGE_CURVE ( 'NONE', #7776, #7473, #8070, .T. ) ;
#7709 = VERTEX_POINT ( 'NONE', #5258 ) ;
#7711 = CARTESIAN_POINT ( 'NONE',  ( 10.26794742163801999, -67.26329625884731911, -6.049999999999999822 ) ) ;
#7712 = CARTESIAN_POINT ( 'NONE',  ( 12.00000000000000000, -41.00000000000000000, 15.00000000000000000 ) ) ;
#7713 = VECTOR ( 'NONE', #1701, 1000.000000000000114 ) ;
#7715 = CARTESIAN_POINT ( 'NONE',  ( 11.28715874620829140, -59.06107178968654381, -6.349999999999999645 ) ) ;
#7714 = VECTOR ( 'NONE', #3708, 1000.000000000000000 ) ;
#7716 = EDGE_LOOP ( 'NONE', ( #4672, #8958, #540, #744 ) ) ;
#7717 = VECTOR ( 'NONE', #8091, 1000.000000000000000 ) ;
#7718 = DIRECTION ( 'NONE',  ( -0.9249666698918538321, 0.3800482332404325758, 0.000000000000000000 ) ) ;
#7719 = ORIENTED_EDGE ( 'NONE', *, *, #4488, .F. ) ;
#7720 = ORIENTED_EDGE ( 'NONE', *, *, #4137, .F. ) ;
#7721 = VERTEX_POINT ( 'NONE', #6590 ) ;
#7722 = ORIENTED_EDGE ( 'NONE', *, *, #1592, .T. ) ;
#7723 = AXIS2_PLACEMENT_3D ( 'NONE', #5456, #7621, #8269 ) ;
#7724 = VECTOR ( 'NONE', #8079, 1000.000000000000000 ) ;
#7725 = DIRECTION ( 'NONE',  ( -0.7297615991633036314, 0.6837016954685851688, 0.000000000000000000 ) ) ;
#7726 = DIRECTION ( 'NONE',  ( 1.000000000000000000, 0.000000000000000000, 0.000000000000000000 ) ) ;
#7727 = CARTESIAN_POINT ( 'NONE',  ( 23.00000000000000000, 9.799999999999998934, 12.32499999999999929 ) ) ;
#7728 = DIRECTION ( 'NONE',  ( 0.2996774122682996366, -0.9540405906334255004, 0.000000000000000000 ) ) ;
#7729 = CARTESIAN_POINT ( 'NONE',  ( 10.98988877654196017, -65.45945399393326625, -6.349999999999999645 ) ) ;
#7730 = ORIENTED_EDGE ( 'NONE', *, *, #7349, .T. ) ;
#7731 = ORIENTED_EDGE ( 'NONE', *, *, #1579, .F. ) ;
#7732 = DIRECTION ( 'NONE',  ( 0.000000000000000000, 0.000000000000000000, -1.000000000000000000 ) ) ;
#7733 = ORIENTED_EDGE ( 'NONE', *, *, #1592, .F. ) ;
#7734 = VECTOR ( 'NONE', #979, 1000.000000000000114 ) ;
#7735 = CARTESIAN_POINT ( 'NONE',  ( 14.24999999999999822, -29.00000000000000000, 15.00000000000000000 ) ) ;
#7736 = DIRECTION ( 'NONE',  ( 1.000000000000000000, 0.000000000000000000, 0.000000000000000000 ) ) ;
#7737 = ORIENTED_EDGE ( 'NONE', *, *, #996, .F. ) ;
#7738 = DIRECTION ( 'NONE',  ( 0.000000000000000000, 0.000000000000000000, -1.000000000000000000 ) ) ;
#7740 = EDGE_CURVE ( 'NONE', #1822, #4507, #1008, .T. ) ;
#7739 = DIRECTION ( 'NONE',  ( 1.000000000000000000, -0.000000000000000000, -0.000000000000000000 ) ) ;
#7741 = ORIENTED_EDGE ( 'NONE', *, *, #1704, .F. ) ;
#7742 = ADVANCED_FACE ( 'NONE', ( #4776 ), #1906, .T. ) ;
#7743 = ORIENTED_EDGE ( 'NONE', *, *, #8861, .F. ) ;
#7744 = CARTESIAN_POINT ( 'NONE',  ( 9.056117290192112534, -65.03528816986855077, -6.349999999999999645 ) ) ;
#7745 = FACE_OUTER_BOUND ( 'NONE', #8807, .T. ) ;
#7746 = LINE ( 'NONE', #4279, #1817 ) ;
#7747 = CARTESIAN_POINT ( 'NONE',  ( 14.17357600269632734, -62.82379507920457229, -6.049999999999999822 ) ) ;
#7748 = CARTESIAN_POINT ( 'NONE',  ( 21.42163801820020197, -58.70920121334680886, -6.349999999999999645 ) ) ;
#7749 = ADVANCED_FACE ( 'NONE', ( #4518 ), #3082, .T. ) ;
#7750 = CARTESIAN_POINT ( 'NONE',  ( 3.424165824064710595, -66.02736771149308481, -6.049999999999999822 ) ) ;
#7751 = VERTEX_POINT ( 'NONE', #5854 ) ;
#7752 = EDGE_CURVE ( 'NONE', #6499, #1903, #7332, .T. ) ;
#7753 = ORIENTED_EDGE ( 'NONE', *, *, #1995, .T. ) ;
#7754 = CARTESIAN_POINT ( 'NONE',  ( 18.00000000000000355, -35.00000000000000000, 13.00000000000000000 ) ) ;
#7755 = FACE_OUTER_BOUND ( 'NONE', #2816, .T. ) ;
#7756 = VERTEX_POINT ( 'NONE', #2439 ) ;
#7757 = PLANE ( 'NONE',  #5742 ) ;
#7758 = FACE_OUTER_BOUND ( 'NONE', #7969, .T. ) ;
#7759 = DIRECTION ( 'NONE',  ( -0.7995026253570048924, 0.6006625941801743140, 0.000000000000000000 ) ) ;
#7760 = ORIENTED_EDGE ( 'NONE', *, *, #222, .F. ) ;
#7761 = DIRECTION ( 'NONE',  ( -0.6214538322087415079, -0.7834507862227654273, 0.000000000000000000 ) ) ;
#7762 = ORIENTED_EDGE ( 'NONE', *, *, #7397, .T. ) ;
#7763 = ORIENTED_EDGE ( 'NONE', *, *, #8480, .T. ) ;
#7764 = EDGE_CURVE ( 'NONE', #7703, #7709, #4043, .T. ) ;
#7765 = EDGE_CURVE ( 'NONE', #1585, #8588, #1172, .T. ) ;
#7766 = DIRECTION ( 'NONE',  ( -1.000000000000000000, -0.000000000000000000, -0.000000000000000000 ) ) ;
#7767 = CARTESIAN_POINT ( 'NONE',  ( 12.00000000000000000, -32.00000000000000000, 13.00000000000000000 ) ) ;
#7768 = DIRECTION ( 'NONE',  ( 0.6214538322087415079, 0.7834507862227654273, 0.000000000000000000 ) ) ;
#7769 = DIRECTION ( 'NONE',  ( -0.000000000000000000, -0.000000000000000000, 1.000000000000000000 ) ) ;
#7770 = CARTESIAN_POINT ( 'NONE',  ( 11.54465790360633548, -68.18611391978429026, -6.049999999999999822 ) ) ;
#7771 = ORIENTED_EDGE ( 'NONE', *, *, #7149, .T. ) ;
#7772 = CARTESIAN_POINT ( 'NONE',  ( 16.70003370407819432, -64.38092349174250728, -6.349999999999999645 ) ) ;
#7773 = ORIENTED_EDGE ( 'NONE', *, *, #6617, .T. ) ;
#7774 = DIRECTION ( 'NONE',  ( 0.000000000000000000, 1.000000000000000000, 0.000000000000000000 ) ) ;
#7775 = LINE ( 'NONE', #5748, #4019 ) ;
#7776 = VERTEX_POINT ( 'NONE', #8666 ) ;
#7777 = CARTESIAN_POINT ( 'NONE',  ( 13.75901584091674934, -65.46686889113581742, -6.049999999999999822 ) ) ;
#7778 = FACE_OUTER_BOUND ( 'NONE', #5634, .T. ) ;
#7779 = LINE ( 'NONE', #1554, #1672 ) ;
#7780 = ORIENTED_EDGE ( 'NONE', *, *, #8599, .T. ) ;
#7781 = ORIENTED_EDGE ( 'NONE', *, *, #4284, .T. ) ;
#7782 = DIRECTION ( 'NONE',  ( -0.4190159325851720573, 0.9079788809437026043, -0.000000000000000000 ) ) ;
#7783 = ADVANCED_FACE ( 'NONE', ( #3300 ), #8710, .F. ) ;
#7784 = PLANE ( 'NONE',  #326 ) ;
#7785 = DIRECTION ( 'NONE',  ( 0.000000000000000000, 0.000000000000000000, -1.000000000000000000 ) ) ;
#7786 = DIRECTION ( 'NONE',  ( 1.000000000000000000, 0.000000000000000000, 0.000000000000000000 ) ) ;
#7787 = FACE_OUTER_BOUND ( 'NONE', #654, .T. ) ;
#7788 = DIRECTION ( 'NONE',  ( 0.000000000000000000, 0.000000000000000000, -1.000000000000000000 ) ) ;
#7789 = ORIENTED_EDGE ( 'NONE', *, *, #3231, .F. ) ;
#7790 = ORIENTED_EDGE ( 'NONE', *, *, #8341, .F. ) ;
#7791 = EDGE_CURVE ( 'NONE', #7173, #6566, #2343, .T. ) ;
#7792 = DIRECTION ( 'NONE',  ( -0.000000000000000000, 0.000000000000000000, -1.000000000000000000 ) ) ;
#7793 = EDGE_CURVE ( 'NONE', #3472, #2078, #6632, .T. ) ;
#7794 = AXIS2_PLACEMENT_3D ( 'NONE', #4387, #2167, #7105 ) ;
#7795 = CARTESIAN_POINT ( 'NONE',  ( 8.250000000000000000, -35.00000000000000000, 15.00000000000000000 ) ) ;
#7796 = EDGE_LOOP ( 'NONE', ( #5865, #1732 ) ) ;
#7797 = CARTESIAN_POINT ( 'NONE',  ( 23.30000000000000071, -7.000000000000000000, 15.00000000000000000 ) ) ;
#7798 = LINE ( 'NONE', #1334, #9032 ) ;
#7799 = EDGE_CURVE ( 'NONE', #7709, #1381, #525, .T. ) ;
#7800 = CARTESIAN_POINT ( 'NONE',  ( 18.75000000000000355, -32.00000000000000000, 13.00000000000000000 ) ) ;
#7801 = ORIENTED_EDGE ( 'NONE', *, *, #2220, .F. ) ;
#7802 = PLANE ( 'NONE',  #2063 ) ;
#7803 = VECTOR ( 'NONE', #7235, 1000.000000000000000 ) ;
#7804 = VERTEX_POINT ( 'NONE', #7976 ) ;
#7805 = VECTOR ( 'NONE', #4938, 1000.000000000000000 ) ;
#7806 = EDGE_LOOP ( 'NONE', ( #5398, #5389, #1719, #4319 ) ) ;
#7807 = ORIENTED_EDGE ( 'NONE', *, *, #5448, .T. ) ;
#7808 = PLANE ( 'NONE',  #6201 ) ;
#7809 = CARTESIAN_POINT ( 'NONE',  ( 21.75000000000000355, -35.00000000000000000, 13.00000000000000000 ) ) ;
#7810 = LINE ( 'NONE', #7068, #8149 ) ;
#7811 = VECTOR ( 'NONE', #1607, 1000.000000000000000 ) ;
#7812 = LINE ( 'NONE', #2180, #8173 ) ;
#7813 = LINE ( 'NONE', #5049, #2683 ) ;
#7814 = EDGE_CURVE ( 'NONE', #2558, #4439, #8030, .T. ) ;
#7815 = ORIENTED_EDGE ( 'NONE', *, *, #3126, .F. ) ;
#7816 = ORIENTED_EDGE ( 'NONE', *, *, #4926, .T. ) ;
#7817 = DIRECTION ( 'NONE',  ( 0.000000000000000000, -1.000000000000000000, 0.000000000000000000 ) ) ;
#7818 = ORIENTED_EDGE ( 'NONE', *, *, #2493, .F. ) ;
#7819 = VECTOR ( 'NONE', #6905, 1000.000000000000227 ) ;
#7820 = CARTESIAN_POINT ( 'NONE',  ( 15.00000000000000000, -32.00000000000000000, 13.00000000000000000 ) ) ;
#7821 = DIRECTION ( 'NONE',  ( 0.000000000000000000, 0.000000000000000000, -1.000000000000000000 ) ) ;
#7822 = ORIENTED_EDGE ( 'NONE', *, *, #7255, .T. ) ;
#7823 = AXIS2_PLACEMENT_3D ( 'NONE', #2315, #1718, #8593 ) ;
#7824 = EDGE_CURVE ( 'NONE', #8743, #7776, #3783, .T. ) ;
#7825 = LINE ( 'NONE', #2930, #1531 ) ;
#7826 = PLANE ( 'NONE',  #5341 ) ;
#7827 = EDGE_CURVE ( 'NONE', #4439, #5091, #2603, .T. ) ;
#7828 = AXIS2_PLACEMENT_3D ( 'NONE', #6993, #1493, #3527 ) ;
#7829 = DIRECTION ( 'NONE',  ( 1.000000000000000000, 0.000000000000000000, 0.000000000000000000 ) ) ;
#7830 = ORIENTED_EDGE ( 'NONE', *, *, #1260, .T. ) ;
#7831 = AXIS2_PLACEMENT_3D ( 'NONE', #1195, #4016, #1929 ) ;
#7832 = VERTEX_POINT ( 'NONE', #6152 ) ;
#7833 = AXIS2_PLACEMENT_3D ( 'NONE', #703, #4167, #4993 ) ;
#7834 = LINE ( 'NONE', #7888, #1328 ) ;
#7835 = DIRECTION ( 'NONE',  ( 0.000000000000000000, 0.000000000000000000, 1.000000000000000000 ) ) ;
#7836 = CARTESIAN_POINT ( 'NONE',  ( 9.291203235591506626, -62.14297269969665649, -6.049999999999999822 ) ) ;
#7837 = CARTESIAN_POINT ( 'NONE',  ( 8.314459049544995040, -62.82851365015167033, -6.349999999999999645 ) ) ;
#7838 = DIRECTION ( 'NONE',  ( 0.5269706996921290632, 0.8498834518132399873, 0.000000000000000000 ) ) ;
#7839 = AXIS2_PLACEMENT_3D ( 'NONE', #4965, #6439, #3633 ) ;
#7840 = AXIS2_PLACEMENT_3D ( 'NONE', #6446, #2854, #5616 ) ;
#7841 = CARTESIAN_POINT ( 'NONE',  ( 24.06370070778564241, -64.73953488372092124, -6.049999999999999822 ) ) ;
#7842 = ORIENTED_EDGE ( 'NONE', *, *, #128, .T. ) ;
#7843 = EDGE_CURVE ( 'NONE', #2580, #4496, #8960, .T. ) ;
#7844 = ORIENTED_EDGE ( 'NONE', *, *, #3279, .F. ) ;
#7845 = DIRECTION ( 'NONE',  ( 1.000000000000000000, 0.000000000000000000, 0.000000000000000000 ) ) ;
#7846 = VECTOR ( 'NONE', #1768, 1000.000000000000114 ) ;
#7847 = AXIS2_PLACEMENT_3D ( 'NONE', #2047, #4736, #1916 ) ;
#7848 = DIRECTION ( 'NONE',  ( -0.4905869671062231818, -0.8713922352795654414, 0.000000000000000000 ) ) ;
#7849 = ORIENTED_EDGE ( 'NONE', *, *, #6038, .F. ) ;
#7850 = DIRECTION ( 'NONE',  ( 0.9593512567182799211, -0.2822147519763219536, 0.000000000000000000 ) ) ;
#7851 = CARTESIAN_POINT ( 'NONE',  ( 10.48179979777552973, -64.68796764408493516, -6.049999999999999822 ) ) ;
#7852 = CARTESIAN_POINT ( 'NONE',  ( 24.93528816986855645, -69.96838557465453334, -6.349999999999999645 ) ) ;
#7853 = VERTEX_POINT ( 'NONE', #5947 ) ;
#7854 = ADVANCED_FACE ( 'NONE', ( #8924 ), #6115, .F. ) ;
#7855 = FACE_OUTER_BOUND ( 'NONE', #834, .T. ) ;
#7856 = VECTOR ( 'NONE', #6862, 1000.000000000000000 ) ;
#7857 = EDGE_LOOP ( 'NONE', ( #7964, #551, #4821, #2034 ) ) ;
#7858 = CIRCLE ( 'NONE', #6678, 0.7500000000000006661 ) ;
#7859 = EDGE_CURVE ( 'NONE', #6902, #9095, #2084, .T. ) ;
#7860 = VECTOR ( 'NONE', #5499, 1000.000000000000000 ) ;
#7861 = ORIENTED_EDGE ( 'NONE', *, *, #3180, .F. ) ;
#7862 = ORIENTED_EDGE ( 'NONE', *, *, #7764, .F. ) ;
#7863 = CYLINDRICAL_SURFACE ( 'NONE', #1939, 0.7500000000000006661 ) ;
#7864 = VECTOR ( 'NONE', #7328, 1000.000000000000227 ) ;
#7865 = VECTOR ( 'NONE', #1814, 1000.000000000000114 ) ;
#7866 = CARTESIAN_POINT ( 'NONE',  ( 12.00000000000000000, -38.00000000000000000, 13.00000000000000000 ) ) ;
#7867 = LINE ( 'NONE', #2739, #2098 ) ;
#7868 = CARTESIAN_POINT ( 'NONE',  ( 11.10549376474553540, -68.38395685877992491, -6.049999999999999822 ) ) ;
#7869 = LINE ( 'NONE', #1400, #1217 ) ;
#7870 = ORIENTED_EDGE ( 'NONE', *, *, #5488, .F. ) ;
#7871 = VERTEX_POINT ( 'NONE', #1301 ) ;
#7872 = CARTESIAN_POINT ( 'NONE',  ( 8.314459049544995040, -60.62628918099089503, -6.049999999999999822 ) ) ;
#7873 = VERTEX_POINT ( 'NONE', #2178 ) ;
#7874 = EDGE_CURVE ( 'NONE', #8371, #2161, #2036, .T. ) ;
#7875 = EDGE_LOOP ( 'NONE', ( #8333, #1555 ) ) ;
#7876 = VECTOR ( 'NONE', #2327, 1000.000000000000000 ) ;
#7877 = AXIS2_PLACEMENT_3D ( 'NONE', #2888, #5487, #76 ) ;
#7878 = CARTESIAN_POINT ( 'NONE',  ( 19.98955173576002764, -69.00377485675765854, -6.049999999999999822 ) ) ;
#7879 = DIRECTION ( 'NONE',  ( 0.8498366378058279658, -0.5270461925134133363, 0.000000000000000000 ) ) ;
#7880 = VERTEX_POINT ( 'NONE', #609 ) ;
#7881 = CARTESIAN_POINT ( 'NONE',  ( 14.49713515335355929, -63.58820357263228118, -6.049999999999999822 ) ) ;
#7882 = DIRECTION ( 'NONE',  ( 0.4534339825191248119, 0.8912898650253160415, 0.000000000000000000 ) ) ;
#7883 = CARTESIAN_POINT ( 'NONE',  ( 13.75901584091674934, -65.46686889113581742, -6.349999999999999645 ) ) ;
#7884 = ORIENTED_EDGE ( 'NONE', *, *, #3415, .T. ) ;
#7885 = EDGE_CURVE ( 'NONE', #4360, #8797, #4994, .T. ) ;
#7886 = ADVANCED_FACE ( 'NONE', ( #660 ), #2778, .F. ) ;
#7887 = VERTEX_POINT ( 'NONE', #4170 ) ;
#7888 = CARTESIAN_POINT ( 'NONE',  ( 14.02325581395348841, -65.91041456016176880, -6.049999999999999822 ) ) ;
#7889 = DIRECTION ( 'NONE',  ( -0.8944271909999159664, 0.4472135954999579832, 0.000000000000000000 ) ) ;
#7890 = CARTESIAN_POINT ( 'NONE',  ( 20.54499494438827156, -58.81840242669362340, -6.049999999999999822 ) ) ;
#7891 = CARTESIAN_POINT ( 'NONE',  ( 14.42972699696663241, -66.53528816986855077, -6.049999999999999822 ) ) ;
#7892 = CARTESIAN_POINT ( 'NONE',  ( 4.045500505561170357, -65.31654870239297850, -6.049999999999999822 ) ) ;
#7893 = CARTESIAN_POINT ( 'NONE',  ( 14.24999999999999822, -38.00000000000000000, 15.00000000000000000 ) ) ;
#7894 = EDGE_LOOP ( 'NONE', ( #5689, #664, #7222, #8955 ) ) ;
#7895 = ORIENTED_EDGE ( 'NONE', *, *, #1104, .T. ) ;
#7896 = CARTESIAN_POINT ( 'NONE',  ( 32.00000000000000000, -52.00000000000000711, 1.650000000000000355 ) ) ;
#7897 = CARTESIAN_POINT ( 'NONE',  ( 8.250000000000000000, -35.00000000000000000, 13.00000000000000000 ) ) ;
#7898 = ORIENTED_EDGE ( 'NONE', *, *, #5342, .T. ) ;
#7899 = DIRECTION ( 'NONE',  ( 0.000000000000000000, -1.000000000000000000, 0.000000000000000000 ) ) ;
#7900 = CARTESIAN_POINT ( 'NONE',  ( 20.98584428715874495, -68.51439164138859894, -6.049999999999999822 ) ) ;
#7901 = CARTESIAN_POINT ( 'NONE',  ( 24.06370070778564241, -61.87603640040444475, -6.349999999999999645 ) ) ;
#7902 = ORIENTED_EDGE ( 'NONE', *, *, #430, .F. ) ;
#7903 = CARTESIAN_POINT ( 'NONE',  ( 13.75901584091674934, -65.46686889113581742, -6.049999999999999822 ) ) ;
#7904 = ORIENTED_EDGE ( 'NONE', *, *, #5669, .T. ) ;
#7905 = VERTEX_POINT ( 'NONE', #1397 ) ;
#7906 = ORIENTED_EDGE ( 'NONE', *, *, #494, .T. ) ;
#7907 = DIRECTION ( 'NONE',  ( -0.000000000000000000, -0.000000000000000000, 1.000000000000000000 ) ) ;
#7908 = EDGE_CURVE ( 'NONE', #1585, #569, #4216, .T. ) ;
#7909 = FACE_OUTER_BOUND ( 'NONE', #1633, .T. ) ;
#7910 = ADVANCED_FACE ( 'NONE', ( #2136 ), #6247, .T. ) ;
#7911 = LINE ( 'NONE', #1942, #5944 ) ;
#7912 = DIRECTION ( 'NONE',  ( -0.8498834518132399873, 0.5269706996921290632, 0.000000000000000000 ) ) ;
#7913 = DIRECTION ( 'NONE',  ( 1.000000000000000000, 0.000000000000000000, 0.000000000000000000 ) ) ;
#7914 = ORIENTED_EDGE ( 'NONE', *, *, #8085, .F. ) ;
#7915 = LINE ( 'NONE', #1587, #1097 ) ;
#7916 = EDGE_LOOP ( 'NONE', ( #1298, #2686, #8939, #6821 ) ) ;
#7917 = EDGE_LOOP ( 'NONE', ( #7532, #8130, #2105, #6690 ) ) ;
#7918 = EDGE_CURVE ( 'NONE', #1021, #8074, #704, .T. ) ;
#7919 = DIRECTION ( 'NONE',  ( -0.000000000000000000, 0.000000000000000000, 1.000000000000000000 ) ) ;
#7920 = EDGE_CURVE ( 'NONE', #7582, #2863, #5552, .T. ) ;
#7921 = DIRECTION ( 'NONE',  ( -0.2996774122682996366, 0.9540405906334255004, 0.000000000000000000 ) ) ;
#7922 = ORIENTED_EDGE ( 'NONE', *, *, #3810, .T. ) ;
#7923 = DIRECTION ( 'NONE',  ( 0.000000000000000000, -0.000000000000000000, -1.000000000000000000 ) ) ;
#7924 = CARTESIAN_POINT ( 'NONE',  ( 7.000000000000000000, 9.799999999999998934, -3.674999999999999822 ) ) ;
#7925 = EDGE_CURVE ( 'NONE', #391, #2298, #3151, .T. ) ;
#7926 = CARTESIAN_POINT ( 'NONE',  ( 17.83518705763397350, -70.28183350185372547, -6.049999999999999822 ) ) ;
#7927 = EDGE_LOOP ( 'NONE', ( #1349, #1056, #1689, #8819 ) ) ;
#7928 = CARTESIAN_POINT ( 'NONE',  ( 6.712841253791708596, -68.56157735085945149, -6.049999999999999822 ) ) ;
#7929 = CARTESIAN_POINT ( 'NONE',  ( 6.189079878665317835, -64.44428715874620650, -6.049999999999999822 ) ) ;
#7930 = FACE_BOUND ( 'NONE', #8355, .T. ) ;
#7931 = CARTESIAN_POINT ( 'NONE',  ( 9.750000000000001776, -32.00000000000000000, 13.00000000000000000 ) ) ;
#7932 = CARTESIAN_POINT ( 'NONE',  ( 18.67644084934277160, -61.87603640040444475, -6.349999999999999645 ) ) ;
#7933 = EDGE_CURVE ( 'NONE', #6482, #1845, #8302, .T. ) ;
#7934 = EDGE_CURVE ( 'NONE', #5177, #8850, #4120, .T. ) ;
#7935 = LINE ( 'NONE', #7335, #3685 ) ;
#7936 = VERTEX_POINT ( 'NONE', #5646 ) ;
#7937 = ORIENTED_EDGE ( 'NONE', *, *, #8085, .T. ) ;
#7938 = DIRECTION ( 'NONE',  ( 0.9913756435761327257, 0.1310508806685730665, 0.000000000000000000 ) ) ;
#7939 = LINE ( 'NONE', #7103, #3139 ) ;
#7940 = DIRECTION ( 'NONE',  ( 1.000000000000000000, 0.000000000000000000, 0.000000000000000000 ) ) ;
#7941 = DIRECTION ( 'NONE',  ( 0.000000000000000000, 0.000000000000000000, -1.000000000000000000 ) ) ;
#7942 = DIRECTION ( 'NONE',  ( 0.9249666698918539431, -0.3800482332404326313, 0.000000000000000000 ) ) ;
#7943 = EDGE_CURVE ( 'NONE', #5508, #8153, #8463, .T. ) ;
#7944 = EDGE_LOOP ( 'NONE', ( #8546, #671, #1517, #4979 ) ) ;
#7945 = CARTESIAN_POINT ( 'NONE',  ( 5.895348837209302140, -65.15510616784629860, -6.049999999999999822 ) ) ;
#7946 = EDGE_LOOP ( 'NONE', ( #236, #294 ) ) ;
#7947 = ORIENTED_EDGE ( 'NONE', *, *, #8087, .F. ) ;
#7948 = ORIENTED_EDGE ( 'NONE', *, *, #5495, .T. ) ;
#7949 = DIRECTION ( 'NONE',  ( 0.000000000000000000, 1.000000000000000000, 0.000000000000000000 ) ) ;
#7950 = CARTESIAN_POINT ( 'NONE',  ( 18.84630940343781802, -70.51506572295247111, -6.049999999999999822 ) ) ;
#7951 = VECTOR ( 'NONE', #4064, 1000.000000000000114 ) ;
#7952 = CARTESIAN_POINT ( 'NONE',  ( 8.000000000000000000, 9.500000000000000000, 11.32499999999999929 ) ) ;
#7953 = FACE_OUTER_BOUND ( 'NONE', #3450, .T. ) ;
#7954 = ORIENTED_EDGE ( 'NONE', *, *, #1885, .F. ) ;
#7955 = ORIENTED_EDGE ( 'NONE', *, *, #4691, .T. ) ;
#7956 = AXIS2_PLACEMENT_3D ( 'NONE', #4571, #7518, #1755 ) ;
#7957 = CARTESIAN_POINT ( 'NONE',  ( 11.42467138523761427, -59.57286821705425695, -6.049999999999999822 ) ) ;
#7958 = ORIENTED_EDGE ( 'NONE', *, *, #2579, .F. ) ;
#7959 = ORIENTED_EDGE ( 'NONE', *, *, #4118, .F. ) ;
#7960 = EDGE_CURVE ( 'NONE', #2230, #6604, #4255, .T. ) ;
#7961 = VECTOR ( 'NONE', #5534, 1000.000000000000114 ) ;
#7962 = LINE ( 'NONE', #955, #1934 ) ;
#7963 = FACE_BOUND ( 'NONE', #5030, .T. ) ;
#7964 = ORIENTED_EDGE ( 'NONE', *, *, #4881, .F. ) ;
#7965 = CARTESIAN_POINT ( 'NONE',  ( 11.71183013144590390, -60.56107178968654381, -6.349999999999999645 ) ) ;
#7966 = PLANE ( 'NONE',  #2086 ) ;
#7967 = ORIENTED_EDGE ( 'NONE', *, *, #642, .T. ) ;
#7968 = DIRECTION ( 'NONE',  ( -0.6663309835302445583, -0.7456561006171792405, 0.000000000000000000 ) ) ;
#7969 = EDGE_LOOP ( 'NONE', ( #345, #4163, #8181, #7413 ) ) ;
#7970 = VECTOR ( 'NONE', #3319, 1000.000000000000000 ) ;
#7971 = EDGE_CURVE ( 'NONE', #8190, #1823, #3297, .T. ) ;
#7972 = VECTOR ( 'NONE', #4946, 1000.000000000000227 ) ;
#7973 = DIRECTION ( 'NONE',  ( 0.7755620037112007648, 0.6312713983695662501, 0.000000000000000000 ) ) ;
#7974 = CARTESIAN_POINT ( 'NONE',  ( 27.12133468149646376, -65.49180990899898802, -6.049999999999999822 ) ) ;
#7975 = CIRCLE ( 'NONE', #3856, 0.7500000000000006661 ) ;
#7976 = CARTESIAN_POINT ( 'NONE',  ( 20.54499494438827156, -58.81840242669362340, -6.049999999999999822 ) ) ;
#7977 = PLANE ( 'NONE',  #3272 ) ;
#7978 = DIRECTION ( 'NONE',  ( -0.3401717048704679391, -0.9403633399944509863, -0.000000000000000000 ) ) ;
#7979 = EDGE_CURVE ( 'NONE', #7400, #4848, #4814, .T. ) ;
#7980 = LINE ( 'NONE', #5218, #9124 ) ;
#7981 = AXIS2_PLACEMENT_3D ( 'NONE', #1283, #2061, #6909 ) ;
#7982 = ORIENTED_EDGE ( 'NONE', *, *, #2724, .T. ) ;
#7983 = VECTOR ( 'NONE', #8374, 1000.000000000000227 ) ;
#7984 = EDGE_LOOP ( 'NONE', ( #4394, #8545, #2352, #676 ) ) ;
#7985 = LINE ( 'NONE', #5860, #8400 ) ;
#7986 = DIRECTION ( 'NONE',  ( 0.000000000000000000, 0.000000000000000000, -1.000000000000000000 ) ) ;
#7987 = AXIS2_PLACEMENT_3D ( 'NONE', #4750, #4878, #7517 ) ;
#7988 = CARTESIAN_POINT ( 'NONE',  ( 16.33872598584428815, -65.95557802494101907, -6.349999999999999645 ) ) ;
#7989 = CARTESIAN_POINT ( 'NONE',  ( 16.38456353218739281, -64.11398719245029554, -6.049999999999999822 ) ) ;
#7990 = DIRECTION ( 'NONE',  ( 0.9923306124123860705, 0.1236121178091324352, 0.000000000000000000 ) ) ;
#7991 = AXIS2_PLACEMENT_3D ( 'NONE', #7003, #8345, #6826 ) ;
#7992 = VERTEX_POINT ( 'NONE', #8506 ) ;
#7993 = PLANE ( 'NONE',  #3705 ) ;
#7994 = VERTEX_POINT ( 'NONE', #7809 ) ;
#7995 = ORIENTED_EDGE ( 'NONE', *, *, #4156, .T. ) ;
#7996 = VECTOR ( 'NONE', #8163, 1000.000000000000000 ) ;
#7997 = AXIS2_PLACEMENT_3D ( 'NONE', #74, #2840, #6394 ) ;
#7998 = ORIENTED_EDGE ( 'NONE', *, *, #2610, .T. ) ;
#7999 = EDGE_CURVE ( 'NONE', #4439, #9024, #6888, .T. ) ;
#8000 = EDGE_CURVE ( 'NONE', #732, #7604, #6193, .T. ) ;
#8001 = LINE ( 'NONE', #6468, #3745 ) ;
#8002 = DIRECTION ( 'NONE',  ( 0.000000000000000000, 0.000000000000000000, 1.000000000000000000 ) ) ;
#8003 = AXIS2_PLACEMENT_3D ( 'NONE', #5597, #6290, #663 ) ;
#8004 = CARTESIAN_POINT ( 'NONE',  ( 9.632457027300302954, -63.02972699696663028, -6.049999999999999822 ) ) ;
#8006 = FACE_OUTER_BOUND ( 'NONE', #5284, .T. ) ;
#8005 = VECTOR ( 'NONE', #5769, 1000.000000000000000 ) ;
#8007 = VERTEX_POINT ( 'NONE', #5512 ) ;
#8008 = ORIENTED_EDGE ( 'NONE', *, *, #9130, .T. ) ;
#8009 = AXIS2_PLACEMENT_3D ( 'NONE', #6116, #8926, #8233 ) ;
#8010 = DIRECTION ( 'NONE',  ( 1.000000000000000000, -0.000000000000000000, 0.000000000000000000 ) ) ;
#8011 = ORIENTED_EDGE ( 'NONE', *, *, #5602, .T. ) ;
#8012 = ORIENTED_EDGE ( 'NONE', *, *, #2244, .F. ) ;
#8013 = AXIS2_PLACEMENT_3D ( 'NONE', #4924, #5666, #2149 ) ;
#8014 = AXIS2_PLACEMENT_3D ( 'NONE', #7767, #8327, #4 ) ;
#8015 = AXIS2_PLACEMENT_3D ( 'NONE', #4487, #7303, #2407 ) ;
#8016 = CARTESIAN_POINT ( 'NONE',  ( 23.80000000000000071, -7.000000000000000000, 13.00000000000000000 ) ) ;
#8017 = CARTESIAN_POINT ( 'NONE',  ( 14.42972699696663241, -66.53528816986855077, -6.049999999999999822 ) ) ;
#8018 = EDGE_LOOP ( 'NONE', ( #6318, #8940, #3365, #2804 ) ) ;
#8019 = CARTESIAN_POINT ( 'NONE',  ( 11.42467138523761427, -59.57286821705425695, -6.049999999999999822 ) ) ;
#8020 = DIRECTION ( 'NONE',  ( 1.000000000000000000, 0.000000000000000000, 0.000000000000000000 ) ) ;
#8021 = ORIENTED_EDGE ( 'NONE', *, *, #1354, .T. ) ;
#8023 = VECTOR ( 'NONE', #5066, 1000.000000000000000 ) ;
#8022 = LINE ( 'NONE', #5890, #7713 ) ;
#8024 = ORIENTED_EDGE ( 'NONE', *, *, #8126, .F. ) ;
#8025 = VECTOR ( 'NONE', #9087, 1000.000000000000114 ) ;
#8026 = VECTOR ( 'NONE', #8699, 1000.000000000000000 ) ;
#8027 = LINE ( 'NONE', #6681, #6343 ) ;
#8029 = CARTESIAN_POINT ( 'NONE',  ( 4.698685540950455319, -67.31183013144590177, -6.349999999999999645 ) ) ;
#8028 = VECTOR ( 'NONE', #456, 1000.000000000000227 ) ;
#8030 = LINE ( 'NONE', #966, #3286 ) ;
#8031 = EDGE_CURVE ( 'NONE', #4286, #6795, #3442, .T. ) ;
#8032 = LINE ( 'NONE', #4559, #5780 ) ;
#8033 =( LENGTH_UNIT ( ) NAMED_UNIT ( * ) SI_UNIT ( .MILLI., .METRE. ) );
#8034 = EDGE_CURVE ( 'NONE', #4720, #4405, #8733, .T. ) ;
#8035 = CYLINDRICAL_SURFACE ( 'NONE', #8108, 0.7500000000000006661 ) ;
#8036 = ORIENTED_EDGE ( 'NONE', *, *, #9133, .T. ) ;
#8037 = VERTEX_POINT ( 'NONE', #7208 ) ;
#8038 = LINE ( 'NONE', #1712, #3691 ) ;
#8039 = CARTESIAN_POINT ( 'NONE',  ( 18.69531513313111049, -68.53865857768789738, -6.349999999999999645 ) ) ;
#8040 = DIRECTION ( 'NONE',  ( 1.000000000000000000, 0.000000000000000000, 0.000000000000000000 ) ) ;
#8041 = FACE_OUTER_BOUND ( 'NONE', #7984, .T. ) ;
#8042 = LINE ( 'NONE', #7851, #2848 ) ;
#8043 = EDGE_CURVE ( 'NONE', #4837, #1359, #5182, .T. ) ;
#8044 = ADVANCED_FACE ( 'NONE', ( #7909 ), #1681, .T. ) ;
#8045 = DIRECTION ( 'NONE',  ( -0.9866889210504627972, 0.1626191042782905438, 0.000000000000000000 ) ) ;
#8046 = ORIENTED_EDGE ( 'NONE', *, *, #1104, .F. ) ;
#8047 = ORIENTED_EDGE ( 'NONE', *, *, #688, .T. ) ;
#8048 = VERTEX_POINT ( 'NONE', #889 ) ;
#8049 = CARTESIAN_POINT ( 'NONE',  ( 18.67644084934277160, -68.33104145601616608, -6.049999999999999822 ) ) ;
#8050 = DIRECTION ( 'NONE',  ( -0.9949164490211110934, -0.1007038205194950853, 0.000000000000000000 ) ) ;
#8051 = LINE ( 'NONE', #248, #4187 ) ;
#8052 = DIRECTION ( 'NONE',  ( 0.000000000000000000, 0.000000000000000000, 1.000000000000000000 ) ) ;
#8053 = EDGE_LOOP ( 'NONE', ( #3534, #897, #9027, #655 ) ) ;
#8054 = ORIENTED_EDGE ( 'NONE', *, *, #119, .T. ) ;
#8055 = CARTESIAN_POINT ( 'NONE',  ( 22.80000000000000071, 0.000000000000000000, 12.12500000000000000 ) ) ;
#8056 = ADVANCED_FACE ( 'NONE', ( #2320 ), #2282, .T. ) ;
#8057 = ORIENTED_EDGE ( 'NONE', *, *, #6836, .F. ) ;
#8058 = EDGE_CURVE ( 'NONE', #1239, #6395, #7258, .T. ) ;
#8059 = ORIENTED_EDGE ( 'NONE', *, *, #5599, .T. ) ;
#8060 = CARTESIAN_POINT ( 'NONE',  ( 15.00000000000000000, -35.00000000000000000, 13.00000000000000000 ) ) ;
#8061 = FACE_BOUND ( 'NONE', #7316, .T. ) ;
#8062 = ORIENTED_EDGE ( 'NONE', *, *, #7008, .T. ) ;
#8063 = DIRECTION ( 'NONE',  ( -0.3722072884638982782, -0.9281496293240397710, 0.000000000000000000 ) ) ;
#8064 = LINE ( 'NONE', #3726, #611 ) ;
#8065 = ORIENTED_EDGE ( 'NONE', *, *, #6940, .F. ) ;
#8066 = DIRECTION ( 'NONE',  ( 0.000000000000000000, 0.000000000000000000, 1.000000000000000000 ) ) ;
#8067 = ORIENTED_EDGE ( 'NONE', *, *, #7125, .T. ) ;
#8068 = FACE_OUTER_BOUND ( 'NONE', #5187, .T. ) ;
#8069 = DIRECTION ( 'NONE',  ( 0.000000000000000000, 0.000000000000000000, 1.000000000000000000 ) ) ;
#8070 = LINE ( 'NONE', #2642, #1230 ) ;
#8071 = CYLINDRICAL_SURFACE ( 'NONE', #6514, 0.7500000000000006661 ) ;
#8072 = LINE ( 'NONE', #2526, #3979 ) ;
#8073 = LINE ( 'NONE', #1748, #3138 ) ;
#8074 = VERTEX_POINT ( 'NONE', #6568 ) ;
#8075 = ORIENTED_EDGE ( 'NONE', *, *, #3318, .F. ) ;
#8076 = EDGE_CURVE ( 'NONE', #1567, #5003, #7311, .T. ) ;
#8077 = CARTESIAN_POINT ( 'NONE',  ( 15.75000000000000000, -38.00000000000000000, 13.00000000000000000 ) ) ;
#8078 = CARTESIAN_POINT ( 'NONE',  ( 20.98584428715874495, -68.51439164138859894, -6.049999999999999822 ) ) ;
#8079 = DIRECTION ( 'NONE',  ( 0.000000000000000000, 0.000000000000000000, -1.000000000000000000 ) ) ;
#8080 = DIRECTION ( 'NONE',  ( 0.000000000000000000, 0.000000000000000000, -1.000000000000000000 ) ) ;
#8081 = DIRECTION ( 'NONE',  ( 0.000000000000000000, -0.000000000000000000, 1.000000000000000000 ) ) ;
#8082 = DIRECTION ( 'NONE',  ( 0.7001967215786025767, -0.7139499639964812516, 0.000000000000000000 ) ) ;
#8083 = CARTESIAN_POINT ( 'NONE',  ( 21.74755645433097584, -58.67280080889786831, -6.049999999999999822 ) ) ;
#8084 = EDGE_LOOP ( 'NONE', ( #2093, #2216, #5022, #6844 ) ) ;
#8085 = EDGE_CURVE ( 'NONE', #2863, #3472, #5045, .T. ) ;
#8086 = VERTEX_POINT ( 'NONE', #3762 ) ;
#8087 = EDGE_CURVE ( 'NONE', #2673, #4651, #8001, .T. ) ;
#8088 = ORIENTED_EDGE ( 'NONE', *, *, #6200, .F. ) ;
#8089 = CARTESIAN_POINT ( 'NONE',  ( 22.44994944388270852, -58.59999999999999432, -6.049999999999999822 ) ) ;
#8090 = CARTESIAN_POINT ( 'NONE',  ( 3.424165824064710595, -66.02736771149308481, -6.349999999999999645 ) ) ;
#8091 = DIRECTION ( 'NONE',  ( -0.000000000000000000, 1.000000000000000000, -0.000000000000000000 ) ) ;
#8092 = CARTESIAN_POINT ( 'NONE',  ( 12.75000000000000178, -38.00000000000000000, 13.00000000000000000 ) ) ;
#8093 = ORIENTED_EDGE ( 'NONE', *, *, #533, .F. ) ;
#8094 = VERTEX_POINT ( 'NONE', #8049 ) ;
#8095 = EDGE_CURVE ( 'NONE', #2173, #8187, #6518, .T. ) ;
#8096 = CARTESIAN_POINT ( 'NONE',  ( 22.80000000000000071, -5.000000000000000000, 13.00000000000000000 ) ) ;
#8097 = ORIENTED_EDGE ( 'NONE', *, *, #5089, .F. ) ;
#8098 = ORIENTED_EDGE ( 'NONE', *, *, #6004, .F. ) ;
#8099 = FACE_OUTER_BOUND ( 'NONE', #6025, .T. ) ;
#8100 = FACE_BOUND ( 'NONE', #6027, .T. ) ;
#8102 = ORIENTED_EDGE ( 'NONE', *, *, #3253, .T. ) ;
#8101 = AXIS2_PLACEMENT_3D ( 'NONE', #9118, #2802, #6910 ) ;
#8103 = CARTESIAN_POINT ( 'NONE',  ( 19.67610380856083552, -69.00883046848667846, -6.349999999999999645 ) ) ;
#8104 = CARTESIAN_POINT ( 'NONE',  ( 10.11627906976744207, -67.03276036400403370, -6.349999999999999645 ) ) ;
#8105 = ORIENTED_EDGE ( 'NONE', *, *, #6173, .T. ) ;
#8106 = DIRECTION ( 'NONE',  ( 0.000000000000000000, 0.000000000000000000, -1.000000000000000000 ) ) ;
#8107 = VERTEX_POINT ( 'NONE', #803 ) ;
#8108 = AXIS2_PLACEMENT_3D ( 'NONE', #4477, #7238, #919 ) ;
#8109 = LINE ( 'NONE', #8706, #3698 ) ;
#8110 = EDGE_CURVE ( 'NONE', #6516, #7880, #4304, .T. ) ;
#8111 = EDGE_CURVE ( 'NONE', #2616, #1210, #1373, .T. ) ;
#8112 = CARTESIAN_POINT ( 'NONE',  ( 21.11257162116616115, -58.74560161779575651, -6.349999999999999645 ) ) ;
#8113 = CARTESIAN_POINT ( 'NONE',  ( 24.06370070778564241, -63.67178968655207427, -6.049999999999999822 ) ) ;
#8114 = DIRECTION ( 'NONE',  ( -1.000000000000000000, 0.000000000000000000, 0.000000000000000000 ) ) ;
#8115 = VECTOR ( 'NONE', #8769, 1000.000000000000227 ) ;
#8116 = DIRECTION ( 'NONE',  ( 0.000000000000000000, 0.000000000000000000, 1.000000000000000000 ) ) ;
#8117 = ORIENTED_EDGE ( 'NONE', *, *, #4416, .T. ) ;
#8118 = ORIENTED_EDGE ( 'NONE', *, *, #2280, .F. ) ;
#8119 = VECTOR ( 'NONE', #3127, 1000.000000000000114 ) ;
#8120 = DIRECTION ( 'NONE',  ( 0.000000000000000000, 0.000000000000000000, -1.000000000000000000 ) ) ;
#8121 = DIRECTION ( 'NONE',  ( 1.000000000000000000, 0.000000000000000000, 0.000000000000000000 ) ) ;
#8122 = DIRECTION ( 'NONE',  ( -0.000000000000000000, -0.000000000000000000, 1.000000000000000000 ) ) ;
#8123 = LINE ( 'NONE', #8722, #4289 ) ;
#8124 = DIRECTION ( 'NONE',  ( -0.8337243767495536861, 0.5521808251049361571, 0.000000000000000000 ) ) ;
#8125 = PLANE ( 'NONE',  #350 ) ;
#8126 = EDGE_CURVE ( 'NONE', #7265, #420, #6425, .T. ) ;
#8127 = VECTOR ( 'NONE', #4508, 1000.000000000000000 ) ;
#8128 = LINE ( 'NONE', #1157, #8253 ) ;
#8129 = ORIENTED_EDGE ( 'NONE', *, *, #5828, .T. ) ;
#8130 = ORIENTED_EDGE ( 'NONE', *, *, #1257, .T. ) ;
#8131 = ORIENTED_EDGE ( 'NONE', *, *, #8382, .T. ) ;
#8132 = VECTOR ( 'NONE', #7189, 1000.000000000000000 ) ;
#8133 = VECTOR ( 'NONE', #6546, 1000.000000000000227 ) ;
#8134 = FACE_OUTER_BOUND ( 'NONE', #5303, .T. ) ;
#8135 = DIRECTION ( 'NONE',  ( -1.000000000000000000, 0.000000000000000000, -0.000000000000000000 ) ) ;
#8136 = EDGE_CURVE ( 'NONE', #4507, #7491, #3060, .T. ) ;
#8137 = CARTESIAN_POINT ( 'NONE',  ( 18.00000000000000355, -29.00000000000000000, 13.00000000000000000 ) ) ;
#8138 = ORIENTED_EDGE ( 'NONE', *, *, #6833, .F. ) ;
#8139 = ORIENTED_EDGE ( 'NONE', *, *, #3919, .T. ) ;
#8140 = ADVANCED_FACE ( 'NONE', ( #104 ), #5871, .T. ) ;
#8141 = DIRECTION ( 'NONE',  ( 0.000000000000000000, -1.000000000000000000, 0.000000000000000000 ) ) ;
#8142 = VECTOR ( 'NONE', #5473, 1000.000000000000000 ) ;
#8143 = EDGE_LOOP ( 'NONE', ( #4372, #4084, #8441, #8364 ) ) ;
#8144 = VECTOR ( 'NONE', #4684, 1000.000000000000000 ) ;
#8145 = ORIENTED_EDGE ( 'NONE', *, *, #2415, .T. ) ;
#8146 = DIRECTION ( 'NONE',  ( 0.000000000000000000, 0.000000000000000000, 1.000000000000000000 ) ) ;
#8147 = AXIS2_PLACEMENT_3D ( 'NONE', #9100, #6428, #2039 ) ;
#8148 = CARTESIAN_POINT ( 'NONE',  ( 22.00000000000000000, 9.500000000000000000, -2.674999999999999822 ) ) ;
#8149 = VECTOR ( 'NONE', #8549, 1000.000000000000000 ) ;
#8150 = ORIENTED_EDGE ( 'NONE', *, *, #1919, .T. ) ;
#8151 = DIRECTION ( 'NONE',  ( 0.000000000000000000, 0.000000000000000000, -1.000000000000000000 ) ) ;
#8152 = DIRECTION ( 'NONE',  ( 0.9443449740779765733, 0.3289567903747632749, 0.000000000000000000 ) ) ;
#8153 = VERTEX_POINT ( 'NONE', #6606 ) ;
#8154 = ADVANCED_FACE ( 'NONE', ( #3102 ), #285, .T. ) ;
#8155 = FACE_OUTER_BOUND ( 'NONE', #3664, .T. ) ;
#8156 = ORIENTED_EDGE ( 'NONE', *, *, #9119, .T. ) ;
#8157 = VECTOR ( 'NONE', #3218, 1000.000000000000114 ) ;
#8158 = AXIS2_PLACEMENT_3D ( 'NONE', #2982, #1981, #3672 ) ;
#8159 = CARTESIAN_POINT ( 'NONE',  ( -2.000000000000000000, -52.00000000000000711, 1.650000000000000355 ) ) ;
#8160 = DIRECTION ( 'NONE',  ( 0.000000000000000000, 0.000000000000000000, -1.000000000000000000 ) ) ;
#8161 = VECTOR ( 'NONE', #24, 1000.000000000000000 ) ;
#8162 = VECTOR ( 'NONE', #515, 1000.000000000000000 ) ;
#8163 = DIRECTION ( 'NONE',  ( 0.000000000000000000, 0.000000000000000000, 1.000000000000000000 ) ) ;
#8164 = CARTESIAN_POINT ( 'NONE',  ( 14.15739804516346645, -66.12409841590832116, -6.349999999999999645 ) ) ;
#8165 = AXIS2_PLACEMENT_3D ( 'NONE', #153, #7, #2878 ) ;
#8166 = CARTESIAN_POINT ( 'NONE',  ( 12.85237613751263908, -58.66066734074822620, -6.049999999999999822 ) ) ;
#8167 = ORIENTED_EDGE ( 'NONE', *, *, #6578, .T. ) ;
#8169 = ORIENTED_EDGE ( 'NONE', *, *, #4951, .F. ) ;
#8168 = EDGE_CURVE ( 'NONE', #4495, #331, #5736, .T. ) ;
#8170 = ADVANCED_FACE ( 'NONE', ( #6143 ), #5451, .F. ) ;
#8171 = ORIENTED_EDGE ( 'NONE', *, *, #418, .T. ) ;
#8172 = VECTOR ( 'NONE', #5505, 1000.000000000000000 ) ;
#8173 = VECTOR ( 'NONE', #6471, 1000.000000000000000 ) ;
#8174 = CARTESIAN_POINT ( 'NONE',  ( 14.02325581395348841, -65.91041456016176880, -6.049999999999999822 ) ) ;
#8175 = LINE ( 'NONE', #1752, #4301 ) ;
#8176 = CYLINDRICAL_SURFACE ( 'NONE', #3730, 0.7500000000000006661 ) ;
#8177 = FACE_OUTER_BOUND ( 'NONE', #5568, .T. ) ;
#8178 = CARTESIAN_POINT ( 'NONE',  ( 21.17593528816986748, -68.94984833164812699, -6.049999999999999822 ) ) ;
#8179 = CARTESIAN_POINT ( 'NONE',  ( 17.25000000000000000, -29.00000000000000000, 13.00000000000000000 ) ) ;
#8180 = DIRECTION ( 'NONE',  ( -0.5500185010324785129, 0.8351524702244407239, 0.000000000000000000 ) ) ;
#8181 = ORIENTED_EDGE ( 'NONE', *, *, #1948, .T. ) ;
#8182 = VERTEX_POINT ( 'NONE', #8224 ) ;
#8183 = DIRECTION ( 'NONE',  ( 1.000000000000000000, 0.000000000000000000, 0.000000000000000000 ) ) ;
#8184 = DIRECTION ( 'NONE',  ( 0.000000000000000000, 0.000000000000000000, 1.000000000000000000 ) ) ;
#8185 = CARTESIAN_POINT ( 'NONE',  ( 11.54465790360633548, -68.18611391978429026, -6.049999999999999822 ) ) ;
#8186 = ORIENTED_EDGE ( 'NONE', *, *, #7346, .F. ) ;
#8187 = VERTEX_POINT ( 'NONE', #1024 ) ;
#8188 = CARTESIAN_POINT ( 'NONE',  ( 21.00000000000000000, -35.00000000000000000, 15.00000000000000000 ) ) ;
#8189 = ORIENTED_EDGE ( 'NONE', *, *, #3253, .F. ) ;
#8190 = VERTEX_POINT ( 'NONE', #2593 ) ;
#8191 = EDGE_CURVE ( 'NONE', #5516, #1923, #3980, .T. ) ;
#8192 = ADVANCED_FACE ( 'NONE', ( #6654 ), #5972, .T. ) ;
#8193 = CARTESIAN_POINT ( 'NONE',  ( 18.67644084934277160, -68.33104145601616608, -6.349999999999999645 ) ) ;
#8194 = CARTESIAN_POINT ( 'NONE',  ( 21.74755645433097584, -58.67280080889786831, -6.049999999999999822 ) ) ;
#8195 = ORIENTED_EDGE ( 'NONE', *, *, #7005, .F. ) ;
#8196 = CARTESIAN_POINT ( 'NONE',  ( 17.48129423660263271, -70.00242669362992842, -6.049999999999999822 ) ) ;
#8197 = PLANE ( 'NONE',  #7549 ) ;
#8198 = ORIENTED_EDGE ( 'NONE', *, *, #7918, .T. ) ;
#8199 = CARTESIAN_POINT ( 'NONE',  ( 12.75000000000000178, -32.00000000000000000, 13.00000000000000000 ) ) ;
#8200 = ORIENTED_EDGE ( 'NONE', *, *, #9063, .F. ) ;
#8201 = EDGE_CURVE ( 'NONE', #8314, #7197, #2458, .T. ) ;
#8202 = EDGE_CURVE ( 'NONE', #3760, #5241, #6100, .T. ) ;
#8203 = DIRECTION ( 'NONE',  ( -0.8146544611388688573, 0.5799466431893016694, 0.000000000000000000 ) ) ;
#8204 = DIRECTION ( 'NONE',  ( 0.000000000000000000, -0.000000000000000000, 1.000000000000000000 ) ) ;
#8205 = ADVANCED_FACE ( 'NONE', ( #8134 ), #1074, .F. ) ;
#8206 = CARTESIAN_POINT ( 'NONE',  ( 23.00000000000000000, 11.00000000000000000, -3.674999999999999822 ) ) ;
#8207 = CARTESIAN_POINT ( 'NONE',  ( 36.00000000000000711, -75.00000000000000000, 15.00000000000000000 ) ) ;
#8208 = LINE ( 'NONE', #5995, #2253 ) ;
#8209 = ORIENTED_EDGE ( 'NONE', *, *, #7228, .F. ) ;
#8210 = VERTEX_POINT ( 'NONE', #1724 ) ;
#8211 = ORIENTED_EDGE ( 'NONE', *, *, #6665, .T. ) ;
#8212 = CARTESIAN_POINT ( 'NONE',  ( 5.895348837209302140, -65.15510616784629860, -6.049999999999999822 ) ) ;
#8213 = DIRECTION ( 'NONE',  ( 0.000000000000000000, 0.000000000000000000, 1.000000000000000000 ) ) ;
#8214 = CARTESIAN_POINT ( 'NONE',  ( 11.41118975396022783, -68.39794405123019772, -6.049999999999999822 ) ) ;
#8216 = EDGE_CURVE ( 'NONE', #1121, #1412, #3237, .T. ) ;
#8215 = CARTESIAN_POINT ( 'NONE',  ( 15.36804853387259584, -65.23110886417256893, -6.049999999999999822 ) ) ;
#8217 = LINE ( 'NONE', #6044, #7650 ) ;
#8218 = DIRECTION ( 'NONE',  ( 0.9403633399944509863, -0.3401717048704679391, 0.000000000000000000 ) ) ;
#8219 = CARTESIAN_POINT ( 'NONE',  ( 20.88945062352544468, -68.96838557465453334, -6.049999999999999822 ) ) ;
#8220 = EDGE_LOOP ( 'NONE', ( #8902, #439, #3373, #1276 ) ) ;
#8221 = ORIENTED_EDGE ( 'NONE', *, *, #8058, .F. ) ;
#8222 = EDGE_CURVE ( 'NONE', #6453, #1936, #1858, .T. ) ;
#8223 = EDGE_CURVE ( 'NONE', #5744, #6401, #8867, .T. ) ;
#8224 = CARTESIAN_POINT ( 'NONE',  ( 17.02628918099090072, -68.51304347826086882, -6.049999999999999822 ) ) ;
#8225 = DIRECTION ( 'NONE',  ( 0.000000000000000000, 0.000000000000000000, -1.000000000000000000 ) ) ;
#8226 = CARTESIAN_POINT ( 'NONE',  ( 8.314459049544995040, -70.59999999999999432, -6.349999999999999645 ) ) ;
#8227 = VERTEX_POINT ( 'NONE', #2547 ) ;
#8228 = LINE ( 'NONE', #6147, #8460 ) ;
#8229 = VERTEX_POINT ( 'NONE', #7485 ) ;
#8230 = ORIENTED_EDGE ( 'NONE', *, *, #3567, .T. ) ;
#8231 = CARTESIAN_POINT ( 'NONE',  ( 32.00000000000000000, -52.00000000000000711, 1.650000000000000355 ) ) ;
#8232 = CARTESIAN_POINT ( 'NONE',  ( 4.698685540950455319, -68.56157735085945149, -6.049999999999999822 ) ) ;
#8233 = DIRECTION ( 'NONE',  ( 1.000000000000000000, 0.000000000000000000, 0.000000000000000000 ) ) ;
#8234 = DIRECTION ( 'NONE',  ( 1.000000000000000000, 0.000000000000000000, 0.000000000000000000 ) ) ;
#8235 = CARTESIAN_POINT ( 'NONE',  ( 16.07987866531850329, -63.84165824064710648, -6.049999999999999822 ) ) ;
#8236 = ORIENTED_EDGE ( 'NONE', *, *, #3067, .T. ) ;
#8237 = LINE ( 'NONE', #3384, #4913 ) ;
#8238 = ORIENTED_EDGE ( 'NONE', *, *, #750, .T. ) ;
#8239 = EDGE_CURVE ( 'NONE', #4756, #5445, #3900, .T. ) ;
#8240 = LINE ( 'NONE', #8843, #453 ) ;
#8241 = FACE_OUTER_BOUND ( 'NONE', #6400, .T. ) ;
#8242 = CARTESIAN_POINT ( 'NONE',  ( 17.02628918099090072, -64.64246713852375592, -6.049999999999999822 ) ) ;
#8243 = EDGE_CURVE ( 'NONE', #6047, #9061, #422, .T. ) ;
#8244 = AXIS2_PLACEMENT_3D ( 'NONE', #272, #3961, #2394 ) ;
#8245 = CARTESIAN_POINT ( 'NONE',  ( 9.291203235591506626, -62.14297269969665649, -6.049999999999999822 ) ) ;
#8246 = ORIENTED_EDGE ( 'NONE', *, *, #8838, .T. ) ;
#8247 = ADVANCED_FACE ( 'NONE', ( #6707 ), #6786, .F. ) ;
#8248 = AXIS2_PLACEMENT_3D ( 'NONE', #3359, #6960, #4934 ) ;
#8249 = ORIENTED_EDGE ( 'NONE', *, *, #2859, .F. ) ;
#8250 = ORIENTED_EDGE ( 'NONE', *, *, #7925, .F. ) ;
#8251 = DIRECTION ( 'NONE',  ( 1.000000000000000000, 0.000000000000000000, 0.000000000000000000 ) ) ;
#8252 = DIRECTION ( 'NONE',  ( 1.000000000000000000, 0.000000000000000000, 0.000000000000000000 ) ) ;
#8253 = VECTOR ( 'NONE', #8912, 1000.000000000000000 ) ;
#8254 = CARTESIAN_POINT ( 'NONE',  ( 18.67644084934277160, -62.94378159757329882, -6.049999999999999822 ) ) ;
#8255 = DIRECTION ( 'NONE',  ( 0.000000000000000000, 0.000000000000000000, -1.000000000000000000 ) ) ;
#8256 = DIRECTION ( 'NONE',  ( 0.000000000000000000, 0.000000000000000000, -1.000000000000000000 ) ) ;
#8257 = DIRECTION ( 'NONE',  ( -0.000000000000000000, -0.000000000000000000, 1.000000000000000000 ) ) ;
#8258 = EDGE_CURVE ( 'NONE', #7582, #7309, #3283, .T. ) ;
#8259 = DIRECTION ( 'NONE',  ( -0.9923306124123860705, -0.1236121178091324491, 0.000000000000000000 ) ) ;
#8260 = ORIENTED_EDGE ( 'NONE', *, *, #8993, .T. ) ;
#8261 = AXIS2_PLACEMENT_3D ( 'NONE', #6262, #4012, #5437 ) ;
#8262 = EDGE_LOOP ( 'NONE', ( #8681, #5753, #3069, #5262 ) ) ;
#8263 = CARTESIAN_POINT ( 'NONE',  ( 8.526289180990898942, -63.58736097067745163, -6.049999999999999822 ) ) ;
#8264 = LINE ( 'NONE', #7711, #2560 ) ;
#8265 = CARTESIAN_POINT ( 'NONE',  ( 15.68351870576339557, -65.47630603302998509, -6.049999999999999822 ) ) ;
#8266 = AXIS2_PLACEMENT_3D ( 'NONE', #7820, #9066, #1446 ) ;
#8267 = DIRECTION ( 'NONE',  ( 0.9938209078043312994, 0.1109955098685287411, 0.000000000000000000 ) ) ;
#8268 = ORIENTED_EDGE ( 'NONE', *, *, #6443, .F. ) ;
#8269 = DIRECTION ( 'NONE',  ( 0.3493824492423583394, -0.9369802047863182715, 0.000000000000000000 ) ) ;
#8270 = VERTEX_POINT ( 'NONE', #3328 ) ;
#8271 = EDGE_LOOP ( 'NONE', ( #1661, #4438, #3879, #3724 ) ) ;
#8272 = VECTOR ( 'NONE', #4846, 1000.000000000000114 ) ;
#8273 = VECTOR ( 'NONE', #8813, 1000.000000000000000 ) ;
#8274 = ADVANCED_FACE ( 'NONE', ( #4536 ), #7350, .T. ) ;
#8275 = EDGE_CURVE ( 'NONE', #2925, #5698, #7446, .T. ) ;
#8276 = VECTOR ( 'NONE', #6246, 1000.000000000000000 ) ;
#8277 = DIRECTION ( 'NONE',  ( 0.000000000000000000, -1.000000000000000000, 0.000000000000000000 ) ) ;
#8278 = DIRECTION ( 'NONE',  ( -0.7771555628304779306, 0.6293085341560553658, 0.000000000000000000 ) ) ;
#8279 = LINE ( 'NONE', #3950, #615 ) ;
#8280 = VECTOR ( 'NONE', #2433, 1000.000000000000114 ) ;
#8281 = LINE ( 'NONE', #5463, #7285 ) ;
#8282 = DIRECTION ( 'NONE',  ( 1.000000000000000000, 0.000000000000000000, 0.000000000000000000 ) ) ;
#8283 = VERTEX_POINT ( 'NONE', #1426 ) ;
#8284 = AXIS2_PLACEMENT_3D ( 'NONE', #2620, #2584, #7513 ) ;
#8285 = LINE ( 'NONE', #1872, #51 ) ;
#8286 = EDGE_LOOP ( 'NONE', ( #265, #6904, #7982, #109 ) ) ;
#8287 = VECTOR ( 'NONE', #3106, 1000.000000000000000 ) ;
#8288 = AXIS2_PLACEMENT_3D ( 'NONE', #4132, #3958, #8204 ) ;
#8289 = LINE ( 'NONE', #1271, #592 ) ;
#8290 = DIRECTION ( 'NONE',  ( -0.000000000000000000, -0.000000000000000000, 1.000000000000000000 ) ) ;
#8291 = DIRECTION ( 'NONE',  ( -0.000000000000000000, 0.000000000000000000, 1.000000000000000000 ) ) ;
#8293 = VECTOR ( 'NONE', #4032, 1000.000000000000000 ) ;
#8292 = CARTESIAN_POINT ( 'NONE',  ( 18.84630940343781802, -68.84064711830130534, -6.349999999999999645 ) ) ;
#8294 = EDGE_LOOP ( 'NONE', ( #5745, #692, #7771, #7401 ) ) ;
#8295 = VECTOR ( 'NONE', #5279, 1000.000000000000227 ) ;
#8296 = VECTOR ( 'NONE', #4171, 1000.000000000000000 ) ;
#8297 = ORIENTED_EDGE ( 'NONE', *, *, #9106, .F. ) ;
#8298 = VERTEX_POINT ( 'NONE', #3420 ) ;
#8299 = DIRECTION ( 'NONE',  ( 0.5316790020403504569, -0.8469459479738816743, 0.000000000000000000 ) ) ;
#8301 = ADVANCED_FACE ( 'NONE', ( #4245 ), #8317, .T. ) ;
#8300 = AXIS2_PLACEMENT_3D ( 'NONE', #3997, #8555, #2882 ) ;
#8302 = CIRCLE ( 'NONE', #3588, 0.7500000000000006661 ) ;
#8303 = EDGE_CURVE ( 'NONE', #451, #7473, #6315, .T. ) ;
#8305 = DIRECTION ( 'NONE',  ( -1.000000000000000000, 0.000000000000000000, 0.000000000000000000 ) ) ;
#8304 = AXIS2_PLACEMENT_3D ( 'NONE', #2027, #2128, #4158 ) ;
#8306 = FACE_OUTER_BOUND ( 'NONE', #6460, .T. ) ;
#8307 = PLANE ( 'NONE',  #7981 ) ;
#8308 = LINE ( 'NONE', #9079, #5154 ) ;
#8309 = FACE_OUTER_BOUND ( 'NONE', #4886, .T. ) ;
#8310 = PLANE ( 'NONE',  #4717 ) ;
#8311 = AXIS2_PLACEMENT_3D ( 'NONE', #4250, #4161, #5729 ) ;
#8312 = ORIENTED_EDGE ( 'NONE', *, *, #4271, .F. ) ;
#8313 = VECTOR ( 'NONE', #3381, 1000.000000000000000 ) ;
#8314 = VERTEX_POINT ( 'NONE', #9128 ) ;
#8315 = ADVANCED_FACE ( 'NONE', ( #8396 ), #7615, .F. ) ;
#8316 = CARTESIAN_POINT ( 'NONE',  ( 10.48179979777552973, -64.68796764408493516, -6.049999999999999822 ) ) ;
#8317 = PLANE ( 'NONE',  #2418 ) ;
#8318 = DIRECTION ( 'NONE',  ( 0.000000000000000000, 0.000000000000000000, -1.000000000000000000 ) ) ;
#8319 = EDGE_CURVE ( 'NONE', #275, #1609, #3367, .T. ) ;
#8320 = CARTESIAN_POINT ( 'NONE',  ( 14.73980451634647970, -64.63606336366699168, -6.049999999999999822 ) ) ;
#8321 = ORIENTED_EDGE ( 'NONE', *, *, #1919, .F. ) ;
#8322 = CARTESIAN_POINT ( 'NONE',  ( 10.26794742163801999, -67.26329625884731911, -6.349999999999999645 ) ) ;
#8323 = ORIENTED_EDGE ( 'NONE', *, *, #1788, .T. ) ;
#8324 = VERTEX_POINT ( 'NONE', #9048 ) ;
#8325 = ORIENTED_EDGE ( 'NONE', *, *, #6028, .T. ) ;
#8326 = DIRECTION ( 'NONE',  ( -1.000000000000000000, 0.000000000000000000, 0.000000000000000000 ) ) ;
#8327 = DIRECTION ( 'NONE',  ( 0.000000000000000000, 0.000000000000000000, 1.000000000000000000 ) ) ;
#8328 = DIRECTION ( 'NONE',  ( -0.000000000000000000, -0.000000000000000000, 1.000000000000000000 ) ) ;
#8329 = EDGE_CURVE ( 'NONE', #421, #5623, #2810, .T. ) ;
#8330 = PLANE ( 'NONE',  #4774 ) ;
#8331 = CARTESIAN_POINT ( 'NONE',  ( 18.75193798449612359, -68.70852713178295801, -6.049999999999999822 ) ) ;
#8332 = EDGE_CURVE ( 'NONE', #5667, #5979, #2678, .T. ) ;
#8333 = ORIENTED_EDGE ( 'NONE', *, *, #9035, .F. ) ;
#8334 = LINE ( 'NONE', #3306, #4765 ) ;
#8335 = ORIENTED_EDGE ( 'NONE', *, *, #7110, .T. ) ;
#8336 = CARTESIAN_POINT ( 'NONE',  ( 18.67644084934277160, -63.67178968655207427, -6.049999999999999822 ) ) ;
#8337 = CARTESIAN_POINT ( 'NONE',  ( 18.00000000000000355, -35.00000000000000000, 13.00000000000000000 ) ) ;
#8338 = CARTESIAN_POINT ( 'NONE',  ( 20.82035726322884983, -58.78200202224468285, -6.049999999999999822 ) ) ;
#8339 = CARTESIAN_POINT ( 'NONE',  ( 7.200000000000001066, 0.5000000000000000000, -3.474999999999999645 ) ) ;
#8340 = ORIENTED_EDGE ( 'NONE', *, *, #5234, .F. ) ;
#8341 = EDGE_CURVE ( 'NONE', #5091, #6562, #1988, .T. ) ;
#8342 = ORIENTED_EDGE ( 'NONE', *, *, #1428, .F. ) ;
#8343 = ORIENTED_EDGE ( 'NONE', *, *, #2825, .T. ) ;
#8344 = CARTESIAN_POINT ( 'NONE',  ( 14.53758004718570973, -65.78975396022917721, -6.349999999999999645 ) ) ;
#8345 = DIRECTION ( 'NONE',  ( 0.8702774970688998968, 0.4925617505404687457, 0.000000000000000000 ) ) ;
#8346 = FACE_OUTER_BOUND ( 'NONE', #3615, .T. ) ;
#8347 = PLANE ( 'NONE',  #7987 ) ;
#8348 = CARTESIAN_POINT ( 'NONE',  ( 18.67644084934277160, -61.87603640040444475, -6.049999999999999822 ) ) ;
#8349 = DIRECTION ( 'NONE',  ( -0.000000000000000000, -0.000000000000000000, 1.000000000000000000 ) ) ;
#8350 = ORIENTED_EDGE ( 'NONE', *, *, #6273, .T. ) ;
#8351 = EDGE_CURVE ( 'NONE', #54, #6999, #8264, .T. ) ;
#8352 = ORIENTED_EDGE ( 'NONE', *, *, #5142, .F. ) ;
#8353 = APPLICATION_CONTEXT ( 'automotive_design' ) ;
#8354 = CARTESIAN_POINT ( 'NONE',  ( 20.29625884732052654, -68.99534883720930623, -6.049999999999999822 ) ) ;
#8355 = EDGE_LOOP ( 'NONE', ( #6314, #8875 ) ) ;
#8356 = CARTESIAN_POINT ( 'NONE',  ( 23.03842264914054638, -59.71627906976743816, -6.349999999999999645 ) ) ;
#8357 = CARTESIAN_POINT ( 'NONE',  ( 14.24999999999999822, -41.00000000000000000, 13.00000000000000000 ) ) ;
#8358 = CARTESIAN_POINT ( 'NONE',  ( 10.11627906976744207, -67.03276036400403370, -6.049999999999999822 ) ) ;
#8359 = ORIENTED_EDGE ( 'NONE', *, *, #7960, .F. ) ;
#8360 = PRODUCT_DEFINITION ( 'UNKNOWN', '', #2935, #2197 ) ;
#8361 = DIRECTION ( 'NONE',  ( 0.000000000000000000, 0.000000000000000000, -1.000000000000000000 ) ) ;
#8362 = ORIENTED_EDGE ( 'NONE', *, *, #3145, .F. ) ;
#8363 = ADVANCED_FACE ( 'NONE', ( #4803 ), #2727, .T. ) ;
#8364 = ORIENTED_EDGE ( 'NONE', *, *, #2346, .T. ) ;
#8365 = VERTEX_POINT ( 'NONE', #3551 ) ;
#8366 = DIRECTION ( 'NONE',  ( 1.000000000000000000, 0.000000000000000000, 0.000000000000000000 ) ) ;
#8367 = DIRECTION ( 'NONE',  ( -0.000000000000000000, 1.000000000000000000, -0.000000000000000000 ) ) ;
#8368 = FACE_OUTER_BOUND ( 'NONE', #1785, .T. ) ;
#8369 = CARTESIAN_POINT ( 'NONE',  ( 26.38119312436804975, -70.39373104145600735, -6.049999999999999822 ) ) ;
#8370 = CYLINDRICAL_SURFACE ( 'NONE', #6082, 0.7500000000000006661 ) ;
#8371 = VERTEX_POINT ( 'NONE', #598 ) ;
#8372 = CARTESIAN_POINT ( 'NONE',  ( 12.75000000000000178, -32.00000000000000000, 13.00000000000000000 ) ) ;
#8373 = ORIENTED_EDGE ( 'NONE', *, *, #5943, .T. ) ;
#8374 = DIRECTION ( 'NONE',  ( -0.4663407643991568929, 0.8846051613344848574, 0.000000000000000000 ) ) ;
#8375 = DIRECTION ( 'NONE',  ( -0.8351524702244407239, -0.5500185010324786239, 0.000000000000000000 ) ) ;
#8376 = VERTEX_POINT ( 'NONE', #6878 ) ;
#8377 = DIRECTION ( 'NONE',  ( 1.000000000000000000, 0.000000000000000000, 0.000000000000000000 ) ) ;
#8378 = FACE_OUTER_BOUND ( 'NONE', #6149, .T. ) ;
#8379 = ORIENTED_EDGE ( 'NONE', *, *, #7521, .T. ) ;
#8380 = VERTEX_POINT ( 'NONE', #6183 ) ;
#8381 = ADVANCED_FACE ( 'NONE', ( #2767 ), #5631, .F. ) ;
#8382 = EDGE_CURVE ( 'NONE', #3829, #2773, #553, .T. ) ;
#8383 = ORIENTED_EDGE ( 'NONE', *, *, #8672, .F. ) ;
#8384 = DIRECTION ( 'NONE',  ( 0.000000000000000000, 1.000000000000000000, 0.000000000000000000 ) ) ;
#8385 = PLANE ( 'NONE',  #7991 ) ;
#8386 = DIRECTION ( 'NONE',  ( 0.000000000000000000, 0.000000000000000000, -1.000000000000000000 ) ) ;
#8387 = DIRECTION ( 'NONE',  ( 0.000000000000000000, 0.000000000000000000, 1.000000000000000000 ) ) ;
#8388 = CARTESIAN_POINT ( 'NONE',  ( 3.788675429726996668, -68.42810920121334561, -6.049999999999999822 ) ) ;
#8389 = AXIS2_PLACEMENT_3D ( 'NONE', #5907, #4527, #1716 ) ;
#8390 = CARTESIAN_POINT ( 'NONE',  ( 16.38456353218739281, -64.11398719245029554, -6.049999999999999822 ) ) ;
#8391 = ORIENTED_EDGE ( 'NONE', *, *, #2244, .T. ) ;
#8392 = EDGE_LOOP ( 'NONE', ( #6809, #7227, #3335, #2809 ) ) ;
#8393 = AXIS2_PLACEMENT_3D ( 'NONE', #7191, #2946, #6498 ) ;
#8394 = DIRECTION ( 'NONE',  ( -0.000000000000000000, -0.000000000000000000, 1.000000000000000000 ) ) ;
#8395 = ORIENTED_EDGE ( 'NONE', *, *, #6666, .F. ) ;
#8396 = FACE_OUTER_BOUND ( 'NONE', #4871, .T. ) ;
#8397 = DIRECTION ( 'NONE',  ( 1.000000000000000000, 0.000000000000000000, 0.000000000000000000 ) ) ;
#8398 = CARTESIAN_POINT ( 'NONE',  ( 4.408830468486684140, -67.70819009100100061, -6.049999999999999822 ) ) ;
#8399 = ORIENTED_EDGE ( 'NONE', *, *, #3019, .F. ) ;
#8400 = VECTOR ( 'NONE', #8674, 1000.000000000000000 ) ;
#8401 = CARTESIAN_POINT ( 'NONE',  ( 20.98584428715874495, -68.51439164138859894, -6.049999999999999822 ) ) ;
#8402 = ORIENTED_EDGE ( 'NONE', *, *, #6210, .T. ) ;
#8403 = ORIENTED_EDGE ( 'NONE', *, *, #5382, .F. ) ;
#8404 = ORIENTED_EDGE ( 'NONE', *, *, #5612, .T. ) ;
#8405 = VECTOR ( 'NONE', #6295, 1000.000000000000000 ) ;
#8406 = PRODUCT ( '\X2\8eab4f53\X0\', '\X2\8eab4f53\X0\', '', ( #8974 ) ) ;
#8407 = LINE ( 'NONE', #2083, #7676 ) ;
#8408 = EDGE_CURVE ( 'NONE', #8957, #2183, #5498, .T. ) ;
#8409 = CARTESIAN_POINT ( 'NONE',  ( 23.55409504550050670, -69.51338051904279780, -6.049999999999999822 ) ) ;
#8410 = EDGE_CURVE ( 'NONE', #799, #7178, #6276, .T. ) ;
#8411 = CARTESIAN_POINT ( 'NONE',  ( 4.258847320525783076, -67.89726996966632555, -6.049999999999999822 ) ) ;
#8412 = CARTESIAN_POINT ( 'NONE',  ( 4.886754297269968461, -67.03276036400403370, -6.049999999999999822 ) ) ;
#8413 = CARTESIAN_POINT ( 'NONE',  ( 25.71385237613751329, -59.71627906976743816, -6.349999999999999645 ) ) ;
#8414 = ORIENTED_EDGE ( 'NONE', *, *, #2023, .T. ) ;
#8415 = CARTESIAN_POINT ( 'NONE',  ( -2.000000000000000000, 2.000000000000000000, 1.650000000000000355 ) ) ;
#8416 = EDGE_LOOP ( 'NONE', ( #7214, #4136, #5955, #6564 ) ) ;
#8417 = AXIS2_PLACEMENT_3D ( 'NONE', #8060, #257, #1733 ) ;
#8418 = CARTESIAN_POINT ( 'NONE',  ( 3.424165824064710595, -66.02736771149308481, -6.349999999999999645 ) ) ;
#8419 = VECTOR ( 'NONE', #7044, 1000.000000000000000 ) ;
#8420 = EDGE_CURVE ( 'NONE', #4999, #8187, #4762, .T. ) ;
#8421 = FACE_OUTER_BOUND ( 'NONE', #6691, .T. ) ;
#8422 = VECTOR ( 'NONE', #8483, 1000.000000000000000 ) ;
#8423 = ORIENTED_EDGE ( 'NONE', *, *, #5732, .T. ) ;
#8424 = FACE_OUTER_BOUND ( 'NONE', #3854, .T. ) ;
#8425 = DIRECTION ( 'NONE',  ( -0.9281496293240397710, 0.3722072884638982782, 0.000000000000000000 ) ) ;
#8426 = ORIENTED_EDGE ( 'NONE', *, *, #4966, .T. ) ;
#8427 = VECTOR ( 'NONE', #7427, 1000.000000000000000 ) ;
#8428 = VECTOR ( 'NONE', #1696, 1000.000000000000000 ) ;
#8429 = ORIENTED_EDGE ( 'NONE', *, *, #827, .T. ) ;
#8430 = DIRECTION ( 'NONE',  ( 0.5799466431893016694, 0.8146544611388688573, 0.000000000000000000 ) ) ;
#8431 = CARTESIAN_POINT ( 'NONE',  ( 21.96697000337040606, -67.31857094708459499, -6.049999999999999822 ) ) ;
#8432 = CARTESIAN_POINT ( 'NONE',  ( 4.597067745197168875, -64.57269969666329246, -6.049999999999999822 ) ) ;
#8433 = VECTOR ( 'NONE', #1348, 1000.000000000000000 ) ;
#8434 = VECTOR ( 'NONE', #3605, 1000.000000000000000 ) ;
#8435 = DIRECTION ( 'NONE',  ( 1.000000000000000000, 0.000000000000000000, 0.000000000000000000 ) ) ;
#8436 = CARTESIAN_POINT ( 'NONE',  ( 8.314459049544995040, -67.03276036400403370, -6.349999999999999645 ) ) ;
#8437 = VECTOR ( 'NONE', #4580, 1000.000000000000000 ) ;
#8438 = ADVANCED_FACE ( 'NONE', ( #4942 ), #7757, .F. ) ;
#8439 = EDGE_CURVE ( 'NONE', #783, #6902, #4070, .T. ) ;
#8440 = CARTESIAN_POINT ( 'NONE',  ( 12.17290192113245695, -67.22082912032355750, -6.049999999999999822 ) ) ;
#8441 = ORIENTED_EDGE ( 'NONE', *, *, #6272, .T. ) ;
#8442 = ORIENTED_EDGE ( 'NONE', *, *, #7824, .F. ) ;
#8443 = VECTOR ( 'NONE', #555, 1000.000000000000000 ) ;
#8444 = AXIS2_PLACEMENT_3D ( 'NONE', #8762, #3992, #481 ) ;
#8445 = AXIS2_PLACEMENT_3D ( 'NONE', #5173, #4345, #7990 ) ;
#8446 = CARTESIAN_POINT ( 'NONE',  ( 6.712841253791708596, -58.66066734074822620, -6.349999999999999645 ) ) ;
#8447 = DIRECTION ( 'NONE',  ( 0.5452743794585548365, -0.8382576281228152348, 0.000000000000000000 ) ) ;
#8448 = ORIENTED_EDGE ( 'NONE', *, *, #1443, .F. ) ;
#8449 = DIRECTION ( 'NONE',  ( 1.000000000000000000, 0.000000000000000000, 0.000000000000000000 ) ) ;
#8450 = LINE ( 'NONE', #6233, #3589 ) ;
#8451 = CIRCLE ( 'NONE', #4322, 0.7500000000000006661 ) ;
#8453 = DIRECTION ( 'NONE',  ( 0.5799466431893016694, 0.8146544611388688573, 0.000000000000000000 ) ) ;
#8452 = VECTOR ( 'NONE', #2693, 1000.000000000000000 ) ;
#8454 = VERTEX_POINT ( 'NONE', #5824 ) ;
#8455 = VECTOR ( 'NONE', #612, 1000.000000000000000 ) ;
#8456 = CARTESIAN_POINT ( 'NONE',  ( 21.42163801820020197, -58.70920121334680886, -6.049999999999999822 ) ) ;
#8457 = VERTEX_POINT ( 'NONE', #6506 ) ;
#8458 = EDGE_LOOP ( 'NONE', ( #4458, #5641, #2267, #6007 ) ) ;
#8459 = VERTEX_POINT ( 'NONE', #279 ) ;
#8460 = VECTOR ( 'NONE', #1901, 1000.000000000000000 ) ;
#8461 = AXIS2_PLACEMENT_3D ( 'NONE', #8648, #338, #4499 ) ;
#8462 = DIRECTION ( 'NONE',  ( 1.000000000000000000, 0.000000000000000000, 0.000000000000000000 ) ) ;
#8463 = LINE ( 'NONE', #1436, #4325 ) ;
#8464 = CARTESIAN_POINT ( 'NONE',  ( 17.02628918099090072, -59.71627906976743816, -6.349999999999999645 ) ) ;
#8465 = CARTESIAN_POINT ( 'NONE',  ( 4.408830468486684140, -67.70819009100100061, -6.049999999999999822 ) ) ;
#8466 = CARTESIAN_POINT ( 'NONE',  ( 34.20000000000000284, -54.20000000000000284, -6.349999999999999645 ) ) ;
#8467 = ORIENTED_EDGE ( 'NONE', *, *, #5899, .F. ) ;
#8468 = FACE_OUTER_BOUND ( 'NONE', #3264, .T. ) ;
#8469 = ORIENTED_EDGE ( 'NONE', *, *, #6968, .T. ) ;
#8470 = ADVANCED_FACE ( 'NONE', ( #2953 ), #3752, .T. ) ;
#8471 = EDGE_CURVE ( 'NONE', #6199, #952, #5084, .T. ) ;
#8472 = DIRECTION ( 'NONE',  ( 0.5330810212515983970, 0.8460641966076526410, 0.000000000000000000 ) ) ;
#8473 = DIRECTION ( 'NONE',  ( 1.000000000000000000, 0.000000000000000000, -0.000000000000000000 ) ) ;
#8474 = ORIENTED_EDGE ( 'NONE', *, *, #2210, .F. ) ;
#8475 = CARTESIAN_POINT ( 'NONE',  ( -2.799999999999999822, -52.00000000000000711, -4.349999999999999645 ) ) ;
#8476 = FACE_OUTER_BOUND ( 'NONE', #7367, .T. ) ;
#8477 = CARTESIAN_POINT ( 'NONE',  ( 12.85237613751263908, -58.66066734074822620, -6.049999999999999822 ) ) ;
#8478 = VERTEX_POINT ( 'NONE', #877 ) ;
#8479 = EDGE_CURVE ( 'NONE', #580, #3898, #5772, .T. ) ;
#8480 = EDGE_CURVE ( 'NONE', #1440, #960, #977, .T. ) ;
#8481 = ORIENTED_EDGE ( 'NONE', *, *, #7824, .T. ) ;
#8482 = DIRECTION ( 'NONE',  ( 0.000000000000000000, 0.000000000000000000, -1.000000000000000000 ) ) ;
#8483 = DIRECTION ( 'NONE',  ( 0.000000000000000000, 0.000000000000000000, -1.000000000000000000 ) ) ;
#8484 = LINE ( 'NONE', #3640, #7420 ) ;
#8485 = DIRECTION ( 'NONE',  ( 0.9090892628571118905, -0.4166013828084501602, 0.000000000000000000 ) ) ;
#8486 = CARTESIAN_POINT ( 'NONE',  ( 20.95180316818334987, -70.18173238961914251, -6.049999999999999822 ) ) ;
#8487 = CYLINDRICAL_SURFACE ( 'NONE', #6041, 0.5000000000000004441 ) ;
#8488 = ORIENTED_EDGE ( 'NONE', *, *, #41, .F. ) ;
#8489 = ORIENTED_EDGE ( 'NONE', *, *, #8319, .T. ) ;
#8490 = LINE ( 'NONE', #4566, #9134 ) ;
#8491 = EDGE_CURVE ( 'NONE', #2182, #1448, #7363, .T. ) ;
#8492 = DIRECTION ( 'NONE',  ( -0.8395540332172811704, 0.5432761961549543717, 0.000000000000000000 ) ) ;
#8493 = ORIENTED_EDGE ( 'NONE', *, *, #9119, .F. ) ;
#8494 = DIRECTION ( 'NONE',  ( 0.000000000000000000, 0.000000000000000000, 1.000000000000000000 ) ) ;
#8495 = DIRECTION ( 'NONE',  ( 0.000000000000000000, 0.000000000000000000, 1.000000000000000000 ) ) ;
#8496 = DIRECTION ( 'NONE',  ( -1.000000000000000000, 0.000000000000000000, 0.000000000000000000 ) ) ;
#8497 = VERTEX_POINT ( 'NONE', #8538 ) ;
#8498 = DIRECTION ( 'NONE',  ( 1.000000000000000000, 0.000000000000000000, 0.000000000000000000 ) ) ;
#8499 = VERTEX_POINT ( 'NONE', #237 ) ;
#8500 = ORIENTED_EDGE ( 'NONE', *, *, #1465, .T. ) ;
#8501 = ORIENTED_EDGE ( 'NONE', *, *, #7079, .T. ) ;
#8502 = ORIENTED_EDGE ( 'NONE', *, *, #8076, .T. ) ;
#8503 = EDGE_CURVE ( 'NONE', #7639, #7064, #3792, .T. ) ;
#8504 = ADVANCED_FACE ( 'NONE', ( #1471 ), #8589, .T. ) ;
#8505 = CARTESIAN_POINT ( 'NONE',  ( 17.02628918099090072, -64.64246713852375592, -6.049999999999999822 ) ) ;
#8506 = CARTESIAN_POINT ( 'NONE',  ( 11.25000000000000000, -29.00000000000000000, 13.00000000000000000 ) ) ;
#8507 = CARTESIAN_POINT ( 'NONE',  ( 13.18672059319177237, -59.86727334007414214, -6.349999999999999645 ) ) ;
#8508 = PLANE ( 'NONE',  #5510 ) ;
#8509 = LINE ( 'NONE', #6989, #6668 ) ;
#8510 = ORIENTED_EDGE ( 'NONE', *, *, #6319, .F. ) ;
#8511 = ORIENTED_EDGE ( 'NONE', *, *, #1650, .F. ) ;
#8512 = CARTESIAN_POINT ( 'NONE',  ( 8.314459049544995040, -60.62628918099089503, -6.049999999999999822 ) ) ;
#8513 = ORIENTED_EDGE ( 'NONE', *, *, #5186, .F. ) ;
#8514 = DIRECTION ( 'NONE',  ( 0.000000000000000000, 0.000000000000000000, 1.000000000000000000 ) ) ;
#8515 = CARTESIAN_POINT ( 'NONE',  ( 18.00000000000000355, -32.00000000000000000, 13.00000000000000000 ) ) ;
#8516 = ORIENTED_EDGE ( 'NONE', *, *, #2386, .T. ) ;
#8517 = CARTESIAN_POINT ( 'NONE',  ( 12.00000000000000000, -29.00000000000000000, 15.00000000000000000 ) ) ;
#8518 = LINE ( 'NONE', #1450, #7540 ) ;
#8519 = ADVANCED_FACE ( 'NONE', ( #3052 ), #95, .T. ) ;
#8520 = DIRECTION ( 'NONE',  ( 0.000000000000000000, 0.000000000000000000, -1.000000000000000000 ) ) ;
#8521 = ORIENTED_EDGE ( 'NONE', *, *, #4973, .F. ) ;
#8522 = ORIENTED_EDGE ( 'NONE', *, *, #7185, .F. ) ;
#8523 = CARTESIAN_POINT ( 'NONE',  ( 5.490899898887763086, -62.98591169531513145, -6.049999999999999822 ) ) ;
#8524 = DIRECTION ( 'NONE',  ( 0.7409869514359559428, -0.6715194247388888149, 0.000000000000000000 ) ) ;
#8525 = DIRECTION ( 'NONE',  ( 0.000000000000000000, 0.000000000000000000, 1.000000000000000000 ) ) ;
#8526 = EDGE_CURVE ( 'NONE', #1240, #8048, #5126, .T. ) ;
#8527 = CARTESIAN_POINT ( 'NONE',  ( 15.00000000000000000, -29.00000000000000000, 13.00000000000000000 ) ) ;
#8528 = CARTESIAN_POINT ( 'NONE',  ( 11.48129423660262916, -60.62628918099089503, -6.049999999999999822 ) ) ;
#8529 = EDGE_CURVE ( 'NONE', #3136, #7462, #4291, .T. ) ;
#8530 = CARTESIAN_POINT ( 'NONE',  ( 18.75000000000000355, -35.00000000000000000, 15.00000000000000000 ) ) ;
#8531 = ORIENTED_EDGE ( 'NONE', *, *, #256, .F. ) ;
#8532 = ORIENTED_EDGE ( 'NONE', *, *, #1277, .T. ) ;
#8533 = CARTESIAN_POINT ( 'NONE',  ( 11.56622851365015237, -60.07286821705425695, -6.349999999999999645 ) ) ;
#8534 = VECTOR ( 'NONE', #2576, 1000.000000000000000 ) ;
#8535 = VECTOR ( 'NONE', #1333, 1000.000000000000000 ) ;
#8536 = PLANE ( 'NONE',  #1694 ) ;
#8537 = ORIENTED_EDGE ( 'NONE', *, *, #131, .F. ) ;
#8538 = CARTESIAN_POINT ( 'NONE',  ( 18.29019211324570193, -70.45271317829457303, -6.349999999999999645 ) ) ;
#8539 = DIRECTION ( 'NONE',  ( -0.000000000000000000, -1.000000000000000000, -0.000000000000000000 ) ) ;
#8540 = EDGE_CURVE ( 'NONE', #1318, #5050, #6323, .T. ) ;
#8541 = CARTESIAN_POINT ( 'NONE',  ( 21.13784967981125718, -69.13825412874957976, -6.049999999999999822 ) ) ;
#8542 = ORIENTED_EDGE ( 'NONE', *, *, #597, .F. ) ;
#8543 = DIRECTION ( 'NONE',  ( 0.000000000000000000, 0.000000000000000000, -1.000000000000000000 ) ) ;
#8544 = ORIENTED_EDGE ( 'NONE', *, *, #9094, .F. ) ;
#8545 = ORIENTED_EDGE ( 'NONE', *, *, #3795, .F. ) ;
#8546 = ORIENTED_EDGE ( 'NONE', *, *, #530, .T. ) ;
#8547 = DIRECTION ( 'NONE',  ( -0.000000000000000000, -0.000000000000000000, 1.000000000000000000 ) ) ;
#8548 = CARTESIAN_POINT ( 'NONE',  ( 19.35591506572295373, -69.01051567239635176, -6.049999999999999822 ) ) ;
#8549 = DIRECTION ( 'NONE',  ( 1.000000000000000000, -0.000000000000000000, 0.000000000000000000 ) ) ;
#8550 = VECTOR ( 'NONE', #8430, 1000.000000000000000 ) ;
#8551 = LINE ( 'NONE', #2138, #4041 ) ;
#8552 = CARTESIAN_POINT ( 'NONE',  ( 14.66700370744860216, -65.02534546680148253, -6.049999999999999822 ) ) ;
#8553 = VERTEX_POINT ( 'NONE', #1571 ) ;
#8554 = ORIENTED_EDGE ( 'NONE', *, *, #2028, .F. ) ;
#8555 = DIRECTION ( 'NONE',  ( -1.000000000000000000, 0.000000000000000000, 0.000000000000000000 ) ) ;
#8556 = EDGE_CURVE ( 'NONE', #1503, #8768, #2353, .T. ) ;
#8557 = ORIENTED_EDGE ( 'NONE', *, *, #1874, .T. ) ;
#8558 = ADVANCED_FACE ( 'NONE', ( #5172 ), #6457, .F. ) ;
#8559 = ORIENTED_EDGE ( 'NONE', *, *, #3231, .T. ) ;
#8560 = VECTOR ( 'NONE', #4930, 1000.000000000000000 ) ;
#8561 = DIRECTION ( 'NONE',  ( 0.9998699525321245174, 0.01612693471825775091, 0.000000000000000000 ) ) ;
#8562 = LINE ( 'NONE', #7080, #6811 ) ;
#8563 = EDGE_LOOP ( 'NONE', ( #7392, #4534, #8481, #6664 ) ) ;
#8564 = CARTESIAN_POINT ( 'NONE',  ( 21.09639366363330026, -69.35564543309739349, -6.049999999999999822 ) ) ;
#8565 = FACE_OUTER_BOUND ( 'NONE', #6733, .T. ) ;
#8566 = AXIS2_PLACEMENT_3D ( 'NONE', #2292, #3071, #3771 ) ;
#8567 = LINE ( 'NONE', #6539, #3296 ) ;
#8568 = ORIENTED_EDGE ( 'NONE', *, *, #5449, .T. ) ;
#8569 = CIRCLE ( 'NONE', #908, 0.7999999999999999334 ) ;
#8570 = ORIENTED_EDGE ( 'NONE', *, *, #8111, .F. ) ;
#8571 = VECTOR ( 'NONE', #3681, 1000.000000000000000 ) ;
#8572 = CARTESIAN_POINT ( 'NONE',  ( 15.00000000000000000, -38.00000000000000000, 13.00000000000000000 ) ) ;
#8573 = CARTESIAN_POINT ( 'NONE',  ( 24.06370070778564241, -65.49180990899898802, -6.049999999999999822 ) ) ;
#8574 = DIRECTION ( 'NONE',  ( 1.000000000000000000, 0.000000000000000000, 0.000000000000000000 ) ) ;
#8575 = LINE ( 'NONE', #4974, #6203 ) ;
#8576 = DIRECTION ( 'NONE',  ( 0.000000000000000000, 0.000000000000000000, 1.000000000000000000 ) ) ;
#8577 = AXIS2_PLACEMENT_3D ( 'NONE', #3784, #6591, #7504 ) ;
#8578 = CIRCLE ( 'NONE', #4604, 0.7500000000000006661 ) ;
#8579 = LINE ( 'NONE', #4381, #7069 ) ;
#8580 = ORIENTED_EDGE ( 'NONE', *, *, #8031, .F. ) ;
#8581 = ORIENTED_EDGE ( 'NONE', *, *, #7106, .T. ) ;
#8582 = EDGE_CURVE ( 'NONE', #3154, #6927, #4417, .T. ) ;
#8583 = ADVANCED_FACE ( 'NONE', ( #791 ), #3607, .F. ) ;
#8584 = FACE_OUTER_BOUND ( 'NONE', #5859, .T. ) ;
#8585 = VECTOR ( 'NONE', #2634, 1000.000000000000000 ) ;
#8586 = AXIS2_PLACEMENT_3D ( 'NONE', #5562, #8375, #444 ) ;
#8587 = LINE ( 'NONE', #5168, #3308 ) ;
#8588 = VERTEX_POINT ( 'NONE', #8178 ) ;
#8589 = PLANE ( 'NONE',  #727 ) ;
#8590 = LINE ( 'NONE', #4433, #7706 ) ;
#8591 = LINE ( 'NONE', #8166, #2409 ) ;
#8592 = ORIENTED_EDGE ( 'NONE', *, *, #2610, .F. ) ;
#8593 = DIRECTION ( 'NONE',  ( -0.7848636314773307365, 0.6196685242806970750, 0.000000000000000000 ) ) ;
#8594 = AXIS2_PLACEMENT_3D ( 'NONE', #1880, #2752, #1315 ) ;
#8595 = ORIENTED_EDGE ( 'NONE', *, *, #3429, .F. ) ;
#8596 = AXIS2_PLACEMENT_3D ( 'NONE', #8943, #2621, #5439 ) ;
#8597 = VECTOR ( 'NONE', #8318, 1000.000000000000000 ) ;
#8598 = ORIENTED_EDGE ( 'NONE', *, *, #27, .F. ) ;
#8599 = EDGE_CURVE ( 'NONE', #2902, #4710, #1065, .T. ) ;
#8600 = EDGE_LOOP ( 'NONE', ( #5527, #6527, #295, #3471 ) ) ;
#8601 = EDGE_CURVE ( 'NONE', #2317, #3034, #4705, .T. ) ;
#8602 = LINE ( 'NONE', #3968, #6205 ) ;
#8603 = AXIS2_PLACEMENT_3D ( 'NONE', #8756, #7417, #3173 ) ;
#8604 = VECTOR ( 'NONE', #941, 1000.000000000000114 ) ;
#8605 = CARTESIAN_POINT ( 'NONE',  ( 14.48095719582069307, -66.16488035052240946, -6.049999999999999822 ) ) ;
#8606 = CARTESIAN_POINT ( 'NONE',  ( 20.88945062352544468, -68.96838557465453334, -6.049999999999999822 ) ) ;
#8607 = VECTOR ( 'NONE', #3753, 1000.000000000000000 ) ;
#8608 = CARTESIAN_POINT ( 'NONE',  ( 18.00000000000000355, -29.00000000000000000, 13.00000000000000000 ) ) ;
#8609 = DIRECTION ( 'NONE',  ( -1.000000000000000000, 0.000000000000000000, 0.000000000000000000 ) ) ;
#8610 = EDGE_LOOP ( 'NONE', ( #513, #3622, #2146, #2985 ) ) ;
#8611 = CARTESIAN_POINT ( 'NONE',  ( 10.58881024603976684, -67.72167172227838705, -6.049999999999999822 ) ) ;
#8612 = ORIENTED_EDGE ( 'NONE', *, *, #3019, .T. ) ;
#8613 = ORIENTED_EDGE ( 'NONE', *, *, #3031, .T. ) ;
#8614 = AXIS2_PLACEMENT_3D ( 'NONE', #603, #4770, #6059 ) ;
#8615 = VECTOR ( 'NONE', #4045, 1000.000000000000000 ) ;
#8616 = DIRECTION ( 'NONE',  ( 1.000000000000000000, 0.000000000000000000, 0.000000000000000000 ) ) ;
#8617 = EDGE_CURVE ( 'NONE', #2161, #1, #5404, .T. ) ;
#8618 = EDGE_CURVE ( 'NONE', #7905, #3898, #8217, .T. ) ;
#8619 = CARTESIAN_POINT ( 'NONE',  ( 25.71385237613751329, -59.71627906976743816, -6.049999999999999822 ) ) ;
#8620 = ORIENTED_EDGE ( 'NONE', *, *, #2152, .T. ) ;
#8621 = LINE ( 'NONE', #857, #1365 ) ;
#8622 = CARTESIAN_POINT ( 'NONE',  ( 23.30000000000000071, -7.000000000000000000, 13.00000000000000000 ) ) ;
#8623 = LINE ( 'NONE', #2890, #1824 ) ;
#8624 = ORIENTED_EDGE ( 'NONE', *, *, #6264, .T. ) ;
#8625 = CARTESIAN_POINT ( 'NONE',  ( 3.218402426693629081, -62.14297269969665649, -6.349999999999999645 ) ) ;
#8626 = EDGE_CURVE ( 'NONE', #2240, #799, #2450, .T. ) ;
#8627 = PLANE ( 'NONE',  #2676 ) ;
#8628 = FACE_BOUND ( 'NONE', #3944, .T. ) ;
#8629 = DIRECTION ( 'NONE',  ( 0.7895565706716725085, -0.6136777832944485533, 0.000000000000000000 ) ) ;
#8630 = LINE ( 'NONE', #6549, #8969 ) ;
#8631 = CARTESIAN_POINT ( 'NONE',  ( 22.00000000000000000, 9.799999999999998934, 11.32499999999999929 ) ) ;
#8632 = ORIENTED_EDGE ( 'NONE', *, *, #6207, .T. ) ;
#8633 = ORIENTED_EDGE ( 'NONE', *, *, #2504, .F. ) ;
#8634 = PLANE ( 'NONE',  #1626 ) ;
#8635 = LINE ( 'NONE', #136, #8005 ) ;
#8636 = ORIENTED_EDGE ( 'NONE', *, *, #243, .T. ) ;
#8637 = DIRECTION ( 'NONE',  ( 1.000000000000000000, 0.000000000000000000, 0.000000000000000000 ) ) ;
#8638 = CARTESIAN_POINT ( 'NONE',  ( 10.42601954836534972, -67.49416919447251928, -6.049999999999999822 ) ) ;
#8639 = ORIENTED_EDGE ( 'NONE', *, *, #1312, .F. ) ;
#8640 = ADVANCED_FACE ( 'NONE', ( #4623 ), #3146, .T. ) ;
#8641 = DIRECTION ( 'NONE',  ( -1.000000000000000000, 0.000000000000000000, -0.000000000000000000 ) ) ;
#8642 = ORIENTED_EDGE ( 'NONE', *, *, #3998, .T. ) ;
#8643 = ORIENTED_EDGE ( 'NONE', *, *, #1596, .F. ) ;
#8644 = ORIENTED_EDGE ( 'NONE', *, *, #5658, .F. ) ;
#8645 = DIRECTION ( 'NONE',  ( 0.000000000000000000, 0.000000000000000000, 1.000000000000000000 ) ) ;
#8646 = CYLINDRICAL_SURFACE ( 'NONE', #8741, 0.5000000000000004441 ) ;
#8647 = EDGE_CURVE ( 'NONE', #5651, #7029, #7215, .T. ) ;
#8648 = CARTESIAN_POINT ( 'NONE',  ( 12.00000000000000000, -29.00000000000000000, 13.00000000000000000 ) ) ;
#8649 = CARTESIAN_POINT ( 'NONE',  ( 7.000000000000000000, 9.799999999999998934, -3.674999999999999822 ) ) ;
#8650 = ORIENTED_EDGE ( 'NONE', *, *, #2097, .F. ) ;
#8651 = ORIENTED_EDGE ( 'NONE', *, *, #4914, .T. ) ;
#8652 = EDGE_CURVE ( 'NONE', #8999, #3482, #1196, .T. ) ;
#8653 = DIRECTION ( 'NONE',  ( 0.000000000000000000, 0.000000000000000000, -1.000000000000000000 ) ) ;
#8654 = EDGE_LOOP ( 'NONE', ( #1630, #6751, #6034, #3183 ) ) ;
#8655 = EDGE_LOOP ( 'NONE', ( #4729, #4193, #8024, #2684 ) ) ;
#8656 = FACE_BOUND ( 'NONE', #42, .T. ) ;
#8657 = FACE_BOUND ( 'NONE', #2359, .T. ) ;
#8658 = ORIENTED_EDGE ( 'NONE', *, *, #2159, .T. ) ;
#8659 = DIRECTION ( 'NONE',  ( 0.000000000000000000, 0.000000000000000000, -1.000000000000000000 ) ) ;
#8660 = PLANE ( 'NONE',  #1063 ) ;
#8661 = EDGE_LOOP ( 'NONE', ( #2141, #59, #2463, #860 ) ) ;
#8662 = DIRECTION ( 'NONE',  ( -0.9944085917273508546, -0.1056009123958065177, 0.000000000000000000 ) ) ;
#8663 = ORIENTED_EDGE ( 'NONE', *, *, #7360, .T. ) ;
#8664 = PLANE ( 'NONE',  #4134 ) ;
#8665 = CARTESIAN_POINT ( 'NONE',  ( 9.374115267947420449, -65.72436804853386150, -6.049999999999999822 ) ) ;
#8666 = CARTESIAN_POINT ( 'NONE',  ( 18.97842938995618667, -68.93501853724299622, -6.049999999999999822 ) ) ;
#8667 = FACE_OUTER_BOUND ( 'NONE', #2021, .T. ) ;
#8668 = LINE ( 'NONE', #5020, #2495 ) ;
#8669 = PLANE ( 'NONE',  #733 ) ;
#8671 = ORIENTED_EDGE ( 'NONE', *, *, #5329, .T. ) ;
#8670 = EDGE_CURVE ( 'NONE', #9137, #7265, #4017, .T. ) ;
#8672 = EDGE_CURVE ( 'NONE', #6884, #6178, #1806, .T. ) ;
#8673 = ORIENTED_EDGE ( 'NONE', *, *, #4882, .T. ) ;
#8674 = DIRECTION ( 'NONE',  ( 0.000000000000000000, 0.000000000000000000, -1.000000000000000000 ) ) ;
#8675 = DIRECTION ( 'NONE',  ( -0.000000000000000000, -0.000000000000000000, 1.000000000000000000 ) ) ;
#8676 = ORIENTED_EDGE ( 'NONE', *, *, #92, .F. ) ;
#8677 = CARTESIAN_POINT ( 'NONE',  ( 21.00000000000000000, -38.00000000000000000, 15.00000000000000000 ) ) ;
#8678 = DIRECTION ( 'NONE',  ( 0.8132447486074751986, 0.5819217978924353663, 0.000000000000000000 ) ) ;
#8679 = ORIENTED_EDGE ( 'NONE', *, *, #6272, .F. ) ;
#8680 = CARTESIAN_POINT ( 'NONE',  ( -6.000000000000000000, 11.00000000000000000, 15.00000000000000000 ) ) ;
#8681 = ORIENTED_EDGE ( 'NONE', *, *, #1656, .F. ) ;
#8682 = EDGE_LOOP ( 'NONE', ( #1820, #5179, #9071, #7842 ) ) ;
#8683 = VERTEX_POINT ( 'NONE', #6829 ) ;
#8684 = DIRECTION ( 'NONE',  ( 0.000000000000000000, 0.000000000000000000, 1.000000000000000000 ) ) ;
#8685 = CARTESIAN_POINT ( 'NONE',  ( 14.17357600269632734, -62.82379507920457229, -6.349999999999999645 ) ) ;
#8686 = CARTESIAN_POINT ( 'NONE',  ( 18.00000000000000355, -32.00000000000000000, 13.00000000000000000 ) ) ;
#8687 = DIRECTION ( 'NONE',  ( -0.000000000000000000, -0.000000000000000000, 1.000000000000000000 ) ) ;
#8688 = ORIENTED_EDGE ( 'NONE', *, *, #4695, .F. ) ;
#8689 = ORIENTED_EDGE ( 'NONE', *, *, #4852, .T. ) ;
#8690 = AXIS2_PLACEMENT_3D ( 'NONE', #5964, #3095, #8724 ) ;
#8691 = CARTESIAN_POINT ( 'NONE',  ( 34.20000000000000284, -54.20000000000000284, -6.349999999999999645 ) ) ;
#8692 = ORIENTED_EDGE ( 'NONE', *, *, #4764, .F. ) ;
#8693 = ORIENTED_EDGE ( 'NONE', *, *, #2631, .T. ) ;
#8694 = ADVANCED_FACE ( 'NONE', ( #8041 ), #2406, .T. ) ;
#8695 = EDGE_CURVE ( 'NONE', #2298, #391, #4849, .T. ) ;
#8696 = LINE ( 'NONE', #8016, #6062 ) ;
#8697 = CARTESIAN_POINT ( 'NONE',  ( 20.95180316818334987, -70.18173238961914251, -6.049999999999999822 ) ) ;
#8698 = EDGE_LOOP ( 'NONE', ( #2821, #429, #8620, #2988 ) ) ;
#8699 = DIRECTION ( 'NONE',  ( -0.5270461925134133363, -0.8498366378058279658, 0.000000000000000000 ) ) ;
#8700 = CARTESIAN_POINT ( 'NONE',  ( 4.698685540950455319, -68.56157735085945149, -6.049999999999999822 ) ) ;
#8701 = ORIENTED_EDGE ( 'NONE', *, *, #7050, .F. ) ;
#8702 = PLANE ( 'NONE',  #8603 ) ;
#8703 = VERTEX_POINT ( 'NONE', #3972 ) ;
#8704 = VECTOR ( 'NONE', #2122, 1000.000000000000000 ) ;
#8705 = EDGE_CURVE ( 'NONE', #4312, #4453, #2538, .T. ) ;
#8706 = CARTESIAN_POINT ( 'NONE',  ( 20.82035726322884983, -58.78200202224468285, -6.349999999999999645 ) ) ;
#8707 = LINE ( 'NONE', #5853, #3723 ) ;
#8708 = ADVANCED_FACE ( 'NONE', ( #6095 ), #6739, .F. ) ;
#8709 = VECTOR ( 'NONE', #3443, 1000.000000000000000 ) ;
#8710 = PLANE ( 'NONE',  #9025 ) ;
#8711 = DIRECTION ( 'NONE',  ( 0.000000000000000000, 0.000000000000000000, -1.000000000000000000 ) ) ;
#8712 = CARTESIAN_POINT ( 'NONE',  ( 15.68351870576339557, -65.47630603302998509, -6.349999999999999645 ) ) ;
#8713 = DIRECTION ( 'NONE',  ( 0.000000000000000000, 0.000000000000000000, -1.000000000000000000 ) ) ;
#8714 = VECTOR ( 'NONE', #5116, 1000.000000000000000 ) ;
#8715 = EDGE_LOOP ( 'NONE', ( #1871, #1882, #5492, #7322 ) ) ;
#8716 = AXIS2_PLACEMENT_3D ( 'NONE', #6667, #161, #5194 ) ;
#8717 = ORIENTED_EDGE ( 'NONE', *, *, #887, .T. ) ;
#8718 = DIRECTION ( 'NONE',  ( -0.9996228435949165991, -0.02746216603279308388, 0.000000000000000000 ) ) ;
#8719 = CARTESIAN_POINT ( 'NONE',  ( 16.86181327940680674, -64.51236939669699666, -6.049999999999999822 ) ) ;
#8720 = VECTOR ( 'NONE', #8711, 1000.000000000000000 ) ;
#8721 = ADVANCED_FACE ( 'NONE', ( #8857 ), #3274, .T. ) ;
#8723 = EDGE_CURVE ( 'NONE', #7871, #5315, #8910, .T. ) ;
#8722 = CARTESIAN_POINT ( 'NONE',  ( 17.48129423660263271, -70.00242669362992842, -6.349999999999999645 ) ) ;
#8724 = DIRECTION ( 'NONE',  ( 0.000000000000000000, 0.000000000000000000, -1.000000000000000000 ) ) ;
#8725 = LINE ( 'NONE', #5086, #4476 ) ;
#8726 = AXIS2_PLACEMENT_3D ( 'NONE', #7974, #4655, #8761 ) ;
#8727 = LINE ( 'NONE', #3837, #6796 ) ;
#8728 = VERTEX_POINT ( 'NONE', #376 ) ;
#8729 = ORIENTED_EDGE ( 'NONE', *, *, #5355, .T. ) ;
#8730 = CIRCLE ( 'NONE', #7696, 0.7500000000000006661 ) ;
#8731 = VECTOR ( 'NONE', #9019, 1000.000000000000000 ) ;
#8732 = ORIENTED_EDGE ( 'NONE', *, *, #1395, .T. ) ;
#8733 = LINE ( 'NONE', #1581, #8895 ) ;
#8734 = CARTESIAN_POINT ( 'NONE',  ( 17.83518705763397350, -70.28183350185372547, -6.349999999999999645 ) ) ;
#8735 = AXIS2_PLACEMENT_3D ( 'NONE', #4159, #651, #1528 ) ;
#8736 = DIRECTION ( 'NONE',  ( 1.000000000000000000, 0.000000000000000000, 0.000000000000000000 ) ) ;
#8738 = DIRECTION ( 'NONE',  ( -1.000000000000000000, 0.000000000000000000, -0.000000000000000000 ) ) ;
#8737 = VECTOR ( 'NONE', #7707, 1000.000000000000000 ) ;
#8739 = ORIENTED_EDGE ( 'NONE', *, *, #7299, .F. ) ;
#8740 = ORIENTED_EDGE ( 'NONE', *, *, #4390, .F. ) ;
#8741 = AXIS2_PLACEMENT_3D ( 'NONE', #5183, #7351, #6469 ) ;
#8742 = DIRECTION ( 'NONE',  ( 0.5089252535424145796, -0.8608107145631895829, 0.000000000000000000 ) ) ;
#8743 = VERTEX_POINT ( 'NONE', #8814 ) ;
#8744 = ORIENTED_EDGE ( 'NONE', *, *, #6858, .T. ) ;
#8745 = CIRCLE ( 'NONE', #3000, 0.7500000000000006661 ) ;
#8746 = VECTOR ( 'NONE', #6932, 1000.000000000000000 ) ;
#8747 = VECTOR ( 'NONE', #5864, 1000.000000000000000 ) ;
#8748 = ORIENTED_EDGE ( 'NONE', *, *, #1101, .F. ) ;
#8749 = CARTESIAN_POINT ( 'NONE',  ( 21.00337040781934661, -69.87738456353218908, -6.049999999999999822 ) ) ;
#8750 = FACE_BOUND ( 'NONE', #7088, .T. ) ;
#8751 = ORIENTED_EDGE ( 'NONE', *, *, #1723, .T. ) ;
#8752 = DIRECTION ( 'NONE',  ( -0.09053574604251402036, 0.9958932064677041840, 0.000000000000000000 ) ) ;
#8753 = DIRECTION ( 'NONE',  ( 1.000000000000000000, 0.000000000000000000, 0.000000000000000000 ) ) ;
#8754 = ORIENTED_EDGE ( 'NONE', *, *, #3842, .T. ) ;
#8756 = CARTESIAN_POINT ( 'NONE',  ( 22.09032692955847565, -58.63640040444893486, -6.049999999999999822 ) ) ;
#8755 = CIRCLE ( 'NONE', #348, 0.5000000000000004441 ) ;
#8757 = VERTEX_POINT ( 'NONE', #2489 ) ;
#8758 = EDGE_CURVE ( 'NONE', #1035, #3172, #5363, .T. ) ;
#8759 = VECTOR ( 'NONE', #1638, 1000.000000000000227 ) ;
#8760 = CARTESIAN_POINT ( 'NONE',  ( 17.25000000000000000, -29.00000000000000000, 13.00000000000000000 ) ) ;
#8761 = DIRECTION ( 'NONE',  ( 0.000000000000000000, 0.000000000000000000, -1.000000000000000000 ) ) ;
#8762 = CARTESIAN_POINT ( 'NONE',  ( 25.30000000000000071, -5.000000000000000000, 13.00000000000000000 ) ) ;
#8763 = CARTESIAN_POINT ( 'NONE',  ( 12.17290192113245695, -66.88715874620828572, -6.349999999999999645 ) ) ;
#8764 = EDGE_CURVE ( 'NONE', #54, #6723, #8308, .T. ) ;
#8765 = DIRECTION ( 'NONE',  ( -0.9688027044775664454, -0.2478332499826306212, 0.000000000000000000 ) ) ;
#8766 = EDGE_CURVE ( 'NONE', #3694, #3440, #8987, .T. ) ;
#8767 = ORIENTED_EDGE ( 'NONE', *, *, #1366, .F. ) ;
#8768 = VERTEX_POINT ( 'NONE', #510 ) ;
#8769 = DIRECTION ( 'NONE',  ( -0.9728539449136868189, 0.2314199685979519416, 0.000000000000000000 ) ) ;
#8770 = EDGE_CURVE ( 'NONE', #8007, #3098, #2116, .T. ) ;
#8771 = PLANE ( 'NONE',  #6350 ) ;
#8772 = CARTESIAN_POINT ( 'NONE',  ( -4.200000000000000178, 4.200000000000000178, -4.349999999999999645 ) ) ;
#8773 = DIRECTION ( 'NONE',  ( 0.000000000000000000, 0.000000000000000000, -1.000000000000000000 ) ) ;
#8774 = DIRECTION ( 'NONE',  ( -0.5183600304580500140, 0.8551624867962399623, 0.000000000000000000 ) ) ;
#8775 = FACE_OUTER_BOUND ( 'NONE', #7391, .T. ) ;
#8776 = FACE_OUTER_BOUND ( 'NONE', #4631, .T. ) ;
#8777 = EDGE_LOOP ( 'NONE', ( #2723, #7072, #2557, #1893 ) ) ;
#8778 = ORIENTED_EDGE ( 'NONE', *, *, #4365, .F. ) ;
#8779 = EDGE_CURVE ( 'NONE', #1023, #8227, #8945, .T. ) ;
#8780 = ORIENTED_EDGE ( 'NONE', *, *, #6223, .F. ) ;
#8781 = DIRECTION ( 'NONE',  ( -0.1790038755583224783, -0.9838483686702440556, 0.000000000000000000 ) ) ;
#8782 = DIRECTION ( 'NONE',  ( -0.000000000000000000, 1.000000000000000000, 0.000000000000000000 ) ) ;
#8783 = CARTESIAN_POINT ( 'NONE',  ( 15.75000000000000000, -41.00000000000000000, 13.00000000000000000 ) ) ;
#8784 = CARTESIAN_POINT ( 'NONE',  ( 26.85136501516683438, -69.45338725985843098, -6.049999999999999822 ) ) ;
#8785 = ORIENTED_EDGE ( 'NONE', *, *, #7410, .F. ) ;
#8786 = VERTEX_POINT ( 'NONE', #641 ) ;
#8787 = DIRECTION ( 'NONE',  ( 0.8382576281228152348, 0.5452743794585548365, 0.000000000000000000 ) ) ;
#8788 = VERTEX_POINT ( 'NONE', #5486 ) ;
#8789 = ORIENTED_EDGE ( 'NONE', *, *, #2568, .T. ) ;
#8790 = EDGE_CURVE ( 'NONE', #6057, #5806, #6138, .T. ) ;
#8791 = ADVANCED_FACE ( 'NONE', ( #6174 ), #6268, .T. ) ;
#8792 = DIRECTION ( 'NONE',  ( -0.000000000000000000, -0.000000000000000000, 1.000000000000000000 ) ) ;
#8793 = CARTESIAN_POINT ( 'NONE',  ( -0.5000000000000000000, -50.50000000000000000, 13.00000000000000178 ) ) ;
#8794 = ORIENTED_EDGE ( 'NONE', *, *, #5595, .T. ) ;
#8795 = LINE ( 'NONE', #4459, #6984 ) ;
#8796 = CARTESIAN_POINT ( 'NONE',  ( 21.17593528816986748, -68.94984833164812699, -6.349999999999999645 ) ) ;
#8797 = VERTEX_POINT ( 'NONE', #5573 ) ;
#8798 = LINE ( 'NONE', #440, #635 ) ;
#8799 = ORIENTED_EDGE ( 'NONE', *, *, #5707, .F. ) ;
#8800 = CARTESIAN_POINT ( 'NONE',  ( 11.71183013144590390, -60.56107178968654381, -6.349999999999999645 ) ) ;
#8801 = EDGE_CURVE ( 'NONE', #3787, #4057, #3323, .T. ) ;
#8802 = DIRECTION ( 'NONE',  ( -0.6581254116260015774, -0.7529083228203191647, 0.000000000000000000 ) ) ;
#8803 = CARTESIAN_POINT ( 'NONE',  ( 20.95180316818334987, -70.18173238961914251, -6.049999999999999822 ) ) ;
#8804 = DIRECTION ( 'NONE',  ( -1.000000000000000000, 0.000000000000000000, -0.000000000000000000 ) ) ;
#8805 = LINE ( 'NONE', #7469, #8889 ) ;
#8806 = ORIENTED_EDGE ( 'NONE', *, *, #3845, .F. ) ;
#8807 = EDGE_LOOP ( 'NONE', ( #3150, #3354, #4290, #1702 ) ) ;
#8808 = EDGE_CURVE ( 'NONE', #6847, #115, #2667, .T. ) ;
#8809 = DIRECTION ( 'NONE',  ( 1.000000000000000000, 0.000000000000000000, 0.000000000000000000 ) ) ;
#8810 = EDGE_CURVE ( 'NONE', #5556, #2528, #3826, .T. ) ;
#8811 = DIRECTION ( 'NONE',  ( -1.000000000000000000, 0.000000000000000000, 0.000000000000000000 ) ) ;
#8812 = DIRECTION ( 'NONE',  ( 1.000000000000000000, 0.000000000000000000, 0.000000000000000000 ) ) ;
#8813 = DIRECTION ( 'NONE',  ( 0.000000000000000000, 0.000000000000000000, -1.000000000000000000 ) ) ;
#8814 = CARTESIAN_POINT ( 'NONE',  ( 19.14829794405122954, -68.99164138860801643, -6.049999999999999822 ) ) ;
#8815 = PLANE ( 'NONE',  #6382 ) ;
#8816 = EDGE_CURVE ( 'NONE', #4362, #8728, #3496, .T. ) ;
#8817 = DIRECTION ( 'NONE',  ( 0.000000000000000000, 0.000000000000000000, -1.000000000000000000 ) ) ;
#8818 = ORIENTED_EDGE ( 'NONE', *, *, #8303, .T. ) ;
#8819 = ORIENTED_EDGE ( 'NONE', *, *, #3797, .T. ) ;
#8820 = ORIENTED_EDGE ( 'NONE', *, *, #7130, .T. ) ;
#8821 = EDGE_CURVE ( 'NONE', #5507, #3254, #4796, .T. ) ;
#8822 = CARTESIAN_POINT ( 'NONE',  ( 16.67846309403437743, -66.18965284799460846, -6.049999999999999822 ) ) ;
#8823 = CARTESIAN_POINT ( 'NONE',  ( 13.84732052578361916, -61.94883720930231874, -6.049999999999999822 ) ) ;
#8824 = DIRECTION ( 'NONE',  ( 0.1109955098685287550, -0.9938209078043314104, 0.000000000000000000 ) ) ;
#8825 = ORIENTED_EDGE ( 'NONE', *, *, #886, .F. ) ;
#8826 = VERTEX_POINT ( 'NONE', #547 ) ;
#8827 = CARTESIAN_POINT ( 'NONE',  ( 5.244186046511623900, -66.44934277047524063, -6.349999999999999645 ) ) ;
#8828 = VERTEX_POINT ( 'NONE', #4102 ) ;
#8829 = ORIENTED_EDGE ( 'NONE', *, *, #8947, .T. ) ;
#8830 = CARTESIAN_POINT ( 'NONE',  ( 22.44994944388270852, -58.59999999999999432, -6.049999999999999822 ) ) ;
#8831 = VECTOR ( 'NONE', #6406, 1000.000000000000114 ) ;
#8832 = LINE ( 'NONE', #2511, #8882 ) ;
#8834 = ORIENTED_EDGE ( 'NONE', *, *, #4189, .F. ) ;
#8833 = AXIS2_PLACEMENT_3D ( 'NONE', #8677, #8494, #5031 ) ;
#8835 = EDGE_CURVE ( 'NONE', #2873, #3028, #5619, .T. ) ;
#8836 = CARTESIAN_POINT ( 'NONE',  ( 15.75000000000000000, -29.00000000000000000, 15.00000000000000000 ) ) ;
#8837 = FACE_OUTER_BOUND ( 'NONE', #2834, .T. ) ;
#8838 = EDGE_CURVE ( 'NONE', #5254, #8728, #2936, .T. ) ;
#8839 = EDGE_LOOP ( 'NONE', ( #6594, #7743, #4253, #5120 ) ) ;
#8840 = CARTESIAN_POINT ( 'NONE',  ( 16.07987866531850329, -63.84165824064710648, -6.049999999999999822 ) ) ;
#8841 = VERTEX_POINT ( 'NONE', #1930 ) ;
#8842 = VECTOR ( 'NONE', #7792, 1000.000000000000000 ) ;
#8843 = CARTESIAN_POINT ( 'NONE',  ( 18.67644084934277160, -64.73953488372092124, -6.049999999999999822 ) ) ;
#8844 = CARTESIAN_POINT ( 'NONE',  ( 18.67644084934277160, -61.14802831142567641, -6.049999999999999822 ) ) ;
#8845 = PLANE ( 'NONE',  #4146 ) ;
#8846 = PLANE ( 'NONE',  #6628 ) ;
#8847 = VECTOR ( 'NONE', #6868, 1000.000000000000000 ) ;
#8848 = LINE ( 'NONE', #2527, #626 ) ;
#8849 = ORIENTED_EDGE ( 'NONE', *, *, #8087, .T. ) ;
#8850 = VERTEX_POINT ( 'NONE', #8436 ) ;
#8851 = EDGE_LOOP ( 'NONE', ( #773, #5083, #449, #6141 ) ) ;
#8852 = VECTOR ( 'NONE', #1915, 1000.000000000000114 ) ;
#8853 = DIRECTION ( 'NONE',  ( 0.000000000000000000, 0.000000000000000000, 1.000000000000000000 ) ) ;
#8854 = DIRECTION ( 'NONE',  ( -0.6095786483851439730, 0.7927255965546595728, 0.000000000000000000 ) ) ;
#8855 = DIRECTION ( 'NONE',  ( -0.000000000000000000, -0.000000000000000000, 1.000000000000000000 ) ) ;
#8856 = DIRECTION ( 'NONE',  ( -0.6095786483851439730, 0.7927255965546595728, 0.000000000000000000 ) ) ;
#8857 = FACE_OUTER_BOUND ( 'NONE', #7927, .T. ) ;
#8858 = CARTESIAN_POINT ( 'NONE',  ( 14.24999999999999822, -35.00000000000000000, 15.00000000000000000 ) ) ;
#8859 = AXIS2_PLACEMENT_3D ( 'NONE', #7024, #1483, #8366 ) ;
#8860 = DIRECTION ( 'NONE',  ( -0.9986649849421113112, -0.05165508542798625397, 0.000000000000000000 ) ) ;
#8861 = EDGE_CURVE ( 'NONE', #3978, #3202, #9037, .T. ) ;
#8862 = ORIENTED_EDGE ( 'NONE', *, *, #8329, .F. ) ;
#8863 = EDGE_CURVE ( 'NONE', #9081, #5146, #4751, .T. ) ;
#8864 = ORIENTED_EDGE ( 'NONE', *, *, #8043, .F. ) ;
#8865 = AXIS2_PLACEMENT_3D ( 'NONE', #9036, #1322, #8387 ) ;
#8866 = VECTOR ( 'NONE', #7374, 1000.000000000000000 ) ;
#8867 = LINE ( 'NONE', #8089, #1680 ) ;
#8868 = CARTESIAN_POINT ( 'NONE',  ( 11.48129423660262916, -60.62628918099089503, -6.349999999999999645 ) ) ;
#8869 = CARTESIAN_POINT ( 'NONE',  ( 13.75901584091674934, -65.46686889113581742, -6.049999999999999822 ) ) ;
#8870 = VERTEX_POINT ( 'NONE', #7568 ) ;
#8871 = ORIENTED_EDGE ( 'NONE', *, *, #3557, .F. ) ;
#8872 = EDGE_CURVE ( 'NONE', #7022, #8107, #2019, .T. ) ;
#8873 = CARTESIAN_POINT ( 'NONE',  ( 4.698685540950455319, -68.56157735085945149, -6.049999999999999822 ) ) ;
#8874 = VECTOR ( 'NONE', #6397, 1000.000000000000000 ) ;
#8875 = ORIENTED_EDGE ( 'NONE', *, *, #7933, .F. ) ;
#8876 = ADVANCED_FACE ( 'NONE', ( #1323 ), #4145, .F. ) ;
#8877 = VERTEX_POINT ( 'NONE', #5117 ) ;
#8878 = EDGE_CURVE ( 'NONE', #2326, #4409, #915, .T. ) ;
#8879 = CARTESIAN_POINT ( 'NONE',  ( -4.200000000000000178, -54.20000000000000284, -6.349999999999999645 ) ) ;
#8880 = AXIS2_PLACEMENT_3D ( 'NONE', #3833, #7476, #3790 ) ;
#8881 = CARTESIAN_POINT ( 'NONE',  ( 8.526289180990898942, -63.58736097067745163, -6.049999999999999822 ) ) ;
#8882 = VECTOR ( 'NONE', #7026, 1000.000000000000000 ) ;
#8883 = ORIENTED_EDGE ( 'NONE', *, *, #2601, .F. ) ;
#8884 = LINE ( 'NONE', #6853, #55 ) ;
#8885 = CYLINDRICAL_SURFACE ( 'NONE', #5206, 0.5000000000000004441 ) ;
#8886 = ORIENTED_EDGE ( 'NONE', *, *, #804, .T. ) ;
#8887 = DIRECTION ( 'NONE',  ( -0.6612951321661206805, -0.7501258215615518310, 0.000000000000000000 ) ) ;
#8888 = EDGE_LOOP ( 'NONE', ( #7193, #290, #1547, #5088 ) ) ;
#8889 = VECTOR ( 'NONE', #2481, 1000.000000000000000 ) ;
#8890 = VECTOR ( 'NONE', #1651, 1000.000000000000114 ) ;
#8891 = AXIS2_PLACEMENT_3D ( 'NONE', #9129, #7055, #4206 ) ;
#8892 = EDGE_CURVE ( 'NONE', #7197, #1239, #2256, .T. ) ;
#8893 = LINE ( 'NONE', #5392, #5911 ) ;
#8894 = DIRECTION ( 'NONE',  ( 0.000000000000000000, 0.000000000000000000, 1.000000000000000000 ) ) ;
#8895 = VECTOR ( 'NONE', #4397, 1000.000000000000000 ) ;
#8896 = CARTESIAN_POINT ( 'NONE',  ( 24.06370070778564241, -62.94378159757329882, -6.049999999999999822 ) ) ;
#8897 = CARTESIAN_POINT ( 'NONE',  ( 26.99595551061678833, -69.19656218402425907, -6.349999999999999645 ) ) ;
#8898 = VECTOR ( 'NONE', #4410, 1000.000000000000000 ) ;
#8899 = DIRECTION ( 'NONE',  ( 0.000000000000000000, 0.000000000000000000, -1.000000000000000000 ) ) ;
#8900 = EDGE_LOOP ( 'NONE', ( #6806, #8379 ) ) ;
#8901 = ORIENTED_EDGE ( 'NONE', *, *, #5584, .T. ) ;
#8902 = ORIENTED_EDGE ( 'NONE', *, *, #533, .T. ) ;
#8903 = VECTOR ( 'NONE', #7019, 1000.000000000000000 ) ;
#8904 = EDGE_CURVE ( 'NONE', #8459, #2830, #726, .T. ) ;
#8905 = AXIS2_PLACEMENT_3D ( 'NONE', #5124, #4243, #1569 ) ;
#8906 = CARTESIAN_POINT ( 'NONE',  ( 18.75000000000000355, -35.00000000000000000, 13.00000000000000000 ) ) ;
#8907 = DIRECTION ( 'NONE',  ( 1.000000000000000000, 0.000000000000000000, 0.000000000000000000 ) ) ;
#8908 = FACE_OUTER_BOUND ( 'NONE', #5282, .T. ) ;
#8909 = DIRECTION ( 'NONE',  ( 0.8234694336116088476, -0.5673606365508415683, 0.000000000000000000 ) ) ;
#8910 = LINE ( 'NONE', #2587, #2638 ) ;
#8911 = CARTESIAN_POINT ( 'NONE',  ( 21.12740141557128482, -59.71627906976743816, -6.349999999999999645 ) ) ;
#8912 = DIRECTION ( 'NONE',  ( 0.000000000000000000, 0.000000000000000000, 1.000000000000000000 ) ) ;
#8913 = ORIENTED_EDGE ( 'NONE', *, *, #3456, .T. ) ;
#8914 = ORIENTED_EDGE ( 'NONE', *, *, #7642, .T. ) ;
#8915 = DIRECTION ( 'NONE',  ( -0.9631769805258477701, -0.2688681910994876190, 0.000000000000000000 ) ) ;
#8916 = EDGE_CURVE ( 'NONE', #4409, #3245, #4378, .T. ) ;
#8917 = DIRECTION ( 'NONE',  ( 0.000000000000000000, 1.000000000000000000, 0.000000000000000000 ) ) ;
#8918 = CARTESIAN_POINT ( 'NONE',  ( 9.374115267947420449, -65.72436804853386150, -6.049999999999999822 ) ) ;
#8919 = ORIENTED_EDGE ( 'NONE', *, *, #4441, .T. ) ;
#8920 = FACE_OUTER_BOUND ( 'NONE', #6209, .T. ) ;
#8921 = ORIENTED_EDGE ( 'NONE', *, *, #8043, .T. ) ;
#8922 = VERTEX_POINT ( 'NONE', #1562 ) ;
#8923 = FACE_OUTER_BOUND ( 'NONE', #8655, .T. ) ;
#8924 = FACE_OUTER_BOUND ( 'NONE', #2590, .T. ) ;
#8925 = EDGE_CURVE ( 'NONE', #8728, #5254, #1762, .T. ) ;
#8926 = DIRECTION ( 'NONE',  ( -0.000000000000000000, -0.000000000000000000, 1.000000000000000000 ) ) ;
#8927 = DIRECTION ( 'NONE',  ( 0.8809504837194379601, -0.4732084585407242971, 0.000000000000000000 ) ) ;
#8928 = CARTESIAN_POINT ( 'NONE',  ( 7.000000000000000000, 9.799999999999998934, -3.674999999999999822 ) ) ;
#8929 = ORIENTED_EDGE ( 'NONE', *, *, #2373, .T. ) ;
#8930 = CARTESIAN_POINT ( 'NONE',  ( 23.95146612740141734, -67.97917087967643113, -6.349999999999999645 ) ) ;
#8931 = VERTEX_POINT ( 'NONE', #4975 ) ;
#8932 = EDGE_CURVE ( 'NONE', #381, #1316, #5161, .T. ) ;
#8933 = DIRECTION ( 'NONE',  ( 0.000000000000000000, 0.000000000000000000, 1.000000000000000000 ) ) ;
#8934 = EDGE_CURVE ( 'NONE', #1210, #7152, #177, .T. ) ;
#8935 = DIRECTION ( 'NONE',  ( 1.000000000000000000, 0.000000000000000000, 0.000000000000000000 ) ) ;
#8936 = CARTESIAN_POINT ( 'NONE',  ( 21.42163801820020197, -58.70920121334680886, -6.049999999999999822 ) ) ;
#8937 = DIRECTION ( 'NONE',  ( -0.7464194088126135940, -0.6654758193562171353, 0.000000000000000000 ) ) ;
#8938 = VERTEX_POINT ( 'NONE', #7932 ) ;
#8939 = ORIENTED_EDGE ( 'NONE', *, *, #6159, .F. ) ;
#8940 = ORIENTED_EDGE ( 'NONE', *, *, #6242, .F. ) ;
#8941 = CARTESIAN_POINT ( 'NONE',  ( 12.00000000000000000, -38.00000000000000000, 15.00000000000000000 ) ) ;
#8942 = CARTESIAN_POINT ( 'NONE',  ( -2.000000000000000000, 2.000000000000000000, -4.349999999999999645 ) ) ;
#8943 = CARTESIAN_POINT ( 'NONE',  ( 14.81799797775530791, -64.24206268958543831, -6.049999999999999822 ) ) ;
#8944 = CARTESIAN_POINT ( 'NONE',  ( 6.712841253791708596, -68.56157735085945149, -6.349999999999999645 ) ) ;
#8945 = LINE ( 'NONE', #8348, #7061 ) ;
#8946 = DIRECTION ( 'NONE',  ( 0.7529083228203191647, -0.6581254116260015774, 0.000000000000000000 ) ) ;
#8947 = EDGE_CURVE ( 'NONE', #182, #2371, #8630, .T. ) ;
#8948 = ADVANCED_FACE ( 'NONE', ( #780 ), #3598, .F. ) ;
#8949 = ORIENTED_EDGE ( 'NONE', *, *, #7533, .T. ) ;
#8950 = EDGE_LOOP ( 'NONE', ( #2483, #3907, #7488, #3755 ) ) ;
#8951 = DIRECTION ( 'NONE',  ( 1.000000000000000000, 0.000000000000000000, 0.000000000000000000 ) ) ;
#8952 = DIRECTION ( 'NONE',  ( 1.000000000000000000, 0.000000000000000000, 0.000000000000000000 ) ) ;
#8953 = LINE ( 'NONE', #6105, #620 ) ;
#8954 = LINE ( 'NONE', #7581, #619 ) ;
#8955 = ORIENTED_EDGE ( 'NONE', *, *, #8408, .T. ) ;
#8956 = FACE_OUTER_BOUND ( 'NONE', #1452, .T. ) ;
#8957 = VERTEX_POINT ( 'NONE', #5856 ) ;
#8958 = ORIENTED_EDGE ( 'NONE', *, *, #7934, .F. ) ;
#8959 = CARTESIAN_POINT ( 'NONE',  ( -2.000000000000000000, -52.00000000000000711, 1.650000000000000355 ) ) ;
#8960 = LINE ( 'NONE', #8232, #2993 ) ;
#8961 = DIRECTION ( 'NONE',  ( -0.000000000000000000, -0.000000000000000000, 1.000000000000000000 ) ) ;
#8962 = LINE ( 'NONE', #4858, #3594 ) ;
#8963 = CARTESIAN_POINT ( 'NONE',  ( 14.29288843950117993, -66.33238961914391041, -6.349999999999999645 ) ) ;
#8964 = ORIENTED_EDGE ( 'NONE', *, *, #1325, .F. ) ;
#8965 = CARTESIAN_POINT ( 'NONE',  ( 16.07987866531850329, -63.84165824064710648, -6.049999999999999822 ) ) ;
#8966 = ORIENTED_EDGE ( 'NONE', *, *, #1465, .F. ) ;
#8967 = EDGE_CURVE ( 'NONE', #6977, #2357, #7190, .T. ) ;
#8968 = EDGE_CURVE ( 'NONE', #7357, #5038, #6908, .T. ) ;
#8969 = VECTOR ( 'NONE', #1606, 1000.000000000000000 ) ;
#8970 = AXIS2_PLACEMENT_3D ( 'NONE', #4198, #587, #7007 ) ;
#8971 = CARTESIAN_POINT ( 'NONE',  ( 6.712841253791708596, -58.66066734074822620, -6.049999999999999822 ) ) ;
#8972 = DIRECTION ( 'NONE',  ( 0.000000000000000000, 0.000000000000000000, 1.000000000000000000 ) ) ;
#8973 = LINE ( 'NONE', #8242, #2675 ) ;
#8974 = PRODUCT_CONTEXT ( 'NONE', #991, 'mechanical' ) ;
#8975 = DIRECTION ( 'NONE',  ( -0.000000000000000000, -1.000000000000000000, -0.000000000000000000 ) ) ;
#8976 = EDGE_LOOP ( 'NONE', ( #7720, #4893, #3841, #4494 ) ) ;
#8977 = VECTOR ( 'NONE', #5021, 1000.000000000000114 ) ;
#8978 = ORIENTED_EDGE ( 'NONE', *, *, #1031, .T. ) ;
#8979 = ADVANCED_FACE ( 'NONE', ( #7787 ), #868, .T. ) ;
#8980 = ORIENTED_EDGE ( 'NONE', *, *, #7793, .F. ) ;
#8981 = EDGE_CURVE ( 'NONE', #1040, #5386, #3542, .T. ) ;
#8982 = FACE_OUTER_BOUND ( 'NONE', #3326, .T. ) ;
#8983 = DIRECTION ( 'NONE',  ( -1.000000000000000000, 0.000000000000000000, -0.000000000000000000 ) ) ;
#8984 = VECTOR ( 'NONE', #2196, 1000.000000000000114 ) ;
#8985 = DIRECTION ( 'NONE',  ( -0.2980042118039617494, -0.9545645550443927485, 0.000000000000000000 ) ) ;
#8986 = DIRECTION ( 'NONE',  ( -0.000000000000000000, 1.000000000000000000, -0.000000000000000000 ) ) ;
#8987 = LINE ( 'NONE', #2760, #3374 ) ;
#8988 = LINE ( 'NONE', #6221, #2708 ) ;
#8989 = DIRECTION ( 'NONE',  ( -0.3140574632484739448, 0.9494039760702149833, 0.000000000000000000 ) ) ;
#8990 = ORIENTED_EDGE ( 'NONE', *, *, #6879, .F. ) ;
#8991 = VECTOR ( 'NONE', #30, 1000.000000000000000 ) ;
#8992 = ORIENTED_EDGE ( 'NONE', *, *, #4022, .F. ) ;
#8993 = EDGE_CURVE ( 'NONE', #9042, #4999, #8668, .T. ) ;
#8994 = EDGE_CURVE ( 'NONE', #894, #569, #3684, .T. ) ;
#8995 = CARTESIAN_POINT ( 'NONE',  ( 10.48179979777552973, -64.68796764408493516, -6.349999999999999645 ) ) ;
#8996 = DIRECTION ( 'NONE',  ( 0.4671672817180972936, 0.8841689492920026261, 0.000000000000000000 ) ) ;
#8997 = DIRECTION ( 'NONE',  ( 1.000000000000000000, 0.000000000000000000, 0.000000000000000000 ) ) ;
#8998 = LINE ( 'NONE', #4636, #2247 ) ;
#8999 = VERTEX_POINT ( 'NONE', #36 ) ;
#9000 = DIRECTION ( 'NONE',  ( 0.000000000000000000, -1.000000000000000000, 0.000000000000000000 ) ) ;
#9001 = ORIENTED_EDGE ( 'NONE', *, *, #1975, .T. ) ;
#9002 = EDGE_LOOP ( 'NONE', ( #8260, #3929, #5506, #5537, #4690, #3799, #1810, #5024 ) ) ;
#9003 = VECTOR ( 'NONE', #414, 1000.000000000000000 ) ;
#9004 = CIRCLE ( 'NONE', #5917, 0.7500000000000006661 ) ;
#9005 = ORIENTED_EDGE ( 'NONE', *, *, #3001, .F. ) ;
#9006 = DIRECTION ( 'NONE',  ( 0.5183600304580500140, -0.8551624867962399623, 0.000000000000000000 ) ) ;
#9007 = CARTESIAN_POINT ( 'NONE',  ( 8.314459049544995040, -70.59999999999999432, -6.049999999999999822 ) ) ;
#9008 = LINE ( 'NONE', #5513, #7700 ) ;
#9009 = AXIS2_PLACEMENT_3D ( 'NONE', #5394, #576, #8377 ) ;
#9010 = PLANE ( 'NONE',  #6837 ) ;
#9011 = LINE ( 'NONE', #1136, #3281 ) ;
#9012 = ORIENTED_EDGE ( 'NONE', *, *, #5171, .F. ) ;
#9013 = VECTOR ( 'NONE', #5946, 1000.000000000000000 ) ;
#9014 = LINE ( 'NONE', #2042, #6389 ) ;
#9015 = ORIENTED_EDGE ( 'NONE', *, *, #6, .F. ) ;
#9016 = VECTOR ( 'NONE', #208, 1000.000000000000000 ) ;
#9017 = VECTOR ( 'NONE', #6021, 1000.000000000000000 ) ;
#9018 = DIRECTION ( 'NONE',  ( 0.5270858155094207964, -0.8498120633932945145, 0.000000000000000000 ) ) ;
#9019 = DIRECTION ( 'NONE',  ( -1.000000000000000000, 0.000000000000000000, 0.000000000000000000 ) ) ;
#9020 = LINE ( 'NONE', #8338, #762 ) ;
#9021 = EDGE_CURVE ( 'NONE', #6411, #2770, #1611, .T. ) ;
#9023 = VECTOR ( 'NONE', #8975, 1000.000000000000000 ) ;
#9022 = DIRECTION ( 'NONE',  ( 0.000000000000000000, 0.000000000000000000, -1.000000000000000000 ) ) ;
#9024 = VERTEX_POINT ( 'NONE', #8486 ) ;
#9025 = AXIS2_PLACEMENT_3D ( 'NONE', #1954, #1263, #4080 ) ;
#9026 = VECTOR ( 'NONE', #6194, 1000.000000000000000 ) ;
#9027 = ORIENTED_EDGE ( 'NONE', *, *, #41, .T. ) ;
#9028 = ORIENTED_EDGE ( 'NONE', *, *, #5940, .F. ) ;
#9029 = CARTESIAN_POINT ( 'NONE',  ( 11.56622851365015237, -60.07286821705425695, -6.049999999999999822 ) ) ;
#9030 = VECTOR ( 'NONE', #1227, 1000.000000000000000 ) ;
#9031 = VECTOR ( 'NONE', #4205, 1000.000000000000114 ) ;
#9033 = DIRECTION ( 'NONE',  ( -0.7590256137038612350, 0.6510607634787070053, 0.000000000000000000 ) ) ;
#9032 = VECTOR ( 'NONE', #7107, 1000.000000000000114 ) ;
#9034 = CARTESIAN_POINT ( 'NONE',  ( 21.00000000000000000, -35.00000000000000000, 13.00000000000000000 ) ) ;
#9035 = EDGE_CURVE ( 'NONE', #2498, #388, #3372, .T. ) ;
#9036 = CARTESIAN_POINT ( 'NONE',  ( 8.000000000000000000, 9.500000000000000000, -2.674999999999999822 ) ) ;
#9037 = LINE ( 'NONE', #3406, #4115 ) ;
#9038 = DIRECTION ( 'NONE',  ( 0.4262912651137235609, 0.9045859590374709658, 0.000000000000000000 ) ) ;
#9039 = ADVANCED_FACE ( 'NONE', ( #6449 ), #1747, .F. ) ;
#9040 = DIRECTION ( 'NONE',  ( 0.5003250487184213169, -0.8658376554671837200, 0.000000000000000000 ) ) ;
#9041 = VECTOR ( 'NONE', #6660, 1000.000000000000000 ) ;
#9042 = VERTEX_POINT ( 'NONE', #1794 ) ;
#9043 = AXIS2_PLACEMENT_3D ( 'NONE', #6023, #8063, #5935 ) ;
#9044 = ORIENTED_EDGE ( 'NONE', *, *, #8095, .T. ) ;
#9045 = ADVANCED_FACE ( 'NONE', ( #404 ), #6765, .T. ) ;
#9046 = CARTESIAN_POINT ( 'NONE',  ( 12.75000000000000178, -35.00000000000000000, 13.00000000000000000 ) ) ;
#9047 = EDGE_LOOP ( 'NONE', ( #1619, #7559, #5901, #2361 ) ) ;
#9048 = CARTESIAN_POINT ( 'NONE',  ( 18.75000000000000355, -29.00000000000000000, 15.00000000000000000 ) ) ;
#9049 = DIRECTION ( 'NONE',  ( 1.000000000000000000, 0.000000000000000000, 0.000000000000000000 ) ) ;
#9050 = DIRECTION ( 'NONE',  ( -0.000000000000000000, 1.000000000000000000, -0.000000000000000000 ) ) ;
#9051 = ORIENTED_EDGE ( 'NONE', *, *, #4118, .T. ) ;
#9052 = DIRECTION ( 'NONE',  ( 0.1611318989021508219, 0.9869328807756821975, 0.000000000000000000 ) ) ;
#9053 = EDGE_LOOP ( 'NONE', ( #8474, #2121, #5625, #3524 ) ) ;
#9054 = ORIENTED_EDGE ( 'NONE', *, *, #7971, .T. ) ;
#9055 = ORIENTED_EDGE ( 'NONE', *, *, #7708, .T. ) ;
#9056 = FACE_OUTER_BOUND ( 'NONE', #7716, .T. ) ;
#9057 = CARTESIAN_POINT ( 'NONE',  ( 4.597067745197168875, -64.57269969666329246, -6.349999999999999645 ) ) ;
#9058 = DIRECTION ( 'NONE',  ( 1.000000000000000000, 0.000000000000000000, 0.000000000000000000 ) ) ;
#9059 = CARTESIAN_POINT ( 'NONE',  ( 16.86181327940680674, -64.51236939669699666, -6.049999999999999822 ) ) ;
#9060 = DIRECTION ( 'NONE',  ( 1.000000000000000000, 0.000000000000000000, 0.000000000000000000 ) ) ;
#9061 = VERTEX_POINT ( 'NONE', #8712 ) ;
#9062 = CARTESIAN_POINT ( 'NONE',  ( 17.02628918099090072, -66.42002022244690806, -6.049999999999999822 ) ) ;
#9063 = EDGE_CURVE ( 'NONE', #1013, #397, #1010, .T. ) ;
#9064 = ORIENTED_EDGE ( 'NONE', *, *, #7793, .T. ) ;
#9065 = EDGE_CURVE ( 'NONE', #5724, #6875, #7377, .T. ) ;
#9066 = DIRECTION ( 'NONE',  ( -0.000000000000000000, -0.000000000000000000, 1.000000000000000000 ) ) ;
#9067 = LINE ( 'NONE', #5522, #2091 ) ;
#9068 = EDGE_LOOP ( 'NONE', ( #2195, #1556, #7213, #8978 ) ) ;
#9069 = DIRECTION ( 'NONE',  ( 0.000000000000000000, 0.000000000000000000, -1.000000000000000000 ) ) ;
#9070 = FACE_BOUND ( 'NONE', #6615, .T. ) ;
#9071 = ORIENTED_EDGE ( 'NONE', *, *, #1885, .T. ) ;
#9072 = ORIENTED_EDGE ( 'NONE', *, *, #2290, .F. ) ;
#9073 = ORIENTED_EDGE ( 'NONE', *, *, #362, .F. ) ;
#9074 = ADVANCED_FACE ( 'NONE', ( #5951 ), #8846, .F. ) ;
#9075 = DIRECTION ( 'NONE',  ( -0.8234694336116088476, 0.5673606365508415683, 0.000000000000000000 ) ) ;
#9076 = CARTESIAN_POINT ( 'NONE',  ( 25.30000000000000071, -7.000000000000000000, 13.00000000000000000 ) ) ;
#9077 = LINE ( 'NONE', #7607, #2550 ) ;
#9078 = DIRECTION ( 'NONE',  ( -0.000000000000000000, -1.000000000000000000, -0.000000000000000000 ) ) ;
#9079 = CARTESIAN_POINT ( 'NONE',  ( 10.26794742163801999, -67.26329625884731911, -6.049999999999999822 ) ) ;
#9080 = DIRECTION ( 'NONE',  ( 0.8498120633932945145, 0.5270858155094207964, 0.000000000000000000 ) ) ;
#9081 = VERTEX_POINT ( 'NONE', #1144 ) ;
#9082 = ORIENTED_EDGE ( 'NONE', *, *, #2330, .T. ) ;
#9083 = ADVANCED_FACE ( 'NONE', ( #3132 ), #2480, .T. ) ;
#9084 = EDGE_CURVE ( 'NONE', #567, #8324, #1171, .T. ) ;
#9085 = DIRECTION ( 'NONE',  ( 0.000000000000000000, 0.000000000000000000, -1.000000000000000000 ) ) ;
#9086 = EDGE_LOOP ( 'NONE', ( #6109, #1369, #7500, #8145 ) ) ;
#9087 = DIRECTION ( 'NONE',  ( -0.9486832980505176538, 0.3162277660168263393, 0.000000000000000000 ) ) ;
#9088 = DIRECTION ( 'NONE',  ( -1.000000000000000000, 0.000000000000000000, 0.000000000000000000 ) ) ;
#9089 = PLANE ( 'NONE',  #6677 ) ;
#9090 = ORIENTED_EDGE ( 'NONE', *, *, #3733, .F. ) ;
#9091 = CARTESIAN_POINT ( 'NONE',  ( 26.85136501516683438, -69.45338725985843098, -6.349999999999999645 ) ) ;
#9092 = ORIENTED_EDGE ( 'NONE', *, *, #2974, .F. ) ;
#9093 = ORIENTED_EDGE ( 'NONE', *, *, #81, .T. ) ;
#9094 = EDGE_CURVE ( 'NONE', #6529, #2558, #8072, .T. ) ;
#9095 = VERTEX_POINT ( 'NONE', #1052 ) ;
#9096 = CARTESIAN_POINT ( 'NONE',  ( 11.55358948432760435, -66.19251769464104029, -6.049999999999999822 ) ) ;
#9097 = DIRECTION ( 'NONE',  ( 1.000000000000000000, 0.000000000000000000, 0.000000000000000000 ) ) ;
#9098 = CARTESIAN_POINT ( 'NONE',  ( 36.00000000000000711, -75.00000000000000000, 15.00000000000000000 ) ) ;
#9099 = DIRECTION ( 'NONE',  ( -0.000000000000000000, -0.000000000000000000, 1.000000000000000000 ) ) ;
#9100 = CARTESIAN_POINT ( 'NONE',  ( 15.36804853387259584, -65.23110886417256893, -6.049999999999999822 ) ) ;
#9101 = EDGE_LOOP ( 'NONE', ( #3059, #5312, #6441, #5563 ) ) ;
#9102 = CARTESIAN_POINT ( 'NONE',  ( 18.75000000000000355, -41.00000000000000000, 13.00000000000000000 ) ) ;
#9103 = ORIENTED_EDGE ( 'NONE', *, *, #5560, .F. ) ;
#9104 = DIRECTION ( 'NONE',  ( 0.000000000000000000, 0.000000000000000000, 1.000000000000000000 ) ) ;
#9105 = EDGE_CURVE ( 'NONE', #8086, #5333, #4847, .T. ) ;
#9106 = EDGE_CURVE ( 'NONE', #2140, #617, #9116, .T. ) ;
#9107 = FACE_BOUND ( 'NONE', #2235, .T. ) ;
#9108 = ORIENTED_EDGE ( 'NONE', *, *, #72, .T. ) ;
#9109 = DIRECTION ( 'NONE',  ( 0.8014002650527352056, -0.5981284269898945460, 0.000000000000000000 ) ) ;
#9110 = DIRECTION ( 'NONE',  ( -0.000000000000000000, 1.000000000000000000, 0.000000000000000000 ) ) ;
#9111 = ORIENTED_EDGE ( 'NONE', *, *, #3293, .T. ) ;
#9112 = VERTEX_POINT ( 'NONE', #5348 ) ;
#9113 = CARTESIAN_POINT ( 'NONE',  ( 11.28715874620829140, -59.06107178968654381, -6.049999999999999822 ) ) ;
#9114 = DIRECTION ( 'NONE',  ( 0.000000000000000000, 0.000000000000000000, -1.000000000000000000 ) ) ;
#9115 = PLANE ( 'NONE',  #349 ) ;
#9116 = CIRCLE ( 'NONE', #5738, 0.7500000000000006661 ) ;
#9117 = LINE ( 'NONE', #2759, #7245 ) ;
#9118 = CARTESIAN_POINT ( 'NONE',  ( 18.00000000000000355, -32.00000000000000000, 15.00000000000000000 ) ) ;
#9119 = EDGE_CURVE ( 'NONE', #3504, #993, #3875, .T. ) ;
#9120 = AXIS2_PLACEMENT_3D ( 'NONE', #7156, #835, #2312 ) ;
#9121 = LINE ( 'NONE', #8440, #7219 ) ;
#9122 = VERTEX_POINT ( 'NONE', #8207 ) ;
#9123 = ORIENTED_EDGE ( 'NONE', *, *, #8925, .T. ) ;
#9124 = VECTOR ( 'NONE', #1658, 1000.000000000000000 ) ;
#9125 = CARTESIAN_POINT ( 'NONE',  ( 23.03842264914054638, -59.71627906976743816, -6.049999999999999822 ) ) ;
#9126 = DIRECTION ( 'NONE',  ( -0.6654758193562170243, 0.7464194088126134830, 0.000000000000000000 ) ) ;
#9127 = ORIENTED_EDGE ( 'NONE', *, *, #3456, .F. ) ;
#9128 = CARTESIAN_POINT ( 'NONE',  ( 27.13447927199191412, -68.96804853387259016, -6.349999999999999645 ) ) ;
#9129 = CARTESIAN_POINT ( 'NONE',  ( 13.18672059319177414, -59.86727334007414214, -6.049999999999999822 ) ) ;
#9130 = EDGE_CURVE ( 'NONE', #798, #1159, #3262, .T. ) ;
#9131 = LINE ( 'NONE', #4293, #7704 ) ;
#9132 = ORIENTED_EDGE ( 'NONE', *, *, #3565, .F. ) ;
#9133 = EDGE_CURVE ( 'NONE', #5877, #8314, #6080, .T. ) ;
#9134 = VECTOR ( 'NONE', #7383, 1000.000000000000114 ) ;
#9135 = DIRECTION ( 'NONE',  ( -1.000000000000000000, 0.000000000000000000, 0.000000000000000000 ) ) ;
#9136 = VERTEX_POINT ( 'NONE', #3785 ) ;
#9137 = VERTEX_POINT ( 'NONE', #3084 ) ;
ENDSEC;
END-ISO-10303-21;
